link_id,tick,traffic_share,jammed_flag,planet_a,planet_b,traffic_percentage,traffic_bucket,high_traffic_share,jammed_int,hist_attack_rate
Boreas-Elysium,32,0.04898,0,Boreas,Elysium,4.9,very_low,0,0,0.08933002481389578
Caelum-Fenix,458,0.13745,0,Caelum,Fenix,13.74,medium,0,0,0.07960199004975124
Dawn-Fenix,492,0.01015,0,Dawn,Fenix,1.01,very_low,0,0,0.07512953367875648
Caelum-Fenix,146,0.10308,0,Caelum,Fenix,10.31,medium,0,0,0.07960199004975124
Caelum-Elysium,130,0.09523,1,Caelum,Elysium,9.52,low,0,1,0.08208955223880597
Caelum-Dawn,215,0.32632,0,Caelum,Dawn,32.63,high,1,0,0.06666666666666667
Boreas-Dawn,369,0.09298,0,Boreas,Dawn,9.3,low,0,0,0.0761904761904762
Aegis-Elysium,246,0.44428,0,Aegis,Elysium,44.43,very_high,1,0,0.06801007556675064
Boreas-Fenix,328,0.19117,0,Boreas,Fenix,19.12,medium,0,0,0.10353535353535354
Caelum-Fenix,216,0.0834330688935281,0,Caelum,Fenix,8.34,low,0,0,0.07960199004975124
Boreas-Dawn,38,0.19795,0,Boreas,Dawn,19.79,medium,0,0,0.0761904761904762
Aegis-Dawn,123,0.03232,0,Aegis,Dawn,3.23,very_low,0,0,0.08607594936708861
Caelum-Dawn,359,0.00981,0,Caelum,Dawn,0.98,very_low,0,0,0.06666666666666667
Aegis-Boreas,55,0.02571,0,Aegis,Boreas,2.57,very_low,0,0,0.115
Boreas-Dawn,411,0.03161,0,Boreas,Dawn,3.16,very_low,0,0,0.0761904761904762
Aegis-Boreas,203,0.34901,0,Aegis,Boreas,34.9,high,1,0,0.115
Dawn-Fenix,225,0.04171,0,Dawn,Fenix,4.17,very_low,0,0,0.07512953367875648
Boreas-Fenix,135,0.0834330688935281,0,Boreas,Fenix,8.34,low,0,0,0.10353535353535354
Aegis-Boreas,153,0.01361,0,Aegis,Boreas,1.36,very_low,0,0,0.115
Aegis-Boreas,283,0.01716,0,Aegis,Boreas,1.72,very_low,0,0,0.115
Boreas-Elysium,108,0.23979,0,Boreas,Elysium,23.98,high,1,0,0.08933002481389578
Caelum-Elysium,382,0.20031,0,Caelum,Elysium,20.03,high,1,0,0.08208955223880597
Dawn-Fenix,380,0.24754,0,Dawn,Fenix,24.75,high,1,0,0.07512953367875648
Aegis-Dawn,183,0.1474,0,Aegis,Dawn,14.74,medium,0,0,0.08607594936708861
Aegis-Boreas,211,0.16931,0,Aegis,Boreas,16.93,medium,0,0,0.115
Elysium-Fenix,255,0.09585,0,Elysium,Fenix,9.59,low,0,0,0.06666666666666667
Aegis-Dawn,210,0.11921,0,Aegis,Dawn,11.92,medium,0,0,0.08607594936708861
Caelum-Elysium,81,0.0781,0,Caelum,Elysium,7.81,low,0,0,0.08208955223880597
Aegis-Boreas,13,0.27711,0,Aegis,Boreas,27.71,high,1,0,0.115
Dawn-Elysium,43,0.04399,0,Dawn,Elysium,4.4,very_low,0,0,0.07637231503579953
Boreas-Fenix,265,0.01855,0,Boreas,Fenix,1.86,very_low,0,0,0.10353535353535354
Dawn-Fenix,467,0.01674,0,Dawn,Fenix,1.67,very_low,0,0,0.07512953367875648
Caelum-Elysium,287,0.17418,0,Caelum,Elysium,17.42,medium,0,0,0.08208955223880597
Aegis-Dawn,357,0.09578,0,Aegis,Dawn,9.58,low,0,0,0.08607594936708861
Dawn-Elysium,248,0.13215,0,Dawn,Elysium,13.22,medium,0,0,0.07637231503579953
Aegis-Elysium,370,0.27263,0,Aegis,Elysium,27.26,high,1,0,0.06801007556675064
Boreas-Fenix,428,0.17178,0,Boreas,Fenix,17.18,medium,0,0,0.10353535353535354
Aegis-Elysium,70,0.0834330688935281,0,Aegis,Elysium,8.34,low,0,0,0.06801007556675064
Dawn-Fenix,155,0.04246,0,Dawn,Fenix,4.25,very_low,0,0,0.07512953367875648
Boreas-Elysium,376,0.05026,0,Boreas,Elysium,5.03,low,0,0,0.08933002481389578
Aegis-Elysium,421,0.01047,0,Aegis,Elysium,1.05,very_low,0,0,0.06801007556675064
Caelum-Elysium,327,0.10012,0,Caelum,Elysium,10.01,medium,0,0,0.08208955223880597
Aegis-Boreas,179,0.16616,0,Aegis,Boreas,16.62,medium,0,0,0.115
Caelum-Fenix,282,0.03825,0,Caelum,Fenix,3.82,very_low,0,0,0.07960199004975124
Caelum-Elysium,389,0.18789,0,Caelum,Elysium,18.79,medium,0,0,0.08208955223880597
Aegis-Dawn,45,0.29488,0,Aegis,Dawn,29.49,high,1,0,0.08607594936708861
Caelum-Fenix,434,0.20443,0,Caelum,Fenix,20.44,high,1,0,0.07960199004975124
Boreas-Fenix,78,0.03724,0,Boreas,Fenix,3.72,very_low,0,0,0.10353535353535354
Aegis-Dawn,111,0.04299,0,Aegis,Dawn,4.3,very_low,0,0,0.08607594936708861
Elysium-Fenix,218,0.01786,0,Elysium,Fenix,1.79,very_low,0,0,0.06666666666666667
Caelum-Fenix,240,0.04419,1,Caelum,Fenix,4.42,very_low,0,1,0.07960199004975124
Boreas-Fenix,49,0.20271,0,Boreas,Fenix,20.27,high,1,0,0.10353535353535354
Caelum-Elysium,263,0.27581,1,Caelum,Elysium,27.58,high,1,1,0.08208955223880597
Aegis-Dawn,149,0.0016,0,Aegis,Dawn,0.16,very_low,0,0,0.08607594936708861
Elysium-Fenix,101,0.03788,0,Elysium,Fenix,3.79,very_low,0,0,0.06666666666666667
Boreas-Fenix,266,0.07908,0,Boreas,Fenix,7.91,low,0,0,0.10353535353535354
Dawn-Fenix,398,0.15662,0,Dawn,Fenix,15.66,medium,0,0,0.07512953367875648
Dawn-Fenix,379,0.0962,0,Dawn,Fenix,9.62,low,0,0,0.07512953367875648
Aegis-Boreas,464,0.0315,0,Aegis,Boreas,3.15,very_low,0,0,0.115
Caelum-Elysium,70,0.0834330688935281,0,Caelum,Elysium,8.34,low,0,0,0.08208955223880597
Boreas-Elysium,409,0.01939,0,Boreas,Elysium,1.94,very_low,0,0,0.08933002481389578
Dawn-Fenix,181,0.24743,0,Dawn,Fenix,24.74,high,1,0,0.07512953367875648
Caelum-Fenix,218,0.16881,0,Caelum,Fenix,16.88,medium,0,0,0.07960199004975124
Caelum-Dawn,381,0.00869,0,Caelum,Dawn,0.87,very_low,0,0,0.06666666666666667
Dawn-Fenix,162,0.0834330688935281,0,Dawn,Fenix,8.34,low,0,0,0.07512953367875648
Aegis-Elysium,55,0.03699,1,Aegis,Elysium,3.7,very_low,0,1,0.06801007556675064
Boreas-Elysium,55,0.0517,0,Boreas,Elysium,5.17,low,0,0,0.08933002481389578
Caelum-Dawn,282,0.09201,0,Caelum,Dawn,9.2,low,0,0,0.06666666666666667
Aegis-Dawn,9,0.06464,1,Aegis,Dawn,6.46,low,0,1,0.08607594936708861
Dawn-Fenix,18,0.07239,1,Dawn,Fenix,7.24,low,0,1,0.07512953367875648
Boreas-Fenix,361,0.22051,0,Boreas,Fenix,22.05,high,1,0,0.10353535353535354
Aegis-Boreas,223,0.06882,0,Aegis,Boreas,6.88,low,0,0,0.115
Aegis-Elysium,392,0.13886,0,Aegis,Elysium,13.89,medium,0,0,0.06801007556675064
Aegis-Elysium,185,0.05399,0,Aegis,Elysium,5.4,low,0,0,0.06801007556675064
Dawn-Elysium,171,0.03256,0,Dawn,Elysium,3.26,very_low,0,0,0.07637231503579953
Caelum-Elysium,6,0.01518,0,Caelum,Elysium,1.52,very_low,0,0,0.08208955223880597
Caelum-Dawn,395,0.01387,0,Caelum,Dawn,1.39,very_low,0,0,0.06666666666666667
Boreas-Fenix,352,0.15908,1,Boreas,Fenix,15.91,medium,0,1,0.10353535353535354
Caelum-Elysium,62,0.00696,0,Caelum,Elysium,0.7,very_low,0,0,0.08208955223880597
Aegis-Elysium,443,0.15266,0,Aegis,Elysium,15.27,medium,0,0,0.06801007556675064
Aegis-Dawn,354,0.00352,0,Aegis,Dawn,0.35,very_low,0,0,0.08607594936708861
Boreas-Fenix,131,0.00721,0,Boreas,Fenix,0.72,very_low,0,0,0.10353535353535354
Caelum-Elysium,267,0.07501,0,Caelum,Elysium,7.5,low,0,0,0.08208955223880597
Aegis-Elysium,413,0.00154,0,Aegis,Elysium,0.15,very_low,0,0,0.06801007556675064
Aegis-Boreas,9,0.05568,0,Aegis,Boreas,5.57,low,0,0,0.115
Dawn-Fenix,473,0.07915,0,Dawn,Fenix,7.92,low,0,0,0.07512953367875648
Boreas-Fenix,194,0.03467,0,Boreas,Fenix,3.47,very_low,0,0,0.10353535353535354
Dawn-Fenix,407,0.11038,0,Dawn,Fenix,11.04,medium,0,0,0.07512953367875648
Dawn-Elysium,448,0.18999,0,Dawn,Elysium,19.0,medium,0,0,0.07637231503579953
Aegis-Dawn,390,0.18286,1,Aegis,Dawn,18.29,medium,0,1,0.08607594936708861
Elysium-Fenix,266,0.11352,0,Elysium,Fenix,11.35,medium,0,0,0.06666666666666667
Boreas-Elysium,176,0.05444,0,Boreas,Elysium,5.44,low,0,0,0.08933002481389578
Caelum-Dawn,458,0.10811,0,Caelum,Dawn,10.81,medium,0,0,0.06666666666666667
Aegis-Elysium,456,0.03344,0,Aegis,Elysium,3.34,very_low,0,0,0.06801007556675064
Caelum-Fenix,366,0.04577,0,Caelum,Fenix,4.58,very_low,0,0,0.07960199004975124
Boreas-Fenix,379,0.22426,1,Boreas,Fenix,22.43,high,1,1,0.10353535353535354
Aegis-Elysium,130,0.0036,1,Aegis,Elysium,0.36,very_low,0,1,0.06801007556675064
Boreas-Dawn,357,0.05359,0,Boreas,Dawn,5.36,low,0,0,0.0761904761904762
Aegis-Boreas,456,0.03721,0,Aegis,Boreas,3.72,very_low,0,0,0.115
Aegis-Elysium,334,0.15786,0,Aegis,Elysium,15.79,medium,0,0,0.06801007556675064
Caelum-Elysium,341,0.00725,0,Caelum,Elysium,0.73,very_low,0,0,0.08208955223880597
Boreas-Dawn,321,0.00622,0,Boreas,Dawn,0.62,very_low,0,0,0.0761904761904762
Caelum-Dawn,163,0.25633,0,Caelum,Dawn,25.63,high,1,0,0.06666666666666667
Aegis-Elysium,136,0.03466,0,Aegis,Elysium,3.47,very_low,0,0,0.06801007556675064
Caelum-Dawn,171,0.00194,0,Caelum,Dawn,0.19,very_low,0,0,0.06666666666666667
Boreas-Dawn,109,0.05011,0,Boreas,Dawn,5.01,low,0,0,0.0761904761904762
Dawn-Fenix,288,0.24726,0,Dawn,Fenix,24.73,high,1,0,0.07512953367875648
Aegis-Boreas,231,0.04277,0,Aegis,Boreas,4.28,very_low,0,0,0.115
Aegis-Dawn,418,0.0537,0,Aegis,Dawn,5.37,low,0,0,0.08607594936708861
Caelum-Elysium,297,0.07739,0,Caelum,Elysium,7.74,low,0,0,0.08208955223880597
Boreas-Dawn,281,0.07663,0,Boreas,Dawn,7.66,low,0,0,0.0761904761904762
Aegis-Elysium,151,0.11219,0,Aegis,Elysium,11.22,medium,0,0,0.06801007556675064
Elysium-Fenix,446,0.03416,0,Elysium,Fenix,3.42,very_low,0,0,0.06666666666666667
Elysium-Fenix,1,0.09633,0,Elysium,Fenix,9.63,low,0,0,0.06666666666666667
Aegis-Boreas,345,0.07516,0,Aegis,Boreas,7.52,low,0,0,0.115
Caelum-Elysium,158,0.0834330688935281,0,Caelum,Elysium,8.34,low,0,0,0.08208955223880597
Caelum-Dawn,342,0.07892,0,Caelum,Dawn,7.89,low,0,0,0.06666666666666667
Aegis-Elysium,431,0.00668,0,Aegis,Elysium,0.67,very_low,0,0,0.06801007556675064
Caelum-Dawn,325,0.12812,0,Caelum,Dawn,12.81,medium,0,0,0.06666666666666667
Elysium-Fenix,67,0.01992,0,Elysium,Fenix,1.99,very_low,0,0,0.06666666666666667
Aegis-Elysium,395,0.07713,0,Aegis,Elysium,7.71,low,0,0,0.06801007556675064
Boreas-Elysium,306,0.03055,0,Boreas,Elysium,3.06,very_low,0,0,0.08933002481389578
Aegis-Boreas,248,0.21698,0,Aegis,Boreas,21.7,high,1,0,0.115
Boreas-Elysium,150,0.02149,0,Boreas,Elysium,2.15,very_low,0,0,0.08933002481389578
Elysium-Fenix,104,0.19283,0,Elysium,Fenix,19.28,medium,0,0,0.06666666666666667
Dawn-Elysium,280,0.01796,0,Dawn,Elysium,1.8,very_low,0,0,0.07637231503579953
Boreas-Elysium,334,0.04569,0,Boreas,Elysium,4.57,very_low,0,0,0.08933002481389578
Caelum-Fenix,419,0.27035,0,Caelum,Fenix,27.03,high,1,0,0.07960199004975124
Aegis-Boreas,442,0.13998,0,Aegis,Boreas,14.0,medium,0,0,0.115
Caelum-Fenix,377,0.01362,0,Caelum,Fenix,1.36,very_low,0,0,0.07960199004975124
Boreas-Fenix,349,0.10801,0,Boreas,Fenix,10.8,medium,0,0,0.10353535353535354
Aegis-Dawn,144,0.34812,0,Aegis,Dawn,34.81,high,1,0,0.08607594936708861
Aegis-Elysium,354,0.20556,0,Aegis,Elysium,20.56,high,1,0,0.06801007556675064
Caelum-Fenix,49,0.0102,0,Caelum,Fenix,1.02,very_low,0,0,0.07960199004975124
Caelum-Dawn,468,0.01534,0,Caelum,Dawn,1.53,very_low,0,0,0.06666666666666667
Aegis-Boreas,361,0.0834330688935281,0,Aegis,Boreas,8.34,low,0,0,0.115
Caelum-Fenix,429,0.08288,0,Caelum,Fenix,8.29,low,0,0,0.07960199004975124
Boreas-Fenix,453,0.09329,0,Boreas,Fenix,9.33,low,0,0,0.10353535353535354
Dawn-Elysium,493,0.09802,0,Dawn,Elysium,9.8,low,0,0,0.07637231503579953
Aegis-Elysium,407,0.12843,1,Aegis,Elysium,12.84,medium,0,1,0.06801007556675064
Boreas-Dawn,224,0.07758,1,Boreas,Dawn,7.76,low,0,1,0.0761904761904762
Boreas-Elysium,79,0.12859,0,Boreas,Elysium,12.86,medium,0,0,0.08933002481389578
Aegis-Elysium,264,0.00111,0,Aegis,Elysium,0.11,very_low,0,0,0.06801007556675064
Dawn-Fenix,57,0.29122,0,Dawn,Fenix,29.12,high,1,0,0.07512953367875648
Boreas-Fenix,332,0.01656,0,Boreas,Fenix,1.66,very_low,0,0,0.10353535353535354
Aegis-Boreas,376,0.03086,0,Aegis,Boreas,3.09,very_low,0,0,0.115
Caelum-Fenix,227,0.00988,0,Caelum,Fenix,0.99,very_low,0,0,0.07960199004975124
Elysium-Fenix,133,0.0834330688935281,0,Elysium,Fenix,8.34,low,0,0,0.06666666666666667
Boreas-Dawn,390,0.06971,0,Boreas,Dawn,6.97,low,0,0,0.0761904761904762
Aegis-Dawn,78,0.02535,0,Aegis,Dawn,2.54,very_low,0,0,0.08607594936708861
Aegis-Elysium,50,0.12482,0,Aegis,Elysium,12.48,medium,0,0,0.06801007556675064
Caelum-Dawn,382,0.01293,0,Caelum,Dawn,1.29,very_low,0,0,0.06666666666666667
Boreas-Dawn,499,0.0006,0,Boreas,Dawn,0.06,very_low,0,0,0.0761904761904762
Boreas-Fenix,256,0.15634,0,Boreas,Fenix,15.63,medium,0,0,0.10353535353535354
Elysium-Fenix,470,0.10541,0,Elysium,Fenix,10.54,medium,0,0,0.06666666666666667
Elysium-Fenix,365,0.05429,0,Elysium,Fenix,5.43,low,0,0,0.06666666666666667
Caelum-Dawn,195,0.08888,0,Caelum,Dawn,8.89,low,0,0,0.06666666666666667
Aegis-Boreas,6,0.03769,0,Aegis,Boreas,3.77,very_low,0,0,0.115
Boreas-Fenix,246,0.08094,0,Boreas,Fenix,8.09,low,0,0,0.10353535353535354
Boreas-Elysium,136,0.10837,0,Boreas,Elysium,10.84,medium,0,0,0.08933002481389578
Caelum-Fenix,301,0.01775,0,Caelum,Fenix,1.78,very_low,0,0,0.07960199004975124
Caelum-Dawn,459,0.02606,0,Caelum,Dawn,2.61,very_low,0,0,0.06666666666666667
Aegis-Elysium,62,0.11923,0,Aegis,Elysium,11.92,medium,0,0,0.06801007556675064
Elysium-Fenix,245,0.08137,0,Elysium,Fenix,8.14,low,0,0,0.06666666666666667
Caelum-Dawn,221,0.00748,0,Caelum,Dawn,0.75,very_low,0,0,0.06666666666666667
Elysium-Fenix,13,0.14494,0,Elysium,Fenix,14.49,medium,0,0,0.06666666666666667
Elysium-Fenix,132,0.25768,0,Elysium,Fenix,25.77,high,1,0,0.06666666666666667
Caelum-Fenix,64,0.29648,0,Caelum,Fenix,29.65,high,1,0,0.07960199004975124
Caelum-Dawn,15,0.01403,0,Caelum,Dawn,1.4,very_low,0,0,0.06666666666666667
Caelum-Fenix,441,0.09098,0,Caelum,Fenix,9.1,low,0,0,0.07960199004975124
Aegis-Elysium,372,0.05299,0,Aegis,Elysium,5.3,low,0,0,0.06801007556675064
Caelum-Fenix,485,0.0624,0,Caelum,Fenix,6.24,low,0,0,0.07960199004975124
Aegis-Dawn,305,0.01529,0,Aegis,Dawn,1.53,very_low,0,0,0.08607594936708861
Elysium-Fenix,329,0.01298,0,Elysium,Fenix,1.3,very_low,0,0,0.06666666666666667
Caelum-Fenix,403,0.0242,0,Caelum,Fenix,2.42,very_low,0,0,0.07960199004975124
Boreas-Fenix,103,0.00418,0,Boreas,Fenix,0.42,very_low,0,0,0.10353535353535354
Caelum-Elysium,386,0.02802,0,Caelum,Elysium,2.8,very_low,0,0,0.08208955223880597
Caelum-Fenix,358,0.09106,0,Caelum,Fenix,9.11,low,0,0,0.07960199004975124
Caelum-Elysium,270,0.22074,0,Caelum,Elysium,22.07,high,1,0,0.08208955223880597
Aegis-Elysium,403,0.05364,0,Aegis,Elysium,5.36,low,0,0,0.06801007556675064
Elysium-Fenix,99,0.08662,0,Elysium,Fenix,8.66,low,0,0,0.06666666666666667
Caelum-Fenix,292,0.04852,0,Caelum,Fenix,4.85,very_low,0,0,0.07960199004975124
Boreas-Elysium,355,0.31285,0,Boreas,Elysium,31.28,high,1,0,0.08933002481389578
Elysium-Fenix,187,0.0834330688935281,0,Elysium,Fenix,8.34,low,0,0,0.06666666666666667
Boreas-Fenix,2,0.02883,0,Boreas,Fenix,2.88,very_low,0,0,0.10353535353535354
Boreas-Dawn,66,0.08413,0,Boreas,Dawn,8.41,low,0,0,0.0761904761904762
Aegis-Elysium,487,0.16453,0,Aegis,Elysium,16.45,medium,0,0,0.06801007556675064
Boreas-Elysium,416,0.01242,0,Boreas,Elysium,1.24,very_low,0,0,0.08933002481389578
Elysium-Fenix,170,0.18903,0,Elysium,Fenix,18.9,medium,0,0,0.06666666666666667
Dawn-Elysium,262,0.00472,0,Dawn,Elysium,0.47,very_low,0,0,0.07637231503579953
Aegis-Boreas,295,0.14489,0,Aegis,Boreas,14.49,medium,0,0,0.115
Dawn-Elysium,475,0.0834330688935281,0,Dawn,Elysium,8.34,low,0,0,0.07637231503579953
Caelum-Fenix,440,0.08499,0,Caelum,Fenix,8.5,low,0,0,0.07960199004975124
Aegis-Dawn,395,0.26552,0,Aegis,Dawn,26.55,high,1,0,0.08607594936708861
Boreas-Dawn,495,0.1429,0,Boreas,Dawn,14.29,medium,0,0,0.0761904761904762
Aegis-Boreas,294,0.27142,0,Aegis,Boreas,27.14,high,1,0,0.115
Caelum-Elysium,52,0.06772,0,Caelum,Elysium,6.77,low,0,0,0.08208955223880597
Aegis-Dawn,414,0.03266,0,Aegis,Dawn,3.27,very_low,0,0,0.08607594936708861
Aegis-Dawn,491,0.02954,0,Aegis,Dawn,2.95,very_low,0,0,0.08607594936708861
Dawn-Fenix,497,0.30255,0,Dawn,Fenix,30.26,high,1,0,0.07512953367875648
Caelum-Elysium,126,0.03006,1,Caelum,Elysium,3.01,very_low,0,1,0.08208955223880597
Aegis-Dawn,59,0.03,0,Aegis,Dawn,3.0,very_low,0,0,0.08607594936708861
Boreas-Fenix,149,0.16266,0,Boreas,Fenix,16.27,medium,0,0,0.10353535353535354
Dawn-Fenix,79,0.22845,0,Dawn,Fenix,22.84,high,1,0,0.07512953367875648
Elysium-Fenix,334,0.25799,0,Elysium,Fenix,25.8,high,1,0,0.06666666666666667
Dawn-Elysium,183,0.00956,0,Dawn,Elysium,0.96,very_low,0,0,0.07637231503579953
Caelum-Fenix,344,0.02793,0,Caelum,Fenix,2.79,very_low,0,0,0.07960199004975124
Caelum-Dawn,60,0.12281,0,Caelum,Dawn,12.28,medium,0,0,0.06666666666666667
Dawn-Elysium,462,0.0834330688935281,0,Dawn,Elysium,8.34,low,0,0,0.07637231503579953
Dawn-Elysium,192,0.00196,0,Dawn,Elysium,0.2,very_low,0,0,0.07637231503579953
Caelum-Fenix,307,0.00548,0,Caelum,Fenix,0.55,very_low,0,0,0.07960199004975124
Boreas-Fenix,443,0.03544,0,Boreas,Fenix,3.54,very_low,0,0,0.10353535353535354
Caelum-Dawn,93,0.12842,0,Caelum,Dawn,12.84,medium,0,0,0.06666666666666667
Boreas-Fenix,96,0.0771,0,Boreas,Fenix,7.71,low,0,0,0.10353535353535354
Elysium-Fenix,86,0.09181,0,Elysium,Fenix,9.18,low,0,0,0.06666666666666667
Dawn-Fenix,51,0.00778,0,Dawn,Fenix,0.78,very_low,0,0,0.07512953367875648
Dawn-Fenix,416,0.30043,0,Dawn,Fenix,30.04,high,1,0,0.07512953367875648
Aegis-Boreas,206,0.09706,0,Aegis,Boreas,9.71,low,0,0,0.115
Aegis-Boreas,298,0.0834330688935281,0,Aegis,Boreas,8.34,low,0,0,0.115
Elysium-Fenix,258,0.00403,0,Elysium,Fenix,0.4,very_low,0,0,0.06666666666666667
Caelum-Elysium,406,0.09485,0,Caelum,Elysium,9.49,low,0,0,0.08208955223880597
Caelum-Dawn,193,0.08414,0,Caelum,Dawn,8.41,low,0,0,0.06666666666666667
Aegis-Dawn,326,0.00196,0,Aegis,Dawn,0.2,very_low,0,0,0.08607594936708861
Dawn-Elysium,327,0.04732,0,Dawn,Elysium,4.73,very_low,0,0,0.07637231503579953
Boreas-Dawn,294,0.14013,0,Boreas,Dawn,14.01,medium,0,0,0.0761904761904762
Dawn-Elysium,240,0.13004,0,Dawn,Elysium,13.0,medium,0,0,0.07637231503579953
Caelum-Dawn,189,0.12115,0,Caelum,Dawn,12.12,medium,0,0,0.06666666666666667
Boreas-Fenix,132,0.0184,0,Boreas,Fenix,1.84,very_low,0,0,0.10353535353535354
Caelum-Dawn,9,0.02526,0,Caelum,Dawn,2.53,very_low,0,0,0.06666666666666667
Boreas-Elysium,110,0.18284,0,Boreas,Elysium,18.28,medium,0,0,0.08933002481389578
Caelum-Fenix,255,0.15603,0,Caelum,Fenix,15.6,medium,0,0,0.07960199004975124
Dawn-Elysium,83,0.2648,0,Dawn,Elysium,26.48,high,1,0,0.07637231503579953
Elysium-Fenix,18,0.18134,0,Elysium,Fenix,18.13,medium,0,0,0.06666666666666667
Elysium-Fenix,40,0.11767,0,Elysium,Fenix,11.77,medium,0,0,0.06666666666666667
Aegis-Boreas,193,0.17388,0,Aegis,Boreas,17.39,medium,0,0,0.115
Caelum-Dawn,319,0.00645,0,Caelum,Dawn,0.64,very_low,0,0,0.06666666666666667
Boreas-Elysium,155,0.06202,0,Boreas,Elysium,6.2,low,0,0,0.08933002481389578
Elysium-Fenix,400,0.4622,0,Elysium,Fenix,46.22,very_high,1,0,0.06666666666666667
Boreas-Elysium,486,0.07646,0,Boreas,Elysium,7.65,low,0,0,0.08933002481389578
Caelum-Fenix,90,0.00108,0,Caelum,Fenix,0.11,very_low,0,0,0.07960199004975124
Aegis-Dawn,107,0.06945,0,Aegis,Dawn,6.94,low,0,0,0.08607594936708861
Elysium-Fenix,141,0.01652,0,Elysium,Fenix,1.65,very_low,0,0,0.06666666666666667
Boreas-Elysium,221,0.12191,1,Boreas,Elysium,12.19,medium,0,1,0.08933002481389578
Elysium-Fenix,36,0.09235,0,Elysium,Fenix,9.24,low,0,0,0.06666666666666667
Boreas-Dawn,41,0.21705,0,Boreas,Dawn,21.7,high,1,0,0.0761904761904762
Aegis-Elysium,230,0.08701,0,Aegis,Elysium,8.7,low,0,0,0.06801007556675064
Boreas-Elysium,419,0.02823,0,Boreas,Elysium,2.82,very_low,0,0,0.08933002481389578
Aegis-Elysium,234,0.0834330688935281,0,Aegis,Elysium,8.34,low,0,0,0.06801007556675064
Caelum-Dawn,344,0.04123,0,Caelum,Dawn,4.12,very_low,0,0,0.06666666666666667
Dawn-Elysium,285,0.23337,0,Dawn,Elysium,23.34,high,1,0,0.07637231503579953
Aegis-Boreas,201,0.039,0,Aegis,Boreas,3.9,very_low,0,0,0.115
Boreas-Fenix,35,0.06101,0,Boreas,Fenix,6.1,low,0,0,0.10353535353535354
Caelum-Fenix,312,0.2402,1,Caelum,Fenix,24.02,high,1,1,0.07960199004975124
Elysium-Fenix,228,0.04722,0,Elysium,Fenix,4.72,very_low,0,0,0.06666666666666667
Dawn-Fenix,277,0.00111,0,Dawn,Fenix,0.11,very_low,0,0,0.07512953367875648
Aegis-Dawn,269,0.04886,0,Aegis,Dawn,4.89,very_low,0,0,0.08607594936708861
Boreas-Elysium,482,0.28466,0,Boreas,Elysium,28.47,high,1,0,0.08933002481389578
Aegis-Dawn,219,0.05895,0,Aegis,Dawn,5.9,low,0,0,0.08607594936708861
Boreas-Dawn,422,0.01091,0,Boreas,Dawn,1.09,very_low,0,0,0.0761904761904762
Dawn-Elysium,449,0.0834330688935281,0,Dawn,Elysium,8.34,low,0,0,0.07637231503579953
Aegis-Dawn,460,0.00688,0,Aegis,Dawn,0.69,very_low,0,0,0.08607594936708861
Caelum-Fenix,205,0.05965,0,Caelum,Fenix,5.96,low,0,0,0.07960199004975124
Caelum-Fenix,26,0.19565,1,Caelum,Fenix,19.56,medium,0,1,0.07960199004975124
Boreas-Fenix,283,0.06105,0,Boreas,Fenix,6.1,low,0,0,0.10353535353535354
Aegis-Boreas,250,0.14631,0,Aegis,Boreas,14.63,medium,0,0,0.115
Dawn-Elysium,471,0.02474,0,Dawn,Elysium,2.47,very_low,0,0,0.07637231503579953
Boreas-Elysium,45,0.0258,0,Boreas,Elysium,2.58,very_low,0,0,0.08933002481389578
Caelum-Dawn,482,0.0834330688935281,0,Caelum,Dawn,8.34,low,0,0,0.06666666666666667
Boreas-Dawn,97,0.04967,0,Boreas,Dawn,4.97,very_low,0,0,0.0761904761904762
Boreas-Fenix,471,0.0704,0,Boreas,Fenix,7.04,low,0,0,0.10353535353535354
Aegis-Elysium,426,0.0834330688935281,0,Aegis,Elysium,8.34,low,0,0,0.06801007556675064
Dawn-Elysium,143,0.03928,0,Dawn,Elysium,3.93,very_low,0,0,0.07637231503579953
Boreas-Fenix,53,0.22867,0,Boreas,Fenix,22.87,high,1,0,0.10353535353535354
Dawn-Elysium,343,0.01791,0,Dawn,Elysium,1.79,very_low,0,0,0.07637231503579953
Caelum-Elysium,50,0.26642,0,Caelum,Elysium,26.64,high,1,0,0.08208955223880597
Dawn-Fenix,448,0.01581,0,Dawn,Fenix,1.58,very_low,0,0,0.07512953367875648
Dawn-Elysium,132,0.01855,0,Dawn,Elysium,1.86,very_low,0,0,0.07637231503579953
Caelum-Elysium,16,0.02741,0,Caelum,Elysium,2.74,very_low,0,0,0.08208955223880597
Elysium-Fenix,253,0.17448,0,Elysium,Fenix,17.45,medium,0,0,0.06666666666666667
Caelum-Fenix,61,0.03507,0,Caelum,Fenix,3.51,very_low,0,0,0.07960199004975124
Caelum-Fenix,24,0.0553,0,Caelum,Fenix,5.53,low,0,0,0.07960199004975124
Dawn-Fenix,214,0.13173,0,Dawn,Fenix,13.17,medium,0,0,0.07512953367875648
Dawn-Elysium,401,0.03824,0,Dawn,Elysium,3.82,very_low,0,0,0.07637231503579953
Caelum-Dawn,128,0.02629,0,Caelum,Dawn,2.63,very_low,0,0,0.06666666666666667
Boreas-Fenix,146,0.07051,0,Boreas,Fenix,7.05,low,0,0,0.10353535353535354
Dawn-Fenix,188,0.0834330688935281,0,Dawn,Fenix,8.34,low,0,0,0.07512953367875648
Dawn-Fenix,22,0.01516,0,Dawn,Fenix,1.52,very_low,0,0,0.07512953367875648
Aegis-Elysium,4,0.06238,0,Aegis,Elysium,6.24,low,0,0,0.06801007556675064
Caelum-Dawn,58,0.09711,0,Caelum,Dawn,9.71,low,0,0,0.06666666666666667
Caelum-Dawn,406,0.11673,0,Caelum,Dawn,11.67,medium,0,0,0.06666666666666667
Boreas-Fenix,192,0.09351,0,Boreas,Fenix,9.35,low,0,0,0.10353535353535354
Dawn-Fenix,97,0.01355,0,Dawn,Fenix,1.36,very_low,0,0,0.07512953367875648
Boreas-Elysium,406,0.09947,0,Boreas,Elysium,9.95,low,0,0,0.08933002481389578
Aegis-Dawn,409,0.00774,0,Aegis,Dawn,0.77,very_low,0,0,0.08607594936708861
Aegis-Dawn,324,0.15792,0,Aegis,Dawn,15.79,medium,0,0,0.08607594936708861
Aegis-Boreas,431,0.0834330688935281,0,Aegis,Boreas,8.34,low,0,0,0.115
Boreas-Fenix,353,0.23245,0,Boreas,Fenix,23.24,high,1,0,0.10353535353535354
Boreas-Dawn,22,0.06071,0,Boreas,Dawn,6.07,low,0,0,0.0761904761904762
Aegis-Elysium,301,0.18907,0,Aegis,Elysium,18.91,medium,0,0,0.06801007556675064
Dawn-Elysium,391,0.02474,0,Dawn,Elysium,2.47,very_low,0,0,0.07637231503579953
Dawn-Elysium,380,0.03138,0,Dawn,Elysium,3.14,very_low,0,0,0.07637231503579953
Aegis-Elysium,112,0.15771,0,Aegis,Elysium,15.77,medium,0,0,0.06801007556675064
Caelum-Fenix,154,0.08223,1,Caelum,Fenix,8.22,low,0,1,0.07960199004975124
Elysium-Fenix,256,0.09759,0,Elysium,Fenix,9.76,low,0,0,0.06666666666666667
Elysium-Fenix,401,0.03202,0,Elysium,Fenix,3.2,very_low,0,0,0.06666666666666667
Aegis-Boreas,310,0.02588,0,Aegis,Boreas,2.59,very_low,0,0,0.115
Dawn-Fenix,475,0.02636,0,Dawn,Fenix,2.64,very_low,0,0,0.07512953367875648
Aegis-Dawn,256,0.04773,0,Aegis,Dawn,4.77,very_low,0,0,0.08607594936708861
Caelum-Elysium,426,0.15494,1,Caelum,Elysium,15.49,medium,0,1,0.08208955223880597
Boreas-Dawn,150,0.02175,0,Boreas,Dawn,2.17,very_low,0,0,0.0761904761904762
Aegis-Dawn,205,0.16513,0,Aegis,Dawn,16.51,medium,0,0,0.08607594936708861
Elysium-Fenix,282,0.10619,0,Elysium,Fenix,10.62,medium,0,0,0.06666666666666667
Aegis-Boreas,471,0.03391,0,Aegis,Boreas,3.39,very_low,0,0,0.115
Elysium-Fenix,122,0.05509,0,Elysium,Fenix,5.51,low,0,0,0.06666666666666667
Caelum-Dawn,148,0.02048,0,Caelum,Dawn,2.05,very_low,0,0,0.06666666666666667
Boreas-Fenix,430,0.05749,0,Boreas,Fenix,5.75,low,0,0,0.10353535353535354
Dawn-Fenix,305,0.01087,0,Dawn,Fenix,1.09,very_low,0,0,0.07512953367875648
Boreas-Fenix,190,0.0304,0,Boreas,Fenix,3.04,very_low,0,0,0.10353535353535354
Caelum-Fenix,110,0.04953,0,Caelum,Fenix,4.95,very_low,0,0,0.07960199004975124
Dawn-Elysium,376,0.04201,0,Dawn,Elysium,4.2,very_low,0,0,0.07637231503579953
Dawn-Fenix,207,0.09305,0,Dawn,Fenix,9.3,low,0,0,0.07512953367875648
Caelum-Fenix,457,0.01312,0,Caelum,Fenix,1.31,very_low,0,0,0.07960199004975124
Boreas-Fenix,239,0.1095,0,Boreas,Fenix,10.95,medium,0,0,0.10353535353535354
Elysium-Fenix,333,0.05287,0,Elysium,Fenix,5.29,low,0,0,0.06666666666666667
Aegis-Elysium,411,0.20168,0,Aegis,Elysium,20.17,high,1,0,0.06801007556675064
Aegis-Dawn,466,0.07972,1,Aegis,Dawn,7.97,low,0,1,0.08607594936708861
Aegis-Elysium,137,0.05028,0,Aegis,Elysium,5.03,low,0,0,0.06801007556675064
Caelum-Dawn,200,0.01064,1,Caelum,Dawn,1.06,very_low,0,1,0.06666666666666667
Aegis-Dawn,442,0.13913,0,Aegis,Dawn,13.91,medium,0,0,0.08607594936708861
Aegis-Dawn,122,0.11644,0,Aegis,Dawn,11.64,medium,0,0,0.08607594936708861
Caelum-Dawn,149,0.01221,0,Caelum,Dawn,1.22,very_low,0,0,0.06666666666666667
Caelum-Dawn,464,0.03657,0,Caelum,Dawn,3.66,very_low,0,0,0.06666666666666667
Caelum-Fenix,137,0.09762,0,Caelum,Fenix,9.76,low,0,0,0.07960199004975124
Dawn-Elysium,375,0.13885,0,Dawn,Elysium,13.88,medium,0,0,0.07637231503579953
Caelum-Dawn,479,0.02943,0,Caelum,Dawn,2.94,very_low,0,0,0.06666666666666667
Caelum-Dawn,124,0.08536,0,Caelum,Dawn,8.54,low,0,0,0.06666666666666667
Caelum-Fenix,139,0.02696,0,Caelum,Fenix,2.7,very_low,0,0,0.07960199004975124
Elysium-Fenix,359,0.15673,0,Elysium,Fenix,15.67,medium,0,0,0.06666666666666667
Boreas-Dawn,90,0.02698,0,Boreas,Dawn,2.7,very_low,0,0,0.0761904761904762
Elysium-Fenix,172,0.20415,0,Elysium,Fenix,20.42,high,1,0,0.06666666666666667
Caelum-Dawn,367,0.08014,0,Caelum,Dawn,8.01,low,0,0,0.06666666666666667
Aegis-Dawn,165,0.0839,0,Aegis,Dawn,8.39,low,0,0,0.08607594936708861
Elysium-Fenix,179,0.02792,0,Elysium,Fenix,2.79,very_low,0,0,0.06666666666666667
Boreas-Fenix,130,0.1123,0,Boreas,Fenix,11.23,medium,0,0,0.10353535353535354
Aegis-Elysium,367,0.01738,0,Aegis,Elysium,1.74,very_low,0,0,0.06801007556675064
Elysium-Fenix,371,0.04632,0,Elysium,Fenix,4.63,very_low,0,0,0.06666666666666667
Dawn-Fenix,35,0.10025,0,Dawn,Fenix,10.02,medium,0,0,0.07512953367875648
Caelum-Elysium,41,0.00516,0,Caelum,Elysium,0.52,very_low,0,0,0.08208955223880597
Elysium-Fenix,92,0.11134,0,Elysium,Fenix,11.13,medium,0,0,0.06666666666666667
Elysium-Fenix,327,0.0347,0,Elysium,Fenix,3.47,very_low,0,0,0.06666666666666667
Boreas-Elysium,310,0.14636,1,Boreas,Elysium,14.64,medium,0,1,0.08933002481389578
Caelum-Dawn,168,0.02331,0,Caelum,Dawn,2.33,very_low,0,0,0.06666666666666667
Elysium-Fenix,93,0.00915,0,Elysium,Fenix,0.92,very_low,0,0,0.06666666666666667
Caelum-Elysium,193,0.16962,1,Caelum,Elysium,16.96,medium,0,1,0.08208955223880597
Caelum-Elysium,66,0.0834330688935281,0,Caelum,Elysium,8.34,low,0,0,0.08208955223880597
Boreas-Elysium,487,0.05415,0,Boreas,Elysium,5.42,low,0,0,0.08933002481389578
Caelum-Fenix,43,0.01629,0,Caelum,Fenix,1.63,very_low,0,0,0.07960199004975124
Boreas-Fenix,27,0.036,0,Boreas,Fenix,3.6,very_low,0,0,0.10353535353535354
Caelum-Dawn,141,0.16226,0,Caelum,Dawn,16.23,medium,0,0,0.06666666666666667
Caelum-Dawn,27,0.00645,0,Caelum,Dawn,0.64,very_low,0,0,0.06666666666666667
Aegis-Dawn,128,0.04266,1,Aegis,Dawn,4.27,very_low,0,1,0.08607594936708861
Dawn-Fenix,390,0.00861,0,Dawn,Fenix,0.86,very_low,0,0,0.07512953367875648
Boreas-Fenix,195,0.00579,0,Boreas,Fenix,0.58,very_low,0,0,0.10353535353535354
Caelum-Dawn,180,0.28991,0,Caelum,Dawn,28.99,high,1,0,0.06666666666666667
Caelum-Elysium,227,0.17569,0,Caelum,Elysium,17.57,medium,0,0,0.08208955223880597
Aegis-Boreas,389,0.09166,0,Aegis,Boreas,9.17,low,0,0,0.115
Boreas-Dawn,16,0.09418,0,Boreas,Dawn,9.42,low,0,0,0.0761904761904762
Boreas-Fenix,403,0.0084,0,Boreas,Fenix,0.84,very_low,0,0,0.10353535353535354
Dawn-Elysium,67,0.03288,0,Dawn,Elysium,3.29,very_low,0,0,0.07637231503579953
Boreas-Elysium,133,0.15979,0,Boreas,Elysium,15.98,medium,0,0,0.08933002481389578
Boreas-Elysium,326,0.08871,0,Boreas,Elysium,8.87,low,0,0,0.08933002481389578
Aegis-Elysium,235,0.30707,0,Aegis,Elysium,30.71,high,1,0,0.06801007556675064
Caelum-Dawn,456,0.30702,1,Caelum,Dawn,30.7,high,1,1,0.06666666666666667
Boreas-Fenix,26,0.09404,0,Boreas,Fenix,9.4,low,0,0,0.10353535353535354
Aegis-Boreas,83,0.02518,0,Aegis,Boreas,2.52,very_low,0,0,0.115
Dawn-Fenix,447,0.01968,0,Dawn,Fenix,1.97,very_low,0,0,0.07512953367875648
Dawn-Fenix,49,0.13056,0,Dawn,Fenix,13.06,medium,0,0,0.07512953367875648
Aegis-Boreas,3,0.02301,0,Aegis,Boreas,2.3,very_low,0,0,0.115
Caelum-Fenix,438,0.05644,0,Caelum,Fenix,5.64,low,0,0,0.07960199004975124
Boreas-Elysium,446,0.18101,0,Boreas,Elysium,18.1,medium,0,0,0.08933002481389578
Dawn-Elysium,177,0.01027,0,Dawn,Elysium,1.03,very_low,0,0,0.07637231503579953
Aegis-Dawn,423,0.03335,0,Aegis,Dawn,3.34,very_low,0,0,0.08607594936708861
Aegis-Boreas,374,0.0155,0,Aegis,Boreas,1.55,very_low,0,0,0.115
Aegis-Elysium,52,0.03376,0,Aegis,Elysium,3.38,very_low,0,0,0.06801007556675064
Dawn-Fenix,356,0.0834330688935281,0,Dawn,Fenix,8.34,low,0,0,0.07512953367875648
Boreas-Fenix,147,0.01153,0,Boreas,Fenix,1.15,very_low,0,0,0.10353535353535354
Boreas-Dawn,254,0.11399,1,Boreas,Dawn,11.4,medium,0,1,0.0761904761904762
Aegis-Boreas,364,0.02563,0,Aegis,Boreas,2.56,very_low,0,0,0.115
Boreas-Dawn,360,0.08212,0,Boreas,Dawn,8.21,low,0,0,0.0761904761904762
Boreas-Dawn,243,0.02948,0,Boreas,Dawn,2.95,very_low,0,0,0.0761904761904762
Caelum-Elysium,214,0.01452,0,Caelum,Elysium,1.45,very_low,0,0,0.08208955223880597
Dawn-Fenix,43,0.09194,0,Dawn,Fenix,9.19,low,0,0,0.07512953367875648
Caelum-Dawn,133,0.05989,0,Caelum,Dawn,5.99,low,0,0,0.06666666666666667
Caelum-Dawn,270,0.05875,0,Caelum,Dawn,5.88,low,0,0,0.06666666666666667
Boreas-Fenix,140,0.02967,0,Boreas,Fenix,2.97,very_low,0,0,0.10353535353535354
Dawn-Elysium,406,0.11197,0,Dawn,Elysium,11.2,medium,0,0,0.07637231503579953
Boreas-Dawn,9,0.09379,0,Boreas,Dawn,9.38,low,0,0,0.0761904761904762
Caelum-Elysium,124,0.01049,0,Caelum,Elysium,1.05,very_low,0,0,0.08208955223880597
Aegis-Boreas,137,0.06953,0,Aegis,Boreas,6.95,low,0,0,0.115
Caelum-Dawn,186,0.00137,0,Caelum,Dawn,0.14,very_low,0,0,0.06666666666666667
Boreas-Dawn,233,0.05759,0,Boreas,Dawn,5.76,low,0,0,0.0761904761904762
Aegis-Boreas,482,0.1177,0,Aegis,Boreas,11.77,medium,0,0,0.115
Aegis-Elysium,317,0.03557,0,Aegis,Elysium,3.56,very_low,0,0,0.06801007556675064
Boreas-Elysium,222,0.03967,0,Boreas,Elysium,3.97,very_low,0,0,0.08933002481389578
Caelum-Dawn,474,0.14387,0,Caelum,Dawn,14.39,medium,0,0,0.06666666666666667
Boreas-Elysium,268,0.10051,0,Boreas,Elysium,10.05,medium,0,0,0.08933002481389578
Boreas-Dawn,359,0.08574,0,Boreas,Dawn,8.57,low,0,0,0.0761904761904762
Aegis-Boreas,49,0.05101,1,Aegis,Boreas,5.1,low,0,1,0.115
Boreas-Dawn,187,0.02233,0,Boreas,Dawn,2.23,very_low,0,0,0.0761904761904762
Boreas-Dawn,440,0.14366,0,Boreas,Dawn,14.37,medium,0,0,0.0761904761904762
Boreas-Dawn,352,0.06785,0,Boreas,Dawn,6.78,low,0,0,0.0761904761904762
Boreas-Elysium,491,0.01941,0,Boreas,Elysium,1.94,very_low,0,0,0.08933002481389578
Caelum-Dawn,31,0.06723,0,Caelum,Dawn,6.72,low,0,0,0.06666666666666667
Dawn-Fenix,24,0.0834330688935281,0,Dawn,Fenix,8.34,low,0,0,0.07512953367875648
Caelum-Elysium,324,0.15415,0,Caelum,Elysium,15.42,medium,0,0,0.08208955223880597
Aegis-Elysium,386,0.07117,0,Aegis,Elysium,7.12,low,0,0,0.06801007556675064
Boreas-Elysium,498,0.00934,0,Boreas,Elysium,0.93,very_low,0,0,0.08933002481389578
Aegis-Elysium,72,0.00169,0,Aegis,Elysium,0.17,very_low,0,0,0.06801007556675064
Boreas-Fenix,309,0.11929,0,Boreas,Fenix,11.93,medium,0,0,0.10353535353535354
Elysium-Fenix,301,0.02899,0,Elysium,Fenix,2.9,very_low,0,0,0.06666666666666667
Boreas-Elysium,413,0.04107,0,Boreas,Elysium,4.11,very_low,0,0,0.08933002481389578
Dawn-Elysium,410,0.12612,0,Dawn,Elysium,12.61,medium,0,0,0.07637231503579953
Caelum-Elysium,467,0.04845,0,Caelum,Elysium,4.84,very_low,0,0,0.08208955223880597
Elysium-Fenix,358,0.04872,0,Elysium,Fenix,4.87,very_low,0,0,0.06666666666666667
Dawn-Elysium,457,0.21951,1,Dawn,Elysium,21.95,high,1,1,0.07637231503579953
Aegis-Dawn,494,0.00987,0,Aegis,Dawn,0.99,very_low,0,0,0.08607594936708861
Caelum-Elysium,135,0.05817,0,Caelum,Elysium,5.82,low,0,0,0.08208955223880597
Dawn-Fenix,301,0.00495,0,Dawn,Fenix,0.5,very_low,0,0,0.07512953367875648
Boreas-Dawn,430,0.06081,1,Boreas,Dawn,6.08,low,0,1,0.0761904761904762
Caelum-Dawn,392,0.16954,0,Caelum,Dawn,16.95,medium,0,0,0.06666666666666667
Boreas-Dawn,354,0.11727,0,Boreas,Dawn,11.73,medium,0,0,0.0761904761904762
Boreas-Fenix,433,0.20467,1,Boreas,Fenix,20.47,high,1,1,0.10353535353535354
Dawn-Elysium,363,0.05014,0,Dawn,Elysium,5.01,low,0,0,0.07637231503579953
Dawn-Elysium,170,0.01046,0,Dawn,Elysium,1.05,very_low,0,0,0.07637231503579953
Aegis-Elysium,14,0.04939,1,Aegis,Elysium,4.94,very_low,0,1,0.06801007556675064
Dawn-Fenix,156,0.0834330688935281,0,Dawn,Fenix,8.34,low,0,0,0.07512953367875648
Aegis-Dawn,360,0.01086,0,Aegis,Dawn,1.09,very_low,0,0,0.08607594936708861
Aegis-Boreas,362,0.16429,0,Aegis,Boreas,16.43,medium,0,0,0.115
Dawn-Fenix,59,0.04101,0,Dawn,Fenix,4.1,very_low,0,0,0.07512953367875648
Aegis-Boreas,92,0.07032,0,Aegis,Boreas,7.03,low,0,0,0.115
Elysium-Fenix,106,0.00668,0,Elysium,Fenix,0.67,very_low,0,0,0.06666666666666667
Caelum-Dawn,184,0.1579,0,Caelum,Dawn,15.79,medium,0,0,0.06666666666666667
Dawn-Elysium,284,0.07293,0,Dawn,Elysium,7.29,low,0,0,0.07637231503579953
Boreas-Elysium,473,0.01966,0,Boreas,Elysium,1.97,very_low,0,0,0.08933002481389578
Dawn-Elysium,329,0.01781,0,Dawn,Elysium,1.78,very_low,0,0,0.07637231503579953
Aegis-Boreas,108,0.0593,0,Aegis,Boreas,5.93,low,0,0,0.115
Dawn-Fenix,262,0.07553,0,Dawn,Fenix,7.55,low,0,0,0.07512953367875648
Aegis-Dawn,140,0.02596,0,Aegis,Dawn,2.6,very_low,0,0,0.08607594936708861
Boreas-Elysium,229,0.0834330688935281,0,Boreas,Elysium,8.34,low,0,0,0.08933002481389578
Dawn-Elysium,427,0.05946,0,Dawn,Elysium,5.95,low,0,0,0.07637231503579953
Caelum-Dawn,3,0.11515,0,Caelum,Dawn,11.52,medium,0,0,0.06666666666666667
Caelum-Elysium,328,0.05217,1,Caelum,Elysium,5.22,low,0,1,0.08208955223880597
Dawn-Fenix,40,0.02904,0,Dawn,Fenix,2.9,very_low,0,0,0.07512953367875648
Caelum-Elysium,157,0.00432,0,Caelum,Elysium,0.43,very_low,0,0,0.08208955223880597
Elysium-Fenix,83,0.04492,0,Elysium,Fenix,4.49,very_low,0,0,0.06666666666666667
Caelum-Dawn,87,0.04705,0,Caelum,Dawn,4.7,very_low,0,0,0.06666666666666667
Aegis-Dawn,124,0.02533,0,Aegis,Dawn,2.53,very_low,0,0,0.08607594936708861
Dawn-Fenix,12,0.16686,0,Dawn,Fenix,16.69,medium,0,0,0.07512953367875648
Caelum-Dawn,220,0.21592,0,Caelum,Dawn,21.59,high,1,0,0.06666666666666667
Dawn-Fenix,224,0.0258,0,Dawn,Fenix,2.58,very_low,0,0,0.07512953367875648
Aegis-Boreas,61,0.07997,0,Aegis,Boreas,8.0,low,0,0,0.115
Caelum-Dawn,369,0.19264,0,Caelum,Dawn,19.26,medium,0,0,0.06666666666666667
Aegis-Boreas,80,0.21488,0,Aegis,Boreas,21.49,high,1,0,0.115
Dawn-Fenix,131,0.05049,0,Dawn,Fenix,5.05,low,0,0,0.07512953367875648
Boreas-Elysium,116,0.09193,0,Boreas,Elysium,9.19,low,0,0,0.08933002481389578
Aegis-Elysium,360,0.01419,0,Aegis,Elysium,1.42,very_low,0,0,0.06801007556675064
Boreas-Dawn,71,0.03608,0,Boreas,Dawn,3.61,very_low,0,0,0.0761904761904762
Caelum-Fenix,208,0.00692,0,Caelum,Fenix,0.69,very_low,0,0,0.07960199004975124
Boreas-Elysium,124,0.06299,0,Boreas,Elysium,6.3,low,0,0,0.08933002481389578
Caelum-Elysium,496,0.01986,0,Caelum,Elysium,1.99,very_low,0,0,0.08208955223880597
Boreas-Fenix,113,0.01687,0,Boreas,Fenix,1.69,very_low,0,0,0.10353535353535354
Aegis-Elysium,336,0.1548,0,Aegis,Elysium,15.48,medium,0,0,0.06801007556675064
Aegis-Elysium,98,0.09876,0,Aegis,Elysium,9.88,low,0,0,0.06801007556675064
Caelum-Dawn,237,0.0758,0,Caelum,Dawn,7.58,low,0,0,0.06666666666666667
Caelum-Fenix,413,0.13422,0,Caelum,Fenix,13.42,medium,0,0,0.07960199004975124
Boreas-Elysium,307,0.04435,0,Boreas,Elysium,4.44,very_low,0,0,0.08933002481389578
Aegis-Dawn,248,0.01611,0,Aegis,Dawn,1.61,very_low,0,0,0.08607594936708861
Boreas-Fenix,271,0.10676,1,Boreas,Fenix,10.68,medium,0,1,0.10353535353535354
Elysium-Fenix,206,0.01693,1,Elysium,Fenix,1.69,very_low,0,1,0.06666666666666667
Dawn-Fenix,410,0.14275,0,Dawn,Fenix,14.27,medium,0,0,0.07512953367875648
Aegis-Boreas,41,0.08823,0,Aegis,Boreas,8.82,low,0,0,0.115
Boreas-Dawn,75,0.36747,0,Boreas,Dawn,36.75,very_high,1,0,0.0761904761904762
Elysium-Fenix,5,0.0834330688935281,0,Elysium,Fenix,8.34,low,0,0,0.06666666666666667
Caelum-Elysium,322,0.06543,0,Caelum,Elysium,6.54,low,0,0,0.08208955223880597
Aegis-Boreas,285,0.17235,0,Aegis,Boreas,17.24,medium,0,0,0.115
Caelum-Elysium,430,0.14107,0,Caelum,Elysium,14.11,medium,0,0,0.08208955223880597
Dawn-Elysium,150,0.06563,0,Dawn,Elysium,6.56,low,0,0,0.07637231503579953
Dawn-Elysium,454,0.09311,0,Dawn,Elysium,9.31,low,0,0,0.07637231503579953
Dawn-Elysium,338,0.01684,0,Dawn,Elysium,1.68,very_low,0,0,0.07637231503579953
Dawn-Fenix,221,0.17227,0,Dawn,Fenix,17.23,medium,0,0,0.07512953367875648
Elysium-Fenix,381,0.42363,0,Elysium,Fenix,42.36,very_high,1,0,0.06666666666666667
Aegis-Dawn,125,0.11196,0,Aegis,Dawn,11.2,medium,0,0,0.08607594936708861
Boreas-Fenix,237,0.11869,0,Boreas,Fenix,11.87,medium,0,0,0.10353535353535354
Aegis-Boreas,332,0.00388,1,Aegis,Boreas,0.39,very_low,0,1,0.115
Dawn-Elysium,265,0.08071,0,Dawn,Elysium,8.07,low,0,0,0.07637231503579953
Boreas-Dawn,412,0.03355,0,Boreas,Dawn,3.36,very_low,0,0,0.0761904761904762
Caelum-Fenix,365,0.05003,0,Caelum,Fenix,5.0,low,0,0,0.07960199004975124
Aegis-Elysium,433,0.11559,0,Aegis,Elysium,11.56,medium,0,0,0.06801007556675064
Boreas-Fenix,417,0.17258,0,Boreas,Fenix,17.26,medium,0,0,0.10353535353535354
Boreas-Dawn,198,0.03409,0,Boreas,Dawn,3.41,very_low,0,0,0.0761904761904762
Caelum-Fenix,269,0.11752,0,Caelum,Fenix,11.75,medium,0,0,0.07960199004975124
Boreas-Dawn,276,0.01687,1,Boreas,Dawn,1.69,very_low,0,1,0.0761904761904762
Elysium-Fenix,497,0.02092,0,Elysium,Fenix,2.09,very_low,0,0,0.06666666666666667
Boreas-Fenix,393,0.01441,0,Boreas,Fenix,1.44,very_low,0,0,0.10353535353535354
Caelum-Fenix,347,0.0744,0,Caelum,Fenix,7.44,low,0,0,0.07960199004975124
Dawn-Fenix,395,0.01255,0,Dawn,Fenix,1.26,very_low,0,0,0.07512953367875648
Boreas-Elysium,455,0.00616,0,Boreas,Elysium,0.62,very_low,0,0,0.08933002481389578
Aegis-Elysium,321,0.11932,0,Aegis,Elysium,11.93,medium,0,0,0.06801007556675064
Dawn-Elysium,25,0.01808,0,Dawn,Elysium,1.81,very_low,0,0,0.07637231503579953
Boreas-Fenix,472,0.05888,0,Boreas,Fenix,5.89,low,0,0,0.10353535353535354
Aegis-Elysium,156,0.18764,0,Aegis,Elysium,18.76,medium,0,0,0.06801007556675064
Boreas-Dawn,452,0.16533,0,Boreas,Dawn,16.53,medium,0,0,0.0761904761904762
Caelum-Fenix,423,0.02196,0,Caelum,Fenix,2.2,very_low,0,0,0.07960199004975124
Dawn-Elysium,290,0.0834330688935281,0,Dawn,Elysium,8.34,low,0,0,0.07637231503579953
Dawn-Fenix,111,0.05869,0,Dawn,Fenix,5.87,low,0,0,0.07512953367875648
Boreas-Elysium,208,0.03887,0,Boreas,Elysium,3.89,very_low,0,0,0.08933002481389578
Caelum-Elysium,299,0.01,0,Caelum,Elysium,1.0,very_low,0,0,0.08208955223880597
Dawn-Elysium,325,0.05732,0,Dawn,Elysium,5.73,low,0,0,0.07637231503579953
Boreas-Dawn,127,0.07929,0,Boreas,Dawn,7.93,low,0,0,0.0761904761904762
Boreas-Dawn,343,0.06251,0,Boreas,Dawn,6.25,low,0,0,0.0761904761904762
Aegis-Elysium,404,0.1191,0,Aegis,Elysium,11.91,medium,0,0,0.06801007556675064
Caelum-Dawn,251,0.00011,0,Caelum,Dawn,0.01,very_low,0,0,0.06666666666666667
Caelum-Fenix,149,0.10327,0,Caelum,Fenix,10.33,medium,0,0,0.07960199004975124
Boreas-Elysium,496,0.13769,0,Boreas,Elysium,13.77,medium,0,0,0.08933002481389578
Caelum-Dawn,207,0.0047,0,Caelum,Dawn,0.47,very_low,0,0,0.06666666666666667
Aegis-Dawn,29,0.01128,0,Aegis,Dawn,1.13,very_low,0,0,0.08607594936708861
Aegis-Elysium,384,0.0834330688935281,0,Aegis,Elysium,8.34,low,0,0,0.06801007556675064
Dawn-Elysium,211,0.02171,0,Dawn,Elysium,2.17,very_low,0,0,0.07637231503579953
Dawn-Elysium,352,0.06451,0,Dawn,Elysium,6.45,low,0,0,0.07637231503579953
Boreas-Dawn,260,0.08611,0,Boreas,Dawn,8.61,low,0,0,0.0761904761904762
Elysium-Fenix,242,0.02466,0,Elysium,Fenix,2.47,very_low,0,0,0.06666666666666667
Aegis-Elysium,87,0.08952,0,Aegis,Elysium,8.95,low,0,0,0.06801007556675064
Aegis-Elysium,140,0.03627,0,Aegis,Elysium,3.63,very_low,0,0,0.06801007556675064
Caelum-Fenix,40,0.21458,0,Caelum,Fenix,21.46,high,1,0,0.07960199004975124
Boreas-Dawn,130,0.07648,0,Boreas,Dawn,7.65,low,0,0,0.0761904761904762
Dawn-Elysium,57,0.2107,0,Dawn,Elysium,21.07,high,1,0,0.07637231503579953
Aegis-Elysium,158,0.01871,0,Aegis,Elysium,1.87,very_low,0,0,0.06801007556675064
Boreas-Dawn,286,0.04218,0,Boreas,Dawn,4.22,very_low,0,0,0.0761904761904762
Caelum-Fenix,47,0.06511,0,Caelum,Fenix,6.51,low,0,0,0.07960199004975124
Boreas-Elysium,267,0.09748,0,Boreas,Elysium,9.75,low,0,0,0.08933002481389578
Caelum-Fenix,486,0.17034,0,Caelum,Fenix,17.03,medium,0,0,0.07960199004975124
Caelum-Elysium,397,0.00646,0,Caelum,Elysium,0.65,very_low,0,0,0.08208955223880597
Boreas-Fenix,282,0.10673,0,Boreas,Fenix,10.67,medium,0,0,0.10353535353535354
Boreas-Elysium,125,0.03717,0,Boreas,Elysium,3.72,very_low,0,0,0.08933002481389578
Boreas-Dawn,443,0.04709,0,Boreas,Dawn,4.71,very_low,0,0,0.0761904761904762
Caelum-Dawn,298,0.00403,0,Caelum,Dawn,0.4,very_low,0,0,0.06666666666666667
Boreas-Elysium,315,0.00329,0,Boreas,Elysium,0.33,very_low,0,0,0.08933002481389578
Aegis-Elysium,308,0.05335,0,Aegis,Elysium,5.34,low,0,0,0.06801007556675064
Aegis-Boreas,124,0.10428,0,Aegis,Boreas,10.43,medium,0,0,0.115
Boreas-Dawn,155,0.00302,0,Boreas,Dawn,0.3,very_low,0,0,0.0761904761904762
Boreas-Dawn,201,0.04316,0,Boreas,Dawn,4.32,very_low,0,0,0.0761904761904762
Boreas-Elysium,488,0.0834330688935281,0,Boreas,Elysium,8.34,low,0,0,0.08933002481389578
Aegis-Dawn,350,0.09483,0,Aegis,Dawn,9.48,low,0,0,0.08607594936708861
Aegis-Elysium,82,0.111,0,Aegis,Elysium,11.1,medium,0,0,0.06801007556675064
Elysium-Fenix,162,0.04773,0,Elysium,Fenix,4.77,very_low,0,0,0.06666666666666667
Caelum-Dawn,285,0.02435,0,Caelum,Dawn,2.44,very_low,0,0,0.06666666666666667
Caelum-Fenix,407,0.03161,0,Caelum,Fenix,3.16,very_low,0,0,0.07960199004975124
Caelum-Elysium,470,0.03689,0,Caelum,Elysium,3.69,very_low,0,0,0.08208955223880597
Boreas-Elysium,469,0.11625,0,Boreas,Elysium,11.62,medium,0,0,0.08933002481389578
Aegis-Elysium,470,0.01175,0,Aegis,Elysium,1.18,very_low,0,0,0.06801007556675064
Aegis-Dawn,251,0.06276,0,Aegis,Dawn,6.28,low,0,0,0.08607594936708861
Aegis-Dawn,137,0.19642,0,Aegis,Dawn,19.64,medium,0,0,0.08607594936708861
Caelum-Fenix,286,0.06042,0,Caelum,Fenix,6.04,low,0,0,0.07960199004975124
Caelum-Dawn,6,0.07714,0,Caelum,Dawn,7.71,low,0,0,0.06666666666666667
Elysium-Fenix,61,0.0839,0,Elysium,Fenix,8.39,low,0,0,0.06666666666666667
Boreas-Dawn,342,0.14292,0,Boreas,Dawn,14.29,medium,0,0,0.0761904761904762
Caelum-Fenix,484,0.06221,0,Caelum,Fenix,6.22,low,0,0,0.07960199004975124
Aegis-Elysium,64,0.04174,0,Aegis,Elysium,4.17,very_low,0,0,0.06801007556675064
Boreas-Dawn,442,0.04274,0,Boreas,Dawn,4.27,very_low,0,0,0.0761904761904762
Boreas-Fenix,188,0.02053,1,Boreas,Fenix,2.05,very_low,0,1,0.10353535353535354
Elysium-Fenix,262,0.10373,0,Elysium,Fenix,10.37,medium,0,0,0.06666666666666667
Boreas-Elysium,5,0.12379,0,Boreas,Elysium,12.38,medium,0,0,0.08933002481389578
Elysium-Fenix,163,0.01671,0,Elysium,Fenix,1.67,very_low,0,0,0.06666666666666667
Aegis-Dawn,99,0.14596,0,Aegis,Dawn,14.6,medium,0,0,0.08607594936708861
Boreas-Elysium,82,0.05828,0,Boreas,Elysium,5.83,low,0,0,0.08933002481389578
Aegis-Dawn,336,0.18651,0,Aegis,Dawn,18.65,medium,0,0,0.08607594936708861
Dawn-Elysium,484,0.28852,0,Dawn,Elysium,28.85,high,1,0,0.07637231503579953
Aegis-Elysium,96,0.02198,0,Aegis,Elysium,2.2,very_low,0,0,0.06801007556675064
Aegis-Dawn,388,0.06781,0,Aegis,Dawn,6.78,low,0,0,0.08607594936708861
Aegis-Elysium,492,0.0128,0,Aegis,Elysium,1.28,very_low,0,0,0.06801007556675064
Caelum-Dawn,306,0.0834,0,Caelum,Dawn,8.34,low,0,0,0.06666666666666667
Aegis-Elysium,388,0.15206,1,Aegis,Elysium,15.21,medium,0,1,0.06801007556675064
Caelum-Fenix,262,0.08791,1,Caelum,Fenix,8.79,low,0,1,0.07960199004975124
Caelum-Elysium,149,0.08153,0,Caelum,Elysium,8.15,low,0,0,0.08208955223880597
Caelum-Dawn,64,0.14669,0,Caelum,Dawn,14.67,medium,0,0,0.06666666666666667
Boreas-Fenix,119,0.03857,0,Boreas,Fenix,3.86,very_low,0,0,0.10353535353535354
Elysium-Fenix,480,0.20085,0,Elysium,Fenix,20.08,high,1,0,0.06666666666666667
Caelum-Fenix,427,0.0134,0,Caelum,Fenix,1.34,very_low,0,0,0.07960199004975124
Caelum-Elysium,314,0.07066,0,Caelum,Elysium,7.07,low,0,0,0.08208955223880597
Aegis-Dawn,243,0.02393,0,Aegis,Dawn,2.39,very_low,0,0,0.08607594936708861
Boreas-Fenix,383,0.05113,0,Boreas,Fenix,5.11,low,0,0,0.10353535353535354
Dawn-Fenix,302,0.02856,0,Dawn,Fenix,2.86,very_low,0,0,0.07512953367875648
Aegis-Elysium,229,0.24803,1,Aegis,Elysium,24.8,high,1,1,0.06801007556675064
Dawn-Elysium,63,0.0297,0,Dawn,Elysium,2.97,very_low,0,0,0.07637231503579953
Aegis-Elysium,457,0.02593,0,Aegis,Elysium,2.59,very_low,0,0,0.06801007556675064
Caelum-Fenix,294,0.1079,0,Caelum,Fenix,10.79,medium,0,0,0.07960199004975124
Caelum-Fenix,18,0.05738,0,Caelum,Fenix,5.74,low,0,0,0.07960199004975124
Caelum-Fenix,231,0.09839,0,Caelum,Fenix,9.84,low,0,0,0.07960199004975124
Boreas-Dawn,271,0.0201,0,Boreas,Dawn,2.01,very_low,0,0,0.0761904761904762
Caelum-Dawn,440,0.0834330688935281,1,Caelum,Dawn,8.34,low,0,1,0.06666666666666667
Aegis-Dawn,381,0.00546,0,Aegis,Dawn,0.55,very_low,0,0,0.08607594936708861
Boreas-Elysium,403,0.09784,0,Boreas,Elysium,9.78,low,0,0,0.08933002481389578
Elysium-Fenix,300,0.0681,0,Elysium,Fenix,6.81,low,0,0,0.06666666666666667
Aegis-Boreas,225,0.06219,0,Aegis,Boreas,6.22,low,0,0,0.115
Dawn-Elysium,178,0.01789,1,Dawn,Elysium,1.79,very_low,0,1,0.07637231503579953
Aegis-Boreas,50,0.07595,0,Aegis,Boreas,7.6,low,0,0,0.115
Boreas-Elysium,241,0.01254,0,Boreas,Elysium,1.25,very_low,0,0,0.08933002481389578
Caelum-Dawn,489,0.00684,0,Caelum,Dawn,0.68,very_low,0,0,0.06666666666666667
Caelum-Dawn,161,0.08167,0,Caelum,Dawn,8.17,low,0,0,0.06666666666666667
Boreas-Dawn,190,0.15327,0,Boreas,Dawn,15.33,medium,0,0,0.0761904761904762
Aegis-Elysium,255,0.14294,0,Aegis,Elysium,14.29,medium,0,0,0.06801007556675064
Caelum-Fenix,376,0.01039,0,Caelum,Fenix,1.04,very_low,0,0,0.07960199004975124
Elysium-Fenix,465,0.02934,0,Elysium,Fenix,2.93,very_low,0,0,0.06666666666666667
Aegis-Elysium,450,0.07505,0,Aegis,Elysium,7.51,low,0,0,0.06801007556675064
Aegis-Boreas,381,0.05615,0,Aegis,Boreas,5.62,low,0,0,0.115
Dawn-Fenix,161,0.18986,0,Dawn,Fenix,18.99,medium,0,0,0.07512953367875648
Caelum-Elysium,129,0.04731,0,Caelum,Elysium,4.73,very_low,0,0,0.08208955223880597
Dawn-Fenix,193,0.00635,0,Dawn,Fenix,0.64,very_low,0,0,0.07512953367875648
Caelum-Elysium,78,0.04747,0,Caelum,Elysium,4.75,very_low,0,0,0.08208955223880597
Aegis-Boreas,347,0.00777,1,Aegis,Boreas,0.78,very_low,0,1,0.115
Caelum-Elysium,154,0.03692,0,Caelum,Elysium,3.69,very_low,0,0,0.08208955223880597
Aegis-Elysium,461,0.13372,0,Aegis,Elysium,13.37,medium,0,0,0.06801007556675064
Boreas-Elysium,360,0.06567,0,Boreas,Elysium,6.57,low,0,0,0.08933002481389578
Boreas-Fenix,262,0.1803,0,Boreas,Fenix,18.03,medium,0,0,0.10353535353535354
Boreas-Elysium,161,0.13958,0,Boreas,Elysium,13.96,medium,0,0,0.08933002481389578
Dawn-Elysium,254,0.04871,0,Dawn,Elysium,4.87,very_low,0,0,0.07637231503579953
Boreas-Dawn,377,0.04233,0,Boreas,Dawn,4.23,very_low,0,0,0.0761904761904762
Aegis-Dawn,340,0.09753,0,Aegis,Dawn,9.75,low,0,0,0.08607594936708861
Caelum-Elysium,357,0.02882,0,Caelum,Elysium,2.88,very_low,0,0,0.08208955223880597
Caelum-Dawn,409,0.04532,0,Caelum,Dawn,4.53,very_low,0,0,0.06666666666666667
Aegis-Boreas,454,0.0834330688935281,0,Aegis,Boreas,8.34,low,0,0,0.115
Aegis-Boreas,105,0.03041,0,Aegis,Boreas,3.04,very_low,0,0,0.115
Dawn-Fenix,171,0.02634,0,Dawn,Fenix,2.63,very_low,0,0,0.07512953367875648
Caelum-Elysium,7,0.0843,0,Caelum,Elysium,8.43,low,0,0,0.08208955223880597
Aegis-Dawn,10,0.05482,0,Aegis,Dawn,5.48,low,0,0,0.08607594936708861
Boreas-Elysium,388,0.07193,0,Boreas,Elysium,7.19,low,0,0,0.08933002481389578
Boreas-Fenix,306,0.21408,0,Boreas,Fenix,21.41,high,1,0,0.10353535353535354
Caelum-Dawn,318,0.0072,0,Caelum,Dawn,0.72,very_low,0,0,0.06666666666666667
Aegis-Boreas,251,0.00276,0,Aegis,Boreas,0.28,very_low,0,0,0.115
Boreas-Elysium,225,0.02507,0,Boreas,Elysium,2.51,very_low,0,0,0.08933002481389578
Caelum-Fenix,20,0.26439,0,Caelum,Fenix,26.44,high,1,0,0.07960199004975124
Boreas-Dawn,405,0.13346,0,Boreas,Dawn,13.35,medium,0,0,0.0761904761904762
Aegis-Elysium,226,0.0062,0,Aegis,Elysium,0.62,very_low,0,0,0.06801007556675064
Caelum-Fenix,133,0.02951,0,Caelum,Fenix,2.95,very_low,0,0,0.07960199004975124
Caelum-Fenix,462,0.04645,0,Caelum,Fenix,4.64,very_low,0,0,0.07960199004975124
Caelum-Dawn,153,0.09632,0,Caelum,Dawn,9.63,low,0,0,0.06666666666666667
Aegis-Dawn,259,0.11137,0,Aegis,Dawn,11.14,medium,0,0,0.08607594936708861
Aegis-Dawn,273,0.0797,0,Aegis,Dawn,7.97,low,0,0,0.08607594936708861
Caelum-Fenix,495,0.02534,0,Caelum,Fenix,2.53,very_low,0,0,0.07960199004975124
Boreas-Dawn,144,0.01008,0,Boreas,Dawn,1.01,very_low,0,0,0.0761904761904762
Elysium-Fenix,432,0.00795,0,Elysium,Fenix,0.8,very_low,0,0,0.06666666666666667
Caelum-Dawn,460,0.03958,0,Caelum,Dawn,3.96,very_low,0,0,0.06666666666666667
Caelum-Dawn,231,0.14983,0,Caelum,Dawn,14.98,medium,0,0,0.06666666666666667
Caelum-Dawn,111,0.00346,0,Caelum,Dawn,0.35,very_low,0,0,0.06666666666666667
Caelum-Elysium,366,0.04128,0,Caelum,Elysium,4.13,very_low,0,0,0.08208955223880597
Boreas-Fenix,386,0.0001,0,Boreas,Fenix,0.01,very_low,0,0,0.10353535353535354
Boreas-Dawn,396,0.04395,0,Boreas,Dawn,4.4,very_low,0,0,0.0761904761904762
Boreas-Elysium,459,0.02129,0,Boreas,Elysium,2.13,very_low,0,0,0.08933002481389578
Boreas-Fenix,245,0.02853,0,Boreas,Fenix,2.85,very_low,0,0,0.10353535353535354
Boreas-Dawn,32,0.09518,0,Boreas,Dawn,9.52,low,0,0,0.0761904761904762
Caelum-Fenix,73,0.24114,0,Caelum,Fenix,24.11,high,1,0,0.07960199004975124
Elysium-Fenix,471,0.00617,0,Elysium,Fenix,0.62,very_low,0,0,0.06666666666666667
Aegis-Elysium,93,0.03596,0,Aegis,Elysium,3.6,very_low,0,0,0.06801007556675064
Elysium-Fenix,408,0.02397,0,Elysium,Fenix,2.4,very_low,0,0,0.06666666666666667
Caelum-Elysium,22,0.06074,0,Caelum,Elysium,6.07,low,0,0,0.08208955223880597
Aegis-Elysium,211,0.10507,0,Aegis,Elysium,10.51,medium,0,0,0.06801007556675064
Caelum-Elysium,437,0.00745,0,Caelum,Elysium,0.74,very_low,0,0,0.08208955223880597
Caelum-Elysium,408,0.0834330688935281,0,Caelum,Elysium,8.34,low,0,0,0.08208955223880597
Boreas-Dawn,270,0.18378,0,Boreas,Dawn,18.38,medium,0,0,0.0761904761904762
Dawn-Elysium,115,0.10363,0,Dawn,Elysium,10.36,medium,0,0,0.07637231503579953
Dawn-Fenix,239,0.02048,0,Dawn,Fenix,2.05,very_low,0,0,0.07512953367875648
Caelum-Elysium,290,0.017,0,Caelum,Elysium,1.7,very_low,0,0,0.08208955223880597
Dawn-Fenix,333,0.02744,0,Dawn,Fenix,2.74,very_low,0,0,0.07512953367875648
Dawn-Elysium,382,0.03959,0,Dawn,Elysium,3.96,very_low,0,0,0.07637231503579953
Dawn-Elysium,236,0.1159,0,Dawn,Elysium,11.59,medium,0,0,0.07637231503579953
Aegis-Boreas,190,0.24373,0,Aegis,Boreas,24.37,high,1,0,0.115
Aegis-Dawn,292,0.0256,0,Aegis,Dawn,2.56,very_low,0,0,0.08607594936708861
Caelum-Elysium,468,0.1013,0,Caelum,Elysium,10.13,medium,0,0,0.08208955223880597
Elysium-Fenix,111,0.0834330688935281,0,Elysium,Fenix,8.34,low,0,0,0.06666666666666667
Elysium-Fenix,233,0.026,0,Elysium,Fenix,2.6,very_low,0,0,0.06666666666666667
Caelum-Fenix,80,0.0834330688935281,0,Caelum,Fenix,8.34,low,0,0,0.07960199004975124
Aegis-Boreas,440,0.01277,0,Aegis,Boreas,1.28,very_low,0,0,0.115
Aegis-Boreas,291,0.10873,0,Aegis,Boreas,10.87,medium,0,0,0.115
Caelum-Fenix,183,0.20845,0,Caelum,Fenix,20.84,high,1,0,0.07960199004975124
Caelum-Dawn,432,0.43287,0,Caelum,Dawn,43.29,very_high,1,0,0.06666666666666667
Boreas-Dawn,438,0.01943,0,Boreas,Dawn,1.94,very_low,0,0,0.0761904761904762
Elysium-Fenix,462,0.01244,0,Elysium,Fenix,1.24,very_low,0,0,0.06666666666666667
Caelum-Fenix,202,0.06927,1,Caelum,Fenix,6.93,low,0,1,0.07960199004975124
Aegis-Boreas,453,0.01136,0,Aegis,Boreas,1.14,very_low,0,0,0.115
Elysium-Fenix,468,0.01254,0,Elysium,Fenix,1.25,very_low,0,0,0.06666666666666667
Aegis-Boreas,182,0.0613,0,Aegis,Boreas,6.13,low,0,0,0.115
Caelum-Elysium,485,0.06762,0,Caelum,Elysium,6.76,low,0,0,0.08208955223880597
Aegis-Elysium,273,0.02823,0,Aegis,Elysium,2.82,very_low,0,0,0.06801007556675064
Boreas-Dawn,484,0.31767,0,Boreas,Dawn,31.77,high,1,0,0.0761904761904762
Elysium-Fenix,322,0.00111,0,Elysium,Fenix,0.11,very_low,0,0,0.06666666666666667
Caelum-Dawn,466,0.01208,0,Caelum,Dawn,1.21,very_low,0,0,0.06666666666666667
Aegis-Elysium,81,0.02837,0,Aegis,Elysium,2.84,very_low,0,0,0.06801007556675064
Boreas-Dawn,324,0.22083,0,Boreas,Dawn,22.08,high,1,0,0.0761904761904762
Boreas-Elysium,335,0.0521,0,Boreas,Elysium,5.21,low,0,0,0.08933002481389578
Caelum-Elysium,18,0.03692,0,Caelum,Elysium,3.69,very_low,0,0,0.08208955223880597
Caelum-Elysium,457,0.17906,1,Caelum,Elysium,17.91,medium,0,1,0.08208955223880597
Boreas-Dawn,175,0.03671,0,Boreas,Dawn,3.67,very_low,0,0,0.0761904761904762
Boreas-Elysium,305,0.0834330688935281,0,Boreas,Elysium,8.34,low,0,0,0.08933002481389578
Boreas-Elysium,346,0.12028,0,Boreas,Elysium,12.03,medium,0,0,0.08933002481389578
Aegis-Elysium,214,0.01046,0,Aegis,Elysium,1.05,very_low,0,0,0.06801007556675064
Aegis-Dawn,32,0.01772,0,Aegis,Dawn,1.77,very_low,0,0,0.08607594936708861
Aegis-Dawn,164,0.03505,0,Aegis,Dawn,3.5,very_low,0,0,0.08607594936708861
Boreas-Dawn,345,0.21426,0,Boreas,Dawn,21.43,high,1,0,0.0761904761904762
Dawn-Fenix,371,0.00176,1,Dawn,Fenix,0.18,very_low,0,1,0.07512953367875648
Boreas-Dawn,477,0.27344,0,Boreas,Dawn,27.34,high,1,0,0.0761904761904762
Elysium-Fenix,410,0.22022,0,Elysium,Fenix,22.02,high,1,0,0.06666666666666667
Aegis-Boreas,174,0.03365,0,Aegis,Boreas,3.36,very_low,0,0,0.115
Boreas-Elysium,480,0.2749,0,Boreas,Elysium,27.49,high,1,0,0.08933002481389578
Aegis-Elysium,363,0.0407,0,Aegis,Elysium,4.07,very_low,0,0,0.06801007556675064
Caelum-Dawn,131,0.22652,0,Caelum,Dawn,22.65,high,1,0,0.06666666666666667
Aegis-Elysium,361,0.06655,0,Aegis,Elysium,6.65,low,0,0,0.06801007556675064
Aegis-Boreas,396,0.01732,0,Aegis,Boreas,1.73,very_low,0,0,0.115
Elysium-Fenix,65,0.02723,0,Elysium,Fenix,2.72,very_low,0,0,0.06666666666666667
Boreas-Elysium,375,0.27497,0,Boreas,Elysium,27.5,high,1,0,0.08933002481389578
Aegis-Boreas,462,0.06441,0,Aegis,Boreas,6.44,low,0,0,0.115
Dawn-Fenix,134,0.00687,0,Dawn,Fenix,0.69,very_low,0,0,0.07512953367875648
Caelum-Elysium,235,0.05231,0,Caelum,Elysium,5.23,low,0,0,0.08208955223880597
Aegis-Elysium,414,0.16423,1,Aegis,Elysium,16.42,medium,0,1,0.06801007556675064
Boreas-Dawn,182,0.02706,0,Boreas,Dawn,2.71,very_low,0,0,0.0761904761904762
Aegis-Dawn,331,0.07398,0,Aegis,Dawn,7.4,low,0,0,0.08607594936708861
Caelum-Fenix,471,0.24452,0,Caelum,Fenix,24.45,high,1,0,0.07960199004975124
Caelum-Fenix,379,0.03739,1,Caelum,Fenix,3.74,very_low,0,1,0.07960199004975124
Dawn-Elysium,62,0.07886,0,Dawn,Elysium,7.89,low,0,0,0.07637231503579953
Aegis-Boreas,236,0.12064,1,Aegis,Boreas,12.06,medium,0,1,0.115
Aegis-Dawn,361,0.07881,0,Aegis,Dawn,7.88,low,0,0,0.08607594936708861
Dawn-Fenix,122,0.18856,0,Dawn,Fenix,18.86,medium,0,0,0.07512953367875648
Boreas-Fenix,44,0.04542,1,Boreas,Fenix,4.54,very_low,0,1,0.10353535353535354
Dawn-Fenix,25,0.03271,0,Dawn,Fenix,3.27,very_low,0,0,0.07512953367875648
Caelum-Dawn,219,0.02973,0,Caelum,Dawn,2.97,very_low,0,0,0.06666666666666667
Dawn-Elysium,92,0.0834330688935281,0,Dawn,Elysium,8.34,low,0,0,0.07637231503579953
Aegis-Elysium,34,0.0568,0,Aegis,Elysium,5.68,low,0,0,0.06801007556675064
Boreas-Fenix,160,0.04328,0,Boreas,Fenix,4.33,very_low,0,0,0.10353535353535354
Boreas-Fenix,185,0.06378,0,Boreas,Fenix,6.38,low,0,0,0.10353535353535354
Caelum-Dawn,448,0.12909,0,Caelum,Dawn,12.91,medium,0,0,0.06666666666666667
Aegis-Boreas,63,0.0256,0,Aegis,Boreas,2.56,very_low,0,0,0.115
Dawn-Fenix,335,0.02924,0,Dawn,Fenix,2.92,very_low,0,0,0.07512953367875648
Elysium-Fenix,250,0.07664,0,Elysium,Fenix,7.66,low,0,0,0.06666666666666667
Aegis-Dawn,175,0.15683,0,Aegis,Dawn,15.68,medium,0,0,0.08607594936708861
Dawn-Elysium,360,0.04849,0,Dawn,Elysium,4.85,very_low,0,0,0.07637231503579953
Aegis-Elysium,24,0.00107,0,Aegis,Elysium,0.11,very_low,0,0,0.06801007556675064
Elysium-Fenix,482,0.01023,0,Elysium,Fenix,1.02,very_low,0,0,0.06666666666666667
Boreas-Fenix,336,0.04329,1,Boreas,Fenix,4.33,very_low,0,1,0.10353535353535354
Dawn-Fenix,182,0.12984,0,Dawn,Fenix,12.98,medium,0,0,0.07512953367875648
Caelum-Elysium,141,0.00419,0,Caelum,Elysium,0.42,very_low,0,0,0.08208955223880597
Aegis-Elysium,90,0.21919,0,Aegis,Elysium,21.92,high,1,0,0.06801007556675064
Elysium-Fenix,492,0.00246,0,Elysium,Fenix,0.25,very_low,0,0,0.06666666666666667
Aegis-Dawn,187,0.01065,0,Aegis,Dawn,1.06,very_low,0,0,0.08607594936708861
Boreas-Fenix,223,0.05838,0,Boreas,Fenix,5.84,low,0,0,0.10353535353535354
Elysium-Fenix,114,0.04406,0,Elysium,Fenix,4.41,very_low,0,0,0.06666666666666667
Caelum-Dawn,427,0.09888,0,Caelum,Dawn,9.89,low,0,0,0.06666666666666667
Aegis-Elysium,379,0.04064,0,Aegis,Elysium,4.06,very_low,0,0,0.06801007556675064
Caelum-Elysium,440,0.016,0,Caelum,Elysium,1.6,very_low,0,0,0.08208955223880597
Caelum-Fenix,276,0.01072,0,Caelum,Fenix,1.07,very_low,0,0,0.07960199004975124
Aegis-Boreas,216,0.09909,0,Aegis,Boreas,9.91,low,0,0,0.115
Boreas-Elysium,19,0.19459,0,Boreas,Elysium,19.46,medium,0,0,0.08933002481389578
Aegis-Elysium,125,0.07375,0,Aegis,Elysium,7.38,low,0,0,0.06801007556675064
Elysium-Fenix,15,0.02989,0,Elysium,Fenix,2.99,very_low,0,0,0.06666666666666667
Dawn-Fenix,429,0.14729,0,Dawn,Fenix,14.73,medium,0,0,0.07512953367875648
Aegis-Dawn,127,0.15303,1,Aegis,Dawn,15.3,medium,0,1,0.08607594936708861
Caelum-Elysium,166,0.00052,0,Caelum,Elysium,0.05,very_low,0,0,0.08208955223880597
Boreas-Fenix,18,0.15311,0,Boreas,Fenix,15.31,medium,0,0,0.10353535353535354
Dawn-Fenix,280,0.22605,0,Dawn,Fenix,22.6,high,1,0,0.07512953367875648
Aegis-Dawn,431,0.11827,0,Aegis,Dawn,11.83,medium,0,0,0.08607594936708861
Caelum-Elysium,120,0.1466,0,Caelum,Elysium,14.66,medium,0,0,0.08208955223880597
Caelum-Dawn,7,0.0066,0,Caelum,Dawn,0.66,very_low,0,0,0.06666666666666667
Caelum-Fenix,31,0.10854,0,Caelum,Fenix,10.85,medium,0,0,0.07960199004975124
Aegis-Boreas,152,0.27011,1,Aegis,Boreas,27.01,high,1,1,0.115
Aegis-Elysium,423,0.04397,0,Aegis,Elysium,4.4,very_low,0,0,0.06801007556675064
Caelum-Elysium,242,0.02794,0,Caelum,Elysium,2.79,very_low,0,0,0.08208955223880597
Aegis-Dawn,334,0.10988,1,Aegis,Dawn,10.99,medium,0,1,0.08607594936708861
Boreas-Elysium,372,0.02158,0,Boreas,Elysium,2.16,very_low,0,0,0.08933002481389578
Boreas-Dawn,77,0.03824,0,Boreas,Dawn,3.82,very_low,0,0,0.0761904761904762
Caelum-Elysium,471,0.20944,0,Caelum,Elysium,20.94,high,1,0,0.08208955223880597
Aegis-Dawn,190,0.0264,0,Aegis,Dawn,2.64,very_low,0,0,0.08607594936708861
Dawn-Elysium,469,0.13891,0,Dawn,Elysium,13.89,medium,0,0,0.07637231503579953
Elysium-Fenix,346,0.08188,0,Elysium,Fenix,8.19,low,0,0,0.06666666666666667
Dawn-Elysium,479,0.06653,0,Dawn,Elysium,6.65,low,0,0,0.07637231503579953
Caelum-Dawn,310,0.09049,0,Caelum,Dawn,9.05,low,0,0,0.06666666666666667
Boreas-Elysium,436,0.11551,0,Boreas,Elysium,11.55,medium,0,0,0.08933002481389578
Boreas-Fenix,102,0.02497,0,Boreas,Fenix,2.5,very_low,0,0,0.10353535353535354
Elysium-Fenix,456,0.02453,0,Elysium,Fenix,2.45,very_low,0,0,0.06666666666666667
Caelum-Dawn,80,0.10691,0,Caelum,Dawn,10.69,medium,0,0,0.06666666666666667
Caelum-Fenix,421,0.20955,0,Caelum,Fenix,20.96,high,1,0,0.07960199004975124
Dawn-Fenix,345,0.036,0,Dawn,Fenix,3.6,very_low,0,0,0.07512953367875648
Caelum-Fenix,200,0.05043,0,Caelum,Fenix,5.04,low,0,0,0.07960199004975124
Aegis-Dawn,258,0.05916,0,Aegis,Dawn,5.92,low,0,0,0.08607594936708861
Boreas-Fenix,33,0.02947,0,Boreas,Fenix,2.95,very_low,0,0,0.10353535353535354
Caelum-Fenix,210,0.11315,0,Caelum,Fenix,11.32,medium,0,0,0.07960199004975124
Caelum-Elysium,264,0.12802,1,Caelum,Elysium,12.8,medium,0,1,0.08208955223880597
Aegis-Boreas,320,0.23488,0,Aegis,Boreas,23.49,high,1,0,0.115
Caelum-Dawn,454,0.18909,1,Caelum,Dawn,18.91,medium,0,1,0.06666666666666667
Aegis-Elysium,355,0.00533,0,Aegis,Elysium,0.53,very_low,0,0,0.06801007556675064
Elysium-Fenix,229,0.06757,0,Elysium,Fenix,6.76,low,0,0,0.06666666666666667
Elysium-Fenix,188,0.02253,0,Elysium,Fenix,2.25,very_low,0,0,0.06666666666666667
Boreas-Fenix,460,0.03726,0,Boreas,Fenix,3.73,very_low,0,0,0.10353535353535354
Aegis-Elysium,217,0.02722,0,Aegis,Elysium,2.72,very_low,0,0,0.06801007556675064
Dawn-Fenix,354,0.08325,0,Dawn,Fenix,8.33,low,0,0,0.07512953367875648
Dawn-Elysium,158,0.02703,0,Dawn,Elysium,2.7,very_low,0,0,0.07637231503579953
Caelum-Elysium,133,0.02448,0,Caelum,Elysium,2.45,very_low,0,0,0.08208955223880597
Boreas-Fenix,100,0.08457,0,Boreas,Fenix,8.46,low,0,0,0.10353535353535354
Caelum-Elysium,427,0.08724,0,Caelum,Elysium,8.72,low,0,0,0.08208955223880597
Caelum-Elysium,352,0.02387,0,Caelum,Elysium,2.39,very_low,0,0,0.08208955223880597
Caelum-Dawn,455,0.01074,0,Caelum,Dawn,1.07,very_low,0,0,0.06666666666666667
Elysium-Fenix,331,0.03172,0,Elysium,Fenix,3.17,very_low,0,0,0.06666666666666667
Aegis-Boreas,226,0.08515,0,Aegis,Boreas,8.52,low,0,0,0.115
Elysium-Fenix,7,0.20344,0,Elysium,Fenix,20.34,high,1,0,0.06666666666666667
Dawn-Fenix,194,0.03359,0,Dawn,Fenix,3.36,very_low,0,0,0.07512953367875648
Dawn-Elysium,159,0.05006,1,Dawn,Elysium,5.01,low,0,1,0.07637231503579953
Caelum-Dawn,176,0.11209,0,Caelum,Dawn,11.21,medium,0,0,0.06666666666666667
Dawn-Elysium,24,0.02847,0,Dawn,Elysium,2.85,very_low,0,0,0.07637231503579953
Aegis-Dawn,337,0.18553,0,Aegis,Dawn,18.55,medium,0,0,0.08607594936708861
Boreas-Fenix,427,0.05397,0,Boreas,Fenix,5.4,low,0,0,0.10353535353535354
Aegis-Dawn,393,0.04636,0,Aegis,Dawn,4.64,very_low,0,0,0.08607594936708861
Caelum-Dawn,399,0.1782,0,Caelum,Dawn,17.82,medium,0,0,0.06666666666666667
Boreas-Dawn,211,0.02561,0,Boreas,Dawn,2.56,very_low,0,0,0.0761904761904762
Aegis-Elysium,339,0.03453,0,Aegis,Elysium,3.45,very_low,0,0,0.06801007556675064
Elysium-Fenix,28,0.26937,0,Elysium,Fenix,26.94,high,1,0,0.06666666666666667
Caelum-Elysium,277,0.06816,0,Caelum,Elysium,6.82,low,0,0,0.08208955223880597
Boreas-Elysium,162,0.0541,0,Boreas,Elysium,5.41,low,0,0,0.08933002481389578
Dawn-Fenix,258,0.27332,1,Dawn,Fenix,27.33,high,1,1,0.07512953367875648
Caelum-Fenix,409,0.24828,0,Caelum,Fenix,24.83,high,1,0,0.07960199004975124
Boreas-Fenix,141,0.02012,0,Boreas,Fenix,2.01,very_low,0,0,0.10353535353535354
Aegis-Elysium,111,0.32006,0,Aegis,Elysium,32.01,high,1,0,0.06801007556675064
Boreas-Fenix,219,0.01576,0,Boreas,Fenix,1.58,very_low,0,0,0.10353535353535354
Boreas-Dawn,363,0.04303,0,Boreas,Dawn,4.3,very_low,0,0,0.0761904761904762
Aegis-Elysium,16,0.11522,0,Aegis,Elysium,11.52,medium,0,0,0.06801007556675064
Boreas-Fenix,16,0.0338,0,Boreas,Fenix,3.38,very_low,0,0,0.10353535353535354
Aegis-Dawn,146,0.008,1,Aegis,Dawn,0.8,very_low,0,1,0.08607594936708861
Dawn-Elysium,131,0.00677,0,Dawn,Elysium,0.68,very_low,0,0,0.07637231503579953
Caelum-Elysium,89,0.00962,0,Caelum,Elysium,0.96,very_low,0,0,0.08208955223880597
Elysium-Fenix,261,0.09783,0,Elysium,Fenix,9.78,low,0,0,0.06666666666666667
Caelum-Fenix,354,0.0834330688935281,0,Caelum,Fenix,8.34,low,0,0,0.07960199004975124
Boreas-Dawn,302,0.05254,0,Boreas,Dawn,5.25,low,0,0,0.0761904761904762
Dawn-Fenix,15,0.0039,0,Dawn,Fenix,0.39,very_low,0,0,0.07512953367875648
Elysium-Fenix,364,0.21541,0,Elysium,Fenix,21.54,high,1,0,0.06666666666666667
Aegis-Dawn,397,0.11527,0,Aegis,Dawn,11.53,medium,0,0,0.08607594936708861
Caelum-Elysium,55,0.00556,0,Caelum,Elysium,0.56,very_low,0,0,0.08208955223880597
Caelum-Dawn,352,0.12466,0,Caelum,Dawn,12.47,medium,0,0,0.06666666666666667
Boreas-Fenix,121,0.0834330688935281,0,Boreas,Fenix,8.34,low,0,0,0.10353535353535354
Caelum-Fenix,186,0.02375,0,Caelum,Fenix,2.38,very_low,0,0,0.07960199004975124
Boreas-Dawn,121,0.02038,0,Boreas,Dawn,2.04,very_low,0,0,0.0761904761904762
Aegis-Boreas,359,0.19982,1,Aegis,Boreas,19.98,medium,0,1,0.115
Caelum-Elysium,137,0.15354,0,Caelum,Elysium,15.35,medium,0,0,0.08208955223880597
Caelum-Dawn,480,0.24031,0,Caelum,Dawn,24.03,high,1,0,0.06666666666666667
Aegis-Boreas,455,0.15835,0,Aegis,Boreas,15.84,medium,0,0,0.115
Boreas-Dawn,225,0.19611,0,Boreas,Dawn,19.61,medium,0,0,0.0761904761904762
Elysium-Fenix,185,0.01835,1,Elysium,Fenix,1.84,very_low,0,1,0.06666666666666667
Dawn-Fenix,346,0.1796,0,Dawn,Fenix,17.96,medium,0,0,0.07512953367875648
Elysium-Fenix,23,0.07925,0,Elysium,Fenix,7.92,low,0,0,0.06666666666666667
Aegis-Boreas,33,0.0834330688935281,0,Aegis,Boreas,8.34,low,0,0,0.115
Dawn-Elysium,114,0.00946,0,Dawn,Elysium,0.95,very_low,0,0,0.07637231503579953
Dawn-Elysium,339,0.12692,1,Dawn,Elysium,12.69,medium,0,1,0.07637231503579953
Boreas-Fenix,301,0.04171,0,Boreas,Fenix,4.17,very_low,0,0,0.10353535353535354
Boreas-Elysium,25,0.13043,0,Boreas,Elysium,13.04,medium,0,0,0.08933002481389578
Boreas-Fenix,64,0.0834330688935281,0,Boreas,Fenix,8.34,low,0,0,0.10353535353535354
Boreas-Elysium,231,0.00259,0,Boreas,Elysium,0.26,very_low,0,0,0.08933002481389578
Dawn-Fenix,213,0.10792,0,Dawn,Fenix,10.79,medium,0,0,0.07512953367875648
Boreas-Dawn,273,0.02637,0,Boreas,Dawn,2.64,very_low,0,0,0.0761904761904762
Aegis-Elysium,155,0.0106,0,Aegis,Elysium,1.06,very_low,0,0,0.06801007556675064
Dawn-Elysium,367,0.05847,0,Dawn,Elysium,5.85,low,0,0,0.07637231503579953
Boreas-Fenix,345,0.00993,0,Boreas,Fenix,0.99,very_low,0,0,0.10353535353535354
Dawn-Elysium,466,0.05543,0,Dawn,Elysium,5.54,low,0,0,0.07637231503579953
Dawn-Fenix,123,0.12,1,Dawn,Fenix,12.0,medium,0,1,0.07512953367875648
Dawn-Elysium,45,0.09571,0,Dawn,Elysium,9.57,low,0,0,0.07637231503579953
Boreas-Elysium,429,0.00202,0,Boreas,Elysium,0.2,very_low,0,0,0.08933002481389578
Boreas-Elysium,141,0.24478,0,Boreas,Elysium,24.48,high,1,0,0.08933002481389578
Caelum-Fenix,7,0.00469,0,Caelum,Fenix,0.47,very_low,0,0,0.07960199004975124
Dawn-Fenix,328,0.05204,0,Dawn,Fenix,5.2,low,0,0,0.07512953367875648
Dawn-Fenix,34,0.0834330688935281,0,Dawn,Fenix,8.34,low,0,0,0.07512953367875648
Dawn-Elysium,328,0.03529,0,Dawn,Elysium,3.53,very_low,0,0,0.07637231503579953
Boreas-Fenix,164,0.03953,0,Boreas,Fenix,3.95,very_low,0,0,0.10353535353535354
Caelum-Fenix,238,0.01264,0,Caelum,Fenix,1.26,very_low,0,0,0.07960199004975124
Aegis-Elysium,316,0.21691,0,Aegis,Elysium,21.69,high,1,0,0.06801007556675064
Boreas-Fenix,465,0.0834330688935281,0,Boreas,Fenix,8.34,low,0,0,0.10353535353535354
Caelum-Dawn,305,0.04922,0,Caelum,Dawn,4.92,very_low,0,0,0.06666666666666667
Boreas-Fenix,167,0.03017,0,Boreas,Fenix,3.02,very_low,0,0,0.10353535353535354
Aegis-Boreas,144,0.05043,0,Aegis,Boreas,5.04,low,0,0,0.115
Boreas-Elysium,132,0.19238,0,Boreas,Elysium,19.24,medium,0,0,0.08933002481389578
Caelum-Dawn,204,0.00219,0,Caelum,Dawn,0.22,very_low,0,0,0.06666666666666667
Caelum-Dawn,345,0.04009,0,Caelum,Dawn,4.01,very_low,0,0,0.06666666666666667
Aegis-Dawn,452,0.12088,0,Aegis,Dawn,12.09,medium,0,0,0.08607594936708861
Caelum-Elysium,404,0.19442,0,Caelum,Elysium,19.44,medium,0,0,0.08208955223880597
Aegis-Elysium,160,0.11753,0,Aegis,Elysium,11.75,medium,0,0,0.06801007556675064
Boreas-Dawn,50,0.02472,0,Boreas,Dawn,2.47,very_low,0,0,0.0761904761904762
Boreas-Fenix,85,0.00367,0,Boreas,Fenix,0.37,very_low,0,0,0.10353535353535354
Dawn-Elysium,394,0.28507,0,Dawn,Elysium,28.51,high,1,0,0.07637231503579953
Caelum-Fenix,27,0.02967,0,Caelum,Fenix,2.97,very_low,0,0,0.07960199004975124
Aegis-Elysium,210,0.05259,0,Aegis,Elysium,5.26,low,0,0,0.06801007556675064
Caelum-Dawn,229,0.03733,0,Caelum,Dawn,3.73,very_low,0,0,0.06666666666666667
Boreas-Dawn,490,0.05683,0,Boreas,Dawn,5.68,low,0,0,0.0761904761904762
Dawn-Elysium,26,0.16464,0,Dawn,Elysium,16.46,medium,0,0,0.07637231503579953
Boreas-Fenix,46,0.00993,0,Boreas,Fenix,0.99,very_low,0,0,0.10353535353535354
Caelum-Elysium,34,0.00044,1,Caelum,Elysium,0.04,very_low,0,1,0.08208955223880597
Boreas-Elysium,103,0.0382,0,Boreas,Elysium,3.82,very_low,0,0,0.08933002481389578
Aegis-Dawn,412,0.00196,0,Aegis,Dawn,0.2,very_low,0,0,0.08607594936708861
Dawn-Elysium,387,0.03928,0,Dawn,Elysium,3.93,very_low,0,0,0.07637231503579953
Caelum-Dawn,8,0.12148,0,Caelum,Dawn,12.15,medium,0,0,0.06666666666666667
Caelum-Fenix,60,0.0464,0,Caelum,Fenix,4.64,very_low,0,0,0.07960199004975124
Caelum-Fenix,173,0.12902,0,Caelum,Fenix,12.9,medium,0,0,0.07960199004975124
Boreas-Dawn,57,0.00119,0,Boreas,Dawn,0.12,very_low,0,0,0.0761904761904762
Aegis-Dawn,448,0.0834330688935281,0,Aegis,Dawn,8.34,low,0,0,0.08607594936708861
Boreas-Dawn,341,0.07471,0,Boreas,Dawn,7.47,low,0,0,0.0761904761904762
Aegis-Boreas,224,0.00363,0,Aegis,Boreas,0.36,very_low,0,0,0.115
Aegis-Dawn,483,0.05662,0,Aegis,Dawn,5.66,low,0,0,0.08607594936708861
Boreas-Dawn,313,0.02149,1,Boreas,Dawn,2.15,very_low,0,1,0.0761904761904762
Caelum-Dawn,451,0.31849,0,Caelum,Dawn,31.85,high,1,0,0.06666666666666667
Dawn-Elysium,321,0.00373,0,Dawn,Elysium,0.37,very_low,0,0,0.07637231503579953
Dawn-Fenix,240,0.18141,0,Dawn,Fenix,18.14,medium,0,0,0.07512953367875648
Boreas-Dawn,467,0.06426,0,Boreas,Dawn,6.43,low,0,0,0.0761904761904762
Boreas-Elysium,188,0.166,0,Boreas,Elysium,16.6,medium,0,0,0.08933002481389578
Caelum-Fenix,244,0.09086,0,Caelum,Fenix,9.09,low,0,0,0.07960199004975124
Elysium-Fenix,350,0.0589,0,Elysium,Fenix,5.89,low,0,0,0.06666666666666667
Aegis-Elysium,19,0.01619,0,Aegis,Elysium,1.62,very_low,0,0,0.06801007556675064
Aegis-Elysium,49,0.00154,0,Aegis,Elysium,0.15,very_low,0,0,0.06801007556675064
Dawn-Elysium,496,0.06227,0,Dawn,Elysium,6.23,low,0,0,0.07637231503579953
Dawn-Fenix,352,0.04097,0,Dawn,Fenix,4.1,very_low,0,0,0.07512953367875648
Caelum-Elysium,393,0.0561,0,Caelum,Elysium,5.61,low,0,0,0.08208955223880597
Dawn-Elysium,494,0.04073,0,Dawn,Elysium,4.07,very_low,0,0,0.07637231503579953
Caelum-Fenix,285,0.02162,0,Caelum,Fenix,2.16,very_low,0,0,0.07960199004975124
Aegis-Boreas,282,0.0575,0,Aegis,Boreas,5.75,low,0,0,0.115
Caelum-Dawn,99,0.06422,0,Caelum,Dawn,6.42,low,0,0,0.06666666666666667
Elysium-Fenix,398,0.02738,0,Elysium,Fenix,2.74,very_low,0,0,0.06666666666666667
Caelum-Dawn,106,0.37821,1,Caelum,Dawn,37.82,very_high,1,1,0.06666666666666667
Aegis-Boreas,321,0.08596,0,Aegis,Boreas,8.6,low,0,0,0.115
Aegis-Dawn,482,0.04989,0,Aegis,Dawn,4.99,very_low,0,0,0.08607594936708861
Caelum-Fenix,93,0.13697,1,Caelum,Fenix,13.7,medium,0,1,0.07960199004975124
Aegis-Boreas,191,0.11398,0,Aegis,Boreas,11.4,medium,0,0,0.115
Boreas-Elysium,205,0.07001,0,Boreas,Elysium,7.0,low,0,0,0.08933002481389578
Elysium-Fenix,494,0.29447,1,Elysium,Fenix,29.45,high,1,1,0.06666666666666667
Caelum-Fenix,361,0.0834330688935281,0,Caelum,Fenix,8.34,low,0,0,0.07960199004975124
Boreas-Elysium,199,0.00078,0,Boreas,Elysium,0.08,very_low,0,0,0.08933002481389578
Aegis-Elysium,46,0.0009,0,Aegis,Elysium,0.09,very_low,0,0,0.06801007556675064
Caelum-Dawn,441,0.15301,1,Caelum,Dawn,15.3,medium,0,1,0.06666666666666667
Dawn-Elysium,356,0.15015,0,Dawn,Elysium,15.02,medium,0,0,0.07637231503579953
Boreas-Dawn,42,0.1309,0,Boreas,Dawn,13.09,medium,0,0,0.0761904761904762
Caelum-Fenix,350,0.09045,0,Caelum,Fenix,9.04,low,0,0,0.07960199004975124
Caelum-Dawn,294,0.03527,0,Caelum,Dawn,3.53,very_low,0,0,0.06666666666666667
Aegis-Boreas,132,0.18902,0,Aegis,Boreas,18.9,medium,0,0,0.115
Aegis-Elysium,348,0.32282,0,Aegis,Elysium,32.28,high,1,0,0.06801007556675064
Aegis-Dawn,212,0.05094,0,Aegis,Dawn,5.09,low,0,0,0.08607594936708861
Caelum-Dawn,28,0.01436,0,Caelum,Dawn,1.44,very_low,0,0,0.06666666666666667
Boreas-Fenix,99,0.11796,0,Boreas,Fenix,11.8,medium,0,0,0.10353535353535354
Caelum-Fenix,116,0.00507,0,Caelum,Fenix,0.51,very_low,0,0,0.07960199004975124
Dawn-Fenix,23,0.07561,0,Dawn,Fenix,7.56,low,0,0,0.07512953367875648
Aegis-Elysium,472,0.02184,0,Aegis,Elysium,2.18,very_low,0,0,0.06801007556675064
Aegis-Boreas,163,0.08018,0,Aegis,Boreas,8.02,low,0,0,0.115
Boreas-Elysium,111,0.03814,0,Boreas,Elysium,3.81,very_low,0,0,0.08933002481389578
Dawn-Elysium,458,0.03897,0,Dawn,Elysium,3.9,very_low,0,0,0.07637231503579953
Aegis-Dawn,455,0.31333,0,Aegis,Dawn,31.33,high,1,0,0.08607594936708861
Dawn-Elysium,411,0.15819,1,Dawn,Elysium,15.82,medium,0,1,0.07637231503579953
Caelum-Fenix,113,0.34789,0,Caelum,Fenix,34.79,high,1,0,0.07960199004975124
Aegis-Elysium,146,0.02174,0,Aegis,Elysium,2.17,very_low,0,0,0.06801007556675064
Caelum-Fenix,353,0.03972,0,Caelum,Fenix,3.97,very_low,0,0,0.07960199004975124
Boreas-Dawn,450,0.14392,0,Boreas,Dawn,14.39,medium,0,0,0.0761904761904762
Aegis-Dawn,186,0.05181,0,Aegis,Dawn,5.18,low,0,0,0.08607594936708861
Aegis-Boreas,491,0.0834330688935281,0,Aegis,Boreas,8.34,low,0,0,0.115
Boreas-Dawn,196,0.04113,0,Boreas,Dawn,4.11,very_low,0,0,0.0761904761904762
Elysium-Fenix,268,0.05021,0,Elysium,Fenix,5.02,low,0,0,0.06666666666666667
Dawn-Fenix,450,0.10839,0,Dawn,Fenix,10.84,medium,0,0,0.07512953367875648
Boreas-Dawn,140,0.01025,0,Boreas,Dawn,1.03,very_low,0,0,0.0761904761904762
Boreas-Dawn,131,0.07167,0,Boreas,Dawn,7.17,low,0,0,0.0761904761904762
Dawn-Elysium,128,0.03418,0,Dawn,Elysium,3.42,very_low,0,0,0.07637231503579953
Dawn-Fenix,421,0.13058,0,Dawn,Fenix,13.06,medium,0,0,0.07512953367875648
Dawn-Fenix,292,0.02662,0,Dawn,Fenix,2.66,very_low,0,0,0.07512953367875648
Boreas-Dawn,496,0.00889,0,Boreas,Dawn,0.89,very_low,0,0,0.0761904761904762
Aegis-Boreas,131,0.1915,0,Aegis,Boreas,19.15,medium,0,0,0.115
Boreas-Elysium,240,0.01871,0,Boreas,Elysium,1.87,very_low,0,0,0.08933002481389578
Boreas-Dawn,83,0.0834330688935281,1,Boreas,Dawn,8.34,low,0,1,0.0761904761904762
Dawn-Elysium,362,0.04744,0,Dawn,Elysium,4.74,very_low,0,0,0.07637231503579953
Boreas-Elysium,423,0.15687,0,Boreas,Elysium,15.69,medium,0,0,0.08933002481389578
Caelum-Dawn,472,0.05734,0,Caelum,Dawn,5.73,low,0,0,0.06666666666666667
Aegis-Dawn,411,0.0834330688935281,0,Aegis,Dawn,8.34,low,0,0,0.08607594936708861
Dawn-Elysium,455,0.09654,0,Dawn,Elysium,9.65,low,0,0,0.07637231503579953
Caelum-Dawn,348,0.03645,0,Caelum,Dawn,3.65,very_low,0,0,0.06666666666666667
Caelum-Elysium,372,0.0317,0,Caelum,Elysium,3.17,very_low,0,0,0.08208955223880597
Dawn-Elysium,434,0.16682,0,Dawn,Elysium,16.68,medium,0,0,0.07637231503579953
Boreas-Elysium,66,0.03217,0,Boreas,Elysium,3.22,very_low,0,0,0.08933002481389578
Aegis-Dawn,363,0.05128,0,Aegis,Dawn,5.13,low,0,0,0.08607594936708861
Boreas-Elysium,458,0.01309,0,Boreas,Elysium,1.31,very_low,0,0,0.08933002481389578
Aegis-Dawn,444,0.0834330688935281,0,Aegis,Dawn,8.34,low,0,0,0.08607594936708861
Boreas-Elysium,428,0.06542,0,Boreas,Elysium,6.54,low,0,0,0.08933002481389578
Caelum-Dawn,476,0.06124,0,Caelum,Dawn,6.12,low,0,0,0.06666666666666667
Dawn-Fenix,229,0.01162,0,Dawn,Fenix,1.16,very_low,0,0,0.07512953367875648
Aegis-Elysium,463,0.14266,1,Aegis,Elysium,14.27,medium,0,1,0.06801007556675064
Aegis-Elysium,381,0.0703,0,Aegis,Elysium,7.03,low,0,0,0.06801007556675064
Boreas-Elysium,432,0.01356,0,Boreas,Elysium,1.36,very_low,0,0,0.08933002481389578
Caelum-Elysium,230,0.0834330688935281,0,Caelum,Elysium,8.34,low,0,0,0.08208955223880597
Aegis-Dawn,470,0.00373,0,Aegis,Dawn,0.37,very_low,0,0,0.08607594936708861
Dawn-Fenix,227,0.01668,0,Dawn,Fenix,1.67,very_low,0,0,0.07512953367875648
Caelum-Fenix,422,0.15151,0,Caelum,Fenix,15.15,medium,0,0,0.07960199004975124
Elysium-Fenix,473,0.04688,0,Elysium,Fenix,4.69,very_low,0,0,0.06666666666666667
Boreas-Fenix,156,0.00885,0,Boreas,Fenix,0.88,very_low,0,0,0.10353535353535354
Caelum-Elysium,373,0.08133,0,Caelum,Elysium,8.13,low,0,0,0.08208955223880597
Aegis-Dawn,132,0.07341,0,Aegis,Dawn,7.34,low,0,0,0.08607594936708861
Boreas-Fenix,372,0.1739,0,Boreas,Fenix,17.39,medium,0,0,0.10353535353535354
Dawn-Elysium,58,0.19046,0,Dawn,Elysium,19.05,medium,0,0,0.07637231503579953
Boreas-Fenix,327,0.16387,0,Boreas,Fenix,16.39,medium,0,0,0.10353535353535354
Boreas-Fenix,8,0.0308,0,Boreas,Fenix,3.08,very_low,0,0,0.10353535353535354
Aegis-Boreas,438,0.03859,0,Aegis,Boreas,3.86,very_low,0,0,0.115
Elysium-Fenix,119,0.16158,0,Elysium,Fenix,16.16,medium,0,0,0.06666666666666667
Caelum-Fenix,82,0.00046,0,Caelum,Fenix,0.05,very_low,0,0,0.07960199004975124
Aegis-Elysium,328,0.12939,0,Aegis,Elysium,12.94,medium,0,0,0.06801007556675064
Dawn-Elysium,10,0.06516,0,Dawn,Elysium,6.52,low,0,0,0.07637231503579953
Caelum-Fenix,164,0.07133,0,Caelum,Fenix,7.13,low,0,0,0.07960199004975124
Dawn-Elysium,490,0.00712,0,Dawn,Elysium,0.71,very_low,0,0,0.07637231503579953
Boreas-Dawn,414,0.14793,0,Boreas,Dawn,14.79,medium,0,0,0.0761904761904762
Boreas-Fenix,23,0.04852,0,Boreas,Fenix,4.85,very_low,0,0,0.10353535353535354
Aegis-Elysium,108,0.05345,0,Aegis,Elysium,5.34,low,0,0,0.06801007556675064
Caelum-Dawn,443,0.13372,0,Caelum,Dawn,13.37,medium,0,0,0.06666666666666667
Elysium-Fenix,116,0.33765,1,Elysium,Fenix,33.76,high,1,1,0.06666666666666667
Caelum-Fenix,311,0.02583,0,Caelum,Fenix,2.58,very_low,0,0,0.07960199004975124
Aegis-Boreas,214,0.04533,0,Aegis,Boreas,4.53,very_low,0,0,0.115
Caelum-Dawn,129,0.01096,0,Caelum,Dawn,1.1,very_low,0,0,0.06666666666666667
Boreas-Elysium,105,0.17001,1,Boreas,Elysium,17.0,medium,0,1,0.08933002481389578
Dawn-Elysium,41,0.06859,1,Dawn,Elysium,6.86,low,0,1,0.07637231503579953
Elysium-Fenix,355,0.11384,0,Elysium,Fenix,11.38,medium,0,0,0.06666666666666667
Caelum-Fenix,430,0.04207,0,Caelum,Fenix,4.21,very_low,0,0,0.07960199004975124
Boreas-Dawn,149,0.26977,0,Boreas,Dawn,26.98,high,1,0,0.0761904761904762
Caelum-Dawn,331,0.01708,0,Caelum,Dawn,1.71,very_low,0,0,0.06666666666666667
Elysium-Fenix,361,0.06791,0,Elysium,Fenix,6.79,low,0,0,0.06666666666666667
Caelum-Elysium,274,0.07009,0,Caelum,Elysium,7.01,low,0,0,0.08208955223880597
Boreas-Fenix,320,0.06812,0,Boreas,Fenix,6.81,low,0,0,0.10353535353535354
Aegis-Elysium,215,0.04397,0,Aegis,Elysium,4.4,very_low,0,0,0.06801007556675064
Caelum-Fenix,67,0.07192,0,Caelum,Fenix,7.19,low,0,0,0.07960199004975124
Dawn-Fenix,491,0.00214,0,Dawn,Fenix,0.21,very_low,0,0,0.07512953367875648
Boreas-Fenix,39,0.2502,0,Boreas,Fenix,25.02,high,1,0,0.10353535353535354
Caelum-Elysium,257,0.17231,0,Caelum,Elysium,17.23,medium,0,0,0.08208955223880597
Caelum-Fenix,29,0.08535,0,Caelum,Fenix,8.54,low,0,0,0.07960199004975124
Aegis-Elysium,36,0.05077,0,Aegis,Elysium,5.08,low,0,0,0.06801007556675064
Dawn-Elysium,439,0.01168,0,Dawn,Elysium,1.17,very_low,0,0,0.07637231503579953
Aegis-Elysium,482,0.08181,0,Aegis,Elysium,8.18,low,0,0,0.06801007556675064
Boreas-Dawn,408,0.03918,1,Boreas,Dawn,3.92,very_low,0,1,0.0761904761904762
Aegis-Boreas,57,0.0834330688935281,0,Aegis,Boreas,8.34,low,0,0,0.115
Caelum-Elysium,305,0.03551,0,Caelum,Elysium,3.55,very_low,0,0,0.08208955223880597
Boreas-Fenix,347,0.05292,0,Boreas,Fenix,5.29,low,0,0,0.10353535353535354
Caelum-Elysium,415,0.02592,0,Caelum,Elysium,2.59,very_low,0,0,0.08208955223880597
Dawn-Fenix,2,0.01354,0,Dawn,Fenix,1.35,very_low,0,0,0.07512953367875648
Boreas-Dawn,184,0.05178,0,Boreas,Dawn,5.18,low,0,0,0.0761904761904762
Aegis-Dawn,0,0.05373,0,Aegis,Dawn,5.37,low,0,0,0.08607594936708861
Caelum-Elysium,188,0.03305,0,Caelum,Elysium,3.3,very_low,0,0,0.08208955223880597
Boreas-Dawn,111,0.00222,0,Boreas,Dawn,0.22,very_low,0,0,0.0761904761904762
Caelum-Fenix,490,0.23556,0,Caelum,Fenix,23.56,high,1,0,0.07960199004975124
Elysium-Fenix,496,0.01319,0,Elysium,Fenix,1.32,very_low,0,0,0.06666666666666667
Caelum-Dawn,26,0.04327,0,Caelum,Dawn,4.33,very_low,0,0,0.06666666666666667
Caelum-Elysium,95,0.03407,0,Caelum,Elysium,3.41,very_low,0,0,0.08208955223880597
Caelum-Elysium,284,0.03596,0,Caelum,Elysium,3.6,very_low,0,0,0.08208955223880597
Aegis-Dawn,67,0.01947,1,Aegis,Dawn,1.95,very_low,0,1,0.08607594936708861
Aegis-Dawn,88,0.3761,0,Aegis,Dawn,37.61,very_high,1,0,0.08607594936708861
Aegis-Elysium,274,0.0934,0,Aegis,Elysium,9.34,low,0,0,0.06801007556675064
Boreas-Elysium,281,0.00447,0,Boreas,Elysium,0.45,very_low,0,0,0.08933002481389578
Boreas-Dawn,394,0.08807,0,Boreas,Dawn,8.81,low,0,0,0.0761904761904762
Boreas-Elysium,157,0.07788,0,Boreas,Elysium,7.79,low,0,0,0.08933002481389578
Aegis-Dawn,33,0.01242,0,Aegis,Dawn,1.24,very_low,0,0,0.08607594936708861
Boreas-Fenix,123,0.07854,0,Boreas,Fenix,7.85,low,0,0,0.10353535353535354
Aegis-Dawn,4,0.04166,0,Aegis,Dawn,4.17,very_low,0,0,0.08607594936708861
Boreas-Fenix,137,0.13725,1,Boreas,Fenix,13.73,medium,0,1,0.10353535353535354
Boreas-Dawn,425,0.21172,0,Boreas,Dawn,21.17,high,1,0,0.0761904761904762
Caelum-Fenix,384,0.04651,0,Caelum,Fenix,4.65,very_low,0,0,0.07960199004975124
Caelum-Fenix,331,0.11334,0,Caelum,Fenix,11.33,medium,0,0,0.07960199004975124
Dawn-Fenix,466,0.09608,0,Dawn,Fenix,9.61,low,0,0,0.07512953367875648
Aegis-Boreas,333,0.07233,0,Aegis,Boreas,7.23,low,0,0,0.115
Caelum-Elysium,186,0.14348,0,Caelum,Elysium,14.35,medium,0,0,0.08208955223880597
Elysium-Fenix,77,0.01706,0,Elysium,Fenix,1.71,very_low,0,0,0.06666666666666667
Dawn-Elysium,123,0.04095,0,Dawn,Elysium,4.1,very_low,0,0,0.07637231503579953
Elysium-Fenix,319,0.10298,1,Elysium,Fenix,10.3,medium,0,1,0.06666666666666667
Dawn-Elysium,253,0.02746,0,Dawn,Elysium,2.75,very_low,0,0,0.07637231503579953
Caelum-Fenix,224,0.22418,0,Caelum,Fenix,22.42,high,1,0,0.07960199004975124
Boreas-Fenix,284,0.02741,0,Boreas,Fenix,2.74,very_low,0,0,0.10353535353535354
Aegis-Boreas,147,0.02248,0,Aegis,Boreas,2.25,very_low,0,0,0.115
Aegis-Elysium,371,0.01223,0,Aegis,Elysium,1.22,very_low,0,0,0.06801007556675064
Aegis-Dawn,341,0.11427,0,Aegis,Dawn,11.43,medium,0,0,0.08607594936708861
Caelum-Dawn,462,0.0552,0,Caelum,Dawn,5.52,low,0,0,0.06666666666666667
Aegis-Dawn,449,0.0246,0,Aegis,Dawn,2.46,very_low,0,0,0.08607594936708861
Caelum-Dawn,473,0.096,0,Caelum,Dawn,9.6,low,0,0,0.06666666666666667
Dawn-Elysium,189,0.09222,1,Dawn,Elysium,9.22,low,0,1,0.07637231503579953
Dawn-Fenix,318,0.05317,1,Dawn,Fenix,5.32,low,0,1,0.07512953367875648
Boreas-Dawn,203,0.12568,0,Boreas,Dawn,12.57,medium,0,0,0.0761904761904762
Boreas-Fenix,495,0.03536,0,Boreas,Fenix,3.54,very_low,0,0,0.10353535353535354
Boreas-Fenix,348,0.02915,0,Boreas,Fenix,2.92,very_low,0,0,0.10353535353535354
Dawn-Fenix,389,0.0642,0,Dawn,Fenix,6.42,low,0,0,0.07512953367875648
Aegis-Boreas,58,0.00979,0,Aegis,Boreas,0.98,very_low,0,0,0.115
Dawn-Elysium,126,0.0132,0,Dawn,Elysium,1.32,very_low,0,0,0.07637231503579953
Dawn-Elysium,219,0.02699,0,Dawn,Elysium,2.7,very_low,0,0,0.07637231503579953
Elysium-Fenix,486,0.1288,0,Elysium,Fenix,12.88,medium,0,0,0.06666666666666667
Caelum-Dawn,389,0.00467,0,Caelum,Dawn,0.47,very_low,0,0,0.06666666666666667
Aegis-Elysium,480,0.02566,0,Aegis,Elysium,2.57,very_low,0,0,0.06801007556675064
Boreas-Fenix,70,3e-05,0,Boreas,Fenix,0.0,very_low,0,0,0.10353535353535354
Aegis-Dawn,371,0.06626,0,Aegis,Dawn,6.63,low,0,0,0.08607594936708861
Aegis-Dawn,57,0.05492,0,Aegis,Dawn,5.49,low,0,0,0.08607594936708861
Aegis-Elysium,37,0.01264,0,Aegis,Elysium,1.26,very_low,0,0,0.06801007556675064
Boreas-Elysium,9,0.0292,0,Boreas,Elysium,2.92,very_low,0,0,0.08933002481389578
Boreas-Fenix,280,0.00345,0,Boreas,Fenix,0.34,very_low,0,0,0.10353535353535354
Aegis-Boreas,160,0.0187,0,Aegis,Boreas,1.87,very_low,0,0,0.115
Boreas-Dawn,391,0.14718,0,Boreas,Dawn,14.72,medium,0,0,0.0761904761904762
Boreas-Elysium,51,0.06854,0,Boreas,Elysium,6.85,low,0,0,0.08933002481389578
Dawn-Elysium,187,0.07859,0,Dawn,Elysium,7.86,low,0,0,0.07637231503579953
Aegis-Elysium,270,0.04756,1,Aegis,Elysium,4.76,very_low,0,1,0.06801007556675064
Aegis-Elysium,95,0.19072,0,Aegis,Elysium,19.07,medium,0,0,0.06801007556675064
Elysium-Fenix,155,0.0834330688935281,0,Elysium,Fenix,8.34,low,0,0,0.06666666666666667
Dawn-Fenix,92,0.04687,0,Dawn,Fenix,4.69,very_low,0,0,0.07512953367875648
Aegis-Elysium,75,0.03808,0,Aegis,Elysium,3.81,very_low,0,0,0.06801007556675064
Dawn-Elysium,371,0.02083,0,Dawn,Elysium,2.08,very_low,0,0,0.07637231503579953
Aegis-Boreas,281,0.01552,0,Aegis,Boreas,1.55,very_low,0,0,0.115
Elysium-Fenix,97,0.0834330688935281,0,Elysium,Fenix,8.34,low,0,0,0.06666666666666667
Dawn-Elysium,64,0.05425,0,Dawn,Elysium,5.42,low,0,0,0.07637231503579953
Caelum-Dawn,120,0.08569,0,Caelum,Dawn,8.57,low,0,0,0.06666666666666667
Aegis-Elysium,478,0.08461,0,Aegis,Elysium,8.46,low,0,0,0.06801007556675064
Caelum-Dawn,401,0.20441,1,Caelum,Dawn,20.44,high,1,1,0.06666666666666667
Boreas-Elysium,274,0.08727,0,Boreas,Elysium,8.73,low,0,0,0.08933002481389578
Caelum-Dawn,308,0.01413,0,Caelum,Dawn,1.41,very_low,0,0,0.06666666666666667
Caelum-Dawn,317,0.06341,0,Caelum,Dawn,6.34,low,0,0,0.06666666666666667
Caelum-Fenix,472,0.05421,0,Caelum,Fenix,5.42,low,0,0,0.07960199004975124
Dawn-Fenix,88,0.02127,0,Dawn,Fenix,2.13,very_low,0,0,0.07512953367875648
Aegis-Elysium,163,0.0834330688935281,0,Aegis,Elysium,8.34,low,0,0,0.06801007556675064
Elysium-Fenix,120,0.1107,0,Elysium,Fenix,11.07,medium,0,0,0.06666666666666667
Boreas-Dawn,368,0.1165,0,Boreas,Dawn,11.65,medium,0,0,0.0761904761904762
Boreas-Elysium,337,0.17284,1,Boreas,Elysium,17.28,medium,0,1,0.08933002481389578
Caelum-Fenix,203,0.07305,0,Caelum,Fenix,7.31,low,0,0,0.07960199004975124
Dawn-Fenix,212,0.21257,0,Dawn,Fenix,21.26,high,1,0,0.07512953367875648
Boreas-Dawn,124,0.0834330688935281,1,Boreas,Dawn,8.34,low,0,1,0.0761904761904762
Caelum-Fenix,70,0.14073,0,Caelum,Fenix,14.07,medium,0,0,0.07960199004975124
Caelum-Dawn,102,0.09351,0,Caelum,Dawn,9.35,low,0,0,0.06666666666666667
Elysium-Fenix,237,0.10766,0,Elysium,Fenix,10.77,medium,0,0,0.06666666666666667
Aegis-Boreas,357,0.17411,0,Aegis,Boreas,17.41,medium,0,0,0.115
Aegis-Boreas,78,0.22087,0,Aegis,Boreas,22.09,high,1,0,0.115
Caelum-Elysium,348,0.19675,1,Caelum,Elysium,19.68,medium,0,1,0.08208955223880597
Elysium-Fenix,189,0.02345,0,Elysium,Fenix,2.34,very_low,0,0,0.06666666666666667
Caelum-Elysium,220,0.13208,0,Caelum,Elysium,13.21,medium,0,0,0.08208955223880597
Elysium-Fenix,351,0.03773,0,Elysium,Fenix,3.77,very_low,0,0,0.06666666666666667
Elysium-Fenix,377,0.0454,0,Elysium,Fenix,4.54,very_low,0,0,0.06666666666666667
Boreas-Elysium,259,0.05366,0,Boreas,Elysium,5.37,low,0,0,0.08933002481389578
Aegis-Dawn,302,0.00062,0,Aegis,Dawn,0.06,very_low,0,0,0.08607594936708861
Dawn-Fenix,365,0.1607,0,Dawn,Fenix,16.07,medium,0,0,0.07512953367875648
Dawn-Fenix,374,0.04437,0,Dawn,Fenix,4.44,very_low,0,0,0.07512953367875648
Caelum-Dawn,139,0.05086,0,Caelum,Dawn,5.09,low,0,0,0.06666666666666667
Aegis-Boreas,212,0.00668,0,Aegis,Boreas,0.67,very_low,0,0,0.115
Caelum-Fenix,447,0.01508,0,Caelum,Fenix,1.51,very_low,0,0,0.07960199004975124
Boreas-Elysium,401,0.15746,0,Boreas,Elysium,15.75,medium,0,0,0.08933002481389578
Elysium-Fenix,396,0.08448,0,Elysium,Fenix,8.45,low,0,0,0.06666666666666667
Boreas-Elysium,253,0.2957,0,Boreas,Elysium,29.57,high,1,0,0.08933002481389578
Dawn-Elysium,98,0.0834330688935281,0,Dawn,Elysium,8.34,low,0,0,0.07637231503579953
Dawn-Fenix,143,0.04856,0,Dawn,Fenix,4.86,very_low,0,0,0.07512953367875648
Caelum-Elysium,97,0.07218,0,Caelum,Elysium,7.22,low,0,0,0.08208955223880597
Dawn-Elysium,348,0.12083,0,Dawn,Elysium,12.08,medium,0,0,0.07637231503579953
Caelum-Fenix,295,0.08852,0,Caelum,Fenix,8.85,low,0,0,0.07960199004975124
Dawn-Fenix,353,0.13431,0,Dawn,Fenix,13.43,medium,0,0,0.07512953367875648
Caelum-Fenix,338,0.17533,0,Caelum,Fenix,17.53,medium,0,0,0.07960199004975124
Aegis-Dawn,279,0.00368,0,Aegis,Dawn,0.37,very_low,0,0,0.08607594936708861
Boreas-Fenix,296,0.08251,0,Boreas,Fenix,8.25,low,0,0,0.10353535353535354
Boreas-Fenix,90,0.01322,0,Boreas,Fenix,1.32,very_low,0,0,0.10353535353535354
Boreas-Fenix,29,0.05046,1,Boreas,Fenix,5.05,low,0,1,0.10353535353535354
Boreas-Elysium,301,0.1915,0,Boreas,Elysium,19.15,medium,0,0,0.08933002481389578
Dawn-Fenix,360,0.0834330688935281,1,Dawn,Fenix,8.34,low,0,1,0.07512953367875648
Aegis-Elysium,302,0.29398,0,Aegis,Elysium,29.4,high,1,0,0.06801007556675064
Aegis-Dawn,237,0.02584,0,Aegis,Dawn,2.58,very_low,0,0,0.08607594936708861
Caelum-Elysium,339,0.03012,0,Caelum,Elysium,3.01,very_low,0,0,0.08208955223880597
Boreas-Elysium,289,0.001,0,Boreas,Elysium,0.1,very_low,0,0,0.08933002481389578
Dawn-Elysium,19,0.10053,0,Dawn,Elysium,10.05,medium,0,0,0.07637231503579953
Boreas-Fenix,145,0.36015,0,Boreas,Fenix,36.02,very_high,1,0,0.10353535353535354
Aegis-Elysium,1,0.17055,0,Aegis,Elysium,17.06,medium,0,0,0.06801007556675064
Caelum-Elysium,303,0.20734,0,Caelum,Elysium,20.73,high,1,0,0.08208955223880597
Caelum-Elysium,109,0.05343,0,Caelum,Elysium,5.34,low,0,0,0.08208955223880597
Caelum-Fenix,155,0.00283,0,Caelum,Fenix,0.28,very_low,0,0,0.07960199004975124
Caelum-Elysium,460,0.06286,0,Caelum,Elysium,6.29,low,0,0,0.08208955223880597
Aegis-Boreas,277,0.13772,0,Aegis,Boreas,13.77,medium,0,0,0.115
Dawn-Elysium,499,0.0724,1,Dawn,Elysium,7.24,low,0,1,0.07637231503579953
Caelum-Fenix,33,0.19365,1,Caelum,Fenix,19.36,medium,0,1,0.07960199004975124
Caelum-Dawn,228,0.01437,0,Caelum,Dawn,1.44,very_low,0,0,0.06666666666666667
Boreas-Dawn,372,0.10178,0,Boreas,Dawn,10.18,medium,0,0,0.0761904761904762
Aegis-Dawn,222,0.05208,1,Aegis,Dawn,5.21,low,0,1,0.08607594936708861
Dawn-Fenix,128,0.03454,0,Dawn,Fenix,3.45,very_low,0,0,0.07512953367875648
Dawn-Elysium,59,0.22514,0,Dawn,Elysium,22.51,high,1,0,0.07637231503579953
Caelum-Elysium,401,0.06863,0,Caelum,Elysium,6.86,low,0,0,0.08208955223880597
Dawn-Fenix,261,0.14142,1,Dawn,Fenix,14.14,medium,0,1,0.07512953367875648
Boreas-Elysium,36,0.10872,0,Boreas,Elysium,10.87,medium,0,0,0.08933002481389578
Aegis-Dawn,407,0.15686,0,Aegis,Dawn,15.69,medium,0,0,0.08607594936708861
Boreas-Dawn,437,0.13432,0,Boreas,Dawn,13.43,medium,0,0,0.0761904761904762
Caelum-Fenix,121,0.01722,0,Caelum,Fenix,1.72,very_low,0,0,0.07960199004975124
Boreas-Fenix,391,0.06811,1,Boreas,Fenix,6.81,low,0,1,0.10353535353535354
Boreas-Fenix,356,0.02642,0,Boreas,Fenix,2.64,very_low,0,0,0.10353535353535354
Aegis-Dawn,284,0.05834,0,Aegis,Dawn,5.83,low,0,0,0.08607594936708861
Dawn-Fenix,474,0.00254,0,Dawn,Fenix,0.25,very_low,0,0,0.07512953367875648
Boreas-Elysium,10,0.20636,1,Boreas,Elysium,20.64,high,1,1,0.08933002481389578
Boreas-Dawn,445,0.04914,0,Boreas,Dawn,4.91,very_low,0,0,0.0761904761904762
Caelum-Elysium,236,0.1703,0,Caelum,Elysium,17.03,medium,0,0,0.08208955223880597
Caelum-Fenix,277,0.05762,0,Caelum,Fenix,5.76,low,0,0,0.07960199004975124
Aegis-Boreas,76,0.07897,0,Aegis,Boreas,7.9,low,0,0,0.115
Caelum-Fenix,360,0.13186,0,Caelum,Fenix,13.19,medium,0,0,0.07960199004975124
Aegis-Boreas,43,0.19045,1,Aegis,Boreas,19.05,medium,0,1,0.115
Dawn-Elysium,350,0.02562,0,Dawn,Elysium,2.56,very_low,0,0,0.07637231503579953
Caelum-Fenix,126,0.11045,0,Caelum,Fenix,11.04,medium,0,0,0.07960199004975124
Dawn-Elysium,214,0.09773,0,Dawn,Elysium,9.77,low,0,0,0.07637231503579953
Elysium-Fenix,318,0.13356,0,Elysium,Fenix,13.36,medium,0,0,0.06666666666666667
Caelum-Fenix,329,0.05401,0,Caelum,Fenix,5.4,low,0,0,0.07960199004975124
Caelum-Fenix,228,0.02501,0,Caelum,Fenix,2.5,very_low,0,0,0.07960199004975124
Aegis-Boreas,478,0.02927,0,Aegis,Boreas,2.93,very_low,0,0,0.115
Boreas-Fenix,55,0.03966,0,Boreas,Fenix,3.97,very_low,0,0,0.10353535353535354
Caelum-Fenix,414,0.17474,0,Caelum,Fenix,17.47,medium,0,0,0.07960199004975124
Boreas-Elysium,156,0.15778,0,Boreas,Elysium,15.78,medium,0,0,0.08933002481389578
Caelum-Fenix,251,0.13927,0,Caelum,Fenix,13.93,medium,0,0,0.07960199004975124
Dawn-Fenix,384,0.07356,0,Dawn,Fenix,7.36,low,0,0,0.07512953367875648
Boreas-Dawn,100,0.06969,0,Boreas,Dawn,6.97,low,0,0,0.0761904761904762
Boreas-Elysium,438,0.1947,0,Boreas,Elysium,19.47,medium,0,0,0.08933002481389578
Boreas-Elysium,386,0.01287,0,Boreas,Elysium,1.29,very_low,0,0,0.08933002481389578
Caelum-Fenix,213,0.02205,0,Caelum,Fenix,2.2,very_low,0,0,0.07960199004975124
Aegis-Elysium,6,0.26684,0,Aegis,Elysium,26.68,high,1,0,0.06801007556675064
Caelum-Elysium,147,0.09659,0,Caelum,Elysium,9.66,low,0,0,0.08208955223880597
Dawn-Elysium,278,0.2026,0,Dawn,Elysium,20.26,high,1,0,0.07637231503579953
Aegis-Elysium,266,0.05448,0,Aegis,Elysium,5.45,low,0,0,0.06801007556675064
Dawn-Elysium,312,0.01763,0,Dawn,Elysium,1.76,very_low,0,0,0.07637231503579953
Boreas-Fenix,115,0.09152,0,Boreas,Fenix,9.15,low,0,0,0.10353535353535354
Aegis-Elysium,224,0.08921,0,Aegis,Elysium,8.92,low,0,0,0.06801007556675064
Boreas-Fenix,420,0.03839,0,Boreas,Fenix,3.84,very_low,0,0,0.10353535353535354
Caelum-Fenix,480,0.06708,0,Caelum,Fenix,6.71,low,0,0,0.07960199004975124
Aegis-Dawn,451,0.08308,0,Aegis,Dawn,8.31,low,0,0,0.08607594936708861
Elysium-Fenix,76,0.0063,0,Elysium,Fenix,0.63,very_low,0,0,0.06666666666666667
Boreas-Elysium,362,0.01853,0,Boreas,Elysium,1.85,very_low,0,0,0.08933002481389578
Caelum-Fenix,299,0.0174,0,Caelum,Fenix,1.74,very_low,0,0,0.07960199004975124
Elysium-Fenix,51,0.096,0,Elysium,Fenix,9.6,low,0,0,0.06666666666666667
Dawn-Fenix,425,0.01891,0,Dawn,Fenix,1.89,very_low,0,0,0.07512953367875648
Boreas-Dawn,204,0.09233,0,Boreas,Dawn,9.23,low,0,0,0.0761904761904762
Aegis-Boreas,265,0.0834330688935281,0,Aegis,Boreas,8.34,low,0,0,0.115
Caelum-Dawn,499,0.23725,1,Caelum,Dawn,23.72,high,1,1,0.06666666666666667
Dawn-Elysium,130,0.27799,0,Dawn,Elysium,27.8,high,1,0,0.07637231503579953
Caelum-Fenix,165,0.27322,0,Caelum,Fenix,27.32,high,1,0,0.07960199004975124
Boreas-Fenix,482,0.06151,0,Boreas,Fenix,6.15,low,0,0,0.10353535353535354
Dawn-Elysium,38,0.00037,0,Dawn,Elysium,0.04,very_low,0,0,0.07637231503579953
Boreas-Dawn,459,0.13473,0,Boreas,Dawn,13.47,medium,0,0,0.0761904761904762
Aegis-Boreas,311,0.10465,0,Aegis,Boreas,10.46,medium,0,0,0.115
Caelum-Fenix,85,0.11892,0,Caelum,Fenix,11.89,medium,0,0,0.07960199004975124
Elysium-Fenix,252,0.07811,0,Elysium,Fenix,7.81,low,0,0,0.06666666666666667
Boreas-Elysium,494,0.0615,0,Boreas,Elysium,6.15,low,0,0,0.08933002481389578
Aegis-Dawn,329,0.06436,0,Aegis,Dawn,6.44,low,0,0,0.08607594936708861
Aegis-Elysium,313,0.0954,0,Aegis,Elysium,9.54,low,0,0,0.06801007556675064
Aegis-Boreas,84,0.05857,0,Aegis,Boreas,5.86,low,0,0,0.115
Boreas-Elysium,220,0.05264,0,Boreas,Elysium,5.26,low,0,0,0.08933002481389578
Boreas-Dawn,471,0.21411,0,Boreas,Dawn,21.41,high,1,0,0.0761904761904762
Aegis-Elysium,147,0.02309,0,Aegis,Elysium,2.31,very_low,0,0,0.06801007556675064
Aegis-Dawn,225,0.0834330688935281,0,Aegis,Dawn,8.34,low,0,0,0.08607594936708861
Boreas-Elysium,400,0.14919,0,Boreas,Elysium,14.92,medium,0,0,0.08933002481389578
Dawn-Fenix,105,0.06659,0,Dawn,Fenix,6.66,low,0,0,0.07512953367875648
Aegis-Boreas,309,0.00358,0,Aegis,Boreas,0.36,very_low,0,0,0.115
Aegis-Dawn,220,0.04679,0,Aegis,Dawn,4.68,very_low,0,0,0.08607594936708861
Aegis-Dawn,294,0.06629,0,Aegis,Dawn,6.63,low,0,0,0.08607594936708861
Dawn-Elysium,442,0.0834330688935281,0,Dawn,Elysium,8.34,low,0,0,0.07637231503579953
Caelum-Fenix,229,0.0514,0,Caelum,Fenix,5.14,low,0,0,0.07960199004975124
Aegis-Elysium,161,0.12336,0,Aegis,Elysium,12.34,medium,0,0,0.06801007556675064
Caelum-Dawn,385,0.15898,0,Caelum,Dawn,15.9,medium,0,0,0.06666666666666667
Elysium-Fenix,317,0.00082,0,Elysium,Fenix,0.08,very_low,0,0,0.06666666666666667
Aegis-Elysium,250,0.06618,0,Aegis,Elysium,6.62,low,0,0,0.06801007556675064
Boreas-Elysium,190,0.04384,0,Boreas,Elysium,4.38,very_low,0,0,0.08933002481389578
Boreas-Dawn,392,0.05754,0,Boreas,Dawn,5.75,low,0,0,0.0761904761904762
Aegis-Boreas,127,0.07847,0,Aegis,Boreas,7.85,low,0,0,0.115
Elysium-Fenix,219,0.06344,0,Elysium,Fenix,6.34,low,0,0,0.06666666666666667
Aegis-Dawn,64,0.07853,0,Aegis,Dawn,7.85,low,0,0,0.08607594936708861
Dawn-Elysium,264,0.07349,0,Dawn,Elysium,7.35,low,0,0,0.07637231503579953
Dawn-Fenix,464,0.05212,0,Dawn,Fenix,5.21,low,0,0,0.07512953367875648
Boreas-Fenix,255,0.09352,0,Boreas,Fenix,9.35,low,0,0,0.10353535353535354
Caelum-Dawn,478,0.23676,0,Caelum,Dawn,23.68,high,1,0,0.06666666666666667
Boreas-Dawn,199,0.05242,1,Boreas,Dawn,5.24,low,0,1,0.0761904761904762
Caelum-Dawn,227,0.08531,0,Caelum,Dawn,8.53,low,0,0,0.06666666666666667
Dawn-Fenix,468,0.10011,0,Dawn,Fenix,10.01,medium,0,0,0.07512953367875648
Dawn-Fenix,286,0.02302,0,Dawn,Fenix,2.3,very_low,0,0,0.07512953367875648
Boreas-Fenix,19,0.0527,0,Boreas,Fenix,5.27,low,0,0,0.10353535353535354
Elysium-Fenix,271,0.15217,0,Elysium,Fenix,15.22,medium,0,0,0.06666666666666667
Aegis-Elysium,292,0.27274,0,Aegis,Elysium,27.27,high,1,0,0.06801007556675064
Caelum-Dawn,79,0.05989,0,Caelum,Dawn,5.99,low,0,0,0.06666666666666667
Caelum-Elysium,275,0.09914,0,Caelum,Elysium,9.91,low,0,0,0.08208955223880597
Elysium-Fenix,208,0.0834330688935281,0,Elysium,Fenix,8.34,low,0,0,0.06666666666666667
Dawn-Elysium,372,0.28016,0,Dawn,Elysium,28.02,high,1,0,0.07637231503579953
Elysium-Fenix,272,0.02469,0,Elysium,Fenix,2.47,very_low,0,0,0.06666666666666667
Boreas-Fenix,257,0.09474,0,Boreas,Fenix,9.47,low,0,0,0.10353535353535354
Aegis-Elysium,128,0.17433,0,Aegis,Elysium,17.43,medium,0,0,0.06801007556675064
Elysium-Fenix,273,0.03744,0,Elysium,Fenix,3.74,very_low,0,0,0.06666666666666667
Dawn-Fenix,172,0.12597,0,Dawn,Fenix,12.6,medium,0,0,0.07512953367875648
Aegis-Boreas,409,0.11104,0,Aegis,Boreas,11.1,medium,0,0,0.115
Boreas-Dawn,279,0.0555,0,Boreas,Dawn,5.55,low,0,0,0.0761904761904762
Aegis-Elysium,341,0.08131,0,Aegis,Elysium,8.13,low,0,0,0.06801007556675064
Aegis-Dawn,244,0.06904,0,Aegis,Dawn,6.9,low,0,0,0.08607594936708861
Boreas-Elysium,12,0.09102,0,Boreas,Elysium,9.1,low,0,0,0.08933002481389578
Boreas-Elysium,456,0.00423,0,Boreas,Elysium,0.42,very_low,0,0,0.08933002481389578
Dawn-Elysium,294,0.06268,0,Dawn,Elysium,6.27,low,0,0,0.07637231503579953
Elysium-Fenix,234,0.02765,0,Elysium,Fenix,2.76,very_low,0,0,0.06666666666666667
Caelum-Dawn,333,0.12244,0,Caelum,Dawn,12.24,medium,0,0,0.06666666666666667
Aegis-Boreas,253,0.05207,0,Aegis,Boreas,5.21,low,0,0,0.115
Caelum-Dawn,257,0.0213,0,Caelum,Dawn,2.13,very_low,0,0,0.06666666666666667
Boreas-Dawn,202,0.0834330688935281,1,Boreas,Dawn,8.34,low,0,1,0.0761904761904762
Dawn-Elysium,288,0.068,0,Dawn,Elysium,6.8,low,0,0,0.07637231503579953
Elysium-Fenix,178,0.04679,0,Elysium,Fenix,4.68,very_low,0,0,0.06666666666666667
Dawn-Elysium,231,0.03109,0,Dawn,Elysium,3.11,very_low,0,0,0.07637231503579953
Caelum-Elysium,136,0.03585,0,Caelum,Elysium,3.58,very_low,0,0,0.08208955223880597
Elysium-Fenix,56,0.05832,0,Elysium,Fenix,5.83,low,0,0,0.06666666666666667
Caelum-Fenix,106,0.03911,0,Caelum,Fenix,3.91,very_low,0,0,0.07960199004975124
Dawn-Fenix,113,0.03869,1,Dawn,Fenix,3.87,very_low,0,1,0.07512953367875648
Boreas-Elysium,2,0.01735,0,Boreas,Elysium,1.74,very_low,0,0,0.08933002481389578
Caelum-Elysium,162,0.1047,0,Caelum,Elysium,10.47,medium,0,0,0.08208955223880597
Boreas-Elysium,484,0.0164,0,Boreas,Elysium,1.64,very_low,0,0,0.08933002481389578
Aegis-Elysium,106,0.08075,0,Aegis,Elysium,8.08,low,0,0,0.06801007556675064
Dawn-Elysium,438,0.23715,0,Dawn,Elysium,23.72,high,1,0,0.07637231503579953
Dawn-Elysium,483,0.05529,1,Dawn,Elysium,5.53,low,0,1,0.07637231503579953
Dawn-Elysium,345,0.03595,0,Dawn,Elysium,3.6,very_low,0,0,0.07637231503579953
Caelum-Fenix,449,0.11005,0,Caelum,Fenix,11.0,medium,0,0,0.07960199004975124
Boreas-Fenix,437,0.00306,0,Boreas,Fenix,0.31,very_low,0,0,0.10353535353535354
Caelum-Dawn,415,0.16642,0,Caelum,Dawn,16.64,medium,0,0,0.06666666666666667
Aegis-Dawn,275,0.06605,1,Aegis,Dawn,6.6,low,0,1,0.08607594936708861
Aegis-Boreas,142,0.00999,0,Aegis,Boreas,1.0,very_low,0,0,0.115
Caelum-Dawn,371,0.07774,0,Caelum,Dawn,7.77,low,0,0,0.06666666666666667
Boreas-Dawn,493,0.05232,0,Boreas,Dawn,5.23,low,0,0,0.0761904761904762
Dawn-Elysium,173,0.01396,1,Dawn,Elysium,1.4,very_low,0,1,0.07637231503579953
Aegis-Boreas,472,0.12079,0,Aegis,Boreas,12.08,medium,0,0,0.115
Dawn-Fenix,71,0.09185,0,Dawn,Fenix,9.18,low,0,0,0.07512953367875648
Aegis-Elysium,309,0.10849,0,Aegis,Elysium,10.85,medium,0,0,0.06801007556675064
Dawn-Elysium,330,0.31696,0,Dawn,Elysium,31.7,high,1,0,0.07637231503579953
Elysium-Fenix,459,0.02706,0,Elysium,Fenix,2.71,very_low,0,0,0.06666666666666667
Dawn-Fenix,393,0.07764,0,Dawn,Fenix,7.76,low,0,0,0.07512953367875648
Caelum-Elysium,442,0.00639,0,Caelum,Elysium,0.64,very_low,0,0,0.08208955223880597
Aegis-Dawn,346,0.02846,0,Aegis,Dawn,2.85,very_low,0,0,0.08607594936708861
Caelum-Fenix,303,0.06083,0,Caelum,Fenix,6.08,low,0,0,0.07960199004975124
Boreas-Dawn,114,0.11076,0,Boreas,Dawn,11.08,medium,0,0,0.0761904761904762
Dawn-Fenix,32,0.16919,1,Dawn,Fenix,16.92,medium,0,1,0.07512953367875648
Aegis-Dawn,56,0.0466,0,Aegis,Dawn,4.66,very_low,0,0,0.08607594936708861
Caelum-Dawn,339,0.0834330688935281,0,Caelum,Dawn,8.34,low,0,0,0.06666666666666667
Boreas-Dawn,237,0.02668,0,Boreas,Dawn,2.67,very_low,0,0,0.0761904761904762
Boreas-Dawn,468,0.10262,0,Boreas,Dawn,10.26,medium,0,0,0.0761904761904762
Dawn-Elysium,20,0.05639,0,Dawn,Elysium,5.64,low,0,0,0.07637231503579953
Boreas-Fenix,275,0.00125,0,Boreas,Fenix,0.12,very_low,0,0,0.10353535353535354
Dawn-Fenix,216,0.08499,0,Dawn,Fenix,8.5,low,0,0,0.07512953367875648
Caelum-Fenix,190,0.02021,0,Caelum,Fenix,2.02,very_low,0,0,0.07960199004975124
Dawn-Elysium,149,0.16319,0,Dawn,Elysium,16.32,medium,0,0,0.07637231503579953
Boreas-Dawn,45,0.05379,0,Boreas,Dawn,5.38,low,0,0,0.0761904761904762
Boreas-Elysium,321,0.0834330688935281,0,Boreas,Elysium,8.34,low,0,0,0.08933002481389578
Dawn-Elysium,197,0.11804,0,Dawn,Elysium,11.8,medium,0,0,0.07637231503579953
Aegis-Elysium,175,0.01073,0,Aegis,Elysium,1.07,very_low,0,0,0.06801007556675064
Aegis-Dawn,368,0.02479,0,Aegis,Dawn,2.48,very_low,0,0,0.08607594936708861
Aegis-Elysium,283,0.03632,0,Aegis,Elysium,3.63,very_low,0,0,0.06801007556675064
Boreas-Elysium,465,0.09226,0,Boreas,Elysium,9.23,low,0,0,0.08933002481389578
Dawn-Elysium,93,0.09734,0,Dawn,Elysium,9.73,low,0,0,0.07637231503579953
Aegis-Boreas,316,0.0834330688935281,1,Aegis,Boreas,8.34,low,0,1,0.115
Dawn-Fenix,443,0.00773,0,Dawn,Fenix,0.77,very_low,0,0,0.07512953367875648
Aegis-Boreas,483,0.0068,0,Aegis,Boreas,0.68,very_low,0,0,0.115
Dawn-Fenix,139,0.02117,0,Dawn,Fenix,2.12,very_low,0,0,0.07512953367875648
Dawn-Elysium,71,0.01252,0,Dawn,Elysium,1.25,very_low,0,0,0.07637231503579953
Elysium-Fenix,485,0.1055,0,Elysium,Fenix,10.55,medium,0,0,0.06666666666666667
Boreas-Dawn,2,0.03428,0,Boreas,Dawn,3.43,very_low,0,0,0.0761904761904762
Dawn-Elysium,433,0.1074,0,Dawn,Elysium,10.74,medium,0,0,0.07637231503579953
Aegis-Dawn,252,0.00605,0,Aegis,Dawn,0.6,very_low,0,0,0.08607594936708861
Elysium-Fenix,437,0.09874,0,Elysium,Fenix,9.87,low,0,0,0.06666666666666667
Aegis-Dawn,208,0.12364,0,Aegis,Dawn,12.36,medium,0,0,0.08607594936708861
Aegis-Dawn,37,0.03694,0,Aegis,Dawn,3.69,very_low,0,0,0.08607594936708861
Caelum-Fenix,161,0.02178,0,Caelum,Fenix,2.18,very_low,0,0,0.07960199004975124
Aegis-Dawn,481,0.03128,0,Aegis,Dawn,3.13,very_low,0,0,0.08607594936708861
Caelum-Fenix,81,0.0138,1,Caelum,Fenix,1.38,very_low,0,1,0.07960199004975124
Aegis-Boreas,133,0.0062,0,Aegis,Boreas,0.62,very_low,0,0,0.115
Aegis-Boreas,419,0.08748,0,Aegis,Boreas,8.75,low,0,0,0.115
Caelum-Elysium,256,0.03172,0,Caelum,Elysium,3.17,very_low,0,0,0.08208955223880597
Caelum-Elysium,11,0.02831,0,Caelum,Elysium,2.83,very_low,0,0,0.08208955223880597
Dawn-Elysium,308,0.05813,0,Dawn,Elysium,5.81,low,0,0,0.07637231503579953
Boreas-Fenix,484,0.0815,0,Boreas,Fenix,8.15,low,0,0,0.10353535353535354
Caelum-Fenix,115,0.0293,0,Caelum,Fenix,2.93,very_low,0,0,0.07960199004975124
Dawn-Fenix,496,0.17925,0,Dawn,Fenix,17.92,medium,0,0,0.07512953367875648
Dawn-Fenix,168,0.08578,0,Dawn,Fenix,8.58,low,0,0,0.07512953367875648
Aegis-Dawn,53,0.0868,0,Aegis,Dawn,8.68,low,0,0,0.08607594936708861
Dawn-Elysium,497,0.06228,0,Dawn,Elysium,6.23,low,0,0,0.07637231503579953
Aegis-Dawn,435,0.13541,0,Aegis,Dawn,13.54,medium,0,0,0.08607594936708861
Dawn-Elysium,127,0.04735,0,Dawn,Elysium,4.74,very_low,0,0,0.07637231503579953
Dawn-Elysium,55,0.13892,0,Dawn,Elysium,13.89,medium,0,0,0.07637231503579953
Caelum-Elysium,347,0.05107,0,Caelum,Elysium,5.11,low,0,0,0.08208955223880597
Aegis-Dawn,91,0.31687,0,Aegis,Dawn,31.69,high,1,0,0.08607594936708861
Dawn-Elysium,486,0.01455,0,Dawn,Elysium,1.46,very_low,0,0,0.07637231503579953
Elysium-Fenix,140,0.02205,0,Elysium,Fenix,2.2,very_low,0,0,0.06666666666666667
Elysium-Fenix,129,0.33672,0,Elysium,Fenix,33.67,high,1,0,0.06666666666666667
Caelum-Fenix,399,0.03061,0,Caelum,Fenix,3.06,very_low,0,0,0.07960199004975124
Caelum-Dawn,360,0.17473,0,Caelum,Dawn,17.47,medium,0,0,0.06666666666666667
Aegis-Elysium,497,0.11126,0,Aegis,Elysium,11.13,medium,0,0,0.06801007556675064
Dawn-Fenix,103,0.19875,0,Dawn,Fenix,19.88,medium,0,0,0.07512953367875648
Boreas-Elysium,197,0.02017,0,Boreas,Elysium,2.02,very_low,0,0,0.08933002481389578
Elysium-Fenix,72,0.12138,0,Elysium,Fenix,12.14,medium,0,0,0.06666666666666667
Aegis-Dawn,461,0.0967,0,Aegis,Dawn,9.67,low,0,0,0.08607594936708861
Boreas-Fenix,111,0.01285,0,Boreas,Fenix,1.28,very_low,0,0,0.10353535353535354
Aegis-Boreas,100,0.28719,0,Aegis,Boreas,28.72,high,1,0,0.115
Aegis-Dawn,96,0.0497,0,Aegis,Dawn,4.97,very_low,0,0,0.08607594936708861
Boreas-Dawn,21,0.0263,0,Boreas,Dawn,2.63,very_low,0,0,0.0761904761904762
Boreas-Fenix,24,0.1139,0,Boreas,Fenix,11.39,medium,0,0,0.10353535353535354
Caelum-Elysium,19,0.01646,0,Caelum,Elysium,1.65,very_low,0,0,0.08208955223880597
Aegis-Elysium,475,0.0171,0,Aegis,Elysium,1.71,very_low,0,0,0.06801007556675064
Dawn-Elysium,209,0.0826,0,Dawn,Elysium,8.26,low,0,0,0.07637231503579953
Dawn-Fenix,90,0.0834330688935281,0,Dawn,Fenix,8.34,low,0,0,0.07512953367875648
Aegis-Elysium,86,0.00392,0,Aegis,Elysium,0.39,very_low,0,0,0.06801007556675064
Dawn-Fenix,263,0.09447,0,Dawn,Fenix,9.45,low,0,0,0.07512953367875648
Boreas-Elysium,38,0.13429,1,Boreas,Elysium,13.43,medium,0,1,0.08933002481389578
Aegis-Dawn,293,0.0618,0,Aegis,Dawn,6.18,low,0,0,0.08607594936708861
Boreas-Elysium,453,0.05059,0,Boreas,Elysium,5.06,low,0,0,0.08933002481389578
Dawn-Fenix,340,0.00217,0,Dawn,Fenix,0.22,very_low,0,0,0.07512953367875648
Boreas-Fenix,480,0.00256,0,Boreas,Fenix,0.26,very_low,0,0,0.10353535353535354
Boreas-Fenix,142,0.16017,0,Boreas,Fenix,16.02,medium,0,0,0.10353535353535354
Elysium-Fenix,84,0.20739,0,Elysium,Fenix,20.74,high,1,0,0.06666666666666667
Caelum-Fenix,72,0.17435,0,Caelum,Fenix,17.44,medium,0,0,0.07960199004975124
Caelum-Fenix,451,0.07706,0,Caelum,Fenix,7.71,low,0,0,0.07960199004975124
Dawn-Fenix,199,0.02159,0,Dawn,Fenix,2.16,very_low,0,0,0.07512953367875648
Caelum-Fenix,351,0.08588,0,Caelum,Fenix,8.59,low,0,0,0.07960199004975124
Caelum-Dawn,376,0.26239,1,Caelum,Dawn,26.24,high,1,1,0.06666666666666667
Aegis-Dawn,7,0.05714,0,Aegis,Dawn,5.71,low,0,0,0.08607594936708861
Caelum-Elysium,122,0.02756,0,Caelum,Elysium,2.76,very_low,0,0,0.08208955223880597
Dawn-Elysium,216,0.07561,0,Dawn,Elysium,7.56,low,0,0,0.07637231503579953
Aegis-Boreas,246,0.05849,0,Aegis,Boreas,5.85,low,0,0,0.115
Dawn-Fenix,153,0.24569,1,Dawn,Fenix,24.57,high,1,1,0.07512953367875648
Aegis-Dawn,352,0.16994,1,Aegis,Dawn,16.99,medium,0,1,0.08607594936708861
Aegis-Dawn,65,0.08867,0,Aegis,Dawn,8.87,low,0,0,0.08607594936708861
Aegis-Elysium,295,0.08009,0,Aegis,Elysium,8.01,low,0,0,0.06801007556675064
Boreas-Elysium,345,0.10749,0,Boreas,Elysium,10.75,medium,0,0,0.08933002481389578
Aegis-Boreas,82,0.07196,0,Aegis,Boreas,7.2,low,0,0,0.115
Dawn-Elysium,425,0.19241,0,Dawn,Elysium,19.24,medium,0,0,0.07637231503579953
Aegis-Boreas,368,0.01521,0,Aegis,Boreas,1.52,very_low,0,0,0.115
Boreas-Dawn,256,0.03978,0,Boreas,Dawn,3.98,very_low,0,0,0.0761904761904762
Caelum-Dawn,92,0.04058,0,Caelum,Dawn,4.06,very_low,0,0,0.06666666666666667
Boreas-Fenix,446,0.03194,0,Boreas,Fenix,3.19,very_low,0,0,0.10353535353535354
Boreas-Dawn,197,0.06836,0,Boreas,Dawn,6.84,low,0,0,0.0761904761904762
Dawn-Elysium,370,0.01756,0,Dawn,Elysium,1.76,very_low,0,0,0.07637231503579953
Elysium-Fenix,386,0.14214,0,Elysium,Fenix,14.21,medium,0,0,0.06666666666666667
Aegis-Elysium,444,0.13725,0,Aegis,Elysium,13.73,medium,0,0,0.06801007556675064
Caelum-Elysium,182,0.01519,0,Caelum,Elysium,1.52,very_low,0,0,0.08208955223880597
Caelum-Dawn,421,0.13998,0,Caelum,Dawn,14.0,medium,0,0,0.06666666666666667
Aegis-Boreas,221,0.05687,0,Aegis,Boreas,5.69,low,0,0,0.115
Caelum-Dawn,134,0.01588,0,Caelum,Dawn,1.59,very_low,0,0,0.06666666666666667
Boreas-Elysium,122,0.06732,0,Boreas,Elysium,6.73,low,0,0,0.08933002481389578
Aegis-Boreas,19,0.02988,0,Aegis,Boreas,2.99,very_low,0,0,0.115
Caelum-Elysium,203,0.05467,0,Caelum,Elysium,5.47,low,0,0,0.08208955223880597
Boreas-Fenix,230,0.10207,0,Boreas,Fenix,10.21,medium,0,0,0.10353535353535354
Aegis-Elysium,319,0.03506,1,Aegis,Elysium,3.51,very_low,0,1,0.06801007556675064
Boreas-Dawn,463,0.02919,0,Boreas,Dawn,2.92,very_low,0,0,0.0761904761904762
Boreas-Dawn,308,0.29648,1,Boreas,Dawn,29.65,high,1,1,0.0761904761904762
Boreas-Dawn,47,0.02489,0,Boreas,Dawn,2.49,very_low,0,0,0.0761904761904762
Aegis-Dawn,169,0.20769,0,Aegis,Dawn,20.77,high,1,0,0.08607594936708861
Caelum-Fenix,6,0.03042,0,Caelum,Fenix,3.04,very_low,0,0,0.07960199004975124
Dawn-Elysium,346,0.03204,0,Dawn,Elysium,3.2,very_low,0,0,0.07637231503579953
Caelum-Elysium,42,0.09079,1,Caelum,Elysium,9.08,low,0,1,0.08208955223880597
Aegis-Elysium,471,0.00858,0,Aegis,Elysium,0.86,very_low,0,0,0.06801007556675064
Aegis-Boreas,407,0.00892,0,Aegis,Boreas,0.89,very_low,0,0,0.115
Boreas-Dawn,107,0.11925,0,Boreas,Dawn,11.92,medium,0,0,0.0761904761904762
Boreas-Elysium,139,0.04997,0,Boreas,Elysium,5.0,very_low,0,0,0.08933002481389578
Aegis-Dawn,223,0.08797,0,Aegis,Dawn,8.8,low,0,0,0.08607594936708861
Elysium-Fenix,205,0.03857,0,Elysium,Fenix,3.86,very_low,0,0,0.06666666666666667
Caelum-Fenix,293,0.01364,0,Caelum,Fenix,1.36,very_low,0,0,0.07960199004975124
Aegis-Boreas,128,0.14803,1,Aegis,Boreas,14.8,medium,0,1,0.115
Boreas-Elysium,73,0.03931,0,Boreas,Elysium,3.93,very_low,0,0,0.08933002481389578
Dawn-Fenix,69,0.13602,0,Dawn,Fenix,13.6,medium,0,0,0.07512953367875648
Aegis-Boreas,161,0.09087,0,Aegis,Boreas,9.09,low,0,0,0.115
Dawn-Elysium,84,0.1402,0,Dawn,Elysium,14.02,medium,0,0,0.07637231503579953
Caelum-Elysium,464,0.09631,0,Caelum,Elysium,9.63,low,0,0,0.08208955223880597
Dawn-Elysium,136,0.01358,0,Dawn,Elysium,1.36,very_low,0,0,0.07637231503579953
Aegis-Dawn,77,0.01651,0,Aegis,Dawn,1.65,very_low,0,0,0.08607594936708861
Aegis-Boreas,268,0.07012,0,Aegis,Boreas,7.01,low,0,0,0.115
Elysium-Fenix,230,0.17241,0,Elysium,Fenix,17.24,medium,0,0,0.06666666666666667
Dawn-Elysium,101,0.16272,0,Dawn,Elysium,16.27,medium,0,0,0.07637231503579953
Caelum-Elysium,212,0.01951,0,Caelum,Elysium,1.95,very_low,0,0,0.08208955223880597
Aegis-Elysium,199,0.13717,0,Aegis,Elysium,13.72,medium,0,0,0.06801007556675064
Dawn-Elysium,270,0.22175,0,Dawn,Elysium,22.18,high,1,0,0.07637231503579953
Aegis-Boreas,217,0.19454,0,Aegis,Boreas,19.45,medium,0,0,0.115
Caelum-Fenix,359,0.10806,0,Caelum,Fenix,10.81,medium,0,0,0.07960199004975124
Dawn-Elysium,46,0.03062,0,Dawn,Elysium,3.06,very_low,0,0,0.07637231503579953
Boreas-Fenix,334,0.12867,0,Boreas,Fenix,12.87,medium,0,0,0.10353535353535354
Caelum-Fenix,475,0.35498,0,Caelum,Fenix,35.5,very_high,1,0,0.07960199004975124
Caelum-Elysium,249,0.00178,0,Caelum,Elysium,0.18,very_low,0,0,0.08208955223880597
Boreas-Elysium,90,0.12743,0,Boreas,Elysium,12.74,medium,0,0,0.08933002481389578
Dawn-Elysium,445,0.03083,0,Dawn,Elysium,3.08,very_low,0,0,0.07637231503579953
Caelum-Elysium,309,0.08916,0,Caelum,Elysium,8.92,low,0,0,0.08208955223880597
Dawn-Elysium,73,0.12546,0,Dawn,Elysium,12.55,medium,0,0,0.07637231503579953
Dawn-Fenix,327,0.2136,0,Dawn,Fenix,21.36,high,1,0,0.07512953367875648
Dawn-Fenix,469,0.03113,0,Dawn,Fenix,3.11,very_low,0,0,0.07512953367875648
Dawn-Fenix,217,0.08956,0,Dawn,Fenix,8.96,low,0,0,0.07512953367875648
Aegis-Dawn,48,0.00405,0,Aegis,Dawn,0.4,very_low,0,0,0.08607594936708861
Caelum-Fenix,104,0.02183,0,Caelum,Fenix,2.18,very_low,0,0,0.07960199004975124
Caelum-Dawn,347,0.16987,0,Caelum,Dawn,16.99,medium,0,0,0.06666666666666667
Caelum-Dawn,402,0.04259,0,Caelum,Dawn,4.26,very_low,0,0,0.06666666666666667
Boreas-Fenix,468,0.2578,0,Boreas,Fenix,25.78,high,1,0,0.10353535353535354
Boreas-Elysium,481,0.02506,0,Boreas,Elysium,2.51,very_low,0,0,0.08933002481389578
Boreas-Fenix,252,0.11268,0,Boreas,Fenix,11.27,medium,0,0,0.10353535353535354
Boreas-Dawn,320,0.11622,0,Boreas,Dawn,11.62,medium,0,0,0.0761904761904762
Caelum-Fenix,320,0.11551,0,Caelum,Fenix,11.55,medium,0,0,0.07960199004975124
Boreas-Fenix,290,0.00757,0,Boreas,Fenix,0.76,very_low,0,0,0.10353535353535354
Caelum-Fenix,415,0.10729,0,Caelum,Fenix,10.73,medium,0,0,0.07960199004975124
Aegis-Dawn,437,0.12522,0,Aegis,Dawn,12.52,medium,0,0,0.08607594936708861
Dawn-Elysium,291,0.08238,0,Dawn,Elysium,8.24,low,0,0,0.07637231503579953
Dawn-Elysium,426,0.0834330688935281,0,Dawn,Elysium,8.34,low,0,0,0.07637231503579953
Caelum-Dawn,240,0.08519,0,Caelum,Dawn,8.52,low,0,0,0.06666666666666667
Caelum-Dawn,269,0.00522,0,Caelum,Dawn,0.52,very_low,0,0,0.06666666666666667
Dawn-Elysium,0,0.22455,0,Dawn,Elysium,22.46,high,1,0,0.07637231503579953
Aegis-Boreas,497,0.02825,0,Aegis,Boreas,2.82,very_low,0,0,0.115
Boreas-Dawn,67,0.00282,0,Boreas,Dawn,0.28,very_low,0,0,0.0761904761904762
Aegis-Dawn,419,0.08329,0,Aegis,Dawn,8.33,low,0,0,0.08607594936708861
Dawn-Elysium,40,0.05966,0,Dawn,Elysium,5.97,low,0,0,0.07637231503579953
Aegis-Elysium,449,0.12176,1,Aegis,Elysium,12.18,medium,0,1,0.06801007556675064
Elysium-Fenix,102,0.19847,0,Elysium,Fenix,19.85,medium,0,0,0.06666666666666667
Caelum-Elysium,194,0.19993,0,Caelum,Elysium,19.99,medium,0,0,0.08208955223880597
Aegis-Dawn,184,0.24921,0,Aegis,Dawn,24.92,high,1,0,0.08607594936708861
Dawn-Elysium,351,0.00797,0,Dawn,Elysium,0.8,very_low,0,0,0.07637231503579953
Caelum-Elysium,258,0.05907,0,Caelum,Elysium,5.91,low,0,0,0.08208955223880597
Caelum-Fenix,369,0.04423,0,Caelum,Fenix,4.42,very_low,0,0,0.07960199004975124
Dawn-Fenix,303,0.0027,0,Dawn,Fenix,0.27,very_low,0,0,0.07512953367875648
Aegis-Boreas,81,0.05303,0,Aegis,Boreas,5.3,low,0,0,0.115
Caelum-Dawn,383,0.0834330688935281,0,Caelum,Dawn,8.34,low,0,0,0.06666666666666667
Boreas-Fenix,358,0.0495,0,Boreas,Fenix,4.95,very_low,0,0,0.10353535353535354
Dawn-Fenix,124,0.14838,0,Dawn,Fenix,14.84,medium,0,0,0.07512953367875648
Aegis-Boreas,450,0.02411,0,Aegis,Boreas,2.41,very_low,0,0,0.115
Boreas-Elysium,201,0.14978,1,Boreas,Elysium,14.98,medium,0,1,0.08933002481389578
Caelum-Dawn,4,0.05627,0,Caelum,Dawn,5.63,low,0,0,0.06666666666666667
Dawn-Elysium,102,0.01386,0,Dawn,Elysium,1.39,very_low,0,0,0.07637231503579953
Aegis-Elysium,359,0.08043,0,Aegis,Elysium,8.04,low,0,0,0.06801007556675064
Caelum-Fenix,114,0.00911,0,Caelum,Fenix,0.91,very_low,0,0,0.07960199004975124
Boreas-Dawn,487,0.00378,1,Boreas,Dawn,0.38,very_low,0,1,0.0761904761904762
Aegis-Dawn,309,0.10524,0,Aegis,Dawn,10.52,medium,0,0,0.08607594936708861
Dawn-Elysium,91,0.10328,0,Dawn,Elysium,10.33,medium,0,0,0.07637231503579953
Dawn-Fenix,409,0.03775,0,Dawn,Fenix,3.78,very_low,0,0,0.07512953367875648
Caelum-Elysium,402,0.04113,0,Caelum,Elysium,4.11,very_low,0,0,0.08208955223880597
Caelum-Fenix,169,0.13555,0,Caelum,Fenix,13.56,medium,0,0,0.07960199004975124
Caelum-Dawn,224,0.07589,0,Caelum,Dawn,7.59,low,0,0,0.06666666666666667
Dawn-Elysium,90,0.0395,1,Dawn,Elysium,3.95,very_low,0,1,0.07637231503579953
Caelum-Fenix,46,0.07618,0,Caelum,Fenix,7.62,low,0,0,0.07960199004975124
Aegis-Dawn,493,0.0746,0,Aegis,Dawn,7.46,low,0,0,0.08607594936708861
Aegis-Elysium,418,0.15338,0,Aegis,Elysium,15.34,medium,0,0,0.06801007556675064
Dawn-Fenix,160,0.11552,0,Dawn,Fenix,11.55,medium,0,0,0.07512953367875648
Caelum-Elysium,234,0.11149,0,Caelum,Elysium,11.15,medium,0,0,0.08208955223880597
Aegis-Dawn,384,0.06487,0,Aegis,Dawn,6.49,low,0,0,0.08607594936708861
Aegis-Elysium,380,0.00415,0,Aegis,Elysium,0.42,very_low,0,0,0.06801007556675064
Aegis-Boreas,264,0.0427,0,Aegis,Boreas,4.27,very_low,0,0,0.115
Boreas-Elysium,75,0.08054,0,Boreas,Elysium,8.05,low,0,0,0.08933002481389578
Dawn-Fenix,438,0.05411,0,Dawn,Fenix,5.41,low,0,0,0.07512953367875648
Elysium-Fenix,73,0.14665,0,Elysium,Fenix,14.66,medium,0,0,0.06666666666666667
Caelum-Fenix,436,0.18792,0,Caelum,Fenix,18.79,medium,0,0,0.07960199004975124
Boreas-Fenix,158,0.00451,0,Boreas,Fenix,0.45,very_low,0,0,0.10353535353535354
Boreas-Fenix,184,0.00356,0,Boreas,Fenix,0.36,very_low,0,0,0.10353535353535354
Boreas-Fenix,447,0.13799,1,Boreas,Fenix,13.8,medium,0,1,0.10353535353535354
Caelum-Fenix,408,0.17806,0,Caelum,Fenix,17.81,medium,0,0,0.07960199004975124
Aegis-Boreas,79,0.09955,0,Aegis,Boreas,9.96,low,0,0,0.115
Boreas-Elysium,24,0.03052,1,Boreas,Elysium,3.05,very_low,0,1,0.08933002481389578
Dawn-Fenix,483,0.0833,0,Dawn,Fenix,8.33,low,0,0,0.07512953367875648
Caelum-Dawn,77,0.05794,0,Caelum,Dawn,5.79,low,0,0,0.06666666666666667
Boreas-Dawn,444,0.20365,0,Boreas,Dawn,20.36,high,1,0,0.0761904761904762
Boreas-Dawn,361,0.19895,0,Boreas,Dawn,19.9,medium,0,0,0.0761904761904762
Boreas-Elysium,295,0.07575,0,Boreas,Elysium,7.58,low,0,0,0.08933002481389578
Aegis-Dawn,416,0.02144,1,Aegis,Dawn,2.14,very_low,0,1,0.08607594936708861
Aegis-Elysium,207,0.0834330688935281,0,Aegis,Elysium,8.34,low,0,0,0.06801007556675064
Caelum-Dawn,89,0.05111,0,Caelum,Dawn,5.11,low,0,0,0.06666666666666667
Dawn-Elysium,13,0.01671,0,Dawn,Elysium,1.67,very_low,0,0,0.07637231503579953
Boreas-Fenix,496,0.23685,0,Boreas,Fenix,23.68,high,1,0,0.10353535353535354
Caelum-Dawn,162,0.09145,0,Caelum,Dawn,9.14,low,0,0,0.06666666666666667
Boreas-Fenix,483,0.09868,0,Boreas,Fenix,9.87,low,0,0,0.10353535353535354
Aegis-Elysium,389,0.03968,0,Aegis,Elysium,3.97,very_low,0,0,0.06801007556675064
Caelum-Fenix,270,0.0776,0,Caelum,Fenix,7.76,low,0,0,0.07960199004975124
Caelum-Elysium,27,0.28455,0,Caelum,Elysium,28.46,high,1,0,0.08208955223880597
Dawn-Fenix,357,0.22496,0,Dawn,Fenix,22.5,high,1,0,0.07512953367875648
Boreas-Fenix,326,0.05986,0,Boreas,Fenix,5.99,low,0,0,0.10353535353535354
Boreas-Elysium,163,0.09526,0,Boreas,Elysium,9.53,low,0,0,0.08933002481389578
Caelum-Dawn,56,0.14279,0,Caelum,Dawn,14.28,medium,0,0,0.06666666666666667
Dawn-Fenix,283,0.00838,0,Dawn,Fenix,0.84,very_low,0,0,0.07512953367875648
Caelum-Dawn,57,0.00289,0,Caelum,Dawn,0.29,very_low,0,0,0.06666666666666667
Dawn-Elysium,105,0.1846,0,Dawn,Elysium,18.46,medium,0,0,0.07637231503579953
Boreas-Fenix,125,0.0834330688935281,0,Boreas,Fenix,8.34,low,0,0,0.10353535353535354
Aegis-Boreas,445,0.06245,0,Aegis,Boreas,6.24,low,0,0,0.115
Caelum-Elysium,338,0.00342,0,Caelum,Elysium,0.34,very_low,0,0,0.08208955223880597
Dawn-Elysium,179,0.00986,0,Dawn,Elysium,0.99,very_low,0,0,0.07637231503579953
Dawn-Fenix,78,0.05506,0,Dawn,Fenix,5.51,low,0,0,0.07512953367875648
Dawn-Elysium,2,0.04993,0,Dawn,Elysium,4.99,very_low,0,0,0.07637231503579953
Caelum-Fenix,410,0.05401,0,Caelum,Fenix,5.4,low,0,0,0.07960199004975124
Caelum-Elysium,139,0.11237,0,Caelum,Elysium,11.24,medium,0,0,0.08208955223880597
Aegis-Elysium,350,0.05325,0,Aegis,Elysium,5.32,low,0,0,0.06801007556675064
Aegis-Boreas,382,0.0623,0,Aegis,Boreas,6.23,low,0,0,0.115
Dawn-Fenix,201,0.10519,1,Dawn,Fenix,10.52,medium,0,1,0.07512953367875648
Boreas-Fenix,175,0.15771,0,Boreas,Fenix,15.77,medium,0,0,0.10353535353535354
Dawn-Fenix,441,0.073,0,Dawn,Fenix,7.3,low,0,0,0.07512953367875648
Elysium-Fenix,71,0.03974,0,Elysium,Fenix,3.97,very_low,0,0,0.06666666666666667
Caelum-Dawn,245,0.06031,0,Caelum,Dawn,6.03,low,0,0,0.06666666666666667
Aegis-Elysium,58,0.06938,0,Aegis,Elysium,6.94,low,0,0,0.06801007556675064
Aegis-Elysium,311,0.20801,0,Aegis,Elysium,20.8,high,1,0,0.06801007556675064
Dawn-Fenix,163,0.08588,0,Dawn,Fenix,8.59,low,0,0,0.07512953367875648
Dawn-Elysium,47,0.02916,0,Dawn,Elysium,2.92,very_low,0,0,0.07637231503579953
Dawn-Elysium,229,0.24667,0,Dawn,Elysium,24.67,high,1,0,0.07637231503579953
Elysium-Fenix,310,0.01129,0,Elysium,Fenix,1.13,very_low,0,0,0.06666666666666667
Caelum-Elysium,293,0.02524,0,Caelum,Elysium,2.52,very_low,0,0,0.08208955223880597
Dawn-Elysium,306,0.07302,0,Dawn,Elysium,7.3,low,0,0,0.07637231503579953
Boreas-Elysium,98,0.00681,1,Boreas,Elysium,0.68,very_low,0,1,0.08933002481389578
Caelum-Dawn,290,0.04777,0,Caelum,Dawn,4.78,very_low,0,0,0.06666666666666667
Boreas-Elysium,370,0.18489,0,Boreas,Elysium,18.49,medium,0,0,0.08933002481389578
Boreas-Fenix,331,0.08673,0,Boreas,Fenix,8.67,low,0,0,0.10353535353535354
Dawn-Fenix,367,0.05497,0,Dawn,Fenix,5.5,low,0,0,0.07512953367875648
Elysium-Fenix,425,0.01649,0,Elysium,Fenix,1.65,very_low,0,0,0.06666666666666667
Boreas-Fenix,7,0.1118,0,Boreas,Fenix,11.18,medium,0,0,0.10353535353535354
Caelum-Dawn,160,0.02645,0,Caelum,Dawn,2.64,very_low,0,0,0.06666666666666667
Elysium-Fenix,387,0.26132,0,Elysium,Fenix,26.13,high,1,0,0.06666666666666667
Boreas-Dawn,53,0.06728,0,Boreas,Dawn,6.73,low,0,0,0.0761904761904762
Boreas-Fenix,110,0.11585,0,Boreas,Fenix,11.58,medium,0,0,0.10353535353535354
Boreas-Elysium,242,0.01596,0,Boreas,Elysium,1.6,very_low,0,0,0.08933002481389578
Dawn-Fenix,170,0.00085,0,Dawn,Fenix,0.08,very_low,0,0,0.07512953367875648
Aegis-Boreas,136,0.05554,0,Aegis,Boreas,5.55,low,0,0,0.115
Caelum-Dawn,117,0.17363,0,Caelum,Dawn,17.36,medium,0,0,0.06666666666666667
Caelum-Elysium,296,0.00358,0,Caelum,Elysium,0.36,very_low,0,0,0.08208955223880597
Elysium-Fenix,495,0.01532,0,Elysium,Fenix,1.53,very_low,0,0,0.06666666666666667
Aegis-Boreas,392,0.03494,0,Aegis,Boreas,3.49,very_low,0,0,0.115
Caelum-Fenix,470,0.01513,0,Caelum,Fenix,1.51,very_low,0,0,0.07960199004975124
Boreas-Fenix,439,0.03574,0,Boreas,Fenix,3.57,very_low,0,0,0.10353535353535354
Boreas-Dawn,280,0.0385,0,Boreas,Dawn,3.85,very_low,0,0,0.0761904761904762
Elysium-Fenix,315,0.33824,0,Elysium,Fenix,33.82,high,1,0,0.06666666666666667
Dawn-Elysium,414,0.0834330688935281,0,Dawn,Elysium,8.34,low,0,0,0.07637231503579953
Aegis-Boreas,338,0.04249,0,Aegis,Boreas,4.25,very_low,0,0,0.115
Aegis-Dawn,467,0.20662,0,Aegis,Dawn,20.66,high,1,0,0.08607594936708861
Boreas-Fenix,67,0.15391,0,Boreas,Fenix,15.39,medium,0,0,0.10353535353535354
Aegis-Elysium,51,0.0337,0,Aegis,Elysium,3.37,very_low,0,0,0.06801007556675064
Dawn-Elysium,44,0.00395,0,Dawn,Elysium,0.4,very_low,0,0,0.07637231503579953
Caelum-Dawn,447,0.05876,0,Caelum,Dawn,5.88,low,0,0,0.06666666666666667
Aegis-Dawn,445,0.01917,0,Aegis,Dawn,1.92,very_low,0,0,0.08607594936708861
Caelum-Fenix,28,0.09363,0,Caelum,Fenix,9.36,low,0,0,0.07960199004975124
Dawn-Fenix,74,0.25614,0,Dawn,Fenix,25.61,high,1,0,0.07512953367875648
Caelum-Fenix,355,0.18344,0,Caelum,Fenix,18.34,medium,0,0,0.07960199004975124
Aegis-Elysium,353,0.16566,0,Aegis,Elysium,16.57,medium,0,0,0.06801007556675064
Elysium-Fenix,427,0.00115,0,Elysium,Fenix,0.12,very_low,0,0,0.06666666666666667
Boreas-Fenix,3,0.01678,0,Boreas,Fenix,1.68,very_low,0,0,0.10353535353535354
Boreas-Dawn,15,0.02769,0,Boreas,Dawn,2.77,very_low,0,0,0.0761904761904762
Boreas-Fenix,295,0.01814,0,Boreas,Fenix,1.81,very_low,0,0,0.10353535353535354
Aegis-Boreas,192,0.16068,0,Aegis,Boreas,16.07,medium,0,0,0.115
Caelum-Elysium,73,0.04453,0,Caelum,Elysium,4.45,very_low,0,0,0.08208955223880597
Caelum-Fenix,253,0.12595,0,Caelum,Fenix,12.6,medium,0,0,0.07960199004975124
Caelum-Elysium,1,0.10978,0,Caelum,Elysium,10.98,medium,0,0,0.08208955223880597
Dawn-Elysium,238,0.42692,0,Dawn,Elysium,42.69,very_high,1,0,0.07637231503579953
Caelum-Fenix,145,0.12229,0,Caelum,Fenix,12.23,medium,0,0,0.07960199004975124
Caelum-Fenix,259,0.04499,0,Caelum,Fenix,4.5,very_low,0,0,0.07960199004975124
Caelum-Elysium,180,0.01824,0,Caelum,Elysium,1.82,very_low,0,0,0.08208955223880597
Caelum-Fenix,461,0.2277,0,Caelum,Fenix,22.77,high,1,0,0.07960199004975124
Dawn-Elysium,250,0.0834330688935281,0,Dawn,Elysium,8.34,low,0,0,0.07637231503579953
Boreas-Dawn,395,0.215,0,Boreas,Dawn,21.5,high,1,0,0.0761904761904762
Aegis-Elysium,53,0.0834330688935281,0,Aegis,Elysium,8.34,low,0,0,0.06801007556675064
Caelum-Elysium,411,0.05566,0,Caelum,Elysium,5.57,low,0,0,0.08208955223880597
Boreas-Dawn,189,0.06583,0,Boreas,Dawn,6.58,low,0,0,0.0761904761904762
Caelum-Fenix,235,0.02724,0,Caelum,Fenix,2.72,very_low,0,0,0.07960199004975124
Caelum-Elysium,222,0.11851,0,Caelum,Elysium,11.85,medium,0,0,0.08208955223880597
Dawn-Elysium,322,0.17484,0,Dawn,Elysium,17.48,medium,0,0,0.07637231503579953
Dawn-Elysium,416,0.15325,0,Dawn,Elysium,15.32,medium,0,0,0.07637231503579953
Boreas-Fenix,235,0.25541,0,Boreas,Fenix,25.54,high,1,0,0.10353535353535354
Dawn-Fenix,63,0.06467,0,Dawn,Fenix,6.47,low,0,0,0.07512953367875648
Aegis-Dawn,380,0.02678,0,Aegis,Dawn,2.68,very_low,0,0,0.08607594936708861
Dawn-Fenix,477,0.0834330688935281,0,Dawn,Fenix,8.34,low,0,0,0.07512953367875648
Boreas-Elysium,41,0.00492,0,Boreas,Elysium,0.49,very_low,0,0,0.08933002481389578
Dawn-Fenix,26,0.11333,0,Dawn,Fenix,11.33,medium,0,0,0.07512953367875648
Caelum-Dawn,384,0.08551,0,Caelum,Dawn,8.55,low,0,0,0.06666666666666667
Boreas-Elysium,237,0.20386,0,Boreas,Elysium,20.39,high,1,0,0.08933002481389578
Dawn-Elysium,388,0.18085,0,Dawn,Elysium,18.08,medium,0,0,0.07637231503579953
Aegis-Dawn,404,0.08923,0,Aegis,Dawn,8.92,low,0,0,0.08607594936708861
Boreas-Dawn,421,0.01009,0,Boreas,Dawn,1.01,very_low,0,0,0.0761904761904762
Dawn-Elysium,212,0.04113,0,Dawn,Elysium,4.11,very_low,0,0,0.07637231503579953
Aegis-Dawn,31,0.04157,0,Aegis,Dawn,4.16,very_low,0,0,0.08607594936708861
Elysium-Fenix,167,0.15408,0,Elysium,Fenix,15.41,medium,0,0,0.06666666666666667
Boreas-Fenix,180,0.01008,0,Boreas,Fenix,1.01,very_low,0,0,0.10353535353535354
Dawn-Elysium,244,0.05628,0,Dawn,Elysium,5.63,low,0,0,0.07637231503579953
Boreas-Elysium,407,0.1421,0,Boreas,Elysium,14.21,medium,0,0,0.08933002481389578
Aegis-Boreas,390,0.07844,0,Aegis,Boreas,7.84,low,0,0,0.115
Aegis-Dawn,46,0.10259,0,Aegis,Dawn,10.26,medium,0,0,0.08607594936708861
Aegis-Boreas,138,0.29006,1,Aegis,Boreas,29.01,high,1,1,0.115
Caelum-Dawn,155,0.16674,0,Caelum,Dawn,16.67,medium,0,0,0.06666666666666667
Caelum-Elysium,170,0.06511,0,Caelum,Elysium,6.51,low,0,0,0.08208955223880597
Dawn-Elysium,428,0.14776,0,Dawn,Elysium,14.78,medium,0,0,0.07637231503579953
Aegis-Elysium,438,0.05157,0,Aegis,Elysium,5.16,low,0,0,0.06801007556675064
Caelum-Elysium,475,0.08146,0,Caelum,Elysium,8.15,low,0,0,0.08208955223880597
Boreas-Fenix,127,0.05677,0,Boreas,Fenix,5.68,low,0,0,0.10353535353535354
Caelum-Dawn,49,0.12618,0,Caelum,Dawn,12.62,medium,0,0,0.06666666666666667
Boreas-Dawn,380,0.0834330688935281,0,Boreas,Dawn,8.34,low,0,0,0.0761904761904762
Boreas-Dawn,461,0.03173,0,Boreas,Dawn,3.17,very_low,0,0,0.0761904761904762
Elysium-Fenix,70,0.03473,0,Elysium,Fenix,3.47,very_low,0,0,0.06666666666666667
Caelum-Fenix,296,0.0767,0,Caelum,Fenix,7.67,low,0,0,0.07960199004975124
Boreas-Fenix,395,0.01901,0,Boreas,Fenix,1.9,very_low,0,0,0.10353535353535354
Caelum-Elysium,24,0.03819,0,Caelum,Elysium,3.82,very_low,0,0,0.08208955223880597
Boreas-Dawn,482,0.05474,0,Boreas,Dawn,5.47,low,0,0,0.0761904761904762
Aegis-Dawn,71,0.10792,0,Aegis,Dawn,10.79,medium,0,0,0.08607594936708861
Boreas-Dawn,462,0.12943,0,Boreas,Dawn,12.94,medium,0,0,0.0761904761904762
Dawn-Fenix,260,0.15067,0,Dawn,Fenix,15.07,medium,0,0,0.07512953367875648
Aegis-Boreas,90,0.09152,0,Aegis,Boreas,9.15,low,0,0,0.115
Boreas-Elysium,112,0.08167,0,Boreas,Elysium,8.17,low,0,0,0.08933002481389578
Dawn-Elysium,23,0.02381,0,Dawn,Elysium,2.38,very_low,0,0,0.07637231503579953
Aegis-Boreas,372,0.1168,0,Aegis,Boreas,11.68,medium,0,0,0.115
Elysium-Fenix,9,0.02594,0,Elysium,Fenix,2.59,very_low,0,0,0.06666666666666667
Aegis-Boreas,317,0.0834330688935281,0,Aegis,Boreas,8.34,low,0,0,0.115
Aegis-Dawn,158,0.10213,1,Aegis,Dawn,10.21,medium,0,1,0.08607594936708861
Aegis-Dawn,116,0.00786,0,Aegis,Dawn,0.79,very_low,0,0,0.08607594936708861
Aegis-Boreas,106,0.03085,0,Aegis,Boreas,3.08,very_low,0,0,0.115
Dawn-Elysium,49,0.12913,0,Dawn,Elysium,12.91,medium,0,0,0.07637231503579953
Caelum-Dawn,351,0.25574,0,Caelum,Dawn,25.57,high,1,0,0.06666666666666667
Aegis-Boreas,272,0.11869,0,Aegis,Boreas,11.87,medium,0,0,0.115
Boreas-Fenix,191,0.04726,0,Boreas,Fenix,4.73,very_low,0,0,0.10353535353535354
Aegis-Elysium,189,0.11729,0,Aegis,Elysium,11.73,medium,0,0,0.06801007556675064
Aegis-Elysium,23,0.0834330688935281,0,Aegis,Elysium,8.34,low,0,0,0.06801007556675064
Dawn-Elysium,307,0.083,0,Dawn,Elysium,8.3,low,0,0,0.07637231503579953
Boreas-Dawn,329,0.1085,0,Boreas,Dawn,10.85,medium,0,0,0.0761904761904762
Boreas-Dawn,210,0.1049,0,Boreas,Dawn,10.49,medium,0,0,0.0761904761904762
Boreas-Fenix,254,0.35293,0,Boreas,Fenix,35.29,very_high,1,0,0.10353535353535354
Caelum-Elysium,266,0.03478,0,Caelum,Elysium,3.48,very_low,0,0,0.08208955223880597
Dawn-Elysium,267,0.01452,0,Dawn,Elysium,1.45,very_low,0,0,0.07637231503579953
Caelum-Dawn,214,0.06184,0,Caelum,Dawn,6.18,low,0,0,0.06666666666666667
Aegis-Elysium,205,0.02033,0,Aegis,Elysium,2.03,very_low,0,0,0.06801007556675064
Dawn-Fenix,279,0.1318,0,Dawn,Fenix,13.18,medium,0,0,0.07512953367875648
Aegis-Boreas,427,0.0834330688935281,0,Aegis,Boreas,8.34,low,0,0,0.115
Aegis-Elysium,285,0.05165,0,Aegis,Elysium,5.16,low,0,0,0.06801007556675064
Aegis-Elysium,385,0.12557,0,Aegis,Elysium,12.56,medium,0,0,0.06801007556675064
Caelum-Elysium,420,0.20992,0,Caelum,Elysium,20.99,high,1,0,0.08208955223880597
Caelum-Fenix,15,0.08116,0,Caelum,Fenix,8.12,low,0,0,0.07960199004975124
Caelum-Dawn,121,0.05707,0,Caelum,Dawn,5.71,low,0,0,0.06666666666666667
Boreas-Dawn,26,0.02975,0,Boreas,Dawn,2.97,very_low,0,0,0.0761904761904762
Elysium-Fenix,292,0.14635,0,Elysium,Fenix,14.64,medium,0,0,0.06666666666666667
Elysium-Fenix,124,0.13275,0,Elysium,Fenix,13.28,medium,0,0,0.06666666666666667
Aegis-Elysium,29,0.01852,0,Aegis,Elysium,1.85,very_low,0,0,0.06801007556675064
Aegis-Boreas,202,0.0221,0,Aegis,Boreas,2.21,very_low,0,0,0.115
Aegis-Dawn,392,0.01398,0,Aegis,Dawn,1.4,very_low,0,0,0.08607594936708861
Boreas-Elysium,304,0.21939,0,Boreas,Elysium,21.94,high,1,0,0.08933002481389578
Boreas-Elysium,366,0.07776,0,Boreas,Elysium,7.78,low,0,0,0.08933002481389578
Aegis-Elysium,197,0.10094,0,Aegis,Elysium,10.09,medium,0,0,0.06801007556675064
Caelum-Elysium,434,0.02494,0,Caelum,Elysium,2.49,very_low,0,0,0.08208955223880597
Dawn-Elysium,275,0.08632,0,Dawn,Elysium,8.63,low,0,0,0.07637231503579953
Dawn-Fenix,250,0.01832,0,Dawn,Fenix,1.83,very_low,0,0,0.07512953367875648
Caelum-Dawn,465,0.09844,0,Caelum,Dawn,9.84,low,0,0,0.06666666666666667
Aegis-Boreas,59,0.01739,1,Aegis,Boreas,1.74,very_low,0,1,0.115
Caelum-Dawn,334,0.01893,0,Caelum,Dawn,1.89,very_low,0,0,0.06666666666666667
Elysium-Fenix,499,0.0023,0,Elysium,Fenix,0.23,very_low,0,0,0.06666666666666667
Aegis-Dawn,335,0.05542,0,Aegis,Dawn,5.54,low,0,0,0.08607594936708861
Boreas-Dawn,19,0.18068,1,Boreas,Dawn,18.07,medium,0,1,0.0761904761904762
Aegis-Dawn,457,0.07517,0,Aegis,Dawn,7.52,low,0,0,0.08607594936708861
Aegis-Boreas,39,0.02705,0,Aegis,Boreas,2.7,very_low,0,0,0.115
Boreas-Fenix,17,0.01267,0,Boreas,Fenix,1.27,very_low,0,0,0.10353535353535354
Dawn-Elysium,42,0.08267,0,Dawn,Elysium,8.27,low,0,0,0.07637231503579953
Boreas-Elysium,485,0.0477,0,Boreas,Elysium,4.77,very_low,0,0,0.08933002481389578
Boreas-Fenix,75,0.02373,0,Boreas,Fenix,2.37,very_low,0,0,0.10353535353535354
Caelum-Elysium,168,0.0834330688935281,1,Caelum,Elysium,8.34,low,0,1,0.08208955223880597
Dawn-Elysium,39,0.08719,0,Dawn,Elysium,8.72,low,0,0,0.07637231503579953
Aegis-Elysium,335,0.25624,0,Aegis,Elysium,25.62,high,1,0,0.06801007556675064
Caelum-Fenix,324,0.03408,0,Caelum,Fenix,3.41,very_low,0,0,0.07960199004975124
Caelum-Fenix,176,0.17647,0,Caelum,Fenix,17.65,medium,0,0,0.07960199004975124
Boreas-Elysium,364,0.03516,0,Boreas,Elysium,3.52,very_low,0,0,0.08933002481389578
Boreas-Dawn,44,0.11354,0,Boreas,Dawn,11.35,medium,0,0,0.0761904761904762
Boreas-Fenix,317,0.24955,0,Boreas,Fenix,24.96,high,1,0,0.10353535353535354
Aegis-Boreas,260,0.03888,0,Aegis,Boreas,3.89,very_low,0,0,0.115
Boreas-Elysium,17,0.26281,0,Boreas,Elysium,26.28,high,1,0,0.08933002481389578
Elysium-Fenix,375,0.00807,0,Elysium,Fenix,0.81,very_low,0,0,0.06666666666666667
Aegis-Elysium,332,0.01569,0,Aegis,Elysium,1.57,very_low,0,0,0.06801007556675064
Boreas-Fenix,273,0.14762,0,Boreas,Fenix,14.76,medium,0,0,0.10353535353535354
Dawn-Elysium,385,0.02015,0,Dawn,Elysium,2.02,very_low,0,0,0.07637231503579953
Boreas-Fenix,367,0.12505,0,Boreas,Fenix,12.5,medium,0,0,0.10353535353535354
Caelum-Elysium,65,0.00395,0,Caelum,Elysium,0.4,very_low,0,0,0.08208955223880597
Caelum-Fenix,87,0.08742,0,Caelum,Fenix,8.74,low,0,0,0.07960199004975124
Aegis-Dawn,40,0.12932,0,Aegis,Dawn,12.93,medium,0,0,0.08607594936708861
Caelum-Elysium,151,0.0814,0,Caelum,Elysium,8.14,low,0,0,0.08208955223880597
Boreas-Fenix,413,0.13821,0,Boreas,Fenix,13.82,medium,0,0,0.10353535353535354
Dawn-Elysium,94,0.24474,0,Dawn,Elysium,24.47,high,1,0,0.07637231503579953
Aegis-Boreas,116,0.06688,0,Aegis,Boreas,6.69,low,0,0,0.115
Aegis-Dawn,429,0.0186,1,Aegis,Dawn,1.86,very_low,0,1,0.08607594936708861
Dawn-Fenix,94,0.11722,0,Dawn,Fenix,11.72,medium,0,0,0.07512953367875648
Caelum-Elysium,39,0.01555,0,Caelum,Elysium,1.56,very_low,0,0,0.08208955223880597
Aegis-Elysium,429,0.00225,0,Aegis,Elysium,0.22,very_low,0,0,0.06801007556675064
Boreas-Elysium,475,0.0551,0,Boreas,Elysium,5.51,low,0,0,0.08933002481389578
Dawn-Fenix,154,0.19963,0,Dawn,Fenix,19.96,medium,0,0,0.07512953367875648
Dawn-Fenix,119,0.00881,0,Dawn,Fenix,0.88,very_low,0,0,0.07512953367875648
Caelum-Dawn,497,0.1034,1,Caelum,Dawn,10.34,medium,0,1,0.06666666666666667
Caelum-Elysium,337,0.01956,0,Caelum,Elysium,1.96,very_low,0,0,0.08208955223880597
Boreas-Fenix,208,0.1385,0,Boreas,Fenix,13.85,medium,0,0,0.10353535353535354
Elysium-Fenix,356,0.1563,0,Elysium,Fenix,15.63,medium,0,0,0.06666666666666667
Dawn-Elysium,246,0.03937,1,Dawn,Elysium,3.94,very_low,0,1,0.07637231503579953
Aegis-Boreas,68,0.04785,0,Aegis,Boreas,4.78,very_low,0,0,0.115
Aegis-Dawn,318,0.01478,0,Aegis,Dawn,1.48,very_low,0,0,0.08607594936708861
Boreas-Dawn,292,0.01345,1,Boreas,Dawn,1.34,very_low,0,1,0.0761904761904762
Aegis-Dawn,332,0.14933,0,Aegis,Dawn,14.93,medium,0,0,0.08607594936708861
Aegis-Dawn,311,0.24569,0,Aegis,Dawn,24.57,high,1,0,0.08607594936708861
Boreas-Elysium,441,0.20249,0,Boreas,Elysium,20.25,high,1,0,0.08933002481389578
Aegis-Boreas,77,0.32533,0,Aegis,Boreas,32.53,high,1,0,0.115
Dawn-Fenix,285,0.06216,0,Dawn,Fenix,6.22,low,0,0,0.07512953367875648
Elysium-Fenix,87,0.21407,0,Elysium,Fenix,21.41,high,1,0,0.06666666666666667
Boreas-Elysium,495,0.00985,0,Boreas,Elysium,0.98,very_low,0,0,0.08933002481389578
Boreas-Dawn,403,0.0162,0,Boreas,Dawn,1.62,very_low,0,0,0.0761904761904762
Aegis-Boreas,111,0.05388,0,Aegis,Boreas,5.39,low,0,0,0.115
Aegis-Elysium,232,0.0834330688935281,0,Aegis,Elysium,8.34,low,0,0,0.06801007556675064
Dawn-Elysium,196,0.16815,0,Dawn,Elysium,16.81,medium,0,0,0.07637231503579953
Aegis-Elysium,216,0.02198,0,Aegis,Elysium,2.2,very_low,0,0,0.06801007556675064
Boreas-Dawn,194,0.01827,0,Boreas,Dawn,1.83,very_low,0,0,0.0761904761904762
Caelum-Elysium,416,0.04064,0,Caelum,Elysium,4.06,very_low,0,0,0.08208955223880597
Caelum-Elysium,371,0.08006,0,Caelum,Elysium,8.01,low,0,0,0.08208955223880597
Caelum-Fenix,117,0.12027,0,Caelum,Fenix,12.03,medium,0,0,0.07960199004975124
Caelum-Dawn,115,0.09243,0,Caelum,Dawn,9.24,low,0,0,0.06666666666666667
Aegis-Elysium,142,0.04301,0,Aegis,Elysium,4.3,very_low,0,0,0.06801007556675064
Aegis-Elysium,91,0.07972,1,Aegis,Elysium,7.97,low,0,1,0.06801007556675064
Dawn-Fenix,39,0.00039,0,Dawn,Fenix,0.04,very_low,0,0,0.07512953367875648
Aegis-Elysium,486,0.03406,0,Aegis,Elysium,3.41,very_low,0,0,0.06801007556675064
Dawn-Elysium,456,0.09984,0,Dawn,Elysium,9.98,low,0,0,0.07637231503579953
Aegis-Boreas,16,0.29867,0,Aegis,Boreas,29.87,high,1,0,0.115
Boreas-Elysium,85,0.01473,1,Boreas,Elysium,1.47,very_low,0,1,0.08933002481389578
Elysium-Fenix,130,0.03216,0,Elysium,Fenix,3.22,very_low,0,0,0.06666666666666667
Caelum-Fenix,283,0.06216,0,Caelum,Fenix,6.22,low,0,0,0.07960199004975124
Boreas-Elysium,171,0.03332,0,Boreas,Elysium,3.33,very_low,0,0,0.08933002481389578
Aegis-Dawn,235,0.01365,0,Aegis,Dawn,1.36,very_low,0,0,0.08607594936708861
Caelum-Dawn,485,0.22296,0,Caelum,Dawn,22.3,high,1,0,0.06666666666666667
Caelum-Fenix,219,0.02131,0,Caelum,Fenix,2.13,very_low,0,0,0.07960199004975124
Dawn-Fenix,106,0.07649,0,Dawn,Fenix,7.65,low,0,0,0.07512953367875648
Caelum-Fenix,469,0.0834330688935281,0,Caelum,Fenix,8.34,low,0,0,0.07960199004975124
Caelum-Elysium,2,0.0834330688935281,0,Caelum,Elysium,8.34,low,0,0,0.08208955223880597
Caelum-Fenix,310,0.24408,1,Caelum,Fenix,24.41,high,1,1,0.07960199004975124
Caelum-Elysium,445,0.19746,0,Caelum,Elysium,19.75,medium,0,0,0.08208955223880597
Boreas-Elysium,228,0.09454,0,Boreas,Elysium,9.45,low,0,0,0.08933002481389578
Boreas-Fenix,88,0.08237,0,Boreas,Fenix,8.24,low,0,0,0.10353535353535354
Aegis-Dawn,338,0.03208,0,Aegis,Dawn,3.21,very_low,0,0,0.08607594936708861
Caelum-Elysium,363,0.06995,0,Caelum,Elysium,7.0,low,0,0,0.08208955223880597
Boreas-Fenix,435,0.10659,0,Boreas,Fenix,10.66,medium,0,0,0.10353535353535354
Boreas-Dawn,29,0.08541,1,Boreas,Dawn,8.54,low,0,1,0.0761904761904762
Caelum-Fenix,17,0.09544,0,Caelum,Fenix,9.54,low,0,0,0.07960199004975124
Caelum-Elysium,409,0.09044,0,Caelum,Elysium,9.04,low,0,0,0.08208955223880597
Boreas-Dawn,433,0.12826,0,Boreas,Dawn,12.83,medium,0,0,0.0761904761904762
Boreas-Elysium,207,0.07381,0,Boreas,Elysium,7.38,low,0,0,0.08933002481389578
Caelum-Elysium,280,0.09856,0,Caelum,Elysium,9.86,low,0,0,0.08208955223880597
Elysium-Fenix,174,0.11222,0,Elysium,Fenix,11.22,medium,0,0,0.06666666666666667
Dawn-Fenix,287,0.00581,0,Dawn,Fenix,0.58,very_low,0,0,0.07512953367875648
Dawn-Elysium,413,0.00333,0,Dawn,Elysium,0.33,very_low,0,0,0.07637231503579953
Dawn-Fenix,369,0.08679,0,Dawn,Fenix,8.68,low,0,0,0.07512953367875648
Boreas-Elysium,464,0.09259,0,Boreas,Elysium,9.26,low,0,0,0.08933002481389578
Aegis-Elysium,493,0.10833,0,Aegis,Elysium,10.83,medium,0,0,0.06801007556675064
Boreas-Elysium,371,0.0834330688935281,0,Boreas,Elysium,8.34,low,0,0,0.08933002481389578
Dawn-Elysium,297,0.03537,0,Dawn,Elysium,3.54,very_low,0,0,0.07637231503579953
Boreas-Elysium,173,0.02965,0,Boreas,Elysium,2.96,very_low,0,0,0.08933002481389578
Caelum-Fenix,58,0.00044,0,Caelum,Fenix,0.04,very_low,0,0,0.07960199004975124
Boreas-Dawn,351,0.04764,0,Boreas,Dawn,4.76,very_low,0,0,0.0761904761904762
Caelum-Elysium,398,0.22576,0,Caelum,Elysium,22.58,high,1,0,0.08208955223880597
Caelum-Elysium,128,0.16442,1,Caelum,Elysium,16.44,medium,0,1,0.08208955223880597
Aegis-Boreas,4,0.06197,0,Aegis,Boreas,6.2,low,0,0,0.115
Caelum-Dawn,175,0.00352,0,Caelum,Dawn,0.35,very_low,0,0,0.06666666666666667
Aegis-Dawn,462,0.07318,0,Aegis,Dawn,7.32,low,0,0,0.08607594936708861
Boreas-Fenix,382,0.11161,0,Boreas,Fenix,11.16,medium,0,0,0.10353535353535354
Aegis-Boreas,47,0.08217,0,Aegis,Boreas,8.22,low,0,0,0.115
Elysium-Fenix,131,0.27161,0,Elysium,Fenix,27.16,high,1,0,0.06666666666666667
Boreas-Fenix,493,0.05981,1,Boreas,Fenix,5.98,low,0,1,0.10353535353535354
Aegis-Dawn,468,0.02163,0,Aegis,Dawn,2.16,very_low,0,0,0.08607594936708861
Dawn-Elysium,419,0.06083,0,Dawn,Elysium,6.08,low,0,0,0.07637231503579953
Aegis-Boreas,387,0.04404,0,Aegis,Boreas,4.4,very_low,0,0,0.115
Dawn-Elysium,289,0.0975,0,Dawn,Elysium,9.75,low,0,0,0.07637231503579953
Aegis-Dawn,356,0.00608,0,Aegis,Dawn,0.61,very_low,0,0,0.08607594936708861
Boreas-Dawn,269,0.04431,0,Boreas,Dawn,4.43,very_low,0,0,0.0761904761904762
Boreas-Fenix,28,0.09122,0,Boreas,Fenix,9.12,low,0,0,0.10353535353535354
Dawn-Fenix,465,0.09682,0,Dawn,Fenix,9.68,low,0,0,0.07512953367875648
Aegis-Boreas,104,0.15379,0,Aegis,Boreas,15.38,medium,0,0,0.115
Aegis-Dawn,456,0.25026,0,Aegis,Dawn,25.03,high,1,0,0.08607594936708861
Caelum-Elysium,478,0.03614,0,Caelum,Elysium,3.61,very_low,0,0,0.08208955223880597
Dawn-Fenix,282,0.01607,0,Dawn,Fenix,1.61,very_low,0,0,0.07512953367875648
Aegis-Elysium,22,0.09789,0,Aegis,Elysium,9.79,low,0,0,0.06801007556675064
Dawn-Fenix,319,0.07587,0,Dawn,Fenix,7.59,low,0,0,0.07512953367875648
Boreas-Fenix,330,0.0834330688935281,0,Boreas,Fenix,8.34,low,0,0,0.10353535353535354
Caelum-Elysium,15,0.07601,0,Caelum,Elysium,7.6,low,0,0,0.08208955223880597
Aegis-Elysium,171,0.01878,0,Aegis,Elysium,1.88,very_low,0,0,0.06801007556675064
Dawn-Elysium,96,0.09366,0,Dawn,Elysium,9.37,low,0,0,0.07637231503579953
Caelum-Fenix,79,0.09685,0,Caelum,Fenix,9.68,low,0,0,0.07960199004975124
Caelum-Fenix,287,0.00491,0,Caelum,Fenix,0.49,very_low,0,0,0.07960199004975124
Aegis-Elysium,415,0.06708,0,Aegis,Elysium,6.71,low,0,0,0.06801007556675064
Caelum-Fenix,193,0.05793,0,Caelum,Fenix,5.79,low,0,0,0.07960199004975124
Dawn-Elysium,368,0.13759,1,Dawn,Elysium,13.76,medium,0,1,0.07637231503579953
Aegis-Dawn,227,0.18521,1,Aegis,Dawn,18.52,medium,0,1,0.08607594936708861
Aegis-Elysium,105,0.10215,0,Aegis,Elysium,10.22,medium,0,0,0.06801007556675064
Aegis-Elysium,101,0.0122,0,Aegis,Elysium,1.22,very_low,0,0,0.06801007556675064
Aegis-Dawn,191,0.0176,0,Aegis,Dawn,1.76,very_low,0,0,0.08607594936708861
Dawn-Elysium,431,0.31777,1,Dawn,Elysium,31.78,high,1,1,0.07637231503579953
Boreas-Dawn,483,0.21582,0,Boreas,Dawn,21.58,high,1,0,0.0761904761904762
Boreas-Fenix,203,0.03688,0,Boreas,Fenix,3.69,very_low,0,0,0.10353535353535354
Aegis-Dawn,280,0.2402,0,Aegis,Dawn,24.02,high,1,0,0.08607594936708861
Aegis-Dawn,348,0.07497,0,Aegis,Dawn,7.5,low,0,0,0.08607594936708861
Boreas-Dawn,133,0.02594,0,Boreas,Dawn,2.59,very_low,0,0,0.0761904761904762
Boreas-Elysium,92,0.03674,0,Boreas,Elysium,3.67,very_low,0,0,0.08933002481389578
Boreas-Dawn,113,0.03044,0,Boreas,Dawn,3.04,very_low,0,0,0.0761904761904762
Dawn-Elysium,464,0.0834330688935281,0,Dawn,Elysium,8.34,low,0,0,0.07637231503579953
Elysium-Fenix,215,0.02822,0,Elysium,Fenix,2.82,very_low,0,0,0.06666666666666667
Dawn-Elysium,256,0.09874,0,Dawn,Elysium,9.87,low,0,0,0.07637231503579953
Aegis-Elysium,236,0.04169,0,Aegis,Elysium,4.17,very_low,0,0,0.06801007556675064
Aegis-Boreas,318,0.46017,0,Aegis,Boreas,46.02,very_high,1,0,0.115
Dawn-Elysium,366,0.11529,1,Dawn,Elysium,11.53,medium,0,1,0.07637231503579953
Caelum-Elysium,25,0.27126,0,Caelum,Elysium,27.13,high,1,0,0.08208955223880597
Caelum-Dawn,19,0.04542,0,Caelum,Dawn,4.54,very_low,0,0,0.06666666666666667
Aegis-Boreas,99,0.17946,0,Aegis,Boreas,17.95,medium,0,0,0.115
Caelum-Fenix,175,0.08483,0,Caelum,Fenix,8.48,low,0,0,0.07960199004975124
Boreas-Dawn,284,0.26828,0,Boreas,Dawn,26.83,high,1,0,0.0761904761904762
Aegis-Elysium,349,0.08959,0,Aegis,Elysium,8.96,low,0,0,0.06801007556675064
Boreas-Elysium,198,0.06733,0,Boreas,Elysium,6.73,low,0,0,0.08933002481389578
Aegis-Dawn,133,0.14352,0,Aegis,Dawn,14.35,medium,0,0,0.08607594936708861
Aegis-Dawn,464,0.00072,0,Aegis,Dawn,0.07,very_low,0,0,0.08607594936708861
Boreas-Dawn,241,0.05079,0,Boreas,Dawn,5.08,low,0,0,0.0761904761904762
Boreas-Fenix,54,0.01584,0,Boreas,Fenix,1.58,very_low,0,0,0.10353535353535354
Dawn-Fenix,70,0.13426,0,Dawn,Fenix,13.43,medium,0,0,0.07512953367875648
Boreas-Elysium,424,0.05932,0,Boreas,Elysium,5.93,low,0,0,0.08933002481389578
Aegis-Dawn,43,0.05444,0,Aegis,Dawn,5.44,low,0,0,0.08607594936708861
Boreas-Elysium,260,0.05235,0,Boreas,Elysium,5.24,low,0,0,0.08933002481389578
Elysium-Fenix,53,0.02955,0,Elysium,Fenix,2.96,very_low,0,0,0.06666666666666667
Caelum-Dawn,116,0.05256,0,Caelum,Dawn,5.26,low,0,0,0.06666666666666667
Caelum-Fenix,34,0.11744,0,Caelum,Fenix,11.74,medium,0,0,0.07960199004975124
Caelum-Dawn,146,0.09791,0,Caelum,Dawn,9.79,low,0,0,0.06666666666666667
Boreas-Elysium,31,0.01738,0,Boreas,Elysium,1.74,very_low,0,0,0.08933002481389578
Dawn-Fenix,68,0.0834330688935281,0,Dawn,Fenix,8.34,low,0,0,0.07512953367875648
Caelum-Fenix,482,0.01664,0,Caelum,Fenix,1.66,very_low,0,0,0.07960199004975124
Dawn-Fenix,289,0.0834330688935281,0,Dawn,Fenix,8.34,low,0,0,0.07512953367875648
Aegis-Elysium,422,0.17213,0,Aegis,Elysium,17.21,medium,0,0,0.06801007556675064
Aegis-Boreas,290,0.04693,0,Aegis,Boreas,4.69,very_low,0,0,0.115
Elysium-Fenix,153,0.0834330688935281,0,Elysium,Fenix,8.34,low,0,0,0.06666666666666667
Caelum-Elysium,354,0.09335,0,Caelum,Elysium,9.34,low,0,0,0.08208955223880597
Dawn-Elysium,296,0.05803,0,Dawn,Elysium,5.8,low,0,0,0.07637231503579953
Aegis-Boreas,254,0.0834330688935281,0,Aegis,Boreas,8.34,low,0,0,0.115
Dawn-Elysium,61,0.0849,0,Dawn,Elysium,8.49,low,0,0,0.07637231503579953
Boreas-Elysium,114,0.07569,0,Boreas,Elysium,7.57,low,0,0,0.08933002481389578
Aegis-Boreas,170,0.01287,0,Aegis,Boreas,1.29,very_low,0,0,0.115
Boreas-Dawn,180,0.07581,0,Boreas,Dawn,7.58,low,0,0,0.0761904761904762
Boreas-Dawn,259,0.12662,0,Boreas,Dawn,12.66,medium,0,0,0.0761904761904762
Boreas-Elysium,238,0.05637,0,Boreas,Elysium,5.64,low,0,0,0.08933002481389578
Boreas-Elysium,387,0.06134,0,Boreas,Elysium,6.13,low,0,0,0.08933002481389578
Boreas-Fenix,354,0.09107,0,Boreas,Fenix,9.11,low,0,0,0.10353535353535354
Caelum-Elysium,414,0.13281,0,Caelum,Elysium,13.28,medium,0,0,0.08208955223880597
Dawn-Fenix,98,0.01172,0,Dawn,Fenix,1.17,very_low,0,0,0.07512953367875648
Caelum-Fenix,257,0.0834330688935281,0,Caelum,Fenix,8.34,low,0,0,0.07960199004975124
Boreas-Elysium,22,0.00455,0,Boreas,Elysium,0.46,very_low,0,0,0.08933002481389578
Aegis-Elysium,324,0.08391,0,Aegis,Elysium,8.39,low,0,0,0.06801007556675064
Aegis-Dawn,246,0.00364,0,Aegis,Dawn,0.36,very_low,0,0,0.08607594936708861
Dawn-Elysium,305,0.09291,0,Dawn,Elysium,9.29,low,0,0,0.07637231503579953
Caelum-Elysium,466,0.24528,1,Caelum,Elysium,24.53,high,1,1,0.08208955223880597
Dawn-Fenix,275,0.01532,0,Dawn,Fenix,1.53,very_low,0,0,0.07512953367875648
Caelum-Fenix,223,0.017,1,Caelum,Fenix,1.7,very_low,0,1,0.07960199004975124
Dawn-Fenix,241,0.03173,0,Dawn,Fenix,3.17,very_low,0,0,0.07512953367875648
Caelum-Dawn,187,0.00323,0,Caelum,Dawn,0.32,very_low,0,0,0.06666666666666667
Dawn-Fenix,38,0.01673,0,Dawn,Fenix,1.67,very_low,0,0,0.07512953367875648
Dawn-Fenix,149,0.03677,0,Dawn,Fenix,3.68,very_low,0,0,0.07512953367875648
Aegis-Dawn,119,0.0651,0,Aegis,Dawn,6.51,low,0,0,0.08607594936708861
Aegis-Dawn,138,0.01814,0,Aegis,Dawn,1.81,very_low,0,0,0.08607594936708861
Aegis-Dawn,379,0.11364,0,Aegis,Dawn,11.36,medium,0,0,0.08607594936708861
Dawn-Fenix,295,0.04076,1,Dawn,Fenix,4.08,very_low,0,1,0.07512953367875648
Dawn-Fenix,100,0.04841,0,Dawn,Fenix,4.84,very_low,0,0,0.07512953367875648
Aegis-Dawn,197,0.12761,0,Aegis,Dawn,12.76,medium,0,0,0.08607594936708861
Aegis-Elysium,484,0.00199,0,Aegis,Elysium,0.2,very_low,0,0,0.06801007556675064
Caelum-Elysium,364,0.02824,0,Caelum,Elysium,2.82,very_low,0,0,0.08208955223880597
Dawn-Fenix,423,0.07759,0,Dawn,Fenix,7.76,low,0,0,0.07512953367875648
Aegis-Boreas,484,0.04433,0,Aegis,Boreas,4.43,very_low,0,0,0.115
Caelum-Fenix,22,0.06122,0,Caelum,Fenix,6.12,low,0,0,0.07960199004975124
Dawn-Fenix,430,0.04091,0,Dawn,Fenix,4.09,very_low,0,0,0.07512953367875648
Aegis-Dawn,209,0.02968,0,Aegis,Dawn,2.97,very_low,0,0,0.08607594936708861
Aegis-Boreas,470,0.09001,0,Aegis,Boreas,9.0,low,0,0,0.115
Dawn-Fenix,397,0.03067,0,Dawn,Fenix,3.07,very_low,0,0,0.07512953367875648
Caelum-Elysium,176,0.04485,0,Caelum,Elysium,4.49,very_low,0,0,0.08208955223880597
Boreas-Elysium,50,0.07073,0,Boreas,Elysium,7.07,low,0,0,0.08933002481389578
Dawn-Elysium,165,0.05301,0,Dawn,Elysium,5.3,low,0,0,0.07637231503579953
Caelum-Dawn,211,0.10597,0,Caelum,Dawn,10.6,medium,0,0,0.06666666666666667
Boreas-Elysium,56,0.01749,0,Boreas,Elysium,1.75,very_low,0,0,0.08933002481389578
Dawn-Fenix,272,0.12519,0,Dawn,Fenix,12.52,medium,0,0,0.07512953367875648
Caelum-Dawn,492,0.02096,1,Caelum,Dawn,2.1,very_low,0,1,0.06666666666666667
Aegis-Elysium,57,0.01315,0,Aegis,Elysium,1.32,very_low,0,0,0.06801007556675064
Boreas-Elysium,410,0.0296,0,Boreas,Elysium,2.96,very_low,0,0,0.08933002481389578
Aegis-Elysium,419,0.06308,0,Aegis,Elysium,6.31,low,0,0,0.06801007556675064
Elysium-Fenix,43,0.05883,0,Elysium,Fenix,5.88,low,0,0,0.06666666666666667
Aegis-Boreas,335,0.07781,0,Aegis,Boreas,7.78,low,0,0,0.115
Boreas-Dawn,192,0.15187,1,Boreas,Dawn,15.19,medium,0,1,0.0761904761904762
Caelum-Fenix,225,0.06268,0,Caelum,Fenix,6.27,low,0,0,0.07960199004975124
Dawn-Fenix,376,0.21409,0,Dawn,Fenix,21.41,high,1,0,0.07512953367875648
Elysium-Fenix,166,0.06356,0,Elysium,Fenix,6.36,low,0,0,0.06666666666666667
Aegis-Elysium,201,0.00101,0,Aegis,Elysium,0.1,very_low,0,0,0.06801007556675064
Dawn-Fenix,315,0.02413,0,Dawn,Fenix,2.41,very_low,0,0,0.07512953367875648
Dawn-Elysium,33,0.02433,0,Dawn,Elysium,2.43,very_low,0,0,0.07637231503579953
Boreas-Elysium,249,0.10208,1,Boreas,Elysium,10.21,medium,0,1,0.08933002481389578
Caelum-Dawn,299,0.01019,0,Caelum,Dawn,1.02,very_low,0,0,0.06666666666666667
Aegis-Elysium,206,0.12154,0,Aegis,Elysium,12.15,medium,0,0,0.06801007556675064
Aegis-Dawn,21,0.04775,0,Aegis,Dawn,4.78,very_low,0,0,0.08607594936708861
Aegis-Elysium,56,0.07532,0,Aegis,Elysium,7.53,low,0,0,0.06801007556675064
Boreas-Dawn,31,0.0834330688935281,1,Boreas,Dawn,8.34,low,0,1,0.0761904761904762
Boreas-Dawn,78,0.0558,0,Boreas,Dawn,5.58,low,0,0,0.0761904761904762
Dawn-Elysium,164,0.04462,0,Dawn,Elysium,4.46,very_low,0,0,0.07637231503579953
Elysium-Fenix,362,0.20128,1,Elysium,Fenix,20.13,high,1,1,0.06666666666666667
Boreas-Dawn,171,0.12772,0,Boreas,Dawn,12.77,medium,0,0,0.0761904761904762
Caelum-Dawn,68,0.12844,0,Caelum,Dawn,12.84,medium,0,0,0.06666666666666667
Boreas-Elysium,216,0.02783,0,Boreas,Elysium,2.78,very_low,0,0,0.08933002481389578
Elysium-Fenix,296,0.14816,0,Elysium,Fenix,14.82,medium,0,0,0.06666666666666667
Caelum-Dawn,143,0.03079,0,Caelum,Dawn,3.08,very_low,0,0,0.06666666666666667
Aegis-Boreas,37,0.05364,1,Aegis,Boreas,5.36,low,0,1,0.115
Boreas-Dawn,367,0.00073,0,Boreas,Dawn,0.07,very_low,0,0,0.0761904761904762
Boreas-Dawn,18,0.04714,0,Boreas,Dawn,4.71,very_low,0,0,0.0761904761904762
Boreas-Fenix,215,0.0258,1,Boreas,Fenix,2.58,very_low,0,1,0.10353535353535354
Caelum-Dawn,259,0.0834330688935281,0,Caelum,Dawn,8.34,low,0,0,0.06666666666666667
Aegis-Elysium,410,0.02412,0,Aegis,Elysium,2.41,very_low,0,0,0.06801007556675064
Caelum-Elysium,29,0.19009,0,Caelum,Elysium,19.01,medium,0,0,0.08208955223880597
Boreas-Fenix,362,0.10773,0,Boreas,Fenix,10.77,medium,0,0,0.10353535353535354
Aegis-Dawn,405,0.00212,0,Aegis,Dawn,0.21,very_low,0,0,0.08607594936708861
Dawn-Fenix,196,0.1549,0,Dawn,Fenix,15.49,medium,0,0,0.07512953367875648
Aegis-Elysium,67,0.02972,0,Aegis,Elysium,2.97,very_low,0,0,0.06801007556675064
Boreas-Elysium,497,0.00056,0,Boreas,Elysium,0.06,very_low,0,0,0.08933002481389578
Caelum-Dawn,210,0.02647,0,Caelum,Dawn,2.65,very_low,0,0,0.06666666666666667
Caelum-Fenix,129,0.19231,0,Caelum,Fenix,19.23,medium,0,0,0.07960199004975124
Caelum-Dawn,262,0.0144,0,Caelum,Dawn,1.44,very_low,0,0,0.06666666666666667
Caelum-Fenix,66,0.1527,1,Caelum,Fenix,15.27,medium,0,1,0.07960199004975124
Caelum-Dawn,467,0.02805,0,Caelum,Dawn,2.8,very_low,0,0,0.06666666666666667
Aegis-Boreas,307,0.05442,0,Aegis,Boreas,5.44,low,0,0,0.115
Boreas-Dawn,336,0.04627,0,Boreas,Dawn,4.63,very_low,0,0,0.0761904761904762
Boreas-Dawn,434,0.01527,0,Boreas,Dawn,1.53,very_low,0,0,0.0761904761904762
Caelum-Fenix,63,0.13972,0,Caelum,Fenix,13.97,medium,0,0,0.07960199004975124
Dawn-Fenix,238,0.034,0,Dawn,Fenix,3.4,very_low,0,0,0.07512953367875648
Dawn-Fenix,138,0.04754,0,Dawn,Fenix,4.75,very_low,0,0,0.07512953367875648
Boreas-Dawn,132,0.03072,0,Boreas,Dawn,3.07,very_low,0,0,0.0761904761904762
Caelum-Elysium,473,0.12862,1,Caelum,Elysium,12.86,medium,0,1,0.08208955223880597
Aegis-Dawn,217,0.07202,0,Aegis,Dawn,7.2,low,0,0,0.08607594936708861
Aegis-Elysium,47,0.01981,0,Aegis,Elysium,1.98,very_low,0,0,0.06801007556675064
Dawn-Fenix,499,0.18099,0,Dawn,Fenix,18.1,medium,0,0,0.07512953367875648
Aegis-Boreas,301,0.05331,0,Aegis,Boreas,5.33,low,0,0,0.115
Caelum-Dawn,266,0.14796,0,Caelum,Dawn,14.8,medium,0,0,0.06666666666666667
Boreas-Dawn,418,0.10672,0,Boreas,Dawn,10.67,medium,0,0,0.0761904761904762
Aegis-Dawn,36,0.11167,0,Aegis,Dawn,11.17,medium,0,0,0.08607594936708861
Boreas-Elysium,99,0.0834330688935281,0,Boreas,Elysium,8.34,low,0,0,0.08933002481389578
Dawn-Fenix,219,0.17544,0,Dawn,Fenix,17.54,medium,0,0,0.07512953367875648
Aegis-Elysium,377,0.0581,0,Aegis,Elysium,5.81,low,0,0,0.06801007556675064
Aegis-Dawn,245,0.01358,0,Aegis,Dawn,1.36,very_low,0,0,0.08607594936708861
Boreas-Elysium,40,0.03548,0,Boreas,Elysium,3.55,very_low,0,0,0.08933002481389578
Boreas-Dawn,470,0.04387,0,Boreas,Dawn,4.39,very_low,0,0,0.0761904761904762
Elysium-Fenix,294,0.01664,0,Elysium,Fenix,1.66,very_low,0,0,0.06666666666666667
Dawn-Elysium,161,0.07984,0,Dawn,Elysium,7.98,low,0,0,0.07637231503579953
Aegis-Elysium,442,0.03718,0,Aegis,Elysium,3.72,very_low,0,0,0.06801007556675064
Dawn-Elysium,488,0.02098,0,Dawn,Elysium,2.1,very_low,0,0,0.07637231503579953
Dawn-Elysium,157,0.02856,0,Dawn,Elysium,2.86,very_low,0,0,0.07637231503579953
Aegis-Boreas,461,0.06947,0,Aegis,Boreas,6.95,low,0,0,0.115
Boreas-Fenix,384,0.01878,0,Boreas,Fenix,1.88,very_low,0,0,0.10353535353535354
Aegis-Boreas,300,0.13293,0,Aegis,Boreas,13.29,medium,0,0,0.115
Caelum-Fenix,184,0.06694,1,Caelum,Fenix,6.69,low,0,1,0.07960199004975124
Dawn-Elysium,268,0.00334,0,Dawn,Elysium,0.33,very_low,0,0,0.07637231503579953
Aegis-Elysium,191,0.03024,0,Aegis,Elysium,3.02,very_low,0,0,0.06801007556675064
Boreas-Dawn,266,0.0144,0,Boreas,Dawn,1.44,very_low,0,0,0.0761904761904762
Aegis-Boreas,8,0.00486,0,Aegis,Boreas,0.49,very_low,0,0,0.115
Dawn-Elysium,225,0.28971,0,Dawn,Elysium,28.97,high,1,0,0.07637231503579953
Boreas-Fenix,343,0.11475,0,Boreas,Fenix,11.48,medium,0,0,0.10353535353535354
Boreas-Dawn,0,0.12564,0,Boreas,Dawn,12.56,medium,0,0,0.0761904761904762
Caelum-Dawn,86,0.0834330688935281,0,Caelum,Dawn,8.34,low,0,0,0.06666666666666667
Caelum-Dawn,191,0.15538,0,Caelum,Dawn,15.54,medium,0,0,0.06666666666666667
Aegis-Boreas,341,0.05762,0,Aegis,Boreas,5.76,low,0,0,0.115
Aegis-Elysium,76,0.23563,0,Aegis,Elysium,23.56,high,1,0,0.06801007556675064
Caelum-Elysium,114,0.0738,0,Caelum,Elysium,7.38,low,0,0,0.08208955223880597
Caelum-Elysium,361,0.12093,1,Caelum,Elysium,12.09,medium,0,1,0.08208955223880597
Aegis-Boreas,393,0.10956,1,Aegis,Boreas,10.96,medium,0,1,0.115
Dawn-Elysium,111,0.01618,0,Dawn,Elysium,1.62,very_low,0,0,0.07637231503579953
Boreas-Elysium,320,0.01889,0,Boreas,Elysium,1.89,very_low,0,0,0.08933002481389578
Dawn-Elysium,37,0.02144,0,Dawn,Elysium,2.14,very_low,0,0,0.07637231503579953
Aegis-Boreas,67,0.08878,0,Aegis,Boreas,8.88,low,0,0,0.115
Boreas-Dawn,102,0.00038,0,Boreas,Dawn,0.04,very_low,0,0,0.0761904761904762
Elysium-Fenix,27,0.17022,0,Elysium,Fenix,17.02,medium,0,0,0.06666666666666667
Aegis-Boreas,215,0.11425,1,Aegis,Boreas,11.42,medium,0,1,0.115
Dawn-Elysium,228,0.09476,0,Dawn,Elysium,9.48,low,0,0,0.07637231503579953
Dawn-Fenix,351,0.00062,0,Dawn,Fenix,0.06,very_low,0,0,0.07512953367875648
Caelum-Elysium,35,0.06589,0,Caelum,Elysium,6.59,low,0,0,0.08208955223880597
Caelum-Fenix,325,0.03608,0,Caelum,Fenix,3.61,very_low,0,0,0.07960199004975124
Boreas-Fenix,4,0.00519,0,Boreas,Fenix,0.52,very_low,0,0,0.10353535353535354
Dawn-Fenix,76,0.06658,0,Dawn,Fenix,6.66,low,0,0,0.07512953367875648
Aegis-Elysium,253,0.0534,0,Aegis,Elysium,5.34,low,0,0,0.06801007556675064
Dawn-Elysium,88,0.03121,0,Dawn,Elysium,3.12,very_low,0,0,0.07637231503579953
Aegis-Elysium,31,0.20407,0,Aegis,Elysium,20.41,high,1,0,0.06801007556675064
Aegis-Boreas,36,0.14044,0,Aegis,Boreas,14.04,medium,0,0,0.115
Aegis-Elysium,465,0.03166,0,Aegis,Elysium,3.17,very_low,0,0,0.06801007556675064
Aegis-Dawn,432,0.03206,0,Aegis,Dawn,3.21,very_low,0,0,0.08607594936708861
Boreas-Fenix,287,0.06504,0,Boreas,Fenix,6.5,low,0,0,0.10353535353535354
Aegis-Boreas,165,0.11177,1,Aegis,Boreas,11.18,medium,0,1,0.115
Caelum-Fenix,59,0.00222,1,Caelum,Fenix,0.22,very_low,0,1,0.07960199004975124
Dawn-Fenix,326,0.04186,0,Dawn,Fenix,4.19,very_low,0,0,0.07512953367875648
Caelum-Dawn,36,0.00625,0,Caelum,Dawn,0.62,very_low,0,0,0.06666666666666667
Caelum-Elysium,403,0.05563,0,Caelum,Elysium,5.56,low,0,0,0.08208955223880597
Dawn-Fenix,334,0.07948,0,Dawn,Fenix,7.95,low,0,0,0.07512953367875648
Dawn-Fenix,75,0.08818,0,Dawn,Fenix,8.82,low,0,0,0.07512953367875648
Aegis-Elysium,358,0.27236,0,Aegis,Elysium,27.24,high,1,0,0.06801007556675064
Boreas-Fenix,170,0.02793,1,Boreas,Fenix,2.79,very_low,0,1,0.10353535353535354
Caelum-Dawn,471,0.1047,0,Caelum,Dawn,10.47,medium,0,0,0.06666666666666667
Dawn-Elysium,180,0.03419,0,Dawn,Elysium,3.42,very_low,0,0,0.07637231503579953
Aegis-Dawn,117,0.12721,0,Aegis,Dawn,12.72,medium,0,0,0.08607594936708861
Caelum-Dawn,320,0.03219,0,Caelum,Dawn,3.22,very_low,0,0,0.06666666666666667
Aegis-Dawn,47,0.03073,0,Aegis,Dawn,3.07,very_low,0,0,0.08607594936708861
Aegis-Boreas,326,0.02426,0,Aegis,Boreas,2.43,very_low,0,0,0.115
Dawn-Elysium,476,0.06322,0,Dawn,Elysium,6.32,low,0,0,0.07637231503579953
Boreas-Dawn,183,0.02381,0,Boreas,Dawn,2.38,very_low,0,0,0.0761904761904762
Caelum-Elysium,58,0.0212,0,Caelum,Elysium,2.12,very_low,0,0,0.08208955223880597
Aegis-Elysium,399,0.05135,0,Aegis,Elysium,5.14,low,0,0,0.06801007556675064
Caelum-Fenix,280,0.08528,0,Caelum,Fenix,8.53,low,0,0,0.07960199004975124
Caelum-Elysium,191,0.00997,0,Caelum,Elysium,1.0,very_low,0,0,0.08208955223880597
Boreas-Dawn,310,0.12929,0,Boreas,Dawn,12.93,medium,0,0,0.0761904761904762
Caelum-Dawn,154,0.05512,0,Caelum,Dawn,5.51,low,0,0,0.06666666666666667
Caelum-Elysium,476,0.07165,0,Caelum,Elysium,7.17,low,0,0,0.08208955223880597
Aegis-Elysium,48,0.12162,0,Aegis,Elysium,12.16,medium,0,0,0.06801007556675064
Boreas-Elysium,26,0.09809,0,Boreas,Elysium,9.81,low,0,0,0.08933002481389578
Caelum-Dawn,260,0.0834330688935281,0,Caelum,Dawn,8.34,low,0,0,0.06666666666666667
Aegis-Boreas,325,0.01053,0,Aegis,Boreas,1.05,very_low,0,0,0.115
Caelum-Fenix,191,0.11444,0,Caelum,Fenix,11.44,medium,0,0,0.07960199004975124
Caelum-Elysium,210,0.09385,0,Caelum,Elysium,9.38,low,0,0,0.08208955223880597
Caelum-Elysium,323,0.00024,0,Caelum,Elysium,0.02,very_low,0,0,0.08208955223880597
Aegis-Boreas,403,0.04433,0,Aegis,Boreas,4.43,very_low,0,0,0.115
Boreas-Elysium,48,0.09287,0,Boreas,Elysium,9.29,low,0,0,0.08933002481389578
Dawn-Fenix,236,0.0834330688935281,0,Dawn,Fenix,8.34,low,0,0,0.07512953367875648
Boreas-Fenix,432,0.00631,0,Boreas,Fenix,0.63,very_low,0,0,0.10353535353535354
Boreas-Elysium,365,0.00896,0,Boreas,Elysium,0.9,very_low,0,0,0.08933002481389578
Aegis-Boreas,64,0.03759,0,Aegis,Boreas,3.76,very_low,0,0,0.115
Aegis-Boreas,158,0.05254,0,Aegis,Boreas,5.25,low,0,0,0.115
Aegis-Boreas,342,0.05217,0,Aegis,Boreas,5.22,low,0,0,0.115
Caelum-Fenix,393,0.07179,0,Caelum,Fenix,7.18,low,0,0,0.07960199004975124
Caelum-Elysium,331,0.04194,0,Caelum,Elysium,4.19,very_low,0,0,0.08208955223880597
Dawn-Fenix,13,0.00181,1,Dawn,Fenix,0.18,very_low,0,1,0.07512953367875648
Dawn-Elysium,97,0.12932,0,Dawn,Elysium,12.93,medium,0,0,0.07637231503579953
Dawn-Elysium,461,0.15952,0,Dawn,Elysium,15.95,medium,0,0,0.07637231503579953
Boreas-Fenix,58,0.00184,0,Boreas,Fenix,0.18,very_low,0,0,0.10353535353535354
Elysium-Fenix,369,0.12736,0,Elysium,Fenix,12.74,medium,0,0,0.06666666666666667
Caelum-Dawn,62,0.15462,1,Caelum,Dawn,15.46,medium,0,1,0.06666666666666667
Dawn-Fenix,256,0.14775,0,Dawn,Fenix,14.77,medium,0,0,0.07512953367875648
Caelum-Dawn,151,0.00115,1,Caelum,Dawn,0.12,very_low,0,1,0.06666666666666667
Aegis-Boreas,360,0.01842,0,Aegis,Boreas,1.84,very_low,0,0,0.115
Dawn-Fenix,83,0.02057,0,Dawn,Fenix,2.06,very_low,0,0,0.07512953367875648
Caelum-Fenix,243,0.0834330688935281,0,Caelum,Fenix,8.34,low,0,0,0.07960199004975124
Aegis-Elysium,186,0.09763,0,Aegis,Elysium,9.76,low,0,0,0.06801007556675064
Dawn-Fenix,309,0.02912,0,Dawn,Fenix,2.91,very_low,0,0,0.07512953367875648
Caelum-Dawn,398,0.07295,0,Caelum,Dawn,7.3,low,0,0,0.06666666666666667
Caelum-Elysium,49,0.14476,0,Caelum,Elysium,14.48,medium,0,0,0.08208955223880597
Caelum-Dawn,83,0.07835,0,Caelum,Dawn,7.84,low,0,0,0.06666666666666667
Boreas-Dawn,163,0.12124,0,Boreas,Dawn,12.12,medium,0,0,0.0761904761904762
Boreas-Dawn,318,0.106,1,Boreas,Dawn,10.6,medium,0,1,0.0761904761904762
Boreas-Elysium,128,0.01619,0,Boreas,Elysium,1.62,very_low,0,0,0.08933002481389578
Aegis-Elysium,297,0.02575,0,Aegis,Elysium,2.58,very_low,0,0,0.06801007556675064
Boreas-Elysium,286,0.02168,0,Boreas,Elysium,2.17,very_low,0,0,0.08933002481389578
Aegis-Elysium,203,0.00161,0,Aegis,Elysium,0.16,very_low,0,0,0.06801007556675064
Caelum-Elysium,456,0.03309,0,Caelum,Elysium,3.31,very_low,0,0,0.08208955223880597
Dawn-Elysium,489,0.06219,0,Dawn,Elysium,6.22,low,0,0,0.07637231503579953
Aegis-Elysium,245,0.0113,0,Aegis,Elysium,1.13,very_low,0,0,0.06801007556675064
Aegis-Dawn,300,0.22009,0,Aegis,Dawn,22.01,high,1,0,0.08607594936708861
Caelum-Elysium,304,0.03224,0,Caelum,Elysium,3.22,very_low,0,0,0.08208955223880597
Boreas-Elysium,154,0.05504,0,Boreas,Elysium,5.5,low,0,0,0.08933002481389578
Elysium-Fenix,68,0.05159,0,Elysium,Fenix,5.16,low,0,0,0.06666666666666667
Aegis-Boreas,375,0.11186,1,Aegis,Boreas,11.19,medium,0,1,0.115
Aegis-Elysium,109,0.13166,0,Aegis,Elysium,13.17,medium,0,0,0.06801007556675064
Aegis-Dawn,471,0.02943,0,Aegis,Dawn,2.94,very_low,0,0,0.08607594936708861
Dawn-Elysium,220,0.11902,0,Dawn,Elysium,11.9,medium,0,0,0.07637231503579953
Dawn-Elysium,487,0.03403,0,Dawn,Elysium,3.4,very_low,0,0,0.07637231503579953
Boreas-Fenix,232,0.08627,0,Boreas,Fenix,8.63,low,0,0,0.10353535353535354
Caelum-Fenix,385,0.03233,0,Caelum,Fenix,3.23,very_low,0,0,0.07960199004975124
Elysium-Fenix,30,0.02016,0,Elysium,Fenix,2.02,very_low,0,0,0.06666666666666667
Boreas-Fenix,36,0.19809,0,Boreas,Fenix,19.81,medium,0,0,0.10353535353535354
Dawn-Elysium,300,0.04274,0,Dawn,Elysium,4.27,very_low,0,0,0.07637231503579953
Boreas-Elysium,109,0.03286,0,Boreas,Elysium,3.29,very_low,0,0,0.08933002481389578
Boreas-Elysium,390,0.05816,0,Boreas,Elysium,5.82,low,0,0,0.08933002481389578
Caelum-Fenix,9,0.20051,0,Caelum,Fenix,20.05,high,1,0,0.07960199004975124
Boreas-Elysium,261,0.10249,1,Boreas,Elysium,10.25,medium,0,1,0.08933002481389578
Aegis-Dawn,375,0.03552,0,Aegis,Dawn,3.55,very_low,0,0,0.08607594936708861
Caelum-Dawn,287,0.44623,0,Caelum,Dawn,44.62,very_high,1,0,0.06666666666666667
Elysium-Fenix,39,0.02926,0,Elysium,Fenix,2.93,very_low,0,0,0.06666666666666667
Dawn-Elysium,5,0.05012,0,Dawn,Elysium,5.01,low,0,0,0.07637231503579953
Aegis-Boreas,430,0.18086,0,Aegis,Boreas,18.09,medium,0,0,0.115
Dawn-Elysium,420,0.00938,0,Dawn,Elysium,0.94,very_low,0,0,0.07637231503579953
Boreas-Elysium,227,0.00438,0,Boreas,Elysium,0.44,very_low,0,0,0.08933002481389578
Elysium-Fenix,24,0.04267,0,Elysium,Fenix,4.27,very_low,0,0,0.06666666666666667
Caelum-Elysium,367,0.03212,0,Caelum,Elysium,3.21,very_low,0,0,0.08208955223880597
Elysium-Fenix,222,0.0834330688935281,0,Elysium,Fenix,8.34,low,0,0,0.06666666666666667
Boreas-Elysium,278,0.07932,0,Boreas,Elysium,7.93,low,0,0,0.08933002481389578
Dawn-Fenix,255,0.0418,0,Dawn,Fenix,4.18,very_low,0,0,0.07512953367875648
Boreas-Dawn,128,0.06432,0,Boreas,Dawn,6.43,low,0,0,0.0761904761904762
Aegis-Elysium,412,0.04503,0,Aegis,Elysium,4.5,very_low,0,0,0.06801007556675064
Elysium-Fenix,368,0.13136,0,Elysium,Fenix,13.14,medium,0,0,0.06666666666666667
Aegis-Elysium,265,0.21323,0,Aegis,Elysium,21.32,high,1,0,0.06801007556675064
Boreas-Dawn,79,0.05659,0,Boreas,Dawn,5.66,low,0,0,0.0761904761904762
Aegis-Dawn,49,0.11053,0,Aegis,Dawn,11.05,medium,0,0,0.08607594936708861
Aegis-Elysium,28,0.06827,0,Aegis,Elysium,6.83,low,0,0,0.06801007556675064
Boreas-Fenix,489,0.09869,0,Boreas,Fenix,9.87,low,0,0,0.10353535353535354
Caelum-Elysium,472,0.19908,1,Caelum,Elysium,19.91,medium,0,1,0.08208955223880597
Aegis-Elysium,277,0.07022,0,Aegis,Elysium,7.02,low,0,0,0.06801007556675064
Caelum-Elysium,484,0.07987,0,Caelum,Elysium,7.99,low,0,0,0.08208955223880597
Aegis-Boreas,350,0.05635,0,Aegis,Boreas,5.64,low,0,0,0.115
Aegis-Elysium,117,0.09821,0,Aegis,Elysium,9.82,low,0,0,0.06801007556675064
Elysium-Fenix,182,0.07855,0,Elysium,Fenix,7.86,low,0,0,0.06666666666666667
Caelum-Fenix,142,0.06164,0,Caelum,Fenix,6.16,low,0,0,0.07960199004975124
Dawn-Fenix,349,0.03523,0,Dawn,Fenix,3.52,very_low,0,0,0.07512953367875648
Caelum-Elysium,26,0.01789,0,Caelum,Elysium,1.79,very_low,0,0,0.08208955223880597
Caelum-Fenix,315,0.02189,0,Caelum,Fenix,2.19,very_low,0,0,0.07960199004975124
Boreas-Fenix,253,0.05441,0,Boreas,Fenix,5.44,low,0,0,0.10353535353535354
Aegis-Elysium,40,0.03212,1,Aegis,Elysium,3.21,very_low,0,1,0.06801007556675064
Elysium-Fenix,210,0.09776,0,Elysium,Fenix,9.78,low,0,0,0.06666666666666667
Dawn-Elysium,191,0.15065,0,Dawn,Elysium,15.07,medium,0,0,0.07637231503579953
Elysium-Fenix,108,0.07045,0,Elysium,Fenix,7.04,low,0,0,0.06666666666666667
Dawn-Elysium,480,0.01098,0,Dawn,Elysium,1.1,very_low,0,0,0.07637231503579953
Dawn-Fenix,440,0.0834330688935281,0,Dawn,Fenix,8.34,low,0,0,0.07512953367875648
Boreas-Dawn,119,0.04451,0,Boreas,Dawn,4.45,very_low,0,0,0.0761904761904762
Caelum-Elysium,48,0.08217,1,Caelum,Elysium,8.22,low,0,1,0.08208955223880597
Dawn-Elysium,1,0.03164,0,Dawn,Elysium,3.16,very_low,0,0,0.07637231503579953
Caelum-Fenix,77,0.02447,0,Caelum,Fenix,2.45,very_low,0,0,0.07960199004975124
Aegis-Boreas,432,0.03398,0,Aegis,Boreas,3.4,very_low,0,0,0.115
Elysium-Fenix,110,0.11953,0,Elysium,Fenix,11.95,medium,0,0,0.06666666666666667
Boreas-Dawn,364,0.05496,0,Boreas,Dawn,5.5,low,0,0,0.0761904761904762
Dawn-Elysium,432,0.01761,0,Dawn,Elysium,1.76,very_low,0,0,0.07637231503579953
Aegis-Boreas,183,0.11847,0,Aegis,Boreas,11.85,medium,0,0,0.115
Aegis-Dawn,328,0.07186,0,Aegis,Dawn,7.19,low,0,0,0.08607594936708861
Aegis-Dawn,70,0.0853,0,Aegis,Dawn,8.53,low,0,0,0.08607594936708861
Aegis-Dawn,19,0.21947,0,Aegis,Dawn,21.95,high,1,0,0.08607594936708861
Boreas-Dawn,315,0.0261,0,Boreas,Dawn,2.61,very_low,0,0,0.0761904761904762
Boreas-Dawn,13,0.00144,0,Boreas,Dawn,0.14,very_low,0,0,0.0761904761904762
Dawn-Elysium,408,0.13527,1,Dawn,Elysium,13.53,medium,0,1,0.07637231503579953
Boreas-Dawn,98,0.02253,0,Boreas,Dawn,2.25,very_low,0,0,0.0761904761904762
Aegis-Dawn,141,0.10133,0,Aegis,Dawn,10.13,medium,0,0,0.08607594936708861
Boreas-Dawn,393,0.21277,0,Boreas,Dawn,21.28,high,1,0,0.0761904761904762
Boreas-Fenix,368,0.00596,0,Boreas,Fenix,0.6,very_low,0,0,0.10353535353535354
Boreas-Dawn,106,0.02819,0,Boreas,Dawn,2.82,very_low,0,0,0.0761904761904762
Elysium-Fenix,121,0.06083,0,Elysium,Fenix,6.08,low,0,0,0.06666666666666667
Dawn-Elysium,301,0.00643,0,Dawn,Elysium,0.64,very_low,0,0,0.07637231503579953
Aegis-Dawn,436,0.07436,0,Aegis,Dawn,7.44,low,0,0,0.08607594936708861
Caelum-Dawn,481,0.03442,0,Caelum,Dawn,3.44,very_low,0,0,0.06666666666666667
Boreas-Dawn,420,0.02322,0,Boreas,Dawn,2.32,very_low,0,0,0.0761904761904762
Dawn-Elysium,260,0.00956,0,Dawn,Elysium,0.96,very_low,0,0,0.07637231503579953
Dawn-Elysium,261,0.04565,0,Dawn,Elysium,4.57,very_low,0,0,0.07637231503579953
Caelum-Elysium,375,0.00857,0,Caelum,Elysium,0.86,very_low,0,0,0.08208955223880597
Elysium-Fenix,309,0.08891,0,Elysium,Fenix,8.89,low,0,0,0.06666666666666667
Elysium-Fenix,260,0.06567,0,Elysium,Fenix,6.57,low,0,0,0.06666666666666667
Aegis-Elysium,248,0.19267,0,Aegis,Elysium,19.27,medium,0,0,0.06801007556675064
Aegis-Elysium,290,0.14076,0,Aegis,Elysium,14.08,medium,0,0,0.06801007556675064
Aegis-Dawn,42,0.08002,0,Aegis,Dawn,8.0,low,0,0,0.08607594936708861
Aegis-Dawn,287,0.00239,0,Aegis,Dawn,0.24,very_low,0,0,0.08607594936708861
Aegis-Elysium,244,0.01816,0,Aegis,Elysium,1.82,very_low,0,0,0.06801007556675064
Boreas-Fenix,325,0.01645,1,Boreas,Fenix,1.64,very_low,0,1,0.10353535353535354
Dawn-Elysium,415,0.01479,0,Dawn,Elysium,1.48,very_low,0,0,0.07637231503579953
Boreas-Dawn,337,0.05184,0,Boreas,Dawn,5.18,low,0,0,0.0761904761904762
Caelum-Fenix,159,0.07303,0,Caelum,Fenix,7.3,low,0,0,0.07960199004975124
Caelum-Elysium,59,0.23162,0,Caelum,Elysium,23.16,high,1,0,0.08208955223880597
Caelum-Dawn,113,0.05521,0,Caelum,Dawn,5.52,low,0,0,0.06666666666666667
Boreas-Elysium,319,0.00124,0,Boreas,Elysium,0.12,very_low,0,0,0.08933002481389578
Caelum-Elysium,493,0.0284,0,Caelum,Elysium,2.84,very_low,0,0,0.08208955223880597
Boreas-Dawn,419,0.0834330688935281,0,Boreas,Dawn,8.34,low,0,0,0.0761904761904762
Aegis-Boreas,404,0.0804,0,Aegis,Boreas,8.04,low,0,0,0.115
Caelum-Fenix,460,0.08855,0,Caelum,Fenix,8.86,low,0,0,0.07960199004975124
Caelum-Dawn,397,0.0834330688935281,0,Caelum,Dawn,8.34,low,0,0,0.06666666666666667
Aegis-Dawn,267,0.07496,0,Aegis,Dawn,7.5,low,0,0,0.08607594936708861
Dawn-Elysium,210,0.00159,0,Dawn,Elysium,0.16,very_low,0,0,0.07637231503579953
Caelum-Elysium,160,0.00899,0,Caelum,Elysium,0.9,very_low,0,0,0.08208955223880597
Caelum-Fenix,448,0.07942,0,Caelum,Fenix,7.94,low,0,0,0.07960199004975124
Caelum-Dawn,365,0.04388,0,Caelum,Dawn,4.39,very_low,0,0,0.06666666666666667
Aegis-Dawn,202,0.03721,0,Aegis,Dawn,3.72,very_low,0,0,0.08607594936708861
Caelum-Elysium,71,0.32292,1,Caelum,Elysium,32.29,high,1,1,0.08208955223880597
Caelum-Fenix,431,0.02464,0,Caelum,Fenix,2.46,very_low,0,0,0.07960199004975124
Caelum-Fenix,172,0.1248,0,Caelum,Fenix,12.48,medium,0,0,0.07960199004975124
Caelum-Dawn,61,0.22965,1,Caelum,Dawn,22.96,high,1,1,0.06666666666666667
Aegis-Dawn,5,0.00368,0,Aegis,Dawn,0.37,very_low,0,0,0.08607594936708861
Elysium-Fenix,352,0.12077,0,Elysium,Fenix,12.08,medium,0,0,0.06666666666666667
Aegis-Elysium,9,0.23536,0,Aegis,Elysium,23.54,high,1,0,0.06801007556675064
Dawn-Fenix,58,0.17668,0,Dawn,Fenix,17.67,medium,0,0,0.07512953367875648
Aegis-Elysium,228,0.00785,0,Aegis,Elysium,0.78,very_low,0,0,0.06801007556675064
Caelum-Fenix,189,0.0146,0,Caelum,Fenix,1.46,very_low,0,0,0.07960199004975124
Boreas-Elysium,358,0.03663,0,Boreas,Elysium,3.66,very_low,0,0,0.08933002481389578
Dawn-Elysium,119,0.30337,0,Dawn,Elysium,30.34,high,1,0,0.07637231503579953
Boreas-Dawn,453,0.0117,0,Boreas,Dawn,1.17,very_low,0,0,0.0761904761904762
Caelum-Elysium,86,0.03882,0,Caelum,Elysium,3.88,very_low,0,0,0.08208955223880597
Caelum-Dawn,112,0.02948,0,Caelum,Dawn,2.95,very_low,0,0,0.06666666666666667
Dawn-Elysium,121,0.00304,0,Dawn,Elysium,0.3,very_low,0,0,0.07637231503579953
Caelum-Elysium,238,0.05102,0,Caelum,Elysium,5.1,low,0,0,0.08208955223880597
Aegis-Elysium,139,0.04113,0,Aegis,Elysium,4.11,very_low,0,0,0.06801007556675064
Boreas-Dawn,28,0.02193,0,Boreas,Dawn,2.19,very_low,0,0,0.0761904761904762
Dawn-Elysium,263,0.05692,0,Dawn,Elysium,5.69,low,0,0,0.07637231503579953
Aegis-Dawn,170,0.09474,0,Aegis,Dawn,9.47,low,0,0,0.08607594936708861
Aegis-Dawn,403,0.37907,1,Aegis,Dawn,37.91,very_high,1,1,0.08607594936708861
Boreas-Fenix,412,0.05903,0,Boreas,Fenix,5.9,low,0,0,0.10353535353535354
Boreas-Dawn,161,0.03622,0,Boreas,Dawn,3.62,very_low,0,0,0.0761904761904762
Dawn-Fenix,177,0.14771,0,Dawn,Fenix,14.77,medium,0,0,0.07512953367875648
Dawn-Elysium,133,0.02321,0,Dawn,Elysium,2.32,very_low,0,0,0.07637231503579953
Boreas-Elysium,1,0.16753,0,Boreas,Elysium,16.75,medium,0,0,0.08933002481389578
Dawn-Fenix,187,0.45303,0,Dawn,Fenix,45.3,very_high,1,0,0.07512953367875648
Dawn-Elysium,331,0.07763,0,Dawn,Elysium,7.76,low,0,0,0.07637231503579953
Aegis-Dawn,39,0.01414,0,Aegis,Dawn,1.41,very_low,0,0,0.08607594936708861
Caelum-Dawn,396,0.09801,0,Caelum,Dawn,9.8,low,0,0,0.06666666666666667
Caelum-Fenix,233,0.14144,0,Caelum,Fenix,14.14,medium,0,0,0.07960199004975124
Dawn-Elysium,78,0.03837,1,Dawn,Elysium,3.84,very_low,0,1,0.07637231503579953
Aegis-Dawn,211,0.06211,0,Aegis,Dawn,6.21,low,0,0,0.08607594936708861
Elysium-Fenix,463,0.01814,0,Elysium,Fenix,1.81,very_low,0,0,0.06666666666666667
Dawn-Elysium,409,0.20837,0,Dawn,Elysium,20.84,high,1,0,0.07637231503579953
Aegis-Dawn,374,0.11628,0,Aegis,Dawn,11.63,medium,0,0,0.08607594936708861
Boreas-Dawn,480,0.11812,0,Boreas,Dawn,11.81,medium,0,0,0.0761904761904762
Aegis-Elysium,491,0.12054,0,Aegis,Elysium,12.05,medium,0,0,0.06801007556675064
Elysium-Fenix,277,0.01947,0,Elysium,Fenix,1.95,very_low,0,0,0.06666666666666667
Aegis-Boreas,233,0.00706,0,Aegis,Boreas,0.71,very_low,0,0,0.115
Dawn-Fenix,490,0.20228,0,Dawn,Fenix,20.23,high,1,0,0.07512953367875648
Aegis-Elysium,104,7e-05,0,Aegis,Elysium,0.01,very_low,0,0,0.06801007556675064
Dawn-Fenix,110,0.025,0,Dawn,Fenix,2.5,very_low,0,0,0.07512953367875648
Elysium-Fenix,404,0.12635,0,Elysium,Fenix,12.64,medium,0,0,0.06666666666666667
Dawn-Fenix,133,0.08035,0,Dawn,Fenix,8.04,low,0,0,0.07512953367875648
Caelum-Dawn,243,0.13802,1,Caelum,Dawn,13.8,medium,0,1,0.06666666666666667
Caelum-Elysium,56,0.00941,0,Caelum,Elysium,0.94,very_low,0,0,0.08208955223880597
Boreas-Elysium,44,0.0492,0,Boreas,Elysium,4.92,very_low,0,0,0.08933002481389578
Aegis-Dawn,176,0.01605,0,Aegis,Dawn,1.6,very_low,0,0,0.08607594936708861
Aegis-Elysium,490,0.09953,0,Aegis,Elysium,9.95,low,0,0,0.06801007556675064
Boreas-Elysium,203,0.18515,0,Boreas,Elysium,18.52,medium,0,0,0.08933002481389578
Boreas-Fenix,182,0.18197,1,Boreas,Fenix,18.2,medium,0,1,0.10353535353535354
Caelum-Dawn,239,0.07225,0,Caelum,Dawn,7.22,low,0,0,0.06666666666666667
Elysium-Fenix,105,0.05434,0,Elysium,Fenix,5.43,low,0,0,0.06666666666666667
Aegis-Dawn,266,0.10574,0,Aegis,Dawn,10.57,medium,0,0,0.08607594936708861
Caelum-Dawn,51,0.10443,0,Caelum,Dawn,10.44,medium,0,0,0.06666666666666667
Caelum-Fenix,19,0.0747,0,Caelum,Fenix,7.47,low,0,0,0.07960199004975124
Boreas-Dawn,207,0.08114,0,Boreas,Dawn,8.11,low,0,0,0.0761904761904762
Boreas-Fenix,398,0.13355,0,Boreas,Fenix,13.36,medium,0,0,0.10353535353535354
Boreas-Fenix,9,0.05818,0,Boreas,Fenix,5.82,low,0,0,0.10353535353535354
Caelum-Fenix,363,0.24842,0,Caelum,Fenix,24.84,high,1,0,0.07960199004975124
Aegis-Boreas,175,0.10837,0,Aegis,Boreas,10.84,medium,0,0,0.115
Caelum-Fenix,52,0.15993,0,Caelum,Fenix,15.99,medium,0,0,0.07960199004975124
Aegis-Boreas,40,0.20895,0,Aegis,Boreas,20.9,high,1,0,0.115
Elysium-Fenix,455,0.06088,0,Elysium,Fenix,6.09,low,0,0,0.06666666666666667
Aegis-Elysium,173,0.13799,0,Aegis,Elysium,13.8,medium,0,0,0.06801007556675064
Boreas-Fenix,333,0.18037,0,Boreas,Fenix,18.04,medium,0,0,0.10353535353535354
Boreas-Dawn,488,0.04888,0,Boreas,Dawn,4.89,very_low,0,0,0.0761904761904762
Caelum-Dawn,316,0.0834330688935281,0,Caelum,Dawn,8.34,low,0,0,0.06666666666666667
Caelum-Elysium,96,0.04397,0,Caelum,Elysium,4.4,very_low,0,0,0.08208955223880597
Aegis-Elysium,329,0.14974,1,Aegis,Elysium,14.97,medium,0,1,0.06801007556675064
Caelum-Fenix,305,0.06828,0,Caelum,Fenix,6.83,low,0,0,0.07960199004975124
Boreas-Fenix,72,0.17752,0,Boreas,Fenix,17.75,medium,0,0,0.10353535353535354
Aegis-Boreas,380,0.03253,0,Aegis,Boreas,3.25,very_low,0,0,0.115
Caelum-Fenix,204,0.10412,0,Caelum,Fenix,10.41,medium,0,0,0.07960199004975124
Caelum-Dawn,457,0.01589,0,Caelum,Dawn,1.59,very_low,0,0,0.06666666666666667
Caelum-Dawn,271,0.07817,0,Caelum,Dawn,7.82,low,0,0,0.06666666666666667
Dawn-Elysium,89,0.00736,0,Dawn,Elysium,0.74,very_low,0,0,0.07637231503579953
Boreas-Dawn,389,0.07759,0,Boreas,Dawn,7.76,low,0,0,0.0761904761904762
Aegis-Boreas,44,0.05196,0,Aegis,Boreas,5.2,low,0,0,0.115
Aegis-Dawn,421,0.18214,0,Aegis,Dawn,18.21,medium,0,0,0.08607594936708861
Boreas-Elysium,324,0.0047,0,Boreas,Elysium,0.47,very_low,0,0,0.08933002481389578
Aegis-Elysium,225,0.00207,0,Aegis,Elysium,0.21,very_low,0,0,0.06801007556675064
Caelum-Dawn,84,0.07093,0,Caelum,Dawn,7.09,low,0,0,0.06666666666666667
Elysium-Fenix,244,0.23277,1,Elysium,Fenix,23.28,high,1,1,0.06666666666666667
Dawn-Fenix,96,0.05683,1,Dawn,Fenix,5.68,low,0,1,0.07512953367875648
Boreas-Fenix,464,0.20096,0,Boreas,Fenix,20.1,high,1,0,0.10353535353535354
Boreas-Dawn,188,0.07307,0,Boreas,Dawn,7.31,low,0,0,0.0761904761904762
Dawn-Fenix,226,0.1697,0,Dawn,Fenix,16.97,medium,0,0,0.07512953367875648
Elysium-Fenix,302,0.2003,0,Elysium,Fenix,20.03,high,1,0,0.06666666666666667
Dawn-Fenix,307,0.1214,0,Dawn,Fenix,12.14,medium,0,0,0.07512953367875648
Aegis-Boreas,154,0.17509,1,Aegis,Boreas,17.51,medium,0,1,0.115
Elysium-Fenix,418,0.02525,0,Elysium,Fenix,2.53,very_low,0,0,0.06666666666666667
Aegis-Dawn,396,0.14287,0,Aegis,Dawn,14.29,medium,0,0,0.08607594936708861
Dawn-Fenix,145,0.061,0,Dawn,Fenix,6.1,low,0,0,0.07512953367875648
Aegis-Boreas,73,0.0525,0,Aegis,Boreas,5.25,low,0,0,0.115
Aegis-Dawn,257,0.0197,0,Aegis,Dawn,1.97,very_low,0,0,0.08607594936708861
Boreas-Elysium,329,0.11331,0,Boreas,Elysium,11.33,medium,0,0,0.08933002481389578
Aegis-Elysium,83,0.08859,0,Aegis,Elysium,8.86,low,0,0,0.06801007556675064
Boreas-Dawn,93,0.15908,0,Boreas,Dawn,15.91,medium,0,0,0.0761904761904762
Caelum-Dawn,182,0.2753,0,Caelum,Dawn,27.53,high,1,0,0.06666666666666667
Dawn-Elysium,435,0.2333,1,Dawn,Elysium,23.33,high,1,1,0.07637231503579953
Boreas-Fenix,264,0.01348,0,Boreas,Fenix,1.35,very_low,0,0,0.10353535353535354
Aegis-Dawn,131,0.08721,0,Aegis,Dawn,8.72,low,0,0,0.08607594936708861
Caelum-Fenix,497,0.15038,1,Caelum,Fenix,15.04,medium,0,1,0.07960199004975124
Boreas-Elysium,182,0.0072,0,Boreas,Elysium,0.72,very_low,0,0,0.08933002481389578
Caelum-Fenix,479,0.28713,0,Caelum,Fenix,28.71,high,1,0,0.07960199004975124
Elysium-Fenix,411,0.02005,0,Elysium,Fenix,2.0,very_low,0,0,0.06666666666666667
Caelum-Fenix,247,0.13066,0,Caelum,Fenix,13.07,medium,0,0,0.07960199004975124
Boreas-Dawn,331,0.0834330688935281,0,Boreas,Dawn,8.34,low,0,0,0.0761904761904762
Aegis-Elysium,102,0.02205,0,Aegis,Elysium,2.2,very_low,0,0,0.06801007556675064
Boreas-Fenix,414,0.0275,0,Boreas,Fenix,2.75,very_low,0,0,0.10353535353535354
Caelum-Elysium,148,0.12146,0,Caelum,Elysium,12.15,medium,0,0,0.08208955223880597
Boreas-Fenix,281,0.01102,0,Boreas,Fenix,1.1,very_low,0,0,0.10353535353535354
Dawn-Elysium,405,0.0962,0,Dawn,Elysium,9.62,low,0,0,0.07637231503579953
Caelum-Elysium,200,0.10772,0,Caelum,Elysium,10.77,medium,0,0,0.08208955223880597
Dawn-Fenix,399,0.11436,0,Dawn,Fenix,11.44,medium,0,0,0.07512953367875648
Dawn-Fenix,148,0.04677,0,Dawn,Fenix,4.68,very_low,0,0,0.07512953367875648
Dawn-Elysium,148,0.01104,0,Dawn,Elysium,1.1,very_low,0,0,0.07637231503579953
Boreas-Fenix,486,0.13335,0,Boreas,Fenix,13.34,medium,0,0,0.10353535353535354
Elysium-Fenix,29,0.04706,0,Elysium,Fenix,4.71,very_low,0,0,0.06666666666666667
Boreas-Elysium,417,0.03053,0,Boreas,Elysium,3.05,very_low,0,0,0.08933002481389578
Aegis-Dawn,333,0.1544,0,Aegis,Dawn,15.44,medium,0,0,0.08607594936708861
Boreas-Elysium,384,0.07974,0,Boreas,Elysium,7.97,low,0,0,0.08933002481389578
Caelum-Elysium,217,0.11819,0,Caelum,Elysium,11.82,medium,0,0,0.08208955223880597
Elysium-Fenix,75,0.00463,0,Elysium,Fenix,0.46,very_low,0,0,0.06666666666666667
Caelum-Fenix,372,0.01281,0,Caelum,Fenix,1.28,very_low,0,0,0.07960199004975124
Dawn-Elysium,107,0.02636,0,Dawn,Elysium,2.64,very_low,0,0,0.07637231503579953
Boreas-Elysium,196,0.11472,0,Boreas,Elysium,11.47,medium,0,0,0.08933002481389578
Boreas-Fenix,419,0.0834330688935281,0,Boreas,Fenix,8.34,low,0,0,0.10353535353535354
Boreas-Dawn,168,0.28977,0,Boreas,Dawn,28.98,high,1,0,0.0761904761904762
Caelum-Elysium,138,0.0289,1,Caelum,Elysium,2.89,very_low,0,1,0.08208955223880597
Caelum-Dawn,225,0.06792,0,Caelum,Dawn,6.79,low,0,0,0.06666666666666667
Caelum-Fenix,332,0.23612,0,Caelum,Fenix,23.61,high,1,0,0.07960199004975124
Aegis-Elysium,344,0.08814,0,Aegis,Elysium,8.81,low,0,0,0.06801007556675064
Boreas-Dawn,134,0.0436,0,Boreas,Dawn,4.36,very_low,0,0,0.0761904761904762
Aegis-Boreas,315,0.04757,0,Aegis,Boreas,4.76,very_low,0,0,0.115
Boreas-Dawn,70,0.08924,0,Boreas,Dawn,8.92,low,0,0,0.0761904761904762
Boreas-Elysium,43,0.01206,0,Boreas,Elysium,1.21,very_low,0,0,0.08933002481389578
Caelum-Dawn,449,0.07416,0,Caelum,Dawn,7.42,low,0,0,0.06666666666666667
Elysium-Fenix,26,0.13671,1,Elysium,Fenix,13.67,medium,0,1,0.06666666666666667
Boreas-Elysium,168,0.00012,0,Boreas,Elysium,0.01,very_low,0,0,0.08933002481389578
Boreas-Dawn,300,0.04295,0,Boreas,Dawn,4.3,very_low,0,0,0.0761904761904762
Caelum-Fenix,56,0.20375,0,Caelum,Fenix,20.38,high,1,0,0.07960199004975124
Boreas-Elysium,492,0.12255,0,Boreas,Elysium,12.26,medium,0,0,0.08933002481389578
Dawn-Fenix,493,0.07284,0,Dawn,Fenix,7.28,low,0,0,0.07512953367875648
Dawn-Elysium,354,0.15086,1,Dawn,Elysium,15.09,medium,0,1,0.07637231503579953
Caelum-Elysium,100,0.03005,0,Caelum,Elysium,3.0,very_low,0,0,0.08208955223880597
Caelum-Elysium,482,0.12593,0,Caelum,Elysium,12.59,medium,0,0,0.08208955223880597
Boreas-Elysium,340,0.0722,0,Boreas,Elysium,7.22,low,0,0,0.08933002481389578
Elysium-Fenix,366,0.07652,0,Elysium,Fenix,7.65,low,0,0,0.06666666666666667
Boreas-Elysium,412,0.01616,0,Boreas,Elysium,1.62,very_low,0,0,0.08933002481389578
Aegis-Dawn,63,0.01494,0,Aegis,Dawn,1.49,very_low,0,0,0.08607594936708861
Elysium-Fenix,126,0.07137,0,Elysium,Fenix,7.14,low,0,0,0.06666666666666667
Caelum-Elysium,251,0.1746,0,Caelum,Elysium,17.46,medium,0,0,0.08208955223880597
Aegis-Dawn,108,0.06091,1,Aegis,Dawn,6.09,low,0,1,0.08607594936708861
Aegis-Elysium,333,0.09628,0,Aegis,Elysium,9.63,low,0,0,0.06801007556675064
Elysium-Fenix,478,0.01776,0,Elysium,Fenix,1.78,very_low,0,0,0.06666666666666667
Aegis-Elysium,61,0.0834330688935281,0,Aegis,Elysium,8.34,low,0,0,0.06801007556675064
Aegis-Boreas,365,0.18759,0,Aegis,Boreas,18.76,medium,0,0,0.115
Boreas-Fenix,401,0.08735,0,Boreas,Fenix,8.74,low,0,0,0.10353535353535354
Caelum-Elysium,243,0.0834330688935281,0,Caelum,Elysium,8.34,low,0,0,0.08208955223880597
Boreas-Elysium,16,0.04173,0,Boreas,Elysium,4.17,very_low,0,0,0.08933002481389578
Elysium-Fenix,498,0.00527,0,Elysium,Fenix,0.53,very_low,0,0,0.06666666666666667
Dawn-Elysium,473,0.01009,0,Dawn,Elysium,1.01,very_low,0,0,0.07637231503579953
Aegis-Boreas,463,0.08799,0,Aegis,Boreas,8.8,low,0,0,0.115
Caelum-Fenix,340,0.28652,0,Caelum,Fenix,28.65,high,1,0,0.07960199004975124
Caelum-Dawn,122,0.01,0,Caelum,Dawn,1.0,very_low,0,0,0.06666666666666667
Dawn-Elysium,384,0.10106,0,Dawn,Elysium,10.11,medium,0,0,0.07637231503579953
Caelum-Elysium,116,0.12478,0,Caelum,Elysium,12.48,medium,0,0,0.08208955223880597
Aegis-Boreas,162,0.08593,1,Aegis,Boreas,8.59,low,0,1,0.115
Aegis-Dawn,446,0.21936,0,Aegis,Dawn,21.94,high,1,0,0.08607594936708861
Aegis-Elysium,222,0.12788,0,Aegis,Elysium,12.79,medium,0,0,0.06801007556675064
Aegis-Boreas,423,0.0414,0,Aegis,Boreas,4.14,very_low,0,0,0.115
Dawn-Elysium,324,0.08825,0,Dawn,Elysium,8.82,low,0,0,0.07637231503579953
Caelum-Fenix,0,0.02597,0,Caelum,Fenix,2.6,very_low,0,0,0.07960199004975124
Aegis-Elysium,432,0.12597,0,Aegis,Elysium,12.6,medium,0,0,0.06801007556675064
Caelum-Elysium,254,0.01637,0,Caelum,Elysium,1.64,very_low,0,0,0.08208955223880597
Elysium-Fenix,142,0.00447,0,Elysium,Fenix,0.45,very_low,0,0,0.06666666666666667
Aegis-Dawn,349,0.05297,0,Aegis,Dawn,5.3,low,0,0,0.08607594936708861
Aegis-Elysium,165,0.03559,0,Aegis,Elysium,3.56,very_low,0,0,0.06801007556675064
Aegis-Elysium,416,0.01251,0,Aegis,Elysium,1.25,very_low,0,0,0.06801007556675064
Caelum-Fenix,391,0.19437,0,Caelum,Fenix,19.44,medium,0,0,0.07960199004975124
Aegis-Boreas,196,0.14419,0,Aegis,Boreas,14.42,medium,0,0,0.115
Boreas-Fenix,174,0.11191,0,Boreas,Fenix,11.19,medium,0,0,0.10353535353535354
Caelum-Elysium,140,0.14891,0,Caelum,Elysium,14.89,medium,0,0,0.08208955223880597
Elysium-Fenix,424,0.10918,0,Elysium,Fenix,10.92,medium,0,0,0.06666666666666667
Dawn-Fenix,276,0.07651,0,Dawn,Fenix,7.65,low,0,0,0.07512953367875648
Boreas-Elysium,280,0.00339,0,Boreas,Elysium,0.34,very_low,0,0,0.08933002481389578
Boreas-Elysium,462,0.02671,0,Boreas,Elysium,2.67,very_low,0,0,0.08933002481389578
Aegis-Dawn,229,0.10084,0,Aegis,Dawn,10.08,medium,0,0,0.08607594936708861
Dawn-Fenix,175,0.00555,0,Dawn,Fenix,0.56,very_low,0,0,0.07512953367875648
Caelum-Elysium,175,0.01696,0,Caelum,Elysium,1.7,very_low,0,0,0.08208955223880597
Caelum-Elysium,208,0.00065,0,Caelum,Elysium,0.06,very_low,0,0,0.08208955223880597
Dawn-Elysium,403,0.0391,0,Dawn,Elysium,3.91,very_low,0,0,0.07637231503579953
Elysium-Fenix,196,0.00671,0,Elysium,Fenix,0.67,very_low,0,0,0.06666666666666667
Boreas-Fenix,117,0.00059,0,Boreas,Fenix,0.06,very_low,0,0,0.10353535353535354
Boreas-Fenix,205,0.21763,0,Boreas,Fenix,21.76,high,1,0,0.10353535353535354
Aegis-Elysium,280,0.0834330688935281,0,Aegis,Elysium,8.34,low,0,0,0.06801007556675064
Aegis-Boreas,121,0.08795,1,Aegis,Boreas,8.8,low,0,1,0.115
Dawn-Fenix,189,0.03475,0,Dawn,Fenix,3.48,very_low,0,0,0.07512953367875648
Dawn-Fenix,52,0.05154,0,Dawn,Fenix,5.15,low,0,0,0.07512953367875648
Aegis-Dawn,171,0.42333,0,Aegis,Dawn,42.33,very_high,1,0,0.08607594936708861
Dawn-Fenix,72,0.01298,0,Dawn,Fenix,1.3,very_low,0,0,0.07512953367875648
Aegis-Dawn,391,0.07687,0,Aegis,Dawn,7.69,low,0,0,0.08607594936708861
Caelum-Fenix,23,0.02544,0,Caelum,Fenix,2.54,very_low,0,0,0.07960199004975124
Aegis-Boreas,329,0.03128,0,Aegis,Boreas,3.13,very_low,0,0,0.115
Aegis-Dawn,499,0.0441,0,Aegis,Dawn,4.41,very_low,0,0,0.08607594936708861
Caelum-Dawn,303,0.1787,0,Caelum,Dawn,17.87,medium,0,0,0.06666666666666667
Dawn-Elysium,491,0.2111,0,Dawn,Elysium,21.11,high,1,0,0.07637231503579953
Boreas-Dawn,371,0.03058,0,Boreas,Dawn,3.06,very_low,0,0,0.0761904761904762
Aegis-Elysium,345,0.02622,0,Aegis,Elysium,2.62,very_low,0,0,0.06801007556675064
Elysium-Fenix,431,0.05572,0,Elysium,Fenix,5.57,low,0,0,0.06666666666666667
Elysium-Fenix,11,0.10803,0,Elysium,Fenix,10.8,medium,0,0,0.06666666666666667
Aegis-Elysium,396,0.01904,0,Aegis,Elysium,1.9,very_low,0,0,0.06801007556675064
Aegis-Boreas,109,0.02391,0,Aegis,Boreas,2.39,very_low,0,0,0.115
Aegis-Elysium,260,0.08204,1,Aegis,Elysium,8.2,low,0,1,0.06801007556675064
Aegis-Dawn,359,0.04431,0,Aegis,Dawn,4.43,very_low,0,0,0.08607594936708861
Boreas-Fenix,202,0.15647,1,Boreas,Fenix,15.65,medium,0,1,0.10353535353535354
Boreas-Elysium,96,0.04148,0,Boreas,Elysium,4.15,very_low,0,0,0.08933002481389578
Aegis-Dawn,180,0.0834330688935281,0,Aegis,Dawn,8.34,low,0,0,0.08607594936708861
Boreas-Dawn,449,0.01285,0,Boreas,Dawn,1.28,very_low,0,0,0.0761904761904762
Boreas-Fenix,32,0.07978,0,Boreas,Fenix,7.98,low,0,0,0.10353535353535354
Boreas-Fenix,153,0.18791,0,Boreas,Fenix,18.79,medium,0,0,0.10353535353535354
Caelum-Fenix,100,0.00021,0,Caelum,Fenix,0.02,very_low,0,0,0.07960199004975124
Dawn-Elysium,347,0.06617,0,Dawn,Elysium,6.62,low,0,0,0.07637231503579953
Caelum-Elysium,320,0.10543,0,Caelum,Elysium,10.54,medium,0,0,0.08208955223880597
Dawn-Elysium,342,0.01467,0,Dawn,Elysium,1.47,very_low,0,0,0.07637231503579953
Boreas-Dawn,441,0.07548,0,Boreas,Dawn,7.55,low,0,0,0.0761904761904762
Elysium-Fenix,288,0.02578,0,Elysium,Fenix,2.58,very_low,0,0,0.06666666666666667
Aegis-Elysium,220,0.04548,0,Aegis,Elysium,4.55,very_low,0,0,0.06801007556675064
Boreas-Elysium,435,0.01753,0,Boreas,Elysium,1.75,very_low,0,0,0.08933002481389578
Caelum-Elysium,225,0.03711,0,Caelum,Elysium,3.71,very_low,0,0,0.08208955223880597
Boreas-Fenix,112,0.05089,0,Boreas,Fenix,5.09,low,0,0,0.10353535353535354
Dawn-Elysium,304,0.03164,0,Dawn,Elysium,3.16,very_low,0,0,0.07637231503579953
Caelum-Fenix,182,0.03046,0,Caelum,Fenix,3.05,very_low,0,0,0.07960199004975124
Boreas-Fenix,221,0.08822,0,Boreas,Fenix,8.82,low,0,0,0.10353535353535354
Elysium-Fenix,6,0.03027,0,Elysium,Fenix,3.03,very_low,0,0,0.06666666666666667
Aegis-Boreas,418,0.44522,0,Aegis,Boreas,44.52,very_high,1,0,0.115
Boreas-Fenix,475,0.11662,0,Boreas,Fenix,11.66,medium,0,0,0.10353535353535354
Aegis-Dawn,290,0.02254,0,Aegis,Dawn,2.25,very_low,0,0,0.08607594936708861
Caelum-Fenix,16,0.00368,0,Caelum,Fenix,0.37,very_low,0,0,0.07960199004975124
Dawn-Fenix,144,0.01455,0,Dawn,Fenix,1.46,very_low,0,0,0.07512953367875648
Boreas-Elysium,478,0.0602,0,Boreas,Elysium,6.02,low,0,0,0.08933002481389578
Caelum-Fenix,439,0.27294,1,Caelum,Fenix,27.29,high,1,1,0.07960199004975124
Caelum-Fenix,163,0.01332,0,Caelum,Fenix,1.33,very_low,0,0,0.07960199004975124
Elysium-Fenix,200,0.0905,0,Elysium,Fenix,9.05,low,0,0,0.06666666666666667
Elysium-Fenix,426,0.04282,0,Elysium,Fenix,4.28,very_low,0,0,0.06666666666666667
Aegis-Boreas,178,0.01701,0,Aegis,Boreas,1.7,very_low,0,0,0.115
Boreas-Fenix,448,0.03575,0,Boreas,Fenix,3.58,very_low,0,0,0.10353535353535354
Boreas-Dawn,212,0.07976,0,Boreas,Dawn,7.98,low,0,0,0.0761904761904762
Aegis-Dawn,204,0.22542,0,Aegis,Dawn,22.54,high,1,0,0.08607594936708861
Boreas-Elysium,292,0.12777,0,Boreas,Elysium,12.78,medium,0,0,0.08933002481389578
Caelum-Elysium,164,0.17057,0,Caelum,Elysium,17.06,medium,0,0,0.08208955223880597
Caelum-Dawn,14,0.05342,0,Caelum,Dawn,5.34,low,0,0,0.06666666666666667
Aegis-Elysium,393,0.09979,0,Aegis,Elysium,9.98,low,0,0,0.06801007556675064
Aegis-Elysium,92,0.13695,0,Aegis,Elysium,13.69,medium,0,0,0.06801007556675064
Dawn-Elysium,373,0.06236,0,Dawn,Elysium,6.24,low,0,0,0.07637231503579953
Boreas-Dawn,30,0.08705,0,Boreas,Dawn,8.7,low,0,0,0.0761904761904762
Elysium-Fenix,423,0.16449,0,Elysium,Fenix,16.45,medium,0,0,0.06666666666666667
Caelum-Elysium,450,0.12545,0,Caelum,Elysium,12.54,medium,0,0,0.08208955223880597
Boreas-Elysium,224,0.15094,0,Boreas,Elysium,15.09,medium,0,0,0.08933002481389578
Elysium-Fenix,127,0.07283,0,Elysium,Fenix,7.28,low,0,0,0.06666666666666667
Boreas-Elysium,94,0.17294,0,Boreas,Elysium,17.29,medium,0,0,0.08933002481389578
Boreas-Dawn,476,0.02859,0,Boreas,Dawn,2.86,very_low,0,0,0.0761904761904762
Caelum-Dawn,123,0.02303,0,Caelum,Dawn,2.3,very_low,0,0,0.06666666666666667
Aegis-Dawn,278,0.00225,0,Aegis,Dawn,0.22,very_low,0,0,0.08607594936708861
Boreas-Elysium,206,0.01796,0,Boreas,Elysium,1.8,very_low,0,0,0.08933002481389578
Boreas-Dawn,263,0.07658,0,Boreas,Dawn,7.66,low,0,0,0.0761904761904762
Aegis-Boreas,117,0.0443,0,Aegis,Boreas,4.43,very_low,0,0,0.115
Dawn-Elysium,201,0.06726,0,Dawn,Elysium,6.73,low,0,0,0.07637231503579953
Aegis-Elysium,237,0.06518,0,Aegis,Elysium,6.52,low,0,0,0.06801007556675064
Caelum-Elysium,252,0.06277,0,Caelum,Elysium,6.28,low,0,0,0.08208955223880597
Aegis-Elysium,65,0.04498,0,Aegis,Elysium,4.5,very_low,0,0,0.06801007556675064
Caelum-Elysium,189,0.02299,0,Caelum,Elysium,2.3,very_low,0,0,0.08208955223880597
Caelum-Fenix,99,0.04264,0,Caelum,Fenix,4.26,very_low,0,0,0.07960199004975124
Caelum-Elysium,463,0.00502,0,Caelum,Elysium,0.5,very_low,0,0,0.08208955223880597
Aegis-Dawn,23,0.04783,0,Aegis,Dawn,4.78,very_low,0,0,0.08607594936708861
Caelum-Fenix,69,0.01564,0,Caelum,Fenix,1.56,very_low,0,0,0.07960199004975124
Caelum-Fenix,65,0.00213,0,Caelum,Fenix,0.21,very_low,0,0,0.07960199004975124
Dawn-Fenix,1,0.07074,0,Dawn,Fenix,7.07,low,0,0,0.07512953367875648
Caelum-Dawn,33,0.203,0,Caelum,Dawn,20.3,high,1,0,0.06666666666666667
Boreas-Dawn,258,0.03209,0,Boreas,Dawn,3.21,very_low,0,0,0.0761904761904762
Caelum-Fenix,97,0.01906,0,Caelum,Fenix,1.91,very_low,0,0,0.07960199004975124
Caelum-Elysium,91,0.10287,0,Caelum,Elysium,10.29,medium,0,0,0.08208955223880597
Elysium-Fenix,10,0.09839,0,Elysium,Fenix,9.84,low,0,0,0.06666666666666667
Dawn-Elysium,359,0.01427,0,Dawn,Elysium,1.43,very_low,0,0,0.07637231503579953
Aegis-Dawn,139,0.00471,0,Aegis,Dawn,0.47,very_low,0,0,0.08607594936708861
Aegis-Boreas,87,0.06933,0,Aegis,Boreas,6.93,low,0,0,0.115
Boreas-Dawn,81,0.11703,0,Boreas,Dawn,11.7,medium,0,0,0.0761904761904762
Boreas-Dawn,426,0.12171,0,Boreas,Dawn,12.17,medium,0,0,0.0761904761904762
Aegis-Boreas,66,0.01495,0,Aegis,Boreas,1.5,very_low,0,0,0.115
Aegis-Boreas,452,0.03546,0,Aegis,Boreas,3.55,very_low,0,0,0.115
Dawn-Fenix,480,0.02991,0,Dawn,Fenix,2.99,very_low,0,0,0.07512953367875648
Elysium-Fenix,42,0.05934,0,Elysium,Fenix,5.93,low,0,0,0.06666666666666667
Aegis-Dawn,303,0.02769,0,Aegis,Dawn,2.77,very_low,0,0,0.08607594936708861
Caelum-Elysium,23,0.14095,1,Caelum,Elysium,14.1,medium,0,1,0.08208955223880597
Boreas-Dawn,116,0.17824,1,Boreas,Dawn,17.82,medium,0,1,0.0761904761904762
Boreas-Fenix,116,0.05092,1,Boreas,Fenix,5.09,low,0,1,0.10353535353535354
Dawn-Fenix,284,0.0048,0,Dawn,Fenix,0.48,very_low,0,0,0.07512953367875648
Aegis-Dawn,420,0.05124,0,Aegis,Dawn,5.12,low,0,0,0.08607594936708861
Boreas-Fenix,60,0.0189,0,Boreas,Fenix,1.89,very_low,0,0,0.10353535353535354
Caelum-Fenix,416,0.20974,0,Caelum,Fenix,20.97,high,1,0,0.07960199004975124
Aegis-Boreas,22,0.21287,1,Aegis,Boreas,21.29,high,1,1,0.115
Boreas-Dawn,209,0.0678,0,Boreas,Dawn,6.78,low,0,0,0.0761904761904762
Aegis-Elysium,299,0.13521,0,Aegis,Elysium,13.52,medium,0,0,0.06801007556675064
Caelum-Dawn,281,0.05214,0,Caelum,Dawn,5.21,low,0,0,0.06666666666666667
Dawn-Elysium,203,0.00099,0,Dawn,Elysium,0.1,very_low,0,0,0.07637231503579953
Dawn-Fenix,336,0.00471,0,Dawn,Fenix,0.47,very_low,0,0,0.07512953367875648
Caelum-Elysium,111,0.01953,0,Caelum,Elysium,1.95,very_low,0,0,0.08208955223880597
Caelum-Elysium,423,0.04419,0,Caelum,Elysium,4.42,very_low,0,0,0.08208955223880597
Aegis-Boreas,414,0.08627,0,Aegis,Boreas,8.63,low,0,0,0.115
Boreas-Dawn,249,0.06492,1,Boreas,Dawn,6.49,low,0,1,0.0761904761904762
Boreas-Fenix,15,0.05501,0,Boreas,Fenix,5.5,low,0,0,0.10353535353535354
Elysium-Fenix,335,0.07077,0,Elysium,Fenix,7.08,low,0,0,0.06666666666666667
Dawn-Elysium,386,0.0105,0,Dawn,Elysium,1.05,very_low,0,0,0.07637231503579953
Caelum-Elysium,326,0.0209,0,Caelum,Elysium,2.09,very_low,0,0,0.08208955223880597
Boreas-Elysium,13,0.17203,0,Boreas,Elysium,17.2,medium,0,0,0.08933002481389578
Caelum-Dawn,255,0.05074,0,Caelum,Dawn,5.07,low,0,0,0.06666666666666667
Aegis-Dawn,255,0.01196,0,Aegis,Dawn,1.2,very_low,0,0,0.08607594936708861
Dawn-Fenix,294,0.02829,0,Dawn,Fenix,2.83,very_low,0,0,0.07512953367875648
Boreas-Dawn,219,0.18026,0,Boreas,Dawn,18.03,medium,0,0,0.0761904761904762
Caelum-Dawn,301,0.08153,0,Caelum,Dawn,8.15,low,0,0,0.06666666666666667
Boreas-Elysium,64,0.01729,0,Boreas,Elysium,1.73,very_low,0,0,0.08933002481389578
Caelum-Fenix,168,0.00697,0,Caelum,Fenix,0.7,very_low,0,0,0.07960199004975124
Caelum-Fenix,83,0.01233,0,Caelum,Fenix,1.23,very_low,0,0,0.07960199004975124
Dawn-Elysium,357,0.04016,0,Dawn,Elysium,4.02,very_low,0,0,0.07637231503579953
Aegis-Elysium,208,0.10015,0,Aegis,Elysium,10.02,medium,0,0,0.06801007556675064
Caelum-Elysium,229,0.01152,0,Caelum,Elysium,1.15,very_low,0,0,0.08208955223880597
Dawn-Elysium,153,0.05534,0,Dawn,Elysium,5.53,low,0,0,0.07637231503579953
Caelum-Dawn,477,0.00717,0,Caelum,Dawn,0.72,very_low,0,0,0.06666666666666667
Dawn-Fenix,16,0.0444,0,Dawn,Fenix,4.44,very_low,0,0,0.07512953367875648
Caelum-Fenix,178,0.02457,1,Caelum,Fenix,2.46,very_low,0,1,0.07960199004975124
Caelum-Dawn,358,0.03243,0,Caelum,Dawn,3.24,very_low,0,0,0.06666666666666667
Caelum-Elysium,419,0.17522,0,Caelum,Elysium,17.52,medium,0,0,0.08208955223880597
Dawn-Elysium,176,0.00605,1,Dawn,Elysium,0.6,very_low,0,1,0.07637231503579953
Aegis-Boreas,197,0.02006,0,Aegis,Boreas,2.01,very_low,0,0,0.115
Caelum-Fenix,450,0.0511,0,Caelum,Fenix,5.11,low,0,0,0.07960199004975124
Elysium-Fenix,160,0.00146,0,Elysium,Fenix,0.15,very_low,0,0,0.06666666666666667
Caelum-Elysium,5,0.20296,0,Caelum,Elysium,20.3,high,1,0,0.08208955223880597
Boreas-Elysium,15,0.24438,1,Boreas,Elysium,24.44,high,1,1,0.08933002481389578
Caelum-Elysium,75,0.0146,0,Caelum,Elysium,1.46,very_low,0,0,0.08208955223880597
Dawn-Elysium,485,0.09439,0,Dawn,Elysium,9.44,low,0,0,0.07637231503579953
Dawn-Elysium,318,0.03059,0,Dawn,Elysium,3.06,very_low,0,0,0.07637231503579953
Dawn-Elysium,423,0.05226,0,Dawn,Elysium,5.23,low,0,0,0.07637231503579953
Caelum-Dawn,109,0.16074,0,Caelum,Dawn,16.07,medium,0,0,0.06666666666666667
Dawn-Fenix,125,0.33707,0,Dawn,Fenix,33.71,high,1,0,0.07512953367875648
Caelum-Elysium,282,0.13709,0,Caelum,Elysium,13.71,medium,0,0,0.08208955223880597
Caelum-Fenix,323,0.22576,0,Caelum,Fenix,22.58,high,1,0,0.07960199004975124
Aegis-Dawn,81,0.15355,0,Aegis,Dawn,15.35,medium,0,0,0.08607594936708861
Elysium-Fenix,464,0.0095,0,Elysium,Fenix,0.95,very_low,0,0,0.06666666666666667
Boreas-Fenix,291,0.01063,0,Boreas,Fenix,1.06,very_low,0,0,0.10353535353535354
Caelum-Dawn,486,0.02978,0,Caelum,Dawn,2.98,very_low,0,0,0.06666666666666667
Aegis-Dawn,433,0.03686,0,Aegis,Dawn,3.69,very_low,0,0,0.08607594936708861
Elysium-Fenix,157,0.14687,0,Elysium,Fenix,14.69,medium,0,0,0.06666666666666667
Boreas-Dawn,465,0.20135,1,Boreas,Dawn,20.14,high,1,1,0.0761904761904762
Aegis-Dawn,181,0.06685,1,Aegis,Dawn,6.68,low,0,1,0.08607594936708861
Aegis-Boreas,279,0.01269,0,Aegis,Boreas,1.27,very_low,0,0,0.115
Dawn-Fenix,298,0.0834330688935281,0,Dawn,Fenix,8.34,low,0,0,0.07512953367875648
Boreas-Dawn,355,0.0329,0,Boreas,Dawn,3.29,very_low,0,0,0.0761904761904762
Aegis-Boreas,173,0.12389,0,Aegis,Boreas,12.39,medium,0,0,0.115
Aegis-Boreas,159,0.1832,0,Aegis,Boreas,18.32,medium,0,0,0.115
Aegis-Boreas,465,0.05772,0,Aegis,Boreas,5.77,low,0,0,0.115
Boreas-Fenix,187,0.09182,0,Boreas,Fenix,9.18,low,0,0,0.10353535353535354
Caelum-Elysium,152,0.0361,0,Caelum,Elysium,3.61,very_low,0,0,0.08208955223880597
Dawn-Fenix,366,0.057,0,Dawn,Fenix,5.7,low,0,0,0.07512953367875648
Dawn-Fenix,244,0.03687,0,Dawn,Fenix,3.69,very_low,0,0,0.07512953367875648
Caelum-Dawn,213,0.04174,0,Caelum,Dawn,4.17,very_low,0,0,0.06666666666666667
Caelum-Dawn,22,0.03701,0,Caelum,Dawn,3.7,very_low,0,0,0.06666666666666667
Aegis-Elysium,79,0.00096,0,Aegis,Elysium,0.1,very_low,0,0,0.06801007556675064
Elysium-Fenix,417,0.0834330688935281,0,Elysium,Fenix,8.34,low,0,0,0.06666666666666667
Boreas-Fenix,431,0.09181,0,Boreas,Fenix,9.18,low,0,0,0.10353535353535354
Boreas-Dawn,397,0.11795,0,Boreas,Dawn,11.8,medium,0,0,0.0761904761904762
Dawn-Fenix,413,0.03732,0,Dawn,Fenix,3.73,very_low,0,0,0.07512953367875648
Aegis-Boreas,385,0.09821,0,Aegis,Boreas,9.82,low,0,0,0.115
Aegis-Elysium,387,0.05427,0,Aegis,Elysium,5.43,low,0,0,0.06801007556675064
Aegis-Boreas,258,0.11372,0,Aegis,Boreas,11.37,medium,0,0,0.115
Aegis-Elysium,176,0.05874,0,Aegis,Elysium,5.87,low,0,0,0.06801007556675064
Elysium-Fenix,325,0.21539,0,Elysium,Fenix,21.54,high,1,0,0.06666666666666667
Boreas-Fenix,213,0.01455,0,Boreas,Fenix,1.46,very_low,0,0,0.10353535353535354
Aegis-Dawn,92,0.16891,0,Aegis,Dawn,16.89,medium,0,0,0.08607594936708861
Caelum-Dawn,453,0.0004,0,Caelum,Dawn,0.04,very_low,0,0,0.06666666666666667
Caelum-Dawn,174,0.16045,0,Caelum,Dawn,16.05,medium,0,0,0.06666666666666667
Boreas-Elysium,144,0.02321,1,Boreas,Elysium,2.32,very_low,0,1,0.08933002481389578
Aegis-Dawn,161,0.05437,0,Aegis,Dawn,5.44,low,0,0,0.08607594936708861
Boreas-Dawn,407,0.05113,0,Boreas,Dawn,5.11,low,0,0,0.0761904761904762
Caelum-Fenix,187,0.04666,0,Caelum,Fenix,4.67,very_low,0,0,0.07960199004975124
Elysium-Fenix,128,0.12444,0,Elysium,Fenix,12.44,medium,0,0,0.06666666666666667
Caelum-Fenix,207,0.04338,0,Caelum,Fenix,4.34,very_low,0,0,0.07960199004975124
Aegis-Elysium,17,0.12797,0,Aegis,Elysium,12.8,medium,0,0,0.06801007556675064
Dawn-Fenix,411,0.09559,0,Dawn,Fenix,9.56,low,0,0,0.07512953367875648
Dawn-Fenix,406,0.0734,0,Dawn,Fenix,7.34,low,0,0,0.07512953367875648
Dawn-Fenix,400,0.0834330688935281,0,Dawn,Fenix,8.34,low,0,0,0.07512953367875648
Aegis-Elysium,291,0.10332,0,Aegis,Elysium,10.33,medium,0,0,0.06801007556675064
Caelum-Fenix,381,0.06957,0,Caelum,Fenix,6.96,low,0,0,0.07960199004975124
Elysium-Fenix,38,0.0412,0,Elysium,Fenix,4.12,very_low,0,0,0.06666666666666667
Elysium-Fenix,399,0.12304,0,Elysium,Fenix,12.3,medium,0,0,0.06666666666666667
Dawn-Elysium,243,0.02484,0,Dawn,Elysium,2.48,very_low,0,0,0.07637231503579953
Boreas-Dawn,497,0.04919,0,Boreas,Dawn,4.92,very_low,0,0,0.0761904761904762
Aegis-Elysium,483,0.01435,0,Aegis,Elysium,1.44,very_low,0,0,0.06801007556675064
Caelum-Elysium,221,0.06079,0,Caelum,Elysium,6.08,low,0,0,0.08208955223880597
Aegis-Elysium,107,0.00236,0,Aegis,Elysium,0.24,very_low,0,0,0.06801007556675064
Caelum-Elysium,383,0.02325,0,Caelum,Elysium,2.33,very_low,0,0,0.08208955223880597
Caelum-Dawn,208,0.12125,0,Caelum,Dawn,12.12,medium,0,0,0.06666666666666667
Caelum-Elysium,63,0.0319,0,Caelum,Elysium,3.19,very_low,0,0,0.08208955223880597
Dawn-Elysium,31,0.06332,0,Dawn,Elysium,6.33,low,0,0,0.07637231503579953
Caelum-Elysium,207,0.20818,1,Caelum,Elysium,20.82,high,1,1,0.08208955223880597
Caelum-Dawn,445,0.00987,0,Caelum,Dawn,0.99,very_low,0,0,0.06666666666666667
Boreas-Elysium,377,0.09902,0,Boreas,Elysium,9.9,low,0,0,0.08933002481389578
Boreas-Fenix,364,0.05761,0,Boreas,Fenix,5.76,low,0,0,0.10353535353535354
Boreas-Fenix,68,0.05724,0,Boreas,Fenix,5.72,low,0,0,0.10353535353535354
Boreas-Elysium,277,0.08331,0,Boreas,Elysium,8.33,low,0,0,0.08933002481389578
Boreas-Fenix,181,0.08068,0,Boreas,Fenix,8.07,low,0,0,0.10353535353535354
Dawn-Fenix,281,0.16151,0,Dawn,Fenix,16.15,medium,0,0,0.07512953367875648
Caelum-Fenix,317,0.14748,0,Caelum,Fenix,14.75,medium,0,0,0.07960199004975124
Boreas-Fenix,30,0.05308,0,Boreas,Fenix,5.31,low,0,0,0.10353535353535354
Aegis-Elysium,124,0.04416,0,Aegis,Elysium,4.42,very_low,0,0,0.06801007556675064
Aegis-Elysium,38,0.00095,0,Aegis,Elysium,0.1,very_low,0,0,0.06801007556675064
Boreas-Dawn,89,0.02732,0,Boreas,Dawn,2.73,very_low,0,0,0.0761904761904762
Elysium-Fenix,383,0.14997,0,Elysium,Fenix,15.0,medium,0,0,0.06666666666666667
Boreas-Dawn,417,0.02762,0,Boreas,Dawn,2.76,very_low,0,0,0.0761904761904762
Dawn-Fenix,120,0.19147,0,Dawn,Fenix,19.15,medium,0,0,0.07512953367875648
Aegis-Boreas,23,0.11035,0,Aegis,Boreas,11.04,medium,0,0,0.115
Dawn-Elysium,276,0.06796,0,Dawn,Elysium,6.8,low,0,0,0.07637231503579953
Boreas-Elysium,27,0.03064,0,Boreas,Elysium,3.06,very_low,0,0,0.08933002481389578
Aegis-Elysium,144,0.15219,0,Aegis,Elysium,15.22,medium,0,0,0.06801007556675064
Caelum-Elysium,98,0.0008,0,Caelum,Elysium,0.08,very_low,0,0,0.08208955223880597
Aegis-Elysium,94,0.0834330688935281,1,Aegis,Elysium,8.34,low,0,1,0.06801007556675064
Aegis-Boreas,115,0.0981,0,Aegis,Boreas,9.81,low,0,0,0.115
Boreas-Elysium,33,0.17618,0,Boreas,Elysium,17.62,medium,0,0,0.08933002481389578
Dawn-Fenix,323,0.16277,0,Dawn,Fenix,16.28,medium,0,0,0.07512953367875648
Aegis-Dawn,115,0.04894,0,Aegis,Dawn,4.89,very_low,0,0,0.08607594936708861
Aegis-Boreas,69,0.00666,0,Aegis,Boreas,0.67,very_low,0,0,0.115
Caelum-Fenix,371,0.02436,0,Caelum,Fenix,2.44,very_low,0,0,0.07960199004975124
Caelum-Fenix,135,0.1725,0,Caelum,Fenix,17.25,medium,0,0,0.07960199004975124
Elysium-Fenix,316,0.01353,0,Elysium,Fenix,1.35,very_low,0,0,0.06666666666666667
Boreas-Fenix,157,0.02525,0,Boreas,Fenix,2.53,very_low,0,0,0.10353535353535354
Boreas-Dawn,206,0.06901,0,Boreas,Dawn,6.9,low,0,0,0.0761904761904762
Caelum-Fenix,330,0.08385,0,Caelum,Fenix,8.38,low,0,0,0.07960199004975124
Dawn-Elysium,227,0.00339,0,Dawn,Elysium,0.34,very_low,0,0,0.07637231503579953
Elysium-Fenix,207,0.10735,1,Elysium,Fenix,10.74,medium,0,1,0.06666666666666667
Boreas-Dawn,103,0.00535,0,Boreas,Dawn,0.53,very_low,0,0,0.0761904761904762
Boreas-Dawn,146,0.38085,0,Boreas,Dawn,38.08,very_high,1,0,0.0761904761904762
Aegis-Elysium,154,0.1455,0,Aegis,Elysium,14.55,medium,0,0,0.06801007556675064
Caelum-Elysium,455,0.04619,0,Caelum,Elysium,4.62,very_low,0,0,0.08208955223880597
Boreas-Dawn,457,0.15573,0,Boreas,Dawn,15.57,medium,0,0,0.0761904761904762
Aegis-Elysium,268,0.35601,0,Aegis,Elysium,35.6,very_high,1,0,0.06801007556675064
Boreas-Elysium,29,0.01071,0,Boreas,Elysium,1.07,very_low,0,0,0.08933002481389578
Caelum-Fenix,141,0.11984,0,Caelum,Fenix,11.98,medium,0,0,0.07960199004975124
Boreas-Dawn,186,0.02103,0,Boreas,Dawn,2.1,very_low,0,0,0.0761904761904762
Aegis-Boreas,122,0.11256,0,Aegis,Boreas,11.26,medium,0,0,0.115
Caelum-Fenix,420,0.07121,0,Caelum,Fenix,7.12,low,0,0,0.07960199004975124
Dawn-Fenix,348,0.00627,0,Dawn,Fenix,0.63,very_low,0,0,0.07512953367875648
Boreas-Fenix,71,0.08397,0,Boreas,Fenix,8.4,low,0,0,0.10353535353535354
Elysium-Fenix,204,0.0834330688935281,0,Elysium,Fenix,8.34,low,0,0,0.06666666666666667
Boreas-Elysium,219,0.15195,0,Boreas,Elysium,15.2,medium,0,0,0.08933002481389578
Boreas-Dawn,221,0.07564,0,Boreas,Dawn,7.56,low,0,0,0.0761904761904762
Aegis-Dawn,100,0.15965,1,Aegis,Dawn,15.96,medium,0,1,0.08607594936708861
Aegis-Boreas,352,0.09535,0,Aegis,Boreas,9.54,low,0,0,0.115
Aegis-Boreas,177,0.04627,1,Aegis,Boreas,4.63,very_low,0,1,0.115
Boreas-Elysium,342,0.0114,0,Boreas,Elysium,1.14,very_low,0,0,0.08933002481389578
Caelum-Dawn,450,0.17303,0,Caelum,Dawn,17.3,medium,0,0,0.06666666666666667
Boreas-Elysium,415,0.12771,0,Boreas,Elysium,12.77,medium,0,0,0.08933002481389578
Caelum-Dawn,483,0.08152,0,Caelum,Dawn,8.15,low,0,0,0.06666666666666667
Elysium-Fenix,113,0.03879,0,Elysium,Fenix,3.88,very_low,0,0,0.06666666666666667
Caelum-Elysium,248,0.02053,0,Caelum,Elysium,2.05,very_low,0,0,0.08208955223880597
Boreas-Elysium,209,0.05538,0,Boreas,Elysium,5.54,low,0,0,0.08933002481389578
Dawn-Fenix,444,0.05047,0,Dawn,Fenix,5.05,low,0,0,0.07512953367875648
Elysium-Fenix,402,0.04974,0,Elysium,Fenix,4.97,very_low,0,0,0.06666666666666667
Boreas-Fenix,399,0.05732,0,Boreas,Fenix,5.73,low,0,0,0.10353535353535354
Aegis-Boreas,475,0.13678,1,Aegis,Boreas,13.68,medium,0,1,0.115
Boreas-Dawn,464,0.0198,0,Boreas,Dawn,1.98,very_low,0,0,0.0761904761904762
Dawn-Elysium,77,0.00981,0,Dawn,Elysium,0.98,very_low,0,0,0.07637231503579953
Dawn-Fenix,62,0.00782,0,Dawn,Fenix,0.78,very_low,0,0,0.07512953367875648
Dawn-Fenix,242,0.3024,0,Dawn,Fenix,30.24,high,1,0,0.07512953367875648
Dawn-Fenix,308,0.03382,0,Dawn,Fenix,3.38,very_low,0,0,0.07512953367875648
Caelum-Dawn,418,0.0834330688935281,0,Caelum,Dawn,8.34,low,0,0,0.06666666666666667
Aegis-Elysium,100,0.02003,0,Aegis,Elysium,2.0,very_low,0,0,0.06801007556675064
Elysium-Fenix,393,0.05654,0,Elysium,Fenix,5.65,low,0,0,0.06666666666666667
Elysium-Fenix,98,0.08602,0,Elysium,Fenix,8.6,low,0,0,0.06666666666666667
Dawn-Fenix,454,0.0168,0,Dawn,Fenix,1.68,very_low,0,0,0.07512953367875648
Elysium-Fenix,421,0.02435,0,Elysium,Fenix,2.44,very_low,0,0,0.06666666666666667
Aegis-Elysium,261,0.04282,0,Aegis,Elysium,4.28,very_low,0,0,0.06801007556675064
Dawn-Elysium,358,0.23699,0,Dawn,Elysium,23.7,high,1,0,0.07637231503579953
Boreas-Elysium,285,0.17469,1,Boreas,Elysium,17.47,medium,0,1,0.08933002481389578
Caelum-Dawn,268,0.03227,0,Caelum,Dawn,3.23,very_low,0,0,0.06666666666666667
Caelum-Dawn,340,0.0957,0,Caelum,Dawn,9.57,low,0,0,0.06666666666666667
Caelum-Elysium,144,0.09472,0,Caelum,Elysium,9.47,low,0,0,0.08208955223880597
Dawn-Fenix,19,0.05589,0,Dawn,Fenix,5.59,low,0,0,0.07512953367875648
Boreas-Elysium,352,0.0404,0,Boreas,Elysium,4.04,very_low,0,0,0.08933002481389578
Elysium-Fenix,472,0.01136,1,Elysium,Fenix,1.14,very_low,0,1,0.06666666666666667
Boreas-Elysium,443,0.0783,0,Boreas,Elysium,7.83,low,0,0,0.08933002481389578
Elysium-Fenix,314,0.18445,1,Elysium,Fenix,18.44,medium,0,1,0.06666666666666667
Caelum-Elysium,342,0.16053,0,Caelum,Elysium,16.05,medium,0,0,0.08208955223880597
Aegis-Boreas,460,0.0155,0,Aegis,Boreas,1.55,very_low,0,0,0.115
Boreas-Dawn,282,0.07966,1,Boreas,Dawn,7.97,low,0,1,0.0761904761904762
Boreas-Fenix,400,0.05181,0,Boreas,Fenix,5.18,low,0,0,0.10353535353535354
Aegis-Elysium,390,0.18424,0,Aegis,Elysium,18.42,medium,0,0,0.06801007556675064
Aegis-Dawn,2,0.05752,0,Aegis,Dawn,5.75,low,0,0,0.08607594936708861
Caelum-Elysium,246,0.04943,0,Caelum,Elysium,4.94,very_low,0,0,0.08208955223880597
Boreas-Fenix,201,0.10659,0,Boreas,Fenix,10.66,medium,0,0,0.10353535353535354
Caelum-Fenix,256,0.06612,0,Caelum,Fenix,6.61,low,0,0,0.07960199004975124
Aegis-Boreas,194,0.01608,0,Aegis,Boreas,1.61,very_low,0,0,0.115
Boreas-Elysium,71,0.08273,0,Boreas,Elysium,8.27,low,0,0,0.08933002481389578
Boreas-Fenix,381,0.00954,0,Boreas,Fenix,0.95,very_low,0,0,0.10353535353535354
Aegis-Boreas,354,0.07541,0,Aegis,Boreas,7.54,low,0,0,0.115
Caelum-Fenix,4,0.07387,0,Caelum,Fenix,7.39,low,0,0,0.07960199004975124
Boreas-Fenix,61,0.06283,0,Boreas,Fenix,6.28,low,0,0,0.10353535353535354
Aegis-Dawn,69,0.0834330688935281,0,Aegis,Dawn,8.34,low,0,0,0.08607594936708861
Caelum-Dawn,405,0.05986,0,Caelum,Dawn,5.99,low,0,0,0.06666666666666667
Aegis-Elysium,286,0.21335,0,Aegis,Elysium,21.34,high,1,0,0.06801007556675064
Caelum-Fenix,44,0.05969,0,Caelum,Fenix,5.97,low,0,0,0.07960199004975124
Caelum-Fenix,160,0.00651,0,Caelum,Fenix,0.65,very_low,0,0,0.07960199004975124
Boreas-Dawn,466,0.08842,0,Boreas,Dawn,8.84,low,0,0,0.0761904761904762
Elysium-Fenix,328,0.02602,0,Elysium,Fenix,2.6,very_low,0,0,0.06666666666666667
Boreas-Fenix,488,0.14133,0,Boreas,Fenix,14.13,medium,0,0,0.10353535353535354
Elysium-Fenix,46,0.0834330688935281,0,Elysium,Fenix,8.34,low,0,0,0.06666666666666667
Aegis-Boreas,166,0.01474,0,Aegis,Boreas,1.47,very_low,0,0,0.115
Caelum-Fenix,343,0.00997,0,Caelum,Fenix,1.0,very_low,0,0,0.07960199004975124
Caelum-Elysium,233,0.02238,0,Caelum,Elysium,2.24,very_low,0,0,0.08208955223880597
Elysium-Fenix,340,0.15592,1,Elysium,Fenix,15.59,medium,0,1,0.06666666666666667
Aegis-Dawn,496,0.02866,0,Aegis,Dawn,2.87,very_low,0,0,0.08607594936708861
Elysium-Fenix,338,0.08988,0,Elysium,Fenix,8.99,low,0,0,0.06666666666666667
Elysium-Fenix,412,0.0357,0,Elysium,Fenix,3.57,very_low,0,0,0.06666666666666667
Aegis-Boreas,425,0.0495,0,Aegis,Boreas,4.95,very_low,0,0,0.115
Caelum-Fenix,425,0.03261,0,Caelum,Fenix,3.26,very_low,0,0,0.07960199004975124
Caelum-Dawn,12,0.00989,0,Caelum,Dawn,0.99,very_low,0,0,0.06666666666666667
Dawn-Elysium,217,0.04164,0,Dawn,Elysium,4.16,very_low,0,0,0.07637231503579953
Caelum-Fenix,370,0.02227,0,Caelum,Fenix,2.23,very_low,0,0,0.07960199004975124
Boreas-Fenix,346,0.14745,0,Boreas,Fenix,14.74,medium,0,0,0.10353535353535354
Dawn-Fenix,28,1e-05,0,Dawn,Fenix,0.0,very_low,0,0,0.07512953367875648
Boreas-Elysium,328,0.02821,0,Boreas,Elysium,2.82,very_low,0,0,0.08933002481389578
Caelum-Dawn,337,0.0649,1,Caelum,Dawn,6.49,low,0,1,0.06666666666666667
Caelum-Fenix,246,0.04406,0,Caelum,Fenix,4.41,very_low,0,0,0.07960199004975124
Elysium-Fenix,407,0.15536,0,Elysium,Fenix,15.54,medium,0,0,0.06666666666666667
Boreas-Elysium,472,0.10778,0,Boreas,Elysium,10.78,medium,0,0,0.08933002481389578
Caelum-Elysium,53,0.00928,0,Caelum,Elysium,0.93,very_low,0,0,0.08208955223880597
Boreas-Dawn,172,0.0068,0,Boreas,Dawn,0.68,very_low,0,0,0.0761904761904762
Boreas-Fenix,76,0.07565,0,Boreas,Fenix,7.56,low,0,0,0.10353535353535354
Dawn-Fenix,329,0.11937,0,Dawn,Fenix,11.94,medium,0,0,0.07512953367875648
Caelum-Elysium,262,0.10626,0,Caelum,Elysium,10.63,medium,0,0,0.08208955223880597
Aegis-Boreas,62,0.07252,0,Aegis,Boreas,7.25,low,0,0,0.115
Boreas-Elysium,309,0.13074,0,Boreas,Elysium,13.07,medium,0,0,0.08933002481389578
Caelum-Fenix,94,0.04595,0,Caelum,Fenix,4.6,very_low,0,0,0.07960199004975124
Aegis-Elysium,275,0.01884,0,Aegis,Elysium,1.88,very_low,0,0,0.06801007556675064
Caelum-Elysium,113,0.22208,0,Caelum,Elysium,22.21,high,1,0,0.08208955223880597
Boreas-Dawn,143,0.09108,0,Boreas,Dawn,9.11,low,0,0,0.0761904761904762
Caelum-Dawn,330,0.01539,0,Caelum,Dawn,1.54,very_low,0,0,0.06666666666666667
Caelum-Fenix,51,0.14175,0,Caelum,Fenix,14.18,medium,0,0,0.07960199004975124
Boreas-Elysium,294,0.05543,0,Boreas,Elysium,5.54,low,0,0,0.08933002481389578
Aegis-Boreas,208,0.00508,0,Aegis,Boreas,0.51,very_low,0,0,0.115
Boreas-Dawn,216,0.19927,0,Boreas,Dawn,19.93,medium,0,0,0.0761904761904762
Aegis-Elysium,43,0.05825,0,Aegis,Elysium,5.82,low,0,0,0.06801007556675064
Aegis-Boreas,308,0.10782,0,Aegis,Boreas,10.78,medium,0,0,0.115
Boreas-Elysium,248,0.10425,0,Boreas,Elysium,10.42,medium,0,0,0.08933002481389578
Boreas-Dawn,460,0.15607,0,Boreas,Dawn,15.61,medium,0,0,0.0761904761904762
Caelum-Dawn,39,0.09695,0,Caelum,Dawn,9.7,low,0,0,0.06666666666666667
Caelum-Fenix,128,0.08336,0,Caelum,Fenix,8.34,low,0,0,0.07960199004975124
Aegis-Boreas,344,0.11899,0,Aegis,Boreas,11.9,medium,0,0,0.115
Dawn-Fenix,396,0.0834330688935281,1,Dawn,Fenix,8.34,low,0,1,0.07512953367875648
Dawn-Fenix,332,0.0834330688935281,0,Dawn,Fenix,8.34,low,0,0,0.07512953367875648
Elysium-Fenix,299,0.08207,0,Elysium,Fenix,8.21,low,0,0,0.06666666666666667
Dawn-Elysium,156,0.13246,0,Dawn,Elysium,13.25,medium,0,0,0.07637231503579953
Boreas-Dawn,485,0.08328,0,Boreas,Dawn,8.33,low,0,0,0.0761904761904762
Boreas-Elysium,88,0.00312,0,Boreas,Elysium,0.31,very_low,0,0,0.08933002481389578
Aegis-Boreas,473,0.01898,0,Aegis,Boreas,1.9,very_low,0,0,0.115
Boreas-Elysium,490,0.01244,0,Boreas,Elysium,1.24,very_low,0,0,0.08933002481389578
Aegis-Elysium,181,0.04066,0,Aegis,Elysium,4.07,very_low,0,0,0.06801007556675064
Dawn-Fenix,312,0.07379,0,Dawn,Fenix,7.38,low,0,0,0.07512953367875648
Aegis-Elysium,63,0.05103,0,Aegis,Elysium,5.1,low,0,0,0.06801007556675064
Boreas-Dawn,328,0.08158,0,Boreas,Dawn,8.16,low,0,0,0.0761904761904762
Caelum-Elysium,370,0.20378,0,Caelum,Elysium,20.38,high,1,0,0.08208955223880597
Elysium-Fenix,457,0.05158,0,Elysium,Fenix,5.16,low,0,0,0.06666666666666667
Elysium-Fenix,100,0.04606,0,Elysium,Fenix,4.61,very_low,0,0,0.06666666666666667
Caelum-Dawn,374,0.02334,0,Caelum,Dawn,2.33,very_low,0,0,0.06666666666666667
Boreas-Dawn,398,0.04974,0,Boreas,Dawn,4.97,very_low,0,0,0.0761904761904762
Boreas-Dawn,473,0.00012,0,Boreas,Dawn,0.01,very_low,0,0,0.0761904761904762
Caelum-Elysium,351,0.02805,0,Caelum,Elysium,2.8,very_low,0,0,0.08208955223880597
Caelum-Elysium,215,0.08041,0,Caelum,Elysium,8.04,low,0,0,0.08208955223880597
Aegis-Boreas,402,0.05869,0,Aegis,Boreas,5.87,low,0,0,0.115
Boreas-Fenix,487,0.08226,0,Boreas,Fenix,8.23,low,0,0,0.10353535353535354
Boreas-Dawn,244,0.0834330688935281,0,Boreas,Dawn,8.34,low,0,0,0.0761904761904762
Dawn-Elysium,459,0.04633,0,Dawn,Elysium,4.63,very_low,0,0,0.07637231503579953
Aegis-Elysium,466,0.02316,0,Aegis,Elysium,2.32,very_low,0,0,0.06801007556675064
Dawn-Fenix,132,0.02419,0,Dawn,Fenix,2.42,very_low,0,0,0.07512953367875648
Boreas-Elysium,297,0.16516,0,Boreas,Elysium,16.52,medium,0,0,0.08933002481389578
Boreas-Elysium,418,0.00527,0,Boreas,Elysium,0.53,very_low,0,0,0.08933002481389578
Dawn-Fenix,9,0.01248,0,Dawn,Fenix,1.25,very_low,0,0,0.07512953367875648
Aegis-Boreas,24,0.06931,0,Aegis,Boreas,6.93,low,0,0,0.115
Dawn-Elysium,109,0.06196,0,Dawn,Elysium,6.2,low,0,0,0.07637231503579953
Boreas-Dawn,147,0.32122,0,Boreas,Dawn,32.12,high,1,0,0.0761904761904762
Boreas-Dawn,148,0.07638,0,Boreas,Dawn,7.64,low,0,0,0.0761904761904762
Boreas-Elysium,383,0.17834,0,Boreas,Elysium,17.83,medium,0,0,0.08933002481389578
Dawn-Elysium,30,0.0834330688935281,0,Dawn,Elysium,8.34,low,0,0,0.07637231503579953
Boreas-Dawn,191,0.04964,1,Boreas,Dawn,4.96,very_low,0,1,0.0761904761904762
Caelum-Dawn,45,0.14888,0,Caelum,Dawn,14.89,medium,0,0,0.06666666666666667
Boreas-Fenix,193,0.04165,0,Boreas,Fenix,4.16,very_low,0,0,0.10353535353535354
Boreas-Fenix,272,0.02149,0,Boreas,Fenix,2.15,very_low,0,0,0.10353535353535354
Boreas-Fenix,62,0.13031,1,Boreas,Fenix,13.03,medium,0,1,0.10353535353535354
Caelum-Fenix,245,0.36252,1,Caelum,Fenix,36.25,very_high,1,1,0.07960199004975124
Aegis-Dawn,25,0.12162,0,Aegis,Dawn,12.16,medium,0,0,0.08607594936708861
Caelum-Fenix,401,0.01825,0,Caelum,Fenix,1.82,very_low,0,0,0.07960199004975124
Boreas-Elysium,298,0.01358,0,Boreas,Elysium,1.36,very_low,0,0,0.08933002481389578
Boreas-Dawn,80,0.12904,0,Boreas,Dawn,12.9,medium,0,0,0.0761904761904762
Caelum-Dawn,328,0.16926,0,Caelum,Dawn,16.93,medium,0,0,0.06666666666666667
Boreas-Fenix,21,0.00354,0,Boreas,Fenix,0.35,very_low,0,0,0.10353535353535354
Dawn-Fenix,269,0.25358,1,Dawn,Fenix,25.36,high,1,1,0.07512953367875648
Aegis-Dawn,195,0.18136,1,Aegis,Dawn,18.14,medium,0,1,0.08607594936708861
Dawn-Fenix,391,0.01776,1,Dawn,Fenix,1.78,very_low,0,1,0.07512953367875648
Caelum-Fenix,284,0.10556,0,Caelum,Fenix,10.56,medium,0,0,0.07960199004975124
Dawn-Fenix,296,0.19124,0,Dawn,Fenix,19.12,medium,0,0,0.07512953367875648
Aegis-Boreas,75,0.01134,0,Aegis,Boreas,1.13,very_low,0,0,0.115
Caelum-Elysium,295,0.1297,0,Caelum,Elysium,12.97,medium,0,0,0.08208955223880597
Aegis-Dawn,41,0.02838,0,Aegis,Dawn,2.84,very_low,0,0,0.08607594936708861
Aegis-Elysium,420,0.0834330688935281,0,Aegis,Elysium,8.34,low,0,0,0.06801007556675064
Caelum-Elysium,390,0.02525,0,Caelum,Elysium,2.53,very_low,0,0,0.08208955223880597
Caelum-Fenix,125,0.02756,1,Caelum,Fenix,2.76,very_low,0,1,0.07960199004975124
Boreas-Elysium,374,0.0238,0,Boreas,Elysium,2.38,very_low,0,0,0.08933002481389578
Elysium-Fenix,214,0.0039,0,Elysium,Fenix,0.39,very_low,0,0,0.06666666666666667
Boreas-Fenix,198,0.02295,0,Boreas,Fenix,2.3,very_low,0,0,0.10353535353535354
Boreas-Elysium,140,0.12102,0,Boreas,Elysium,12.1,medium,0,0,0.08933002481389578
Aegis-Elysium,357,0.11392,0,Aegis,Elysium,11.39,medium,0,0,0.06801007556675064
Aegis-Dawn,319,0.06833,0,Aegis,Dawn,6.83,low,0,0,0.08607594936708861
Dawn-Elysium,235,0.018,0,Dawn,Elysium,1.8,very_low,0,0,0.07637231503579953
Caelum-Fenix,37,0.02359,0,Caelum,Fenix,2.36,very_low,0,0,0.07960199004975124
Boreas-Fenix,214,0.24479,0,Boreas,Fenix,24.48,high,1,0,0.10353535353535354
Caelum-Fenix,98,0.04354,1,Caelum,Fenix,4.35,very_low,0,1,0.07960199004975124
Elysium-Fenix,123,0.12362,1,Elysium,Fenix,12.36,medium,0,1,0.06666666666666667
Boreas-Fenix,34,0.1505,1,Boreas,Fenix,15.05,medium,0,1,0.10353535353535354
Caelum-Dawn,452,0.03063,0,Caelum,Dawn,3.06,very_low,0,0,0.06666666666666667
Aegis-Dawn,104,0.00957,0,Aegis,Dawn,0.96,very_low,0,0,0.08607594936708861
Dawn-Fenix,93,0.07419,0,Dawn,Fenix,7.42,low,0,0,0.07512953367875648
Dawn-Elysium,125,0.03983,0,Dawn,Elysium,3.98,very_low,0,0,0.07637231503579953
Boreas-Elysium,200,0.01381,0,Boreas,Elysium,1.38,very_low,0,0,0.08933002481389578
Aegis-Dawn,34,0.03512,0,Aegis,Dawn,3.51,very_low,0,0,0.08607594936708861
Caelum-Elysium,9,0.14149,0,Caelum,Elysium,14.15,medium,0,0,0.08208955223880597
Aegis-Dawn,206,0.17318,1,Aegis,Dawn,17.32,medium,0,1,0.08607594936708861
Elysium-Fenix,50,0.12163,0,Elysium,Fenix,12.16,medium,0,0,0.06666666666666667
Boreas-Fenix,129,0.13318,0,Boreas,Fenix,13.32,medium,0,0,0.10353535353535354
Elysium-Fenix,201,0.0834330688935281,0,Elysium,Fenix,8.34,low,0,0,0.06666666666666667
Boreas-Fenix,77,0.09791,0,Boreas,Fenix,9.79,low,0,0,0.10353535353535354
Caelum-Dawn,403,0.08375,0,Caelum,Dawn,8.38,low,0,0,0.06666666666666667
Caelum-Dawn,267,0.03265,0,Caelum,Dawn,3.26,very_low,0,0,0.06666666666666667
Aegis-Boreas,379,0.08423,1,Aegis,Boreas,8.42,low,0,1,0.115
Aegis-Dawn,90,0.00335,1,Aegis,Dawn,0.34,very_low,0,1,0.08607594936708861
Boreas-Fenix,59,0.0454,0,Boreas,Fenix,4.54,very_low,0,0,0.10353535353535354
Elysium-Fenix,213,0.08221,0,Elysium,Fenix,8.22,low,0,0,0.06666666666666667
Aegis-Dawn,307,0.03013,0,Aegis,Dawn,3.01,very_low,0,0,0.08607594936708861
Caelum-Dawn,37,0.34862,0,Caelum,Dawn,34.86,high,1,0,0.06666666666666667
Aegis-Boreas,26,0.02502,0,Aegis,Boreas,2.5,very_low,0,0,0.115
Caelum-Dawn,391,0.08005,1,Caelum,Dawn,8.0,low,0,1,0.06666666666666667
Aegis-Elysium,288,0.11805,0,Aegis,Elysium,11.8,medium,0,0,0.06801007556675064
Boreas-Fenix,293,0.01285,0,Boreas,Fenix,1.28,very_low,0,0,0.10353535353535354
Aegis-Boreas,30,0.00769,0,Aegis,Boreas,0.77,very_low,0,0,0.115
Caelum-Elysium,198,0.00597,0,Caelum,Elysium,0.6,very_low,0,0,0.08208955223880597
Aegis-Boreas,322,0.21976,0,Aegis,Boreas,21.98,high,1,0,0.115
Boreas-Elysium,72,0.04029,0,Boreas,Elysium,4.03,very_low,0,0,0.08933002481389578
Caelum-Elysium,239,0.08522,0,Caelum,Elysium,8.52,low,0,0,0.08208955223880597
Aegis-Dawn,355,0.04732,0,Aegis,Dawn,4.73,very_low,0,0,0.08607594936708861
Dawn-Fenix,377,0.04118,0,Dawn,Fenix,4.12,very_low,0,0,0.07512953367875648
Aegis-Elysium,331,0.26009,0,Aegis,Elysium,26.01,high,1,0,0.06801007556675064
Boreas-Fenix,376,0.03278,0,Boreas,Fenix,3.28,very_low,0,0,0.10353535353535354
Caelum-Elysium,240,0.13741,0,Caelum,Elysium,13.74,medium,0,0,0.08208955223880597
Boreas-Fenix,196,0.00744,0,Boreas,Fenix,0.74,very_low,0,0,0.10353535353535354
Dawn-Elysium,222,0.0693,1,Dawn,Elysium,6.93,low,0,1,0.07637231503579953
Aegis-Dawn,383,0.22443,0,Aegis,Dawn,22.44,high,1,0,0.08607594936708861
Boreas-Elysium,336,0.34211,0,Boreas,Elysium,34.21,high,1,0,0.08933002481389578
Boreas-Elysium,119,0.02228,0,Boreas,Elysium,2.23,very_low,0,0,0.08933002481389578
Dawn-Elysium,29,0.03465,0,Dawn,Elysium,3.46,very_low,0,0,0.07637231503579953
Aegis-Boreas,110,0.04984,0,Aegis,Boreas,4.98,very_low,0,0,0.115
Caelum-Elysium,276,0.14009,0,Caelum,Elysium,14.01,medium,0,0,0.08208955223880597
Dawn-Elysium,364,0.04839,0,Dawn,Elysium,4.84,very_low,0,0,0.07637231503579953
Caelum-Elysium,177,0.03195,1,Caelum,Elysium,3.2,very_low,0,1,0.08208955223880597
Aegis-Dawn,268,0.09892,0,Aegis,Dawn,9.89,low,0,0,0.08607594936708861
Caelum-Dawn,293,0.30946,0,Caelum,Dawn,30.95,high,1,0,0.06666666666666667
Caelum-Elysium,195,0.24106,1,Caelum,Elysium,24.11,high,1,1,0.08208955223880597
Boreas-Fenix,444,0.05218,0,Boreas,Fenix,5.22,low,0,0,0.10353535353535354
Aegis-Boreas,397,0.02808,0,Aegis,Boreas,2.81,very_low,0,0,0.115
Boreas-Elysium,59,0.01067,0,Boreas,Elysium,1.07,very_low,0,0,0.08933002481389578
Dawn-Fenix,266,0.0834330688935281,0,Dawn,Fenix,8.34,low,0,0,0.07512953367875648
Boreas-Elysium,167,0.28452,0,Boreas,Elysium,28.45,high,1,0,0.08933002481389578
Caelum-Fenix,13,0.19504,0,Caelum,Fenix,19.5,medium,0,0,0.07960199004975124
Boreas-Fenix,38,0.02779,0,Boreas,Fenix,2.78,very_low,0,0,0.10353535353535354
Aegis-Elysium,15,0.15022,0,Aegis,Elysium,15.02,medium,0,0,0.06801007556675064
Boreas-Fenix,172,0.08707,0,Boreas,Fenix,8.71,low,0,0,0.10353535353535354
Aegis-Dawn,154,0.07679,0,Aegis,Dawn,7.68,low,0,0,0.08607594936708861
Caelum-Fenix,356,0.06664,0,Caelum,Fenix,6.66,low,0,0,0.07960199004975124
Dawn-Elysium,147,0.01425,0,Dawn,Elysium,1.42,very_low,0,0,0.07637231503579953
Boreas-Fenix,211,0.24757,0,Boreas,Fenix,24.76,high,1,0,0.10353535353535354
Dawn-Fenix,146,0.03183,0,Dawn,Fenix,3.18,very_low,0,0,0.07512953367875648
Caelum-Fenix,194,0.18067,0,Caelum,Fenix,18.07,medium,0,0,0.07960199004975124
Dawn-Elysium,224,0.04874,0,Dawn,Elysium,4.87,very_low,0,0,0.07637231503579953
Caelum-Dawn,426,0.16767,0,Caelum,Dawn,16.77,medium,0,0,0.06666666666666667
Aegis-Dawn,126,0.00487,0,Aegis,Dawn,0.49,very_low,0,0,0.08607594936708861
Dawn-Elysium,395,0.09212,0,Dawn,Elysium,9.21,low,0,0,0.07637231503579953
Aegis-Elysium,428,0.11072,0,Aegis,Elysium,11.07,medium,0,0,0.06801007556675064
Dawn-Elysium,269,0.09374,1,Dawn,Elysium,9.37,low,0,1,0.07637231503579953
Boreas-Dawn,255,0.2184,0,Boreas,Dawn,21.84,high,1,0,0.0761904761904762
Dawn-Fenix,482,0.00543,0,Dawn,Fenix,0.54,very_low,0,0,0.07512953367875648
Elysium-Fenix,3,0.11585,0,Elysium,Fenix,11.58,medium,0,0,0.06666666666666667
Boreas-Fenix,206,0.007,1,Boreas,Fenix,0.7,very_low,0,1,0.10353535353535354
Aegis-Boreas,93,0.00034,0,Aegis,Boreas,0.03,very_low,0,0,0.115
Caelum-Elysium,174,0.20921,0,Caelum,Elysium,20.92,high,1,0,0.08208955223880597
Boreas-Elysium,8,0.22891,1,Boreas,Elysium,22.89,high,1,1,0.08933002481389578
Elysium-Fenix,251,0.02097,0,Elysium,Fenix,2.1,very_low,0,0,0.06666666666666667
Boreas-Elysium,223,0.00395,0,Boreas,Elysium,0.4,very_low,0,0,0.08933002481389578
Boreas-Elysium,7,0.18208,0,Boreas,Elysium,18.21,medium,0,0,0.08933002481389578
Caelum-Elysium,178,0.18215,0,Caelum,Elysium,18.22,medium,0,0,0.08208955223880597
Aegis-Dawn,291,0.00084,0,Aegis,Dawn,0.08,very_low,0,0,0.08607594936708861
Aegis-Boreas,46,0.11109,0,Aegis,Boreas,11.11,medium,0,0,0.115
Dawn-Elysium,237,0.00873,0,Dawn,Elysium,0.87,very_low,0,0,0.07637231503579953
Boreas-Fenix,341,0.00992,0,Boreas,Fenix,0.99,very_low,0,0,0.10353535353535354
Elysium-Fenix,19,0.0135,0,Elysium,Fenix,1.35,very_low,0,0,0.06666666666666667
Boreas-Fenix,220,0.04692,0,Boreas,Fenix,4.69,very_low,0,0,0.10353535353535354
Caelum-Elysium,394,0.01151,0,Caelum,Elysium,1.15,very_low,0,0,0.08208955223880597
Boreas-Elysium,296,0.02322,0,Boreas,Elysium,2.32,very_low,0,0,0.08933002481389578
Dawn-Fenix,73,0.02246,0,Dawn,Fenix,2.25,very_low,0,0,0.07512953367875648
Caelum-Fenix,156,0.04487,0,Caelum,Fenix,4.49,very_low,0,0,0.07960199004975124
Boreas-Elysium,126,0.0834330688935281,0,Boreas,Elysium,8.34,low,0,0,0.08933002481389578
Caelum-Dawn,48,0.03532,0,Caelum,Dawn,3.53,very_low,0,0,0.06666666666666667
Boreas-Elysium,476,0.02391,0,Boreas,Elysium,2.39,very_low,0,0,0.08933002481389578
Caelum-Elysium,218,0.00696,0,Caelum,Elysium,0.7,very_low,0,0,0.08208955223880597
Aegis-Dawn,75,0.00422,0,Aegis,Dawn,0.42,very_low,0,0,0.08607594936708861
Dawn-Fenix,270,0.00817,0,Dawn,Fenix,0.82,very_low,0,0,0.07512953367875648
Caelum-Elysium,330,0.0257,0,Caelum,Elysium,2.57,very_low,0,0,0.08208955223880597
Caelum-Dawn,461,0.08405,0,Caelum,Dawn,8.4,low,0,0,0.06666666666666667
Aegis-Boreas,498,0.01826,1,Aegis,Boreas,1.83,very_low,0,1,0.115
Aegis-Dawn,14,0.07227,0,Aegis,Dawn,7.23,low,0,0,0.08607594936708861
Elysium-Fenix,31,0.03594,0,Elysium,Fenix,3.59,very_low,0,0,0.06666666666666667
Caelum-Elysium,28,0.01903,0,Caelum,Elysium,1.9,very_low,0,0,0.08208955223880597
Caelum-Elysium,150,0.10058,0,Caelum,Elysium,10.06,medium,0,0,0.08208955223880597
Boreas-Dawn,5,0.0834330688935281,0,Boreas,Dawn,8.34,low,0,0,0.0761904761904762
Boreas-Fenix,396,0.02942,0,Boreas,Fenix,2.94,very_low,0,0,0.10353535353535354
Boreas-Fenix,323,0.02241,0,Boreas,Fenix,2.24,very_low,0,0,0.10353535353535354
Aegis-Boreas,119,0.00428,0,Aegis,Boreas,0.43,very_low,0,0,0.115
Aegis-Elysium,458,0.03586,0,Aegis,Elysium,3.59,very_low,0,0,0.06801007556675064
Caelum-Fenix,336,0.01699,0,Caelum,Fenix,1.7,very_low,0,0,0.07960199004975124
Boreas-Fenix,179,0.07787,0,Boreas,Fenix,7.79,low,0,0,0.10353535353535354
Caelum-Fenix,274,0.12973,0,Caelum,Fenix,12.97,medium,0,0,0.07960199004975124
Aegis-Boreas,448,0.30619,0,Aegis,Boreas,30.62,high,1,0,0.115
Boreas-Elysium,271,0.09375,0,Boreas,Elysium,9.38,low,0,0,0.08933002481389578
Boreas-Fenix,355,0.02877,0,Boreas,Fenix,2.88,very_low,0,0,0.10353535353535354
Aegis-Boreas,328,0.06113,0,Aegis,Boreas,6.11,low,0,0,0.115
Caelum-Dawn,136,0.09179,0,Caelum,Dawn,9.18,low,0,0,0.06666666666666667
Aegis-Dawn,162,0.10185,0,Aegis,Dawn,10.18,medium,0,0,0.08607594936708861
Boreas-Elysium,338,0.08158,0,Boreas,Elysium,8.16,low,0,0,0.08933002481389578
Boreas-Fenix,109,0.00214,0,Boreas,Fenix,0.21,very_low,0,0,0.10353535353535354
Boreas-Dawn,40,0.01027,0,Boreas,Dawn,1.03,very_low,0,0,0.0761904761904762
Dawn-Fenix,472,0.26333,0,Dawn,Fenix,26.33,high,1,0,0.07512953367875648
Dawn-Elysium,234,0.11494,0,Dawn,Elysium,11.49,medium,0,0,0.07637231503579953
Elysium-Fenix,25,0.09259,0,Elysium,Fenix,9.26,low,0,0,0.06666666666666667
Aegis-Dawn,13,0.06016,0,Aegis,Dawn,6.02,low,0,0,0.08607594936708861
Aegis-Dawn,130,0.06433,0,Aegis,Dawn,6.43,low,0,0,0.08607594936708861
Boreas-Fenix,415,0.02447,0,Boreas,Fenix,2.45,very_low,0,0,0.10353535353535354
Aegis-Dawn,339,0.1063,0,Aegis,Dawn,10.63,medium,0,0,0.08607594936708861
Caelum-Elysium,90,0.07422,0,Caelum,Elysium,7.42,low,0,0,0.08208955223880597
Caelum-Dawn,197,0.19636,0,Caelum,Dawn,19.64,medium,0,0,0.06666666666666667
Aegis-Dawn,406,0.12674,1,Aegis,Dawn,12.67,medium,0,1,0.08607594936708861
Caelum-Fenix,483,0.12217,0,Caelum,Fenix,12.22,medium,0,0,0.07960199004975124
Aegis-Elysium,326,0.03291,0,Aegis,Elysium,3.29,very_low,0,0,0.06801007556675064
Boreas-Dawn,386,0.16427,0,Boreas,Dawn,16.43,medium,0,0,0.0761904761904762
Aegis-Boreas,386,0.02353,0,Aegis,Boreas,2.35,very_low,0,0,0.115
Aegis-Boreas,189,0.13263,0,Aegis,Boreas,13.26,medium,0,0,0.115
Aegis-Dawn,344,0.03273,0,Aegis,Dawn,3.27,very_low,0,0,0.08607594936708861
Aegis-Boreas,235,0.04372,0,Aegis,Boreas,4.37,very_low,0,0,0.115
Aegis-Boreas,355,0.02238,0,Aegis,Boreas,2.24,very_low,0,0,0.115
Dawn-Elysium,4,0.10481,0,Dawn,Elysium,10.48,medium,0,0,0.07637231503579953
Caelum-Dawn,423,0.09035,1,Caelum,Dawn,9.04,low,0,1,0.06666666666666667
Aegis-Elysium,435,0.0824,0,Aegis,Elysium,8.24,low,0,0,0.06801007556675064
Aegis-Elysium,138,0.03008,0,Aegis,Elysium,3.01,very_low,0,0,0.06801007556675064
Caelum-Elysium,359,0.06353,0,Caelum,Elysium,6.35,low,0,0,0.08208955223880597
Aegis-Dawn,249,0.00479,0,Aegis,Dawn,0.48,very_low,0,0,0.08607594936708861
Dawn-Fenix,314,0.11209,0,Dawn,Fenix,11.21,medium,0,0,0.07512953367875648
Boreas-Dawn,387,0.03526,0,Boreas,Dawn,3.53,very_low,0,0,0.0761904761904762
Caelum-Fenix,212,0.0834330688935281,1,Caelum,Fenix,8.34,low,0,1,0.07960199004975124
Aegis-Elysium,13,0.02653,0,Aegis,Elysium,2.65,very_low,0,0,0.06801007556675064
Boreas-Dawn,291,0.02089,0,Boreas,Dawn,2.09,very_low,0,0,0.0761904761904762
Boreas-Fenix,107,0.05362,0,Boreas,Fenix,5.36,low,0,0,0.10353535353535354
Dawn-Elysium,335,0.01045,0,Dawn,Elysium,1.04,very_low,0,0,0.07637231503579953
Aegis-Dawn,239,0.15876,0,Aegis,Dawn,15.88,medium,0,0,0.08607594936708861
Aegis-Dawn,62,0.03455,0,Aegis,Dawn,3.45,very_low,0,0,0.08607594936708861
Aegis-Dawn,401,0.02406,0,Aegis,Dawn,2.41,very_low,0,0,0.08607594936708861
Aegis-Elysium,314,0.0834330688935281,0,Aegis,Elysium,8.34,low,0,0,0.06801007556675064
Aegis-Dawn,174,0.01931,0,Aegis,Dawn,1.93,very_low,0,0,0.08607594936708861
Aegis-Boreas,366,0.00809,0,Aegis,Boreas,0.81,very_low,0,0,0.115
Boreas-Elysium,100,0.0403,1,Boreas,Elysium,4.03,very_low,0,1,0.08933002481389578
Boreas-Fenix,173,0.0063,0,Boreas,Fenix,0.63,very_low,0,0,0.10353535353535354
Boreas-Fenix,178,0.01488,1,Boreas,Fenix,1.49,very_low,0,1,0.10353535353535354
Aegis-Dawn,15,0.06014,0,Aegis,Dawn,6.01,low,0,0,0.08607594936708861
Caelum-Fenix,143,0.28848,0,Caelum,Fenix,28.85,high,1,0,0.07960199004975124
Aegis-Elysium,446,0.08686,0,Aegis,Elysium,8.69,low,0,0,0.06801007556675064
Aegis-Elysium,59,0.08862,0,Aegis,Elysium,8.86,low,0,0,0.06801007556675064
Boreas-Dawn,136,0.08848,0,Boreas,Dawn,8.85,low,0,0,0.0761904761904762
Aegis-Elysium,298,0.10123,0,Aegis,Elysium,10.12,medium,0,0,0.06801007556675064
Caelum-Elysium,231,0.22046,0,Caelum,Elysium,22.05,high,1,0,0.08208955223880597
Elysium-Fenix,149,0.04948,0,Elysium,Fenix,4.95,very_low,0,0,0.06666666666666667
Boreas-Elysium,318,0.04881,0,Boreas,Elysium,4.88,very_low,0,0,0.08933002481389578
Caelum-Elysium,68,0.14559,0,Caelum,Elysium,14.56,medium,0,0,0.08208955223880597
Aegis-Dawn,102,0.1731,1,Aegis,Dawn,17.31,medium,0,1,0.08607594936708861
Elysium-Fenix,183,0.05053,1,Elysium,Fenix,5.05,low,0,1,0.06666666666666667
Boreas-Fenix,498,0.04784,0,Boreas,Fenix,4.78,very_low,0,0,0.10353535353535354
Caelum-Fenix,214,0.21288,0,Caelum,Fenix,21.29,high,1,0,0.07960199004975124
Caelum-Fenix,321,0.02447,0,Caelum,Fenix,2.45,very_low,0,0,0.07960199004975124
Boreas-Fenix,387,0.01225,1,Boreas,Fenix,1.23,very_low,0,1,0.10353535353535354
Caelum-Elysium,110,0.09585,0,Caelum,Elysium,9.59,low,0,0,0.08208955223880597
Boreas-Elysium,166,0.26429,0,Boreas,Elysium,26.43,high,1,0,0.08933002481389578
Caelum-Dawn,495,0.20027,1,Caelum,Dawn,20.03,high,1,1,0.06666666666666667
Elysium-Fenix,143,0.0834330688935281,0,Elysium,Fenix,8.34,low,0,0,0.06666666666666667
Aegis-Dawn,35,0.03939,0,Aegis,Dawn,3.94,very_low,0,0,0.08607594936708861
Dawn-Fenix,84,0.05997,1,Dawn,Fenix,6.0,low,0,1,0.07512953367875648
Boreas-Dawn,236,0.09312,0,Boreas,Dawn,9.31,low,0,0,0.0761904761904762
Elysium-Fenix,14,0.02732,0,Elysium,Fenix,2.73,very_low,0,0,0.06666666666666667
Caelum-Fenix,174,0.06352,0,Caelum,Fenix,6.35,low,0,0,0.07960199004975124
Dawn-Elysium,124,0.02136,0,Dawn,Elysium,2.14,very_low,0,0,0.07637231503579953
Aegis-Dawn,177,0.00754,0,Aegis,Dawn,0.75,very_low,0,0,0.08607594936708861
Aegis-Dawn,22,0.12769,0,Aegis,Dawn,12.77,medium,0,0,0.08607594936708861
Elysium-Fenix,191,0.29331,0,Elysium,Fenix,29.33,high,1,0,0.06666666666666667
Aegis-Boreas,207,0.0834330688935281,1,Aegis,Boreas,8.34,low,0,1,0.115
Elysium-Fenix,161,0.10231,0,Elysium,Fenix,10.23,medium,0,0,0.06666666666666667
Caelum-Fenix,378,0.00205,0,Caelum,Fenix,0.2,very_low,0,0,0.07960199004975124
Dawn-Fenix,404,0.03789,0,Dawn,Fenix,3.79,very_low,0,0,0.07512953367875648
Boreas-Fenix,289,0.09046,0,Boreas,Fenix,9.05,low,0,0,0.10353535353535354
Boreas-Elysium,54,0.05475,0,Boreas,Elysium,5.48,low,0,0,0.08933002481389578
Dawn-Elysium,274,0.07712,0,Dawn,Elysium,7.71,low,0,0,0.07637231503579953
Aegis-Dawn,230,0.02492,0,Aegis,Dawn,2.49,very_low,0,0,0.08607594936708861
Boreas-Elysium,185,0.07724,0,Boreas,Elysium,7.72,low,0,0,0.08933002481389578
Caelum-Elysium,67,0.28945,0,Caelum,Elysium,28.94,high,1,0,0.08208955223880597
Dawn-Fenix,339,0.09352,0,Dawn,Fenix,9.35,low,0,0,0.07512953367875648
Dawn-Fenix,117,0.16532,0,Dawn,Fenix,16.53,medium,0,0,0.07512953367875648
Caelum-Elysium,82,0.40036,0,Caelum,Elysium,40.04,very_high,1,0,0.08208955223880597
Aegis-Elysium,479,0.0654,0,Aegis,Elysium,6.54,low,0,0,0.06801007556675064
Caelum-Elysium,57,0.099,0,Caelum,Elysium,9.9,low,0,0,0.08208955223880597
Aegis-Elysium,2,0.32428,0,Aegis,Elysium,32.43,high,1,0,0.06801007556675064
Caelum-Elysium,425,0.04514,0,Caelum,Elysium,4.51,very_low,0,0,0.08208955223880597
Aegis-Boreas,71,0.0531,1,Aegis,Boreas,5.31,low,0,1,0.115
Boreas-Elysium,479,0.04613,0,Boreas,Elysium,4.61,very_low,0,0,0.08933002481389578
Caelum-Dawn,400,0.0232,0,Caelum,Dawn,2.32,very_low,0,0,0.06666666666666667
Dawn-Elysium,353,0.0834330688935281,0,Dawn,Elysium,8.34,low,0,0,0.07637231503579953
Aegis-Boreas,270,0.02344,0,Aegis,Boreas,2.34,very_low,0,0,0.115
Aegis-Elysium,448,0.02478,0,Aegis,Elysium,2.48,very_low,0,0,0.06801007556675064
Caelum-Fenix,177,0.0304,0,Caelum,Fenix,3.04,very_low,0,0,0.07960199004975124
Boreas-Dawn,481,0.09551,0,Boreas,Dawn,9.55,low,0,0,0.0761904761904762
Boreas-Elysium,431,0.22532,0,Boreas,Elysium,22.53,high,1,0,0.08933002481389578
Dawn-Elysium,320,0.00701,0,Dawn,Elysium,0.7,very_low,0,0,0.07637231503579953
Boreas-Elysium,243,0.00223,0,Boreas,Elysium,0.22,very_low,0,0,0.08933002481389578
Dawn-Elysium,134,0.13433,0,Dawn,Elysium,13.43,medium,0,0,0.07637231503579953
Dawn-Elysium,495,0.07097,0,Dawn,Elysium,7.1,low,0,0,0.07637231503579953
Caelum-Fenix,111,0.14602,0,Caelum,Fenix,14.6,medium,0,0,0.07960199004975124
Dawn-Elysium,69,0.12383,0,Dawn,Elysium,12.38,medium,0,0,0.07637231503579953
Caelum-Dawn,274,0.0414,0,Caelum,Dawn,4.14,very_low,0,0,0.06666666666666667
Aegis-Boreas,394,0.22476,1,Aegis,Boreas,22.48,high,1,1,0.115
Aegis-Dawn,136,0.24169,0,Aegis,Dawn,24.17,high,1,0,0.08607594936708861
Boreas-Fenix,240,0.1024,0,Boreas,Fenix,10.24,medium,0,0,0.10353535353535354
Caelum-Elysium,38,0.14788,0,Caelum,Elysium,14.79,medium,0,0,0.08208955223880597
Boreas-Fenix,199,0.0064,0,Boreas,Fenix,0.64,very_low,0,0,0.10353535353535354
Caelum-Fenix,339,0.04947,0,Caelum,Fenix,4.95,very_low,0,0,0.07960199004975124
Boreas-Fenix,473,0.31039,0,Boreas,Fenix,31.04,high,1,0,0.10353535353535354
Boreas-Fenix,84,0.06756,0,Boreas,Fenix,6.76,low,0,0,0.10353535353535354
Caelum-Dawn,41,0.04665,0,Caelum,Dawn,4.66,very_low,0,0,0.06666666666666667
Boreas-Fenix,118,0.04265,0,Boreas,Fenix,4.26,very_low,0,0,0.10353535353535354
Aegis-Boreas,101,0.0834330688935281,0,Aegis,Boreas,8.34,low,0,0,0.115
Boreas-Fenix,200,0.0021,0,Boreas,Fenix,0.21,very_low,0,0,0.10353535353535354
Caelum-Fenix,367,0.07721,0,Caelum,Fenix,7.72,low,0,0,0.07960199004975124
Elysium-Fenix,216,0.11242,0,Elysium,Fenix,11.24,medium,0,0,0.06666666666666667
Caelum-Fenix,476,0.30783,0,Caelum,Fenix,30.78,high,1,0,0.07960199004975124
Boreas-Dawn,475,0.0142,0,Boreas,Dawn,1.42,very_low,0,0,0.0761904761904762
Aegis-Boreas,120,0.07083,0,Aegis,Boreas,7.08,low,0,0,0.115
Aegis-Elysium,198,0.02258,0,Aegis,Elysium,2.26,very_low,0,0,0.06801007556675064
Caelum-Elysium,308,0.05582,0,Caelum,Elysium,5.58,low,0,0,0.08208955223880597
Caelum-Dawn,230,0.10996,0,Caelum,Dawn,11.0,medium,0,0,0.06666666666666667
Boreas-Elysium,211,0.07922,0,Boreas,Elysium,7.92,low,0,0,0.08933002481389578
Boreas-Fenix,305,0.0579,0,Boreas,Fenix,5.79,low,0,0,0.10353535353535354
Dawn-Elysium,470,0.26678,0,Dawn,Elysium,26.68,high,1,0,0.07637231503579953
Boreas-Dawn,141,0.03069,0,Boreas,Dawn,3.07,very_low,0,0,0.0761904761904762
Boreas-Dawn,11,0.09087,0,Boreas,Dawn,9.09,low,0,0,0.0761904761904762
Aegis-Boreas,245,0.15444,0,Aegis,Boreas,15.44,medium,0,0,0.115
Caelum-Elysium,223,0.16531,0,Caelum,Elysium,16.53,medium,0,0,0.08208955223880597
Dawn-Elysium,142,0.00096,0,Dawn,Elysium,0.1,very_low,0,0,0.07637231503579953
Caelum-Elysium,45,0.16156,0,Caelum,Elysium,16.16,medium,0,0,0.08208955223880597
Caelum-Fenix,195,0.13295,0,Caelum,Fenix,13.3,medium,0,0,0.07960199004975124
Boreas-Elysium,131,0.00221,0,Boreas,Elysium,0.22,very_low,0,0,0.08933002481389578
Boreas-Dawn,278,0.03509,0,Boreas,Dawn,3.51,very_low,0,0,0.0761904761904762
Dawn-Elysium,309,0.1359,0,Dawn,Elysium,13.59,medium,0,0,0.07637231503579953
Elysium-Fenix,416,0.04921,1,Elysium,Fenix,4.92,very_low,0,1,0.06666666666666667
Boreas-Fenix,52,0.03359,0,Boreas,Fenix,3.36,very_low,0,0,0.10353535353535354
Aegis-Boreas,232,0.2774,1,Aegis,Boreas,27.74,high,1,1,0.115
Boreas-Dawn,492,0.25304,0,Boreas,Dawn,25.3,high,1,0,0.0761904761904762
Dawn-Fenix,53,0.13887,0,Dawn,Fenix,13.89,medium,0,0,0.07512953367875648
Caelum-Elysium,131,0.02542,0,Caelum,Elysium,2.54,very_low,0,0,0.08208955223880597
Caelum-Elysium,346,0.05011,0,Caelum,Elysium,5.01,low,0,0,0.08208955223880597
Caelum-Dawn,387,0.05029,0,Caelum,Dawn,5.03,low,0,0,0.06666666666666667
Caelum-Elysium,165,0.01083,0,Caelum,Elysium,1.08,very_low,0,0,0.08208955223880597
Aegis-Boreas,367,0.36003,0,Aegis,Boreas,36.0,very_high,1,0,0.115
Boreas-Elysium,158,0.09106,1,Boreas,Elysium,9.11,low,0,1,0.08933002481389578
Boreas-Fenix,476,0.06245,0,Boreas,Fenix,6.24,low,0,0,0.10353535353535354
Boreas-Fenix,462,0.08918,0,Boreas,Fenix,8.92,low,0,0,0.10353535353535354
Boreas-Dawn,74,0.03898,0,Boreas,Dawn,3.9,very_low,0,0,0.0761904761904762
Boreas-Elysium,210,0.05564,0,Boreas,Elysium,5.56,low,0,0,0.08933002481389578
Boreas-Dawn,303,0.0189,0,Boreas,Dawn,1.89,very_low,0,0,0.0761904761904762
Boreas-Elysium,218,0.03456,0,Boreas,Elysium,3.46,very_low,0,0,0.08933002481389578
Elysium-Fenix,235,0.06966,1,Elysium,Fenix,6.97,low,0,1,0.06666666666666667
Dawn-Fenix,331,0.04433,0,Dawn,Fenix,4.43,very_low,0,0,0.07512953367875648
Aegis-Dawn,1,0.02802,0,Aegis,Dawn,2.8,very_low,0,0,0.08607594936708861
Caelum-Fenix,92,0.15349,0,Caelum,Fenix,15.35,medium,0,0,0.07960199004975124
Caelum-Dawn,90,0.07267,0,Caelum,Dawn,7.27,low,0,0,0.06666666666666667
Boreas-Dawn,25,0.04919,0,Boreas,Dawn,4.92,very_low,0,0,0.0761904761904762
Boreas-Dawn,176,0.13595,0,Boreas,Dawn,13.6,medium,0,0,0.0761904761904762
Dawn-Fenix,290,0.04917,1,Dawn,Fenix,4.92,very_low,0,1,0.07512953367875648
Dawn-Elysium,75,0.00171,0,Dawn,Elysium,0.17,very_low,0,0,0.07637231503579953
Boreas-Elysium,53,0.05289,0,Boreas,Elysium,5.29,low,0,0,0.08933002481389578
Aegis-Boreas,112,0.10509,0,Aegis,Boreas,10.51,medium,0,0,0.115
Caelum-Fenix,42,0.22551,0,Caelum,Fenix,22.55,high,1,0,0.07960199004975124
Boreas-Dawn,424,0.08287,0,Boreas,Dawn,8.29,low,0,0,0.0761904761904762
Aegis-Dawn,54,0.09617,0,Aegis,Dawn,9.62,low,0,0,0.08607594936708861
Elysium-Fenix,395,0.12133,0,Elysium,Fenix,12.13,medium,0,0,0.06666666666666667
Caelum-Dawn,81,0.01088,0,Caelum,Dawn,1.09,very_low,0,0,0.06666666666666667
Aegis-Dawn,272,0.0834330688935281,0,Aegis,Dawn,8.34,low,0,0,0.08607594936708861
Aegis-Boreas,492,0.07157,0,Aegis,Boreas,7.16,low,0,0,0.115
Aegis-Boreas,459,0.14702,0,Aegis,Boreas,14.7,medium,0,0,0.115
Caelum-Fenix,74,0.07276,0,Caelum,Fenix,7.28,low,0,0,0.07960199004975124
Aegis-Boreas,164,0.02832,0,Aegis,Boreas,2.83,very_low,0,0,0.115
Caelum-Dawn,38,0.09206,0,Caelum,Dawn,9.21,low,0,0,0.06666666666666667
Elysium-Fenix,184,0.05622,1,Elysium,Fenix,5.62,low,0,1,0.06666666666666667
Caelum-Dawn,332,0.03193,0,Caelum,Dawn,3.19,very_low,0,0,0.06666666666666667
Dawn-Elysium,144,0.02686,0,Dawn,Elysium,2.69,very_low,0,0,0.07637231503579953
Caelum-Dawn,417,0.12932,0,Caelum,Dawn,12.93,medium,0,0,0.06666666666666667
Caelum-Dawn,91,0.05535,0,Caelum,Dawn,5.54,low,0,0,0.06666666666666667
Aegis-Boreas,176,0.01707,0,Aegis,Boreas,1.71,very_low,0,0,0.115
Caelum-Dawn,152,0.05121,0,Caelum,Dawn,5.12,low,0,0,0.06666666666666667
Caelum-Dawn,147,0.11617,1,Caelum,Dawn,11.62,medium,0,1,0.06666666666666667
Aegis-Dawn,441,0.09969,0,Aegis,Dawn,9.97,low,0,0,0.08607594936708861
Boreas-Fenix,242,0.01816,0,Boreas,Fenix,1.82,very_low,0,0,0.10353535353535354
Aegis-Elysium,5,0.02045,0,Aegis,Elysium,2.04,very_low,0,0,0.06801007556675064
Caelum-Elysium,83,0.16698,0,Caelum,Elysium,16.7,medium,0,0,0.08208955223880597
Caelum-Elysium,336,0.05657,0,Caelum,Elysium,5.66,low,0,0,0.08208955223880597
Aegis-Dawn,386,0.07062,0,Aegis,Dawn,7.06,low,0,0,0.08607594936708861
Boreas-Fenix,388,0.01593,0,Boreas,Fenix,1.59,very_low,0,0,0.10353535353535354
Dawn-Fenix,488,0.15867,0,Dawn,Fenix,15.87,medium,0,0,0.07512953367875648
Caelum-Dawn,349,0.0785,0,Caelum,Dawn,7.85,low,0,0,0.06666666666666667
Boreas-Dawn,362,0.02803,0,Boreas,Dawn,2.8,very_low,0,0,0.0761904761904762
Caelum-Dawn,394,0.02892,0,Caelum,Dawn,2.89,very_low,0,0,0.06666666666666667
Boreas-Elysium,202,0.09603,0,Boreas,Elysium,9.6,low,0,0,0.08933002481389578
Aegis-Dawn,265,0.01427,0,Aegis,Dawn,1.43,very_low,0,0,0.08607594936708861
Caelum-Elysium,378,0.01138,0,Caelum,Elysium,1.14,very_low,0,0,0.08208955223880597
Elysium-Fenix,63,0.00976,0,Elysium,Fenix,0.98,very_low,0,0,0.06666666666666667
Caelum-Elysium,452,0.06183,0,Caelum,Elysium,6.18,low,0,0,0.08208955223880597
Aegis-Boreas,421,0.09724,0,Aegis,Boreas,9.72,low,0,0,0.115
Caelum-Fenix,477,0.14752,0,Caelum,Fenix,14.75,medium,0,0,0.07960199004975124
Aegis-Dawn,95,0.18929,1,Aegis,Dawn,18.93,medium,0,1,0.08607594936708861
Aegis-Elysium,129,0.01683,0,Aegis,Elysium,1.68,very_low,0,0,0.06801007556675064
Boreas-Elysium,172,0.01189,0,Boreas,Elysium,1.19,very_low,0,0,0.08933002481389578
Elysium-Fenix,118,0.11741,0,Elysium,Fenix,11.74,medium,0,0,0.06666666666666667
Boreas-Dawn,267,0.03443,1,Boreas,Dawn,3.44,very_low,0,1,0.0761904761904762
Boreas-Elysium,183,0.01699,0,Boreas,Elysium,1.7,very_low,0,0,0.08933002481389578
Caelum-Dawn,494,0.02419,0,Caelum,Dawn,2.42,very_low,0,0,0.06666666666666667
Aegis-Elysium,42,0.00423,0,Aegis,Elysium,0.42,very_low,0,0,0.06801007556675064
Caelum-Fenix,249,0.09789,0,Caelum,Fenix,9.79,low,0,0,0.07960199004975124
Dawn-Elysium,160,0.10188,0,Dawn,Elysium,10.19,medium,0,0,0.07637231503579953
Elysium-Fenix,422,0.19753,0,Elysium,Fenix,19.75,medium,0,0,0.06666666666666667
Aegis-Boreas,405,0.03262,0,Aegis,Boreas,3.26,very_low,0,0,0.115
Boreas-Dawn,160,0.00422,0,Boreas,Dawn,0.42,very_low,0,0,0.0761904761904762
Caelum-Fenix,239,0.05772,1,Caelum,Fenix,5.77,low,0,1,0.07960199004975124
Caelum-Elysium,30,0.20829,0,Caelum,Elysium,20.83,high,1,0,0.08208955223880597
Elysium-Fenix,274,0.14221,0,Elysium,Fenix,14.22,medium,0,0,0.06666666666666667
Aegis-Boreas,237,0.17576,0,Aegis,Boreas,17.58,medium,0,0,0.115
Caelum-Elysium,192,0.02254,0,Caelum,Elysium,2.25,very_low,0,0,0.08208955223880597
Elysium-Fenix,487,0.06504,0,Elysium,Fenix,6.5,low,0,0,0.06666666666666667
Aegis-Dawn,185,0.05325,0,Aegis,Dawn,5.32,low,0,0,0.08607594936708861
Dawn-Fenix,481,0.11646,0,Dawn,Fenix,11.65,medium,0,0,0.07512953367875648
Aegis-Dawn,55,0.05609,0,Aegis,Dawn,5.61,low,0,0,0.08607594936708861
Boreas-Fenix,288,0.01759,1,Boreas,Fenix,1.76,very_low,0,1,0.10353535353535354
Dawn-Elysium,167,0.07097,1,Dawn,Elysium,7.1,low,0,1,0.07637231503579953
Elysium-Fenix,58,0.0546,0,Elysium,Fenix,5.46,low,0,0,0.06666666666666667
Boreas-Elysium,130,0.0834330688935281,0,Boreas,Elysium,8.34,low,0,0,0.08933002481389578
Boreas-Dawn,370,0.05328,0,Boreas,Dawn,5.33,low,0,0,0.0761904761904762
Elysium-Fenix,223,0.24295,0,Elysium,Fenix,24.3,high,1,0,0.06666666666666667
Caelum-Dawn,343,0.0042,0,Caelum,Dawn,0.42,very_low,0,0,0.06666666666666667
Aegis-Dawn,364,0.07375,0,Aegis,Dawn,7.38,low,0,0,0.08607594936708861
Elysium-Fenix,275,0.30835,0,Elysium,Fenix,30.84,high,1,0,0.06666666666666667
Elysium-Fenix,241,0.12116,1,Elysium,Fenix,12.12,medium,0,1,0.06666666666666667
Aegis-Dawn,413,0.11495,0,Aegis,Dawn,11.5,medium,0,0,0.08607594936708861
Boreas-Fenix,425,0.21647,0,Boreas,Fenix,21.65,high,1,0,0.10353535353535354
Aegis-Dawn,263,0.11052,0,Aegis,Dawn,11.05,medium,0,0,0.08607594936708861
Aegis-Dawn,150,0.20766,0,Aegis,Dawn,20.77,high,1,0,0.08607594936708861
Boreas-Fenix,418,0.01324,0,Boreas,Fenix,1.32,very_low,0,0,0.10353535353535354
Dawn-Elysium,146,0.02847,0,Dawn,Elysium,2.85,very_low,0,0,0.07637231503579953
Caelum-Dawn,232,0.03586,0,Caelum,Dawn,3.59,very_low,0,0,0.06666666666666667
Aegis-Elysium,303,0.25248,0,Aegis,Elysium,25.25,high,1,0,0.06801007556675064
Boreas-Elysium,316,0.30698,1,Boreas,Elysium,30.7,high,1,1,0.08933002481389578
Boreas-Fenix,169,0.16188,1,Boreas,Fenix,16.19,medium,0,1,0.10353535353535354
Boreas-Fenix,83,0.0834330688935281,0,Boreas,Fenix,8.34,low,0,0,0.10353535353535354
Aegis-Boreas,27,0.09082,0,Aegis,Boreas,9.08,low,0,0,0.115
Boreas-Dawn,288,0.05114,0,Boreas,Dawn,5.11,low,0,0,0.0761904761904762
Boreas-Dawn,296,0.06628,0,Boreas,Dawn,6.63,low,0,0,0.0761904761904762
Boreas-Dawn,400,0.01753,0,Boreas,Dawn,1.75,very_low,0,0,0.0761904761904762
Boreas-Elysium,322,0.07706,0,Boreas,Elysium,7.71,low,0,0,0.08933002481389578
Boreas-Elysium,97,0.20147,0,Boreas,Elysium,20.15,high,1,0,0.08933002481389578
Dawn-Fenix,265,0.08433,0,Dawn,Fenix,8.43,low,0,0,0.07512953367875648
Aegis-Dawn,16,0.16398,0,Aegis,Dawn,16.4,medium,0,0,0.08607594936708861
Elysium-Fenix,55,0.00327,0,Elysium,Fenix,0.33,very_low,0,0,0.06666666666666667
Boreas-Dawn,246,0.10888,0,Boreas,Dawn,10.89,medium,0,0,0.0761904761904762
Elysium-Fenix,428,0.0508,1,Elysium,Fenix,5.08,low,0,1,0.06666666666666667
Boreas-Dawn,24,0.13617,0,Boreas,Dawn,13.62,medium,0,0,0.0761904761904762
Boreas-Elysium,179,0.0199,0,Boreas,Elysium,1.99,very_low,0,0,0.08933002481389578
Aegis-Elysium,44,0.11865,0,Aegis,Elysium,11.86,medium,0,0,0.06801007556675064
Aegis-Dawn,224,0.04499,0,Aegis,Dawn,4.5,very_low,0,0,0.08607594936708861
Aegis-Elysium,45,0.07201,0,Aegis,Elysium,7.2,low,0,0,0.06801007556675064
Aegis-Boreas,151,0.03537,1,Aegis,Boreas,3.54,very_low,0,1,0.115
Aegis-Elysium,499,0.12048,0,Aegis,Elysium,12.05,medium,0,0,0.06801007556675064
Boreas-Fenix,338,0.13833,0,Boreas,Fenix,13.83,medium,0,0,0.10353535353535354
Boreas-Fenix,479,0.00396,0,Boreas,Fenix,0.4,very_low,0,0,0.10353535353535354
Caelum-Elysium,286,0.10161,0,Caelum,Elysium,10.16,medium,0,0,0.08208955223880597
Aegis-Dawn,459,0.21849,0,Aegis,Dawn,21.85,high,1,0,0.08607594936708861
Dawn-Fenix,3,0.17542,0,Dawn,Fenix,17.54,medium,0,0,0.07512953367875648
Boreas-Elysium,37,0.07969,0,Boreas,Elysium,7.97,low,0,0,0.08933002481389578
Aegis-Boreas,428,0.10329,0,Aegis,Boreas,10.33,medium,0,0,0.115
Boreas-Elysium,81,0.28716,0,Boreas,Elysium,28.72,high,1,0,0.08933002481389578
Caelum-Dawn,201,0.02231,0,Caelum,Dawn,2.23,very_low,0,0,0.06666666666666667
Aegis-Boreas,53,0.03559,0,Aegis,Boreas,3.56,very_low,0,0,0.115
Caelum-Fenix,327,0.00375,0,Caelum,Fenix,0.38,very_low,0,0,0.07960199004975124
Dawn-Elysium,202,0.34418,1,Dawn,Elysium,34.42,high,1,1,0.07637231503579953
Aegis-Dawn,199,0.42211,0,Aegis,Dawn,42.21,very_high,1,0,0.08607594936708861
Dawn-Fenix,176,0.22549,0,Dawn,Fenix,22.55,high,1,0,0.07512953367875648
Elysium-Fenix,303,0.0079,0,Elysium,Fenix,0.79,very_low,0,0,0.06666666666666667
Elysium-Fenix,267,0.29615,0,Elysium,Fenix,29.62,high,1,0,0.06666666666666667
Boreas-Fenix,452,0.16155,1,Boreas,Fenix,16.16,medium,0,1,0.10353535353535354
Aegis-Boreas,348,0.09739,0,Aegis,Boreas,9.74,low,0,0,0.115
Caelum-Dawn,350,0.07845,0,Caelum,Dawn,7.85,low,0,0,0.06666666666666667
Caelum-Elysium,329,0.19318,0,Caelum,Elysium,19.32,medium,0,0,0.08208955223880597
Boreas-Elysium,235,0.04561,0,Boreas,Elysium,4.56,very_low,0,0,0.08933002481389578
Aegis-Boreas,150,0.13691,0,Aegis,Boreas,13.69,medium,0,0,0.115
Caelum-Dawn,357,0.02938,0,Caelum,Dawn,2.94,very_low,0,0,0.06666666666666667
Dawn-Fenix,203,0.0834330688935281,0,Dawn,Fenix,8.34,low,0,0,0.07512953367875648
Aegis-Elysium,190,0.00703,0,Aegis,Elysium,0.7,very_low,0,0,0.06801007556675064
Dawn-Elysium,444,0.02774,0,Dawn,Elysium,2.77,very_low,0,0,0.07637231503579953
Caelum-Fenix,291,0.11648,0,Caelum,Fenix,11.65,medium,0,0,0.07960199004975124
Dawn-Elysium,437,0.11128,0,Dawn,Elysium,11.13,medium,0,0,0.07637231503579953
Dawn-Elysium,208,0.01649,1,Dawn,Elysium,1.65,very_low,0,1,0.07637231503579953
Caelum-Dawn,493,0.01416,1,Caelum,Dawn,1.42,very_low,0,1,0.06666666666666667
Aegis-Boreas,167,0.0313,0,Aegis,Boreas,3.13,very_low,0,0,0.115
Caelum-Dawn,110,0.15366,0,Caelum,Dawn,15.37,medium,0,0,0.06666666666666667
Elysium-Fenix,209,0.04632,0,Elysium,Fenix,4.63,very_low,0,0,0.06666666666666667
Boreas-Dawn,169,0.01936,0,Boreas,Dawn,1.94,very_low,0,0,0.0761904761904762
Boreas-Elysium,420,0.13461,1,Boreas,Elysium,13.46,medium,0,1,0.08933002481389578
Caelum-Elysium,247,0.12857,0,Caelum,Elysium,12.86,medium,0,0,0.08208955223880597
Caelum-Elysium,108,0.13222,1,Caelum,Elysium,13.22,medium,0,1,0.08208955223880597
Caelum-Dawn,416,0.03276,0,Caelum,Dawn,3.28,very_low,0,0,0.06666666666666667
Caelum-Elysium,368,0.11264,0,Caelum,Elysium,11.26,medium,0,0,0.08208955223880597
Caelum-Dawn,70,0.01111,0,Caelum,Dawn,1.11,very_low,0,0,0.06666666666666667
Boreas-Dawn,309,0.01811,0,Boreas,Dawn,1.81,very_low,0,0,0.0761904761904762
Aegis-Boreas,276,0.09821,0,Aegis,Boreas,9.82,low,0,0,0.115
Aegis-Dawn,428,0.13363,0,Aegis,Dawn,13.36,medium,0,0,0.08607594936708861
Aegis-Elysium,192,0.12692,0,Aegis,Elysium,12.69,medium,0,0,0.06801007556675064
Aegis-Dawn,80,0.02236,0,Aegis,Dawn,2.24,very_low,0,0,0.08607594936708861
Aegis-Dawn,93,0.09152,1,Aegis,Dawn,9.15,low,0,1,0.08607594936708861
Aegis-Elysium,279,0.01996,0,Aegis,Elysium,2.0,very_low,0,0,0.06801007556675064
Caelum-Fenix,88,0.02455,0,Caelum,Fenix,2.46,very_low,0,0,0.07960199004975124
Boreas-Fenix,494,0.0834330688935281,1,Boreas,Fenix,8.34,low,0,1,0.10353535353535354
Caelum-Fenix,309,0.01103,0,Caelum,Fenix,1.1,very_low,0,0,0.07960199004975124
Aegis-Dawn,84,0.01467,0,Aegis,Dawn,1.47,very_low,0,0,0.08607594936708861
Elysium-Fenix,91,0.00037,0,Elysium,Fenix,0.04,very_low,0,0,0.06666666666666667
Boreas-Fenix,148,0.01054,0,Boreas,Fenix,1.05,very_low,0,0,0.10353535353535354
Caelum-Elysium,380,0.00851,0,Caelum,Elysium,0.85,very_low,0,0,0.08208955223880597
Boreas-Fenix,216,0.11985,0,Boreas,Fenix,11.98,medium,0,0,0.10353535353535354
Dawn-Elysium,340,0.01553,0,Dawn,Elysium,1.55,very_low,0,0,0.07637231503579953
Dawn-Elysium,452,0.0834330688935281,0,Dawn,Elysium,8.34,low,0,0,0.07637231503579953
Caelum-Fenix,151,0.18921,0,Caelum,Fenix,18.92,medium,0,0,0.07960199004975124
Aegis-Dawn,105,0.09595,0,Aegis,Dawn,9.59,low,0,0,0.08607594936708861
Boreas-Fenix,124,0.12923,1,Boreas,Fenix,12.92,medium,0,1,0.10353535353535354
Aegis-Boreas,400,0.0547,0,Aegis,Boreas,5.47,low,0,0,0.115
Boreas-Dawn,275,0.17987,0,Boreas,Dawn,17.99,medium,0,0,0.0761904761904762
Aegis-Elysium,54,0.1249,1,Aegis,Elysium,12.49,medium,0,1,0.06801007556675064
Aegis-Boreas,145,0.00457,0,Aegis,Boreas,0.46,very_low,0,0,0.115
Aegis-Elysium,247,0.03817,0,Aegis,Elysium,3.82,very_low,0,0,0.06801007556675064
Aegis-Dawn,289,0.02693,0,Aegis,Dawn,2.69,very_low,0,0,0.08607594936708861
Aegis-Boreas,240,0.05468,0,Aegis,Boreas,5.47,low,0,0,0.115
Caelum-Elysium,92,0.05152,0,Caelum,Elysium,5.15,low,0,0,0.08208955223880597
Aegis-Dawn,159,0.06252,0,Aegis,Dawn,6.25,low,0,0,0.08607594936708861
Dawn-Fenix,243,0.07126,0,Dawn,Fenix,7.13,low,0,0,0.07512953367875648
Caelum-Elysium,486,0.0834330688935281,1,Caelum,Elysium,8.34,low,0,1,0.08208955223880597
Boreas-Dawn,185,0.15805,0,Boreas,Dawn,15.8,medium,0,0,0.0761904761904762
Boreas-Elysium,348,0.02544,0,Boreas,Elysium,2.54,very_low,0,0,0.08933002481389578
Boreas-Fenix,456,0.0834330688935281,0,Boreas,Fenix,8.34,low,0,0,0.10353535353535354
Aegis-Boreas,476,0.0395,0,Aegis,Boreas,3.95,very_low,0,0,0.115
Caelum-Dawn,469,0.02313,0,Caelum,Dawn,2.31,very_low,0,0,0.06666666666666667
Aegis-Elysium,168,0.04298,1,Aegis,Elysium,4.3,very_low,0,1,0.06801007556675064
Aegis-Elysium,239,0.28592,0,Aegis,Elysium,28.59,high,1,0,0.06801007556675064
Caelum-Dawn,263,0.00803,0,Caelum,Dawn,0.8,very_low,0,0,0.06666666666666667
Aegis-Dawn,377,0.08754,0,Aegis,Dawn,8.75,low,0,0,0.08607594936708861
Boreas-Fenix,48,0.03213,0,Boreas,Fenix,3.21,very_low,0,0,0.10353535353535354
Caelum-Elysium,392,0.13611,0,Caelum,Elysium,13.61,medium,0,0,0.08208955223880597
Dawn-Elysium,383,0.03875,0,Dawn,Elysium,3.88,very_low,0,0,0.07637231503579953
Boreas-Dawn,381,0.02709,0,Boreas,Dawn,2.71,very_low,0,0,0.0761904761904762
Elysium-Fenix,434,0.12617,0,Elysium,Fenix,12.62,medium,0,0,0.06666666666666667
Aegis-Dawn,370,0.0078,0,Aegis,Dawn,0.78,very_low,0,0,0.08607594936708861
Boreas-Dawn,297,0.0649,0,Boreas,Dawn,6.49,low,0,0,0.0761904761904762
Caelum-Dawn,108,0.01989,0,Caelum,Dawn,1.99,very_low,0,0,0.06666666666666667
Aegis-Dawn,83,0.04191,0,Aegis,Dawn,4.19,very_low,0,0,0.08607594936708861
Boreas-Elysium,381,0.057,0,Boreas,Elysium,5.7,low,0,0,0.08933002481389578
Aegis-Elysium,467,0.03088,0,Aegis,Elysium,3.09,very_low,0,0,0.06801007556675064
Caelum-Elysium,490,0.00603,0,Caelum,Elysium,0.6,very_low,0,0,0.08208955223880597
Dawn-Elysium,32,0.01543,0,Dawn,Elysium,1.54,very_low,0,0,0.07637231503579953
Dawn-Fenix,99,0.09944,0,Dawn,Fenix,9.94,low,0,0,0.07512953367875648
Caelum-Dawn,107,0.21593,0,Caelum,Dawn,21.59,high,1,0,0.06666666666666667
Dawn-Fenix,66,0.17026,0,Dawn,Fenix,17.03,medium,0,0,0.07512953367875648
Caelum-Elysium,156,0.13173,0,Caelum,Elysium,13.17,medium,0,0,0.08208955223880597
Boreas-Fenix,470,0.13909,1,Boreas,Fenix,13.91,medium,0,1,0.10353535353535354
Boreas-Fenix,51,0.01178,0,Boreas,Fenix,1.18,very_low,0,0,0.10353535353535354
Dawn-Fenix,31,0.05048,0,Dawn,Fenix,5.05,low,0,0,0.07512953367875648
Boreas-Elysium,84,0.08168,1,Boreas,Elysium,8.17,low,0,1,0.08933002481389578
Aegis-Boreas,28,0.11393,0,Aegis,Boreas,11.39,medium,0,0,0.115
Dawn-Elysium,430,0.13205,0,Dawn,Elysium,13.2,medium,0,0,0.07637231503579953
Boreas-Fenix,12,0.07174,0,Boreas,Fenix,7.17,low,0,0,0.10353535353535354
Caelum-Elysium,244,0.16441,0,Caelum,Elysium,16.44,medium,0,0,0.08208955223880597
Caelum-Elysium,391,0.24489,0,Caelum,Elysium,24.49,high,1,0,0.08208955223880597
Aegis-Boreas,370,0.03688,1,Aegis,Boreas,3.69,very_low,0,1,0.115
Dawn-Fenix,321,0.262,0,Dawn,Fenix,26.2,high,1,0,0.07512953367875648
Caelum-Dawn,435,0.03526,0,Caelum,Dawn,3.53,very_low,0,0,0.06666666666666667
Dawn-Elysium,241,0.02732,0,Dawn,Elysium,2.73,very_low,0,0,0.07637231503579953
Boreas-Fenix,218,0.09771,0,Boreas,Fenix,9.77,low,0,0,0.10353535353535354
Caelum-Fenix,120,0.02532,0,Caelum,Fenix,2.53,very_low,0,0,0.07960199004975124
Caelum-Elysium,54,0.00806,0,Caelum,Elysium,0.81,very_low,0,0,0.08208955223880597
Caelum-Dawn,222,0.02394,0,Caelum,Dawn,2.39,very_low,0,0,0.06666666666666667
Dawn-Fenix,41,0.02134,0,Dawn,Fenix,2.13,very_low,0,0,0.07512953367875648
Dawn-Elysium,193,0.10479,0,Dawn,Elysium,10.48,medium,0,0,0.07637231503579953
Caelum-Elysium,265,0.01269,0,Caelum,Elysium,1.27,very_low,0,0,0.08208955223880597
Aegis-Boreas,349,0.06889,0,Aegis,Boreas,6.89,low,0,0,0.115
Caelum-Elysium,74,0.13971,0,Caelum,Elysium,13.97,medium,0,0,0.08208955223880597
Aegis-Boreas,243,0.36801,1,Aegis,Boreas,36.8,very_high,1,1,0.115
Caelum-Elysium,334,0.00524,0,Caelum,Elysium,0.52,very_low,0,0,0.08208955223880597
Caelum-Dawn,422,0.00253,0,Caelum,Dawn,0.25,very_low,0,0,0.06666666666666667
Elysium-Fenix,33,0.09353,0,Elysium,Fenix,9.35,low,0,0,0.06666666666666667
Aegis-Dawn,486,0.04394,0,Aegis,Dawn,4.39,very_low,0,0,0.08607594936708861
Caelum-Dawn,30,0.02966,0,Caelum,Dawn,2.97,very_low,0,0,0.06666666666666667
Aegis-Elysium,204,0.01492,0,Aegis,Elysium,1.49,very_low,0,0,0.06801007556675064
Boreas-Dawn,474,0.08114,0,Boreas,Dawn,8.11,low,0,0,0.0761904761904762
Elysium-Fenix,227,0.00614,0,Elysium,Fenix,0.61,very_low,0,0,0.06666666666666667
Caelum-Elysium,319,0.01091,0,Caelum,Elysium,1.09,very_low,0,0,0.08208955223880597
Caelum-Elysium,481,0.06619,0,Caelum,Elysium,6.62,low,0,0,0.08208955223880597
Boreas-Elysium,18,0.12371,0,Boreas,Elysium,12.37,medium,0,0,0.08933002481389578
Dawn-Fenix,95,0.02016,0,Dawn,Fenix,2.02,very_low,0,0,0.07512953367875648
Dawn-Elysium,81,0.10062,0,Dawn,Elysium,10.06,medium,0,0,0.07637231503579953
Caelum-Dawn,248,0.05584,0,Caelum,Dawn,5.58,low,0,0,0.06666666666666667
Dawn-Fenix,442,0.0067,0,Dawn,Fenix,0.67,very_low,0,0,0.07512953367875648
Boreas-Fenix,299,0.07516,0,Boreas,Fenix,7.52,low,0,0,0.10353535353535354
Dawn-Elysium,68,0.00228,0,Dawn,Elysium,0.23,very_low,0,0,0.07637231503579953
Aegis-Dawn,376,0.01516,0,Aegis,Dawn,1.52,very_low,0,0,0.08607594936708861
Dawn-Fenix,137,0.11034,0,Dawn,Fenix,11.03,medium,0,0,0.07512953367875648
Elysium-Fenix,467,0.05396,0,Elysium,Fenix,5.4,low,0,0,0.06666666666666667
Dawn-Fenix,385,0.0834330688935281,0,Dawn,Fenix,8.34,low,0,0,0.07512953367875648
Caelum-Dawn,20,0.16802,0,Caelum,Dawn,16.8,medium,0,0,0.06666666666666667
Caelum-Fenix,197,0.05354,0,Caelum,Fenix,5.35,low,0,0,0.07960199004975124
Dawn-Fenix,11,0.04812,0,Dawn,Fenix,4.81,very_low,0,0,0.07512953367875648
Caelum-Fenix,75,0.04921,0,Caelum,Fenix,4.92,very_low,0,0,0.07960199004975124
Elysium-Fenix,293,0.06365,0,Elysium,Fenix,6.36,low,0,0,0.06666666666666667
Boreas-Fenix,204,0.13567,0,Boreas,Fenix,13.57,medium,0,0,0.10353535353535354
Elysium-Fenix,112,0.08645,0,Elysium,Fenix,8.64,low,0,0,0.06666666666666667
Caelum-Fenix,153,0.10811,0,Caelum,Fenix,10.81,medium,0,0,0.07960199004975124
Dawn-Fenix,394,0.07433,0,Dawn,Fenix,7.43,low,0,0,0.07512953367875648
Boreas-Elysium,454,0.14656,0,Boreas,Elysium,14.66,medium,0,0,0.08933002481389578
Dawn-Fenix,432,0.03315,0,Dawn,Fenix,3.32,very_low,0,0,0.07512953367875648
Boreas-Dawn,327,0.12408,0,Boreas,Dawn,12.41,medium,0,0,0.0761904761904762
Boreas-Dawn,305,0.12526,0,Boreas,Dawn,12.53,medium,0,0,0.0761904761904762
Aegis-Dawn,458,0.02459,0,Aegis,Dawn,2.46,very_low,0,0,0.08607594936708861
Boreas-Fenix,321,0.16216,0,Boreas,Fenix,16.22,medium,0,0,0.10353535353535354
Dawn-Fenix,313,0.11292,0,Dawn,Fenix,11.29,medium,0,0,0.07512953367875648
Boreas-Dawn,232,0.10147,0,Boreas,Dawn,10.15,medium,0,0,0.0761904761904762
Aegis-Boreas,434,0.02985,0,Aegis,Boreas,2.99,very_low,0,0,0.115
Caelum-Dawn,484,0.08242,0,Caelum,Dawn,8.24,low,0,0,0.06666666666666667
Aegis-Boreas,1,0.07017,0,Aegis,Boreas,7.02,low,0,0,0.115
Aegis-Elysium,256,0.15789,1,Aegis,Elysium,15.79,medium,0,1,0.06801007556675064
Boreas-Dawn,95,0.33584,0,Boreas,Dawn,33.58,high,1,0,0.0761904761904762
Caelum-Elysium,101,0.10295,0,Caelum,Elysium,10.3,medium,0,0,0.08208955223880597
Aegis-Elysium,488,0.02956,0,Aegis,Elysium,2.96,very_low,0,0,0.06801007556675064
Boreas-Dawn,88,0.03632,0,Boreas,Dawn,3.63,very_low,0,0,0.0761904761904762
Dawn-Fenix,478,0.00155,1,Dawn,Fenix,0.16,very_low,0,1,0.07512953367875648
Dawn-Elysium,374,0.0733,0,Dawn,Elysium,7.33,low,0,0,0.07637231503579953
Aegis-Boreas,485,0.0834330688935281,0,Aegis,Boreas,8.34,low,0,0,0.115
Caelum-Fenix,417,0.28077,0,Caelum,Fenix,28.08,high,1,0,0.07960199004975124
Boreas-Elysium,147,0.08195,0,Boreas,Elysium,8.2,low,0,0,0.08933002481389578
Aegis-Boreas,2,0.13438,1,Aegis,Boreas,13.44,medium,0,1,0.115
Caelum-Dawn,433,0.06998,0,Caelum,Dawn,7.0,low,0,0,0.06666666666666667
Aegis-Boreas,278,0.0442,0,Aegis,Boreas,4.42,very_low,0,0,0.115
Elysium-Fenix,107,0.18471,0,Elysium,Fenix,18.47,medium,0,0,0.06666666666666667
Aegis-Dawn,221,0.09041,1,Aegis,Dawn,9.04,low,0,1,0.08607594936708861
Boreas-Fenix,307,0.0834330688935281,0,Boreas,Fenix,8.34,low,0,0,0.10353535353535354
Boreas-Elysium,117,0.02457,0,Boreas,Elysium,2.46,very_low,0,0,0.08933002481389578
Aegis-Boreas,262,0.01795,0,Aegis,Boreas,1.8,very_low,0,0,0.115
Caelum-Dawn,156,0.16824,0,Caelum,Dawn,16.82,medium,0,0,0.06666666666666667
Dawn-Elysium,12,0.19141,1,Dawn,Elysium,19.14,medium,0,1,0.07637231503579953
Boreas-Elysium,426,0.07122,0,Boreas,Elysium,7.12,low,0,0,0.08933002481389578
Boreas-Fenix,14,0.10121,0,Boreas,Fenix,10.12,medium,0,0,0.10353535353535354
Dawn-Fenix,159,0.18629,0,Dawn,Fenix,18.63,medium,0,0,0.07512953367875648
Elysium-Fenix,89,0.11147,0,Elysium,Fenix,11.15,medium,0,0,0.06666666666666667
Boreas-Dawn,388,0.15662,0,Boreas,Dawn,15.66,medium,0,0,0.0761904761904762
Aegis-Dawn,121,0.17773,0,Aegis,Dawn,17.77,medium,0,0,0.08607594936708861
Boreas-Elysium,353,0.04584,0,Boreas,Elysium,4.58,very_low,0,0,0.08933002481389578
Caelum-Dawn,277,0.19232,0,Caelum,Dawn,19.23,medium,0,0,0.06666666666666667
Elysium-Fenix,150,0.07879,0,Elysium,Fenix,7.88,low,0,0,0.06666666666666667
Aegis-Boreas,12,0.05026,0,Aegis,Boreas,5.03,low,0,0,0.115
Dawn-Fenix,210,0.24765,1,Dawn,Fenix,24.76,high,1,1,0.07512953367875648
Dawn-Fenix,8,0.00038,0,Dawn,Fenix,0.04,very_low,0,0,0.07512953367875648
Dawn-Fenix,476,0.2257,0,Dawn,Fenix,22.57,high,1,0,0.07512953367875648
Dawn-Elysium,18,0.04647,0,Dawn,Elysium,4.65,very_low,0,0,0.07637231503579953
Aegis-Dawn,129,0.00377,0,Aegis,Dawn,0.38,very_low,0,0,0.08607594936708861
Dawn-Elysium,463,0.18045,0,Dawn,Elysium,18.05,medium,0,0,0.07637231503579953
Dawn-Elysium,341,0.05908,0,Dawn,Elysium,5.91,low,0,0,0.07637231503579953
Caelum-Fenix,89,0.16819,0,Caelum,Fenix,16.82,medium,0,0,0.07960199004975124
Caelum-Dawn,377,0.03,0,Caelum,Dawn,3.0,very_low,0,0,0.06666666666666667
Boreas-Elysium,89,0.03317,0,Boreas,Elysium,3.32,very_low,0,0,0.08933002481389578
Boreas-Dawn,1,0.08096,0,Boreas,Dawn,8.1,low,0,0,0.0761904761904762
Boreas-Dawn,173,0.01934,0,Boreas,Dawn,1.93,very_low,0,0,0.0761904761904762
Elysium-Fenix,458,0.02011,0,Elysium,Fenix,2.01,very_low,0,0,0.06666666666666667
Elysium-Fenix,246,0.09974,0,Elysium,Fenix,9.97,low,0,0,0.06666666666666667
Elysium-Fenix,156,0.01394,0,Elysium,Fenix,1.39,very_low,0,0,0.06666666666666667
Boreas-Fenix,474,0.08025,0,Boreas,Fenix,8.02,low,0,0,0.10353535353535354
Aegis-Elysium,202,0.01943,0,Aegis,Elysium,1.94,very_low,0,0,0.06801007556675064
Aegis-Boreas,29,0.18634,0,Aegis,Boreas,18.63,medium,0,0,0.115
Dawn-Elysium,206,0.12408,0,Dawn,Elysium,12.41,medium,0,0,0.07637231503579953
Boreas-Fenix,227,0.01042,0,Boreas,Fenix,1.04,very_low,0,0,0.10353535353535354
Elysium-Fenix,313,0.1298,0,Elysium,Fenix,12.98,medium,0,0,0.06666666666666667
Dawn-Fenix,107,0.17093,0,Dawn,Fenix,17.09,medium,0,0,0.07512953367875648
Boreas-Fenix,229,0.11936,0,Boreas,Fenix,11.94,medium,0,0,0.10353535353535354
Elysium-Fenix,289,0.05771,0,Elysium,Fenix,5.77,low,0,0,0.06666666666666667
Boreas-Fenix,74,0.32159,0,Boreas,Fenix,32.16,high,1,0,0.10353535353535354
Caelum-Fenix,404,0.02537,0,Caelum,Fenix,2.54,very_low,0,0,0.07960199004975124
Aegis-Elysium,262,0.07347,0,Aegis,Elysium,7.35,low,0,0,0.06801007556675064
Dawn-Fenix,449,0.05016,0,Dawn,Fenix,5.02,low,0,0,0.07512953367875648
Dawn-Fenix,273,0.01755,0,Dawn,Fenix,1.76,very_low,0,0,0.07512953367875648
Caelum-Elysium,432,0.11779,0,Caelum,Elysium,11.78,medium,0,0,0.08208955223880597
Caelum-Elysium,446,0.03297,0,Caelum,Elysium,3.3,very_low,0,0,0.08208955223880597
Aegis-Elysium,150,0.10823,0,Aegis,Elysium,10.82,medium,0,0,0.06801007556675064
Caelum-Elysium,196,0.1307,0,Caelum,Elysium,13.07,medium,0,0,0.08208955223880597
Aegis-Boreas,395,0.01457,0,Aegis,Boreas,1.46,very_low,0,0,0.115
Boreas-Elysium,331,0.08613,0,Boreas,Elysium,8.61,low,0,0,0.08933002481389578
Boreas-Elysium,104,0.28161,1,Boreas,Elysium,28.16,high,1,1,0.08933002481389578
Boreas-Fenix,251,0.06844,0,Boreas,Fenix,6.84,low,0,0,0.10353535353535354
Caelum-Dawn,127,0.20885,0,Caelum,Dawn,20.88,high,1,0,0.06666666666666667
Caelum-Fenix,406,0.07044,0,Caelum,Fenix,7.04,low,0,0,0.07960199004975124
Caelum-Dawn,202,0.00786,0,Caelum,Dawn,0.79,very_low,0,0,0.06666666666666667
Boreas-Dawn,154,0.07293,0,Boreas,Dawn,7.29,low,0,0,0.0761904761904762
Boreas-Dawn,274,0.0515,0,Boreas,Dawn,5.15,low,0,0,0.0761904761904762
Aegis-Dawn,477,0.04142,0,Aegis,Dawn,4.14,very_low,0,0,0.08607594936708861
Caelum-Dawn,16,0.05907,0,Caelum,Dawn,5.91,low,0,0,0.06666666666666667
Elysium-Fenix,117,0.06999,0,Elysium,Fenix,7.0,low,0,0,0.06666666666666667
Boreas-Elysium,312,0.08386,0,Boreas,Elysium,8.39,low,0,0,0.08933002481389578
Boreas-Dawn,415,0.01576,0,Boreas,Dawn,1.58,very_low,0,0,0.0761904761904762
Boreas-Dawn,316,0.01457,0,Boreas,Dawn,1.46,very_low,0,0,0.0761904761904762
Caelum-Elysium,374,0.12001,0,Caelum,Elysium,12.0,medium,0,0,0.08208955223880597
Aegis-Boreas,468,0.0834330688935281,0,Aegis,Boreas,8.34,low,0,0,0.115
Aegis-Dawn,66,0.01647,0,Aegis,Dawn,1.65,very_low,0,0,0.08607594936708861
Boreas-Dawn,268,0.00708,0,Boreas,Dawn,0.71,very_low,0,0,0.0761904761904762
Elysium-Fenix,115,0.0834330688935281,0,Elysium,Fenix,8.34,low,0,0,0.06666666666666667
Aegis-Boreas,314,0.04178,0,Aegis,Boreas,4.18,very_low,0,0,0.115
Boreas-Fenix,366,0.01412,0,Boreas,Fenix,1.41,very_low,0,0,0.10353535353535354
Dawn-Elysium,190,0.27233,0,Dawn,Elysium,27.23,high,1,0,0.07637231503579953
Aegis-Elysium,122,0.11703,0,Aegis,Elysium,11.7,medium,0,0,0.06801007556675064
Dawn-Fenix,274,0.10847,0,Dawn,Fenix,10.85,medium,0,0,0.07512953367875648
Boreas-Dawn,384,0.02012,0,Boreas,Dawn,2.01,very_low,0,0,0.0761904761904762
Boreas-Elysium,405,0.01569,0,Boreas,Elysium,1.57,very_low,0,0,0.08933002481389578
Dawn-Elysium,259,0.04639,0,Dawn,Elysium,4.64,very_low,0,0,0.07637231503579953
Caelum-Elysium,335,0.20709,0,Caelum,Elysium,20.71,high,1,0,0.08208955223880597
Aegis-Dawn,72,0.10735,0,Aegis,Dawn,10.74,medium,0,0,0.08607594936708861
Boreas-Fenix,106,0.00149,0,Boreas,Fenix,0.15,very_low,0,0,0.10353535353535354
Aegis-Boreas,130,0.0387,0,Aegis,Boreas,3.87,very_low,0,0,0.115
Aegis-Dawn,276,0.0316,0,Aegis,Dawn,3.16,very_low,0,0,0.08607594936708861
Boreas-Dawn,158,0.06292,0,Boreas,Dawn,6.29,low,0,0,0.0761904761904762
Boreas-Elysium,187,0.04148,0,Boreas,Elysium,4.15,very_low,0,0,0.08933002481389578
Boreas-Dawn,491,0.0834330688935281,0,Boreas,Dawn,8.34,low,0,0,0.0761904761904762
Boreas-Fenix,365,0.0472,0,Boreas,Fenix,4.72,very_low,0,0,0.10353535353535354
Caelum-Elysium,0,0.28692,1,Caelum,Elysium,28.69,high,1,1,0.08208955223880597
Aegis-Dawn,426,0.01607,1,Aegis,Dawn,1.61,very_low,0,1,0.08607594936708861
Caelum-Elysium,298,0.04718,1,Caelum,Elysium,4.72,very_low,0,1,0.08208955223880597
Boreas-Fenix,410,0.15559,0,Boreas,Fenix,15.56,medium,0,0,0.10353535353535354
Boreas-Dawn,436,0.20843,0,Boreas,Dawn,20.84,high,1,0,0.0761904761904762
Caelum-Elysium,163,0.0834330688935281,0,Caelum,Elysium,8.34,low,0,0,0.08208955223880597
Caelum-Fenix,140,0.02183,0,Caelum,Fenix,2.18,very_low,0,0,0.07960199004975124
Boreas-Dawn,4,0.0585,0,Boreas,Dawn,5.85,low,0,0,0.0761904761904762
Aegis-Dawn,479,0.10998,0,Aegis,Dawn,11.0,medium,0,0,0.08607594936708861
Dawn-Elysium,396,0.0298,0,Dawn,Elysium,2.98,very_low,0,0,0.07637231503579953
Boreas-Dawn,108,0.0567,0,Boreas,Dawn,5.67,low,0,0,0.0761904761904762
Caelum-Elysium,316,0.10564,0,Caelum,Elysium,10.56,medium,0,0,0.08208955223880597
Boreas-Elysium,404,0.05434,0,Boreas,Elysium,5.43,low,0,0,0.08933002481389578
Caelum-Dawn,264,0.21705,0,Caelum,Dawn,21.7,high,1,0,0.06666666666666667
Aegis-Dawn,182,0.06044,0,Aegis,Dawn,6.04,low,0,0,0.08607594936708861
Caelum-Dawn,190,0.03992,0,Caelum,Dawn,3.99,very_low,0,0,0.06666666666666667
Boreas-Fenix,31,0.07907,0,Boreas,Fenix,7.91,low,0,0,0.10353535353535354
Caelum-Elysium,79,0.03225,0,Caelum,Elysium,3.22,very_low,0,0,0.08208955223880597
Boreas-Dawn,454,0.02947,0,Boreas,Dawn,2.95,very_low,0,0,0.0761904761904762
Aegis-Elysium,213,0.01488,0,Aegis,Elysium,1.49,very_low,0,0,0.06801007556675064
Caelum-Fenix,442,0.03364,0,Caelum,Fenix,3.36,very_low,0,0,0.07960199004975124
Caelum-Fenix,1,0.025,0,Caelum,Fenix,2.5,very_low,0,0,0.07960199004975124
Caelum-Elysium,462,0.03578,0,Caelum,Elysium,3.58,very_low,0,0,0.08208955223880597
Dawn-Fenix,116,0.03362,0,Dawn,Fenix,3.36,very_low,0,0,0.07512953367875648
Aegis-Elysium,153,0.08141,0,Aegis,Elysium,8.14,low,0,0,0.06801007556675064
Caelum-Elysium,80,0.05715,0,Caelum,Elysium,5.72,low,0,0,0.08208955223880597
Aegis-Dawn,454,0.07921,0,Aegis,Dawn,7.92,low,0,0,0.08607594936708861
Dawn-Elysium,140,0.22914,0,Dawn,Elysium,22.91,high,1,0,0.07637231503579953
Aegis-Elysium,496,0.03569,0,Aegis,Elysium,3.57,very_low,0,0,0.06801007556675064
Boreas-Elysium,317,0.0213,0,Boreas,Elysium,2.13,very_low,0,0,0.08933002481389578
Boreas-Dawn,240,0.1681,0,Boreas,Dawn,16.81,medium,0,0,0.0761904761904762
Dawn-Elysium,27,0.02168,0,Dawn,Elysium,2.17,very_low,0,0,0.07637231503579953
Aegis-Dawn,145,0.08492,0,Aegis,Dawn,8.49,low,0,0,0.08607594936708861
Caelum-Elysium,321,0.04702,0,Caelum,Elysium,4.7,very_low,0,0,0.08208955223880597
Caelum-Elysium,497,0.07627,0,Caelum,Elysium,7.63,low,0,0,0.08208955223880597
Elysium-Fenix,134,0.01161,0,Elysium,Fenix,1.16,very_low,0,0,0.06666666666666667
Boreas-Dawn,7,0.03905,0,Boreas,Dawn,3.9,very_low,0,0,0.0761904761904762
Boreas-Dawn,366,0.32084,1,Boreas,Dawn,32.08,high,1,1,0.0761904761904762
Aegis-Boreas,102,0.04941,0,Aegis,Boreas,4.94,very_low,0,0,0.115
Caelum-Fenix,55,0.17048,1,Caelum,Fenix,17.05,medium,0,1,0.07960199004975124
Dawn-Elysium,166,0.06164,0,Dawn,Elysium,6.16,low,0,0,0.07637231503579953
Boreas-Elysium,39,0.08962,0,Boreas,Elysium,8.96,low,0,0,0.08933002481389578
Caelum-Elysium,241,0.2169,0,Caelum,Elysium,21.69,high,1,0,0.08208955223880597
Boreas-Fenix,171,0.04075,0,Boreas,Fenix,4.08,very_low,0,0,0.10353535353535354
Boreas-Dawn,479,0.22594,0,Boreas,Dawn,22.59,high,1,0,0.0761904761904762
Boreas-Fenix,260,0.07907,0,Boreas,Fenix,7.91,low,0,0,0.10353535353535354
Dawn-Fenix,135,0.17774,0,Dawn,Fenix,17.77,medium,0,0,0.07512953367875648
Dawn-Fenix,102,0.11536,0,Dawn,Fenix,11.54,medium,0,0,0.07512953367875648
Boreas-Dawn,59,0.21241,0,Boreas,Dawn,21.24,high,1,0,0.0761904761904762
Caelum-Fenix,53,0.01997,0,Caelum,Fenix,2.0,very_low,0,0,0.07960199004975124
Aegis-Elysium,182,0.06284,0,Aegis,Elysium,6.28,low,0,0,0.06801007556675064
Aegis-Dawn,400,0.06449,0,Aegis,Dawn,6.45,low,0,0,0.08607594936708861
Aegis-Dawn,207,0.06053,0,Aegis,Dawn,6.05,low,0,0,0.08607594936708861
Caelum-Elysium,43,0.01329,0,Caelum,Elysium,1.33,very_low,0,0,0.08208955223880597
Caelum-Elysium,159,0.00162,0,Caelum,Elysium,0.16,very_low,0,0,0.08208955223880597
Boreas-Fenix,233,0.0574,0,Boreas,Fenix,5.74,low,0,0,0.10353535353535354
Aegis-Boreas,60,0.16201,0,Aegis,Boreas,16.2,medium,0,0,0.115
Boreas-Dawn,382,0.12076,0,Boreas,Dawn,12.08,medium,0,0,0.0761904761904762
Caelum-Fenix,266,0.02401,0,Caelum,Fenix,2.4,very_low,0,0,0.07960199004975124
Boreas-Elysium,21,0.22866,0,Boreas,Elysium,22.87,high,1,0,0.08933002481389578
Aegis-Boreas,56,0.01965,0,Aegis,Boreas,1.96,very_low,0,0,0.115
Aegis-Elysium,373,0.11925,0,Aegis,Elysium,11.92,medium,0,0,0.06801007556675064
Elysium-Fenix,384,0.1728,0,Elysium,Fenix,17.28,medium,0,0,0.06666666666666667
Aegis-Elysium,148,0.01167,0,Aegis,Elysium,1.17,very_low,0,0,0.06801007556675064
Aegis-Elysium,242,0.06741,0,Aegis,Elysium,6.74,low,0,0,0.06801007556675064
Dawn-Fenix,46,0.01016,0,Dawn,Fenix,1.02,very_low,0,0,0.07512953367875648
Boreas-Elysium,373,0.07063,0,Boreas,Elysium,7.06,low,0,0,0.08933002481389578
Caelum-Fenix,96,0.00977,0,Caelum,Fenix,0.98,very_low,0,0,0.07960199004975124
Caelum-Elysium,4,0.06861,0,Caelum,Elysium,6.86,low,0,0,0.08208955223880597
Elysium-Fenix,197,0.24169,0,Elysium,Fenix,24.17,high,1,0,0.06666666666666667
Caelum-Elysium,435,0.01993,0,Caelum,Elysium,1.99,very_low,0,0,0.08208955223880597
Dawn-Elysium,279,0.10417,0,Dawn,Elysium,10.42,medium,0,0,0.07637231503579953
Caelum-Dawn,223,0.10346,0,Caelum,Dawn,10.35,medium,0,0,0.06666666666666667
Dawn-Elysium,381,0.0834330688935281,0,Dawn,Elysium,8.34,low,0,0,0.07637231503579953
Dawn-Elysium,108,0.06241,0,Dawn,Elysium,6.24,low,0,0,0.07637231503579953
Boreas-Fenix,270,0.00132,0,Boreas,Fenix,0.13,very_low,0,0,0.10353535353535354
Dawn-Elysium,65,0.13419,0,Dawn,Elysium,13.42,medium,0,0,0.07637231503579953
Boreas-Fenix,397,0.00453,0,Boreas,Fenix,0.45,very_low,0,0,0.10353535353535354
Caelum-Dawn,13,0.04771,0,Caelum,Dawn,4.77,very_low,0,0,0.06666666666666667
Caelum-Dawn,119,0.00459,0,Caelum,Dawn,0.46,very_low,0,0,0.06666666666666667
Boreas-Dawn,373,0.08113,0,Boreas,Dawn,8.11,low,0,0,0.0761904761904762
Boreas-Fenix,166,0.0965,0,Boreas,Fenix,9.65,low,0,0,0.10353535353535354
Elysium-Fenix,269,0.01417,0,Elysium,Fenix,1.42,very_low,0,0,0.06666666666666667
Dawn-Fenix,87,0.0768,0,Dawn,Fenix,7.68,low,0,0,0.07512953367875648
Aegis-Boreas,184,0.0834330688935281,0,Aegis,Boreas,8.34,low,0,0,0.115
Boreas-Elysium,164,0.0545,0,Boreas,Elysium,5.45,low,0,0,0.08933002481389578
Dawn-Fenix,300,0.08303,0,Dawn,Fenix,8.3,low,0,0,0.07512953367875648
Elysium-Fenix,389,0.06475,0,Elysium,Fenix,6.48,low,0,0,0.06666666666666667
Aegis-Boreas,469,0.01031,0,Aegis,Boreas,1.03,very_low,0,0,0.115
Caelum-Dawn,424,0.2115,0,Caelum,Dawn,21.15,high,1,0,0.06666666666666667
Aegis-Dawn,427,0.0834330688935281,0,Aegis,Dawn,8.34,low,0,0,0.08607594936708861
Elysium-Fenix,378,0.14139,0,Elysium,Fenix,14.14,medium,0,0,0.06666666666666667
Caelum-Dawn,386,0.16625,0,Caelum,Dawn,16.62,medium,0,0,0.06666666666666667
Aegis-Dawn,443,0.03196,0,Aegis,Dawn,3.2,very_low,0,0,0.08607594936708861
Boreas-Fenix,66,0.27911,0,Boreas,Fenix,27.91,high,1,0,0.10353535353535354
Dawn-Elysium,258,0.0558,0,Dawn,Elysium,5.58,low,0,0,0.07637231503579953
Boreas-Fenix,25,0.16606,1,Boreas,Fenix,16.61,medium,0,1,0.10353535353535354
Caelum-Elysium,418,0.04184,0,Caelum,Elysium,4.18,very_low,0,0,0.08208955223880597
Boreas-Dawn,272,0.04288,0,Boreas,Dawn,4.29,very_low,0,0,0.0761904761904762
Aegis-Elysium,157,0.01168,0,Aegis,Elysium,1.17,very_low,0,0,0.06801007556675064
Boreas-Fenix,93,0.01884,0,Boreas,Fenix,1.88,very_low,0,0,0.10353535353535354
Caelum-Dawn,145,0.04967,0,Caelum,Dawn,4.97,very_low,0,0,0.06666666666666667
Aegis-Dawn,299,0.10802,0,Aegis,Dawn,10.8,medium,0,0,0.08607594936708861
Boreas-Fenix,13,0.0834330688935281,0,Boreas,Fenix,8.34,low,0,0,0.10353535353535354
Caelum-Fenix,453,0.20514,0,Caelum,Fenix,20.51,high,1,0,0.07960199004975124
Boreas-Elysium,461,0.02197,0,Boreas,Elysium,2.2,very_low,0,0,0.08933002481389578
Caelum-Fenix,237,0.02464,0,Caelum,Fenix,2.46,very_low,0,0,0.07960199004975124
Caelum-Dawn,235,0.11704,0,Caelum,Dawn,11.7,medium,0,0,0.06666666666666667
Boreas-Fenix,466,0.12869,0,Boreas,Fenix,12.87,medium,0,0,0.10353535353535354
Caelum-Elysium,494,0.03532,1,Caelum,Elysium,3.53,very_low,0,1,0.08208955223880597
Boreas-Dawn,37,0.26166,0,Boreas,Dawn,26.17,high,1,0,0.0761904761904762
Aegis-Elysium,141,0.1074,0,Aegis,Elysium,10.74,medium,0,0,0.06801007556675064
Elysium-Fenix,379,0.01491,0,Elysium,Fenix,1.49,very_low,0,0,0.06666666666666667
Caelum-Fenix,491,0.10853,0,Caelum,Fenix,10.85,medium,0,0,0.07960199004975124
Boreas-Fenix,457,0.01483,0,Boreas,Fenix,1.48,very_low,0,0,0.10353535353535354
Boreas-Elysium,35,0.13024,0,Boreas,Elysium,13.02,medium,0,0,0.08933002481389578
Boreas-Dawn,157,0.14017,0,Boreas,Dawn,14.02,medium,0,0,0.0761904761904762
Caelum-Elysium,161,0.01138,0,Caelum,Elysium,1.14,very_low,0,0,0.08208955223880597
Caelum-Dawn,346,0.09077,0,Caelum,Dawn,9.08,low,0,0,0.06666666666666667
Dawn-Elysium,245,0.02078,0,Dawn,Elysium,2.08,very_low,0,0,0.07637231503579953
Caelum-Elysium,444,0.11979,0,Caelum,Elysium,11.98,medium,0,0,0.08208955223880597
Caelum-Elysium,492,0.02215,0,Caelum,Elysium,2.22,very_low,0,0,0.08208955223880597
Elysium-Fenix,159,0.04307,0,Elysium,Fenix,4.31,very_low,0,0,0.06666666666666667
Elysium-Fenix,287,0.00338,0,Elysium,Fenix,0.34,very_low,0,0,0.06666666666666667
Boreas-Dawn,353,0.02752,0,Boreas,Dawn,2.75,very_low,0,0,0.0761904761904762
Dawn-Elysium,213,0.02624,0,Dawn,Elysium,2.62,very_low,0,0,0.07637231503579953
Boreas-Dawn,478,0.02843,0,Boreas,Dawn,2.84,very_low,0,0,0.0761904761904762
Caelum-Dawn,78,0.07479,0,Caelum,Dawn,7.48,low,0,0,0.06666666666666667
Boreas-Fenix,423,0.17487,0,Boreas,Fenix,17.49,medium,0,0,0.10353535353535354
Elysium-Fenix,475,0.0834330688935281,0,Elysium,Fenix,8.34,low,0,0,0.06666666666666667
Caelum-Elysium,171,0.00828,0,Caelum,Elysium,0.83,very_low,0,0,0.08208955223880597
Boreas-Elysium,160,0.05177,0,Boreas,Elysium,5.18,low,0,0,0.08933002481389578
Aegis-Elysium,99,0.0834330688935281,0,Aegis,Elysium,8.34,low,0,0,0.06801007556675064
Caelum-Fenix,452,0.02171,0,Caelum,Fenix,2.17,very_low,0,0,0.07960199004975124
Boreas-Elysium,217,0.0589,1,Boreas,Elysium,5.89,low,0,1,0.08933002481389578
Aegis-Boreas,312,0.01845,0,Aegis,Boreas,1.85,very_low,0,0,0.115
Elysium-Fenix,290,0.11891,0,Elysium,Fenix,11.89,medium,0,0,0.06666666666666667
Aegis-Dawn,497,0.06731,0,Aegis,Dawn,6.73,low,0,0,0.08607594936708861
Caelum-Dawn,336,0.09827,0,Caelum,Dawn,9.83,low,0,0,0.06666666666666667
Aegis-Elysium,84,0.13341,0,Aegis,Elysium,13.34,medium,0,0,0.06801007556675064
Dawn-Elysium,36,0.0834330688935281,0,Dawn,Elysium,8.34,low,0,0,0.07637231503579953
Aegis-Dawn,297,0.03945,0,Aegis,Dawn,3.94,very_low,0,0,0.08607594936708861
Boreas-Dawn,200,0.0193,0,Boreas,Dawn,1.93,very_low,0,0,0.0761904761904762
Dawn-Fenix,304,0.07256,0,Dawn,Fenix,7.26,low,0,0,0.07512953367875648
Caelum-Dawn,425,0.00698,0,Caelum,Dawn,0.7,very_low,0,0,0.06666666666666667
Aegis-Dawn,232,0.15936,0,Aegis,Dawn,15.94,medium,0,0,0.08607594936708861
Caelum-Dawn,72,0.01224,0,Caelum,Dawn,1.22,very_low,0,0,0.06666666666666667
Aegis-Elysium,243,0.19637,0,Aegis,Elysium,19.64,medium,0,0,0.06801007556675064
Aegis-Elysium,71,0.0834330688935281,0,Aegis,Elysium,8.34,low,0,0,0.06801007556675064
Elysium-Fenix,390,0.0834330688935281,0,Elysium,Fenix,8.34,low,0,0,0.06666666666666667
Elysium-Fenix,41,0.0834330688935281,0,Elysium,Fenix,8.34,low,0,0,0.06666666666666667
Elysium-Fenix,429,0.03634,0,Elysium,Fenix,3.63,very_low,0,0,0.06666666666666667
Boreas-Dawn,404,0.09877,0,Boreas,Dawn,9.88,low,0,0,0.0761904761904762
Aegis-Dawn,322,0.18389,0,Aegis,Dawn,18.39,medium,0,0,0.08607594936708861
Boreas-Dawn,409,0.07348,0,Boreas,Dawn,7.35,low,0,0,0.0761904761904762
Dawn-Fenix,67,0.0834330688935281,0,Dawn,Fenix,8.34,low,0,0,0.07512953367875648
Elysium-Fenix,370,0.01863,0,Elysium,Fenix,1.86,very_low,0,0,0.06666666666666667
Boreas-Fenix,467,0.04554,0,Boreas,Fenix,4.55,very_low,0,0,0.10353535353535354
Caelum-Fenix,397,0.08517,0,Caelum,Fenix,8.52,low,0,0,0.07960199004975124
Elysium-Fenix,453,0.21607,0,Elysium,Fenix,21.61,high,1,0,0.06666666666666667
Caelum-Fenix,328,0.1019,0,Caelum,Fenix,10.19,medium,0,0,0.07960199004975124
Aegis-Elysium,126,0.18053,1,Aegis,Elysium,18.05,medium,0,1,0.06801007556675064
Boreas-Dawn,347,0.05673,0,Boreas,Dawn,5.67,low,0,0,0.0761904761904762
Caelum-Elysium,453,0.03513,0,Caelum,Elysium,3.51,very_low,0,0,0.08208955223880597
Aegis-Boreas,373,0.13018,0,Aegis,Boreas,13.02,medium,0,0,0.115
Caelum-Fenix,499,0.04459,0,Caelum,Fenix,4.46,very_low,0,0,0.07960199004975124
Aegis-Elysium,409,0.04178,0,Aegis,Elysium,4.18,very_low,0,0,0.06801007556675064
Boreas-Fenix,183,0.0834330688935281,0,Boreas,Fenix,8.34,low,0,0,0.10353535353535354
Aegis-Elysium,343,0.02619,0,Aegis,Elysium,2.62,very_low,0,0,0.06801007556675064
Caelum-Elysium,358,0.04898,0,Caelum,Elysium,4.9,very_low,0,0,0.08208955223880597
Aegis-Elysium,35,0.03082,0,Aegis,Elysium,3.08,very_low,0,0,0.06801007556675064
Caelum-Fenix,468,0.10508,0,Caelum,Fenix,10.51,medium,0,0,0.07960199004975124
Elysium-Fenix,474,0.04075,0,Elysium,Fenix,4.08,very_low,0,0,0.06666666666666667
Boreas-Elysium,399,0.03605,0,Boreas,Elysium,3.6,very_low,0,0,0.08933002481389578
Aegis-Boreas,363,0.0834330688935281,0,Aegis,Boreas,8.34,low,0,0,0.115
Caelum-Fenix,3,0.05685,0,Caelum,Fenix,5.68,low,0,0,0.07960199004975124
Boreas-Fenix,20,0.12415,0,Boreas,Fenix,12.42,medium,0,0,0.10353535353535354
Aegis-Boreas,451,0.08985,0,Aegis,Boreas,8.98,low,0,0,0.115
Boreas-Dawn,129,0.00381,0,Boreas,Dawn,0.38,very_low,0,0,0.0761904761904762
Aegis-Boreas,343,0.03475,0,Aegis,Boreas,3.48,very_low,0,0,0.115
Dawn-Fenix,382,0.18003,0,Dawn,Fenix,18.0,medium,0,0,0.07512953367875648
Dawn-Fenix,14,0.10143,0,Dawn,Fenix,10.14,medium,0,0,0.07512953367875648
Caelum-Fenix,157,0.33798,0,Caelum,Fenix,33.8,high,1,0,0.07960199004975124
Aegis-Boreas,495,0.23553,0,Aegis,Boreas,23.55,high,1,0,0.115
Boreas-Dawn,226,0.04221,0,Boreas,Dawn,4.22,very_low,0,0,0.0761904761904762
Aegis-Boreas,288,0.19204,0,Aegis,Boreas,19.2,medium,0,0,0.115
Caelum-Fenix,101,0.01607,0,Caelum,Fenix,1.61,very_low,0,0,0.07960199004975124
Boreas-Dawn,120,0.05178,0,Boreas,Dawn,5.18,low,0,0,0.0761904761904762
Aegis-Dawn,27,0.11658,0,Aegis,Dawn,11.66,medium,0,0,0.08607594936708861
Boreas-Elysium,314,0.15334,0,Boreas,Elysium,15.33,medium,0,0,0.08933002481389578
Boreas-Fenix,177,0.27781,0,Boreas,Fenix,27.78,high,1,0,0.10353535353535354
Boreas-Dawn,82,0.0358,0,Boreas,Dawn,3.58,very_low,0,0,0.0761904761904762
Dawn-Elysium,51,0.04061,0,Dawn,Elysium,4.06,very_low,0,0,0.07637231503579953
Caelum-Fenix,333,0.0039,0,Caelum,Fenix,0.39,very_low,0,0,0.07960199004975124
Boreas-Fenix,228,0.00083,0,Boreas,Fenix,0.08,very_low,0,0,0.10353535353535354
Caelum-Elysium,271,0.01435,0,Caelum,Elysium,1.44,very_low,0,0,0.08208955223880597
Caelum-Dawn,372,0.18736,0,Caelum,Dawn,18.74,medium,0,0,0.06666666666666667
Boreas-Elysium,170,0.11814,0,Boreas,Elysium,11.81,medium,0,0,0.08933002481389578
Boreas-Fenix,197,0.0389,0,Boreas,Fenix,3.89,very_low,0,0,0.10353535353535354
Caelum-Elysium,332,0.0123,0,Caelum,Elysium,1.23,very_low,0,0,0.08208955223880597
Boreas-Elysium,146,0.06732,0,Boreas,Elysium,6.73,low,0,0,0.08933002481389578
Elysium-Fenix,345,0.02746,0,Elysium,Fenix,2.75,very_low,0,0,0.06666666666666667
Dawn-Elysium,35,0.00829,1,Dawn,Elysium,0.83,very_low,0,1,0.07637231503579953
Boreas-Fenix,87,0.03172,1,Boreas,Fenix,3.17,very_low,0,1,0.10353535353535354
Boreas-Dawn,65,0.0671,0,Boreas,Dawn,6.71,low,0,0,0.0761904761904762
Boreas-Dawn,230,0.05544,0,Boreas,Dawn,5.54,low,0,0,0.0761904761904762
Aegis-Elysium,212,0.05893,0,Aegis,Elysium,5.89,low,0,0,0.06801007556675064
Elysium-Fenix,145,0.04876,0,Elysium,Fenix,4.88,very_low,0,0,0.06666666666666667
Aegis-Dawn,485,0.01539,0,Aegis,Dawn,1.54,very_low,0,0,0.08607594936708861
Aegis-Elysium,391,0.01978,0,Aegis,Elysium,1.98,very_low,0,0,0.06801007556675064
Caelum-Fenix,248,0.05374,0,Caelum,Fenix,5.37,low,0,0,0.07960199004975124
Boreas-Fenix,445,0.00331,0,Boreas,Fenix,0.33,very_low,0,0,0.10353535353535354
Dawn-Elysium,8,0.03362,0,Dawn,Elysium,3.36,very_low,0,0,0.07637231503579953
Aegis-Dawn,143,0.0834330688935281,0,Aegis,Dawn,8.34,low,0,0,0.08607594936708861
Aegis-Dawn,394,0.05757,0,Aegis,Dawn,5.76,low,0,0,0.08607594936708861
Aegis-Boreas,371,0.21533,0,Aegis,Boreas,21.53,high,1,0,0.115
Aegis-Elysium,193,0.04181,0,Aegis,Elysium,4.18,very_low,0,0,0.06801007556675064
Boreas-Fenix,1,0.0834330688935281,0,Boreas,Fenix,8.34,low,0,0,0.10353535353535354
Caelum-Dawn,292,0.00082,0,Caelum,Dawn,0.08,very_low,0,0,0.06666666666666667
Aegis-Elysium,459,0.15908,0,Aegis,Elysium,15.91,medium,0,0,0.06801007556675064
Aegis-Elysium,68,0.17526,0,Aegis,Elysium,17.53,medium,0,0,0.06801007556675064
Boreas-Fenix,378,0.02517,0,Boreas,Fenix,2.52,very_low,0,0,0.10353535353535354
Boreas-Fenix,311,0.13312,0,Boreas,Fenix,13.31,medium,0,0,0.10353535353535354
Caelum-Elysium,99,0.00916,0,Caelum,Elysium,0.92,very_low,0,0,0.08208955223880597
Dawn-Fenix,7,0.08132,0,Dawn,Fenix,8.13,low,0,0,0.07512953367875648
Aegis-Dawn,240,0.03313,0,Aegis,Dawn,3.31,very_low,0,0,0.08607594936708861
Dawn-Elysium,392,0.07599,0,Dawn,Elysium,7.6,low,0,0,0.07637231503579953
Boreas-Dawn,8,0.04754,0,Boreas,Dawn,4.75,very_low,0,0,0.0761904761904762
Boreas-Dawn,333,0.04122,0,Boreas,Dawn,4.12,very_low,0,0,0.0761904761904762
Aegis-Boreas,429,0.21236,0,Aegis,Boreas,21.24,high,1,0,0.115
Aegis-Boreas,242,0.05616,0,Aegis,Boreas,5.62,low,0,0,0.115
Caelum-Fenix,297,0.23193,0,Caelum,Fenix,23.19,high,1,0,0.07960199004975124
Caelum-Dawn,254,2e-05,0,Caelum,Dawn,0.0,very_low,0,0,0.06666666666666667
Aegis-Boreas,334,0.06843,1,Aegis,Boreas,6.84,low,0,1,0.115
Boreas-Dawn,214,0.04564,0,Boreas,Dawn,4.56,very_low,0,0,0.0761904761904762
Caelum-Elysium,356,0.14638,0,Caelum,Elysium,14.64,medium,0,0,0.08208955223880597
Boreas-Dawn,227,0.42356,0,Boreas,Dawn,42.36,very_high,1,0,0.0761904761904762
Dawn-Fenix,54,0.10573,0,Dawn,Fenix,10.57,medium,0,0,0.07512953367875648
Aegis-Boreas,447,0.28248,0,Aegis,Boreas,28.25,high,1,0,0.115
Boreas-Fenix,189,0.1031,0,Boreas,Fenix,10.31,medium,0,0,0.10353535353535354
Dawn-Elysium,247,0.10778,0,Dawn,Elysium,10.78,medium,0,0,0.07637231503579953
Caelum-Elysium,94,0.11474,0,Caelum,Elysium,11.47,medium,0,0,0.08208955223880597
Boreas-Elysium,107,0.0435,0,Boreas,Elysium,4.35,very_low,0,0,0.08933002481389578
Caelum-Dawn,327,0.02275,0,Caelum,Dawn,2.28,very_low,0,0,0.06666666666666667
Caelum-Dawn,379,0.0169,0,Caelum,Dawn,1.69,very_low,0,0,0.06666666666666667
Elysium-Fenix,194,0.16599,0,Elysium,Fenix,16.6,medium,0,0,0.06666666666666667
Aegis-Elysium,166,0.01877,1,Aegis,Elysium,1.88,very_low,0,1,0.06801007556675064
Aegis-Dawn,487,0.07026,0,Aegis,Dawn,7.03,low,0,0,0.08607594936708861
Aegis-Dawn,254,0.15228,0,Aegis,Dawn,15.23,medium,0,0,0.08607594936708861
Boreas-Dawn,220,0.17663,0,Boreas,Dawn,17.66,medium,0,0,0.0761904761904762
Aegis-Elysium,80,0.0834330688935281,0,Aegis,Elysium,8.34,low,0,0,0.06801007556675064
Caelum-Fenix,281,0.04958,0,Caelum,Fenix,4.96,very_low,0,0,0.07960199004975124
Caelum-Fenix,334,0.01211,0,Caelum,Fenix,1.21,very_low,0,0,0.07960199004975124
Caelum-Dawn,311,0.00265,0,Caelum,Dawn,0.26,very_low,0,0,0.06666666666666667
Caelum-Fenix,50,0.02941,0,Caelum,Fenix,2.94,very_low,0,0,0.07960199004975124
Caelum-Fenix,424,0.06291,0,Caelum,Fenix,6.29,low,0,0,0.07960199004975124
Dawn-Fenix,183,0.28277,0,Dawn,Fenix,28.28,high,1,0,0.07512953367875648
Elysium-Fenix,281,0.0834330688935281,0,Elysium,Fenix,8.34,low,0,0,0.06666666666666667
Aegis-Dawn,79,0.01903,0,Aegis,Dawn,1.9,very_low,0,0,0.08607594936708861
Boreas-Fenix,161,0.06875,0,Boreas,Fenix,6.88,low,0,0,0.10353535353535354
Elysium-Fenix,2,0.03337,0,Elysium,Fenix,3.34,very_low,0,0,0.06666666666666667
Boreas-Elysium,57,0.12529,0,Boreas,Elysium,12.53,medium,0,0,0.08933002481389578
Dawn-Elysium,474,0.00239,0,Dawn,Elysium,0.24,very_low,0,0,0.07637231503579953
Boreas-Fenix,165,0.0834330688935281,0,Boreas,Fenix,8.34,low,0,0,0.10353535353535354
Boreas-Elysium,28,0.00477,0,Boreas,Elysium,0.48,very_low,0,0,0.08933002481389578
Elysium-Fenix,397,0.17469,0,Elysium,Fenix,17.47,medium,0,0,0.06666666666666667
Dawn-Elysium,277,0.0487,0,Dawn,Elysium,4.87,very_low,0,0,0.07637231503579953
Boreas-Fenix,79,0.04107,0,Boreas,Fenix,4.11,very_low,0,0,0.10353535353535354
Aegis-Elysium,368,0.15285,0,Aegis,Elysium,15.29,medium,0,0,0.06801007556675064
Aegis-Elysium,312,0.00726,0,Aegis,Elysium,0.73,very_low,0,0,0.06801007556675064
Boreas-Dawn,458,0.25179,0,Boreas,Dawn,25.18,high,1,0,0.0761904761904762
Dawn-Elysium,337,0.06932,0,Dawn,Elysium,6.93,low,0,0,0.07637231503579953
Aegis-Boreas,74,0.02048,0,Aegis,Boreas,2.05,very_low,0,0,0.115
Dawn-Elysium,402,0.00852,1,Dawn,Elysium,0.85,very_low,0,1,0.07637231503579953
Aegis-Dawn,135,0.09776,0,Aegis,Dawn,9.78,low,0,0,0.08607594936708861
Aegis-Elysium,323,0.04991,0,Aegis,Elysium,4.99,very_low,0,0,0.06801007556675064
Aegis-Dawn,262,0.16134,0,Aegis,Dawn,16.13,medium,0,0,0.08607594936708861
Caelum-Fenix,217,0.08352,0,Caelum,Fenix,8.35,low,0,0,0.07960199004975124
Aegis-Elysium,369,0.05874,0,Aegis,Elysium,5.87,low,0,0,0.06801007556675064
Dawn-Elysium,436,0.03476,0,Dawn,Elysium,3.48,very_low,0,0,0.07637231503579953
Dawn-Fenix,166,0.1116,0,Dawn,Fenix,11.16,medium,0,0,0.07512953367875648
Aegis-Elysium,304,0.00065,0,Aegis,Elysium,0.06,very_low,0,0,0.06801007556675064
Boreas-Dawn,205,0.12061,0,Boreas,Dawn,12.06,medium,0,0,0.0761904761904762
Elysium-Fenix,270,0.03978,0,Elysium,Fenix,3.98,very_low,0,0,0.06666666666666667
Boreas-Dawn,469,0.04534,0,Boreas,Dawn,4.53,very_low,0,0,0.0761904761904762
Boreas-Elysium,193,0.02112,1,Boreas,Elysium,2.11,very_low,0,1,0.08933002481389578
Aegis-Boreas,219,0.26517,0,Aegis,Boreas,26.52,high,1,0,0.115
Caelum-Fenix,374,0.05943,0,Caelum,Fenix,5.94,low,0,0,0.07960199004975124
Aegis-Elysium,183,0.01396,0,Aegis,Elysium,1.4,very_low,0,0,0.06801007556675064
Aegis-Elysium,33,0.04613,0,Aegis,Elysium,4.61,very_low,0,0,0.06801007556675064
Boreas-Elysium,395,0.04712,0,Boreas,Elysium,4.71,very_low,0,0,0.08933002481389578
Boreas-Dawn,222,0.0834330688935281,0,Boreas,Dawn,8.34,low,0,0,0.0761904761904762
Boreas-Dawn,264,0.0834330688935281,0,Boreas,Dawn,8.34,low,0,0,0.0761904761904762
Caelum-Dawn,75,0.3163,0,Caelum,Dawn,31.63,high,1,0,0.06666666666666667
Caelum-Dawn,354,0.0834330688935281,0,Caelum,Dawn,8.34,low,0,0,0.06666666666666667
Dawn-Fenix,27,0.155,0,Dawn,Fenix,15.5,medium,0,0,0.07512953367875648
Boreas-Elysium,439,0.0407,0,Boreas,Elysium,4.07,very_low,0,0,0.08933002481389578
Boreas-Fenix,5,0.01597,0,Boreas,Fenix,1.6,very_low,0,0,0.10353535353535354
Elysium-Fenix,203,0.00882,0,Elysium,Fenix,0.88,very_low,0,0,0.06666666666666667
Boreas-Elysium,68,0.12752,0,Boreas,Elysium,12.75,medium,0,0,0.08933002481389578
Boreas-Elysium,447,0.01499,0,Boreas,Elysium,1.5,very_low,0,0,0.08933002481389578
Caelum-Fenix,162,0.01785,0,Caelum,Fenix,1.78,very_low,0,0,0.07960199004975124
Aegis-Boreas,126,0.16696,0,Aegis,Boreas,16.7,medium,0,0,0.115
Caelum-Elysium,399,0.0297,0,Caelum,Elysium,2.97,very_low,0,0,0.08208955223880597
Caelum-Elysium,469,0.1011,0,Caelum,Elysium,10.11,medium,0,0,0.08208955223880597
Elysium-Fenix,152,0.00873,0,Elysium,Fenix,0.87,very_low,0,0,0.06666666666666667
Boreas-Dawn,52,0.04463,0,Boreas,Dawn,4.46,very_low,0,0,0.0761904761904762
Caelum-Elysium,44,0.2262,0,Caelum,Elysium,22.62,high,1,0,0.08208955223880597
Caelum-Elysium,292,0.01476,0,Caelum,Elysium,1.48,very_low,0,0,0.08208955223880597
Aegis-Dawn,189,0.18406,0,Aegis,Dawn,18.41,medium,0,0,0.08607594936708861
Elysium-Fenix,171,0.09098,0,Elysium,Fenix,9.1,low,0,0,0.06666666666666667
Caelum-Dawn,338,0.0834330688935281,0,Caelum,Dawn,8.34,low,0,0,0.06666666666666667
Boreas-Elysium,67,0.02783,0,Boreas,Elysium,2.78,very_low,0,0,0.08933002481389578
Dawn-Elysium,349,0.22569,0,Dawn,Elysium,22.57,high,1,0,0.07637231503579953
Boreas-Elysium,49,0.07205,0,Boreas,Elysium,7.2,low,0,0,0.08933002481389578
Elysium-Fenix,409,0.0387,0,Elysium,Fenix,3.87,very_low,0,0,0.06666666666666667
Aegis-Elysium,447,0.03295,0,Aegis,Elysium,3.3,very_low,0,0,0.06801007556675064
Dawn-Elysium,390,0.08557,0,Dawn,Elysium,8.56,low,0,0,0.07637231503579953
Caelum-Elysium,123,0.05379,0,Caelum,Elysium,5.38,low,0,0,0.08208955223880597
Aegis-Boreas,118,0.01046,0,Aegis,Boreas,1.05,very_low,0,0,0.115
Aegis-Dawn,345,0.19766,0,Aegis,Dawn,19.77,medium,0,0,0.08607594936708861
Caelum-Dawn,40,0.02375,0,Caelum,Dawn,2.38,very_low,0,0,0.06666666666666667
Boreas-Dawn,23,0.0834330688935281,0,Boreas,Dawn,8.34,low,0,0,0.0761904761904762
Caelum-Dawn,273,0.17698,0,Caelum,Dawn,17.7,medium,0,0,0.06666666666666667
Caelum-Dawn,169,0.02486,0,Caelum,Dawn,2.49,very_low,0,0,0.06666666666666667
Boreas-Dawn,251,0.07191,0,Boreas,Dawn,7.19,low,0,0,0.0761904761904762
Boreas-Dawn,17,0.06095,0,Boreas,Dawn,6.1,low,0,0,0.0761904761904762
Caelum-Elysium,499,0.11625,0,Caelum,Elysium,11.62,medium,0,0,0.08208955223880597
Caelum-Elysium,10,0.02598,0,Caelum,Elysium,2.6,very_low,0,0,0.08208955223880597
Caelum-Dawn,488,0.15094,0,Caelum,Dawn,15.09,medium,0,0,0.06666666666666667
Aegis-Dawn,112,0.00265,0,Aegis,Dawn,0.26,very_low,0,0,0.08607594936708861
Caelum-Elysium,480,0.01592,0,Caelum,Elysium,1.59,very_low,0,0,0.08208955223880597
Elysium-Fenix,321,0.18727,0,Elysium,Fenix,18.73,medium,0,0,0.06666666666666667
Boreas-Fenix,438,0.08356,0,Boreas,Fenix,8.36,low,0,0,0.10353535353535354
Aegis-Boreas,220,0.01515,0,Aegis,Boreas,1.52,very_low,0,0,0.115
Boreas-Dawn,486,0.00745,0,Boreas,Dawn,0.74,very_low,0,0,0.0761904761904762
Boreas-Elysium,361,0.02828,0,Boreas,Elysium,2.83,very_low,0,0,0.08933002481389578
Dawn-Fenix,127,0.07762,0,Dawn,Fenix,7.76,low,0,0,0.07512953367875648
Caelum-Dawn,388,0.11066,0,Caelum,Dawn,11.07,medium,0,0,0.06666666666666667
Aegis-Boreas,7,0.16996,0,Aegis,Boreas,17.0,medium,0,0,0.115
Caelum-Fenix,405,0.0834330688935281,0,Caelum,Fenix,8.34,low,0,0,0.07960199004975124
Boreas-Dawn,49,0.01641,0,Boreas,Dawn,1.64,very_low,0,0,0.0761904761904762
Boreas-Elysium,191,0.00333,0,Boreas,Elysium,0.33,very_low,0,0,0.08933002481389578
Caelum-Elysium,355,0.05197,0,Caelum,Elysium,5.2,low,0,0,0.08208955223880597
Aegis-Elysium,258,0.02871,1,Aegis,Elysium,2.87,very_low,0,1,0.06801007556675064
Aegis-Boreas,146,0.03997,0,Aegis,Boreas,4.0,very_low,0,0,0.115
Boreas-Fenix,394,0.13209,0,Boreas,Fenix,13.21,medium,0,0,0.10353535353535354
Boreas-Dawn,105,0.00695,0,Boreas,Dawn,0.7,very_low,0,0,0.0761904761904762
Aegis-Dawn,155,0.02252,0,Aegis,Dawn,2.25,very_low,0,0,0.08607594936708861
Boreas-Dawn,410,0.09338,0,Boreas,Dawn,9.34,low,0,0,0.0761904761904762
Dawn-Elysium,15,0.06102,0,Dawn,Elysium,6.1,low,0,0,0.07637231503579953
Aegis-Dawn,310,0.08969,0,Aegis,Dawn,8.97,low,0,0,0.08607594936708861
Boreas-Dawn,365,0.04259,0,Boreas,Dawn,4.26,very_low,0,0,0.0761904761904762
Boreas-Dawn,235,0.02662,1,Boreas,Dawn,2.66,very_low,0,1,0.0761904761904762
Aegis-Elysium,178,0.03746,0,Aegis,Elysium,3.75,very_low,0,0,0.06801007556675064
Dawn-Elysium,185,0.0455,0,Dawn,Elysium,4.55,very_low,0,0,0.07637231503579953
Boreas-Dawn,110,0.0834330688935281,0,Boreas,Dawn,8.34,low,0,0,0.0761904761904762
Boreas-Dawn,229,0.04721,0,Boreas,Dawn,4.72,very_low,0,0,0.0761904761904762
Boreas-Elysium,391,0.04759,0,Boreas,Elysium,4.76,very_low,0,0,0.08933002481389578
Caelum-Dawn,165,0.12491,0,Caelum,Dawn,12.49,medium,0,0,0.06666666666666667
Boreas-Dawn,91,0.10945,0,Boreas,Dawn,10.94,medium,0,0,0.0761904761904762
Boreas-Elysium,450,0.01719,0,Boreas,Elysium,1.72,very_low,0,0,0.08933002481389578
Caelum-Dawn,144,0.02826,0,Caelum,Dawn,2.83,very_low,0,0,0.06666666666666667
Elysium-Fenix,373,0.08219,1,Elysium,Fenix,8.22,low,0,1,0.06666666666666667
Dawn-Fenix,291,0.21756,1,Dawn,Fenix,21.76,high,1,1,0.07512953367875648
Boreas-Fenix,454,0.1226,0,Boreas,Fenix,12.26,medium,0,0,0.10353535353535354
Dawn-Elysium,205,0.18377,0,Dawn,Elysium,18.38,medium,0,0,0.07637231503579953
Boreas-Elysium,149,0.00807,0,Boreas,Elysium,0.81,very_low,0,0,0.08933002481389578
Boreas-Dawn,247,0.002,0,Boreas,Dawn,0.2,very_low,0,0,0.0761904761904762
Aegis-Elysium,233,0.12218,0,Aegis,Elysium,12.22,medium,0,0,0.06801007556675064
Dawn-Fenix,234,0.08853,1,Dawn,Fenix,8.85,low,0,1,0.07512953367875648
Aegis-Dawn,261,0.01557,0,Aegis,Dawn,1.56,very_low,0,0,0.08607594936708861
Caelum-Dawn,438,0.1286,0,Caelum,Dawn,12.86,medium,0,0,0.06666666666666667
Dawn-Elysium,162,0.28015,0,Dawn,Elysium,28.02,high,1,0,0.07637231503579953
Aegis-Elysium,169,0.05995,0,Aegis,Elysium,6.0,low,0,0,0.06801007556675064
Boreas-Dawn,61,0.02484,1,Boreas,Dawn,2.48,very_low,0,1,0.0761904761904762
Caelum-Fenix,242,0.04259,0,Caelum,Fenix,4.26,very_low,0,0,0.07960199004975124
Elysium-Fenix,442,0.04678,0,Elysium,Fenix,4.68,very_low,0,0,0.06666666666666667
Elysium-Fenix,382,0.01545,0,Elysium,Fenix,1.54,very_low,0,0,0.06666666666666667
Boreas-Fenix,357,0.01003,0,Boreas,Fenix,1.0,very_low,0,0,0.10353535353535354
Caelum-Elysium,474,0.00766,0,Caelum,Elysium,0.77,very_low,0,0,0.08208955223880597
Aegis-Elysium,383,0.00776,0,Aegis,Elysium,0.78,very_low,0,0,0.06801007556675064
Boreas-Elysium,151,0.0108,0,Boreas,Elysium,1.08,very_low,0,0,0.08933002481389578
Caelum-Elysium,260,0.16448,0,Caelum,Elysium,16.45,medium,0,0,0.08208955223880597
Boreas-Elysium,411,0.06993,0,Boreas,Elysium,6.99,low,0,0,0.08933002481389578
Caelum-Fenix,131,0.04506,0,Caelum,Fenix,4.51,very_low,0,0,0.07960199004975124
Dawn-Elysium,397,0.02348,0,Dawn,Elysium,2.35,very_low,0,0,0.07637231503579953
Boreas-Fenix,209,0.23449,0,Boreas,Fenix,23.45,high,1,0,0.10353535353535354
Caelum-Dawn,172,0.03176,0,Caelum,Dawn,3.18,very_low,0,0,0.06666666666666667
Boreas-Fenix,101,0.01405,0,Boreas,Fenix,1.4,very_low,0,0,0.10353535353535354
Boreas-Elysium,398,0.01886,1,Boreas,Elysium,1.89,very_low,0,1,0.08933002481389578
Boreas-Elysium,252,0.09319,0,Boreas,Elysium,9.32,low,0,0,0.08933002481389578
Caelum-Elysium,395,0.1176,0,Caelum,Elysium,11.76,medium,0,0,0.08208955223880597
Caelum-Elysium,206,0.04089,0,Caelum,Elysium,4.09,very_low,0,0,0.08208955223880597
Dawn-Fenix,461,0.01033,1,Dawn,Fenix,1.03,very_low,0,1,0.07512953367875648
Boreas-Elysium,308,0.04356,0,Boreas,Elysium,4.36,very_low,0,0,0.08933002481389578
Boreas-Elysium,86,0.05736,0,Boreas,Elysium,5.74,low,0,0,0.08933002481389578
Caelum-Elysium,433,0.00977,0,Caelum,Elysium,0.98,very_low,0,0,0.08208955223880597
Boreas-Elysium,357,0.04882,0,Boreas,Elysium,4.88,very_low,0,0,0.08933002481389578
Boreas-Elysium,93,0.11329,0,Boreas,Elysium,11.33,medium,0,0,0.08933002481389578
Dawn-Elysium,281,0.15701,0,Dawn,Elysium,15.7,medium,0,0,0.07637231503579953
Dawn-Elysium,151,0.0834330688935281,0,Dawn,Elysium,8.34,low,0,0,0.07637231503579953
Boreas-Dawn,456,0.04085,0,Boreas,Dawn,4.08,very_low,0,0,0.0761904761904762
Boreas-Elysium,181,0.08962,0,Boreas,Elysium,8.96,low,0,0,0.08933002481389578
Caelum-Fenix,35,0.24663,0,Caelum,Fenix,24.66,high,1,0,0.07960199004975124
Boreas-Fenix,236,0.05542,0,Boreas,Fenix,5.54,low,0,0,0.10353535353535354
Aegis-Dawn,316,0.05627,0,Aegis,Dawn,5.63,low,0,0,0.08607594936708861
Aegis-Boreas,54,0.16736,0,Aegis,Boreas,16.74,medium,0,0,0.115
Dawn-Elysium,7,0.04877,0,Dawn,Elysium,4.88,very_low,0,0,0.07637231503579953
Boreas-Dawn,250,0.10575,0,Boreas,Dawn,10.58,medium,0,0,0.0761904761904762
Caelum-Elysium,105,0.02619,0,Caelum,Elysium,2.62,very_low,0,0,0.08208955223880597
Boreas-Elysium,437,0.04764,0,Boreas,Elysium,4.76,very_low,0,0,0.08933002481389578
Aegis-Elysium,485,0.01967,0,Aegis,Elysium,1.97,very_low,0,0,0.06801007556675064
Caelum-Elysium,424,0.00296,0,Caelum,Elysium,0.3,very_low,0,0,0.08208955223880597
Caelum-Dawn,329,0.04417,0,Caelum,Dawn,4.42,very_low,0,0,0.06666666666666667
Caelum-Elysium,36,0.06844,0,Caelum,Elysium,6.84,low,0,0,0.08208955223880597
Caelum-Dawn,158,0.01042,0,Caelum,Dawn,1.04,very_low,0,0,0.06666666666666667
Boreas-Fenix,344,0.24253,0,Boreas,Fenix,24.25,high,1,0,0.10353535353535354
Boreas-Dawn,167,0.0177,1,Boreas,Dawn,1.77,very_low,0,1,0.0761904761904762
Aegis-Elysium,451,0.0834330688935281,0,Aegis,Elysium,8.34,low,0,0,0.06801007556675064
Aegis-Dawn,6,0.20549,0,Aegis,Dawn,20.55,high,1,0,0.08607594936708861
Aegis-Boreas,287,0.063,0,Aegis,Boreas,6.3,low,0,0,0.115
Boreas-Elysium,311,0.0509,0,Boreas,Elysium,5.09,low,0,0,0.08933002481389578
Caelum-Elysium,441,0.00245,0,Caelum,Elysium,0.24,very_low,0,0,0.08208955223880597
Aegis-Boreas,377,0.33117,0,Aegis,Boreas,33.12,high,1,0,0.115
Elysium-Fenix,224,0.03487,0,Elysium,Fenix,3.49,very_low,0,0,0.06666666666666667
Caelum-Elysium,204,0.20525,0,Caelum,Elysium,20.52,high,1,0,0.08208955223880597
Dawn-Elysium,99,0.04539,0,Dawn,Elysium,4.54,very_low,0,0,0.07637231503579953
Caelum-Fenix,464,0.02315,0,Caelum,Fenix,2.32,very_low,0,0,0.07960199004975124
Elysium-Fenix,449,0.03892,0,Elysium,Fenix,3.89,very_low,0,0,0.06666666666666667
Caelum-Elysium,121,0.12879,0,Caelum,Elysium,12.88,medium,0,0,0.08208955223880597
Aegis-Dawn,213,0.13841,0,Aegis,Dawn,13.84,medium,0,0,0.08607594936708861
Caelum-Dawn,66,0.00465,0,Caelum,Dawn,0.46,very_low,0,0,0.06666666666666667
Dawn-Fenix,61,0.02404,0,Dawn,Fenix,2.4,very_low,0,0,0.07512953367875648
Caelum-Elysium,3,0.11708,0,Caelum,Elysium,11.71,medium,0,0,0.08208955223880597
Aegis-Elysium,436,0.21361,0,Aegis,Elysium,21.36,high,1,0,0.06801007556675064
Caelum-Dawn,67,0.19857,0,Caelum,Dawn,19.86,medium,0,0,0.06666666666666667
Aegis-Dawn,73,0.03718,0,Aegis,Dawn,3.72,very_low,0,0,0.08607594936708861
Elysium-Fenix,236,0.10371,0,Elysium,Fenix,10.37,medium,0,0,0.06666666666666667
Dawn-Fenix,101,0.0834330688935281,0,Dawn,Fenix,8.34,low,0,0,0.07512953367875648
Boreas-Fenix,322,0.00346,0,Boreas,Fenix,0.35,very_low,0,0,0.10353535353535354
Aegis-Elysium,223,0.05869,0,Aegis,Elysium,5.87,low,0,0,0.06801007556675064
Dawn-Fenix,81,0.10046,0,Dawn,Fenix,10.05,medium,0,0,0.07512953367875648
Aegis-Dawn,475,0.08608,0,Aegis,Dawn,8.61,low,0,0,0.08607594936708861
Elysium-Fenix,440,0.07892,0,Elysium,Fenix,7.89,low,0,0,0.06666666666666667
Boreas-Elysium,257,0.01717,0,Boreas,Elysium,1.72,very_low,0,0,0.08933002481389578
Dawn-Elysium,332,0.17704,0,Dawn,Elysium,17.7,medium,0,0,0.07637231503579953
Boreas-Fenix,490,0.17941,0,Boreas,Fenix,17.94,medium,0,0,0.10353535353535354
Aegis-Boreas,337,0.08297,0,Aegis,Boreas,8.3,low,0,0,0.115
Boreas-Fenix,134,0.09528,0,Boreas,Fenix,9.53,low,0,0,0.10353535353535354
Caelum-Dawn,475,0.02443,0,Caelum,Dawn,2.44,very_low,0,0,0.06666666666666667
Aegis-Boreas,441,0.02165,1,Aegis,Boreas,2.16,very_low,0,1,0.115
Elysium-Fenix,165,0.03747,0,Elysium,Fenix,3.75,very_low,0,0,0.06666666666666667
Dawn-Elysium,293,0.11023,0,Dawn,Elysium,11.02,medium,0,0,0.07637231503579953
Elysium-Fenix,62,0.06869,1,Elysium,Fenix,6.87,low,0,1,0.06666666666666667
Caelum-Fenix,314,0.0293,0,Caelum,Fenix,2.93,very_low,0,0,0.07960199004975124
Aegis-Dawn,58,0.37568,0,Aegis,Dawn,37.57,very_high,1,0,0.08607594936708861
Aegis-Boreas,88,0.01467,0,Aegis,Boreas,1.47,very_low,0,0,0.115
Dawn-Fenix,267,0.01658,0,Dawn,Fenix,1.66,very_low,0,0,0.07512953367875648
Caelum-Fenix,387,0.06101,0,Caelum,Fenix,6.1,low,0,0,0.07960199004975124
Caelum-Dawn,463,0.207,0,Caelum,Dawn,20.7,high,1,0,0.06666666666666667
Elysium-Fenix,479,0.01357,1,Elysium,Fenix,1.36,very_low,0,1,0.06666666666666667
Aegis-Elysium,26,0.05611,0,Aegis,Elysium,5.61,low,0,0,0.06801007556675064
Caelum-Elysium,33,0.06821,0,Caelum,Elysium,6.82,low,0,0,0.08208955223880597
Aegis-Dawn,241,0.07136,0,Aegis,Dawn,7.14,low,0,0,0.08607594936708861
Boreas-Dawn,312,0.16287,0,Boreas,Dawn,16.29,medium,0,0,0.0761904761904762
Caelum-Fenix,39,0.05466,0,Caelum,Fenix,5.47,low,0,0,0.07960199004975124
Boreas-Dawn,335,0.00978,0,Boreas,Dawn,0.98,very_low,0,0,0.0761904761904762
Caelum-Elysium,103,0.21087,0,Caelum,Elysium,21.09,high,1,0,0.08208955223880597
Boreas-Elysium,174,0.01628,0,Boreas,Elysium,1.63,very_low,0,0,0.08933002481389578
Elysium-Fenix,79,0.19966,0,Elysium,Fenix,19.97,medium,0,0,0.06666666666666667
Boreas-Dawn,34,0.16521,0,Boreas,Dawn,16.52,medium,0,0,0.0761904761904762
Dawn-Fenix,433,0.03948,0,Dawn,Fenix,3.95,very_low,0,0,0.07512953367875648
Aegis-Elysium,455,0.01103,0,Aegis,Elysium,1.1,very_low,0,0,0.06801007556675064
Caelum-Elysium,407,0.09199,1,Caelum,Elysium,9.2,low,0,1,0.08208955223880597
Boreas-Dawn,451,0.03011,0,Boreas,Dawn,3.01,very_low,0,0,0.0761904761904762
Dawn-Elysium,113,0.00808,0,Dawn,Elysium,0.81,very_low,0,0,0.07637231503579953
Elysium-Fenix,337,0.0834330688935281,1,Elysium,Fenix,8.34,low,0,1,0.06666666666666667
Aegis-Elysium,405,0.03898,0,Aegis,Elysium,3.9,very_low,0,0,0.06801007556675064
Elysium-Fenix,354,0.00379,0,Elysium,Fenix,0.38,very_low,0,0,0.06666666666666667
Caelum-Fenix,138,0.24664,0,Caelum,Fenix,24.66,high,1,0,0.07960199004975124
Elysium-Fenix,220,0.08859,0,Elysium,Fenix,8.86,low,0,0,0.06666666666666667
Aegis-Boreas,296,0.06709,0,Aegis,Boreas,6.71,low,0,0,0.115
Aegis-Dawn,28,0.15057,0,Aegis,Dawn,15.06,medium,0,0,0.08607594936708861
Aegis-Elysium,0,0.06344,1,Aegis,Elysium,6.34,low,0,1,0.06801007556675064
Boreas-Dawn,68,0.00416,0,Boreas,Dawn,0.42,very_low,0,0,0.0761904761904762
Aegis-Dawn,24,0.24566,0,Aegis,Dawn,24.57,high,1,0,0.08607594936708861
Caelum-Fenix,38,0.03893,0,Caelum,Fenix,3.89,very_low,0,0,0.07960199004975124
Elysium-Fenix,125,0.03299,0,Elysium,Fenix,3.3,very_low,0,0,0.06666666666666667
Boreas-Elysium,11,0.09816,0,Boreas,Elysium,9.82,low,0,0,0.08933002481389578
Dawn-Elysium,355,0.08861,0,Dawn,Elysium,8.86,low,0,0,0.07637231503579953
Dawn-Fenix,457,0.1019,0,Dawn,Fenix,10.19,medium,0,0,0.07512953367875648
Dawn-Fenix,185,0.16895,0,Dawn,Fenix,16.9,medium,0,0,0.07512953367875648
Caelum-Dawn,498,0.07155,0,Caelum,Dawn,7.16,low,0,0,0.06666666666666667
Boreas-Elysium,380,0.19471,1,Boreas,Elysium,19.47,medium,0,1,0.08933002481389578
Boreas-Fenix,392,0.06103,0,Boreas,Fenix,6.1,low,0,0,0.10353535353535354
Caelum-Fenix,398,0.05925,0,Caelum,Fenix,5.92,low,0,0,0.07960199004975124
Boreas-Elysium,449,0.02135,0,Boreas,Elysium,2.14,very_low,0,0,0.08933002481389578
Boreas-Elysium,61,0.17542,1,Boreas,Elysium,17.54,medium,0,1,0.08933002481389578
Dawn-Elysium,467,0.12563,0,Dawn,Elysium,12.56,medium,0,0,0.07637231503579953
Elysium-Fenix,304,0.34101,0,Elysium,Fenix,34.1,high,1,0,0.06666666666666667
Aegis-Boreas,140,0.11583,0,Aegis,Boreas,11.58,medium,0,0,0.115
Aegis-Boreas,388,0.06189,0,Aegis,Boreas,6.19,low,0,0,0.115
Aegis-Dawn,342,0.12153,0,Aegis,Dawn,12.15,medium,0,0,0.08607594936708861
Caelum-Dawn,181,0.03029,0,Caelum,Dawn,3.03,very_low,0,0,0.06666666666666667
Caelum-Fenix,150,0.09836,0,Caelum,Fenix,9.84,low,0,0,0.07960199004975124
Boreas-Fenix,10,0.06981,0,Boreas,Fenix,6.98,low,0,0,0.10353535353535354
Boreas-Dawn,374,0.00084,0,Boreas,Dawn,0.08,very_low,0,0,0.0761904761904762
Caelum-Elysium,300,0.0171,0,Caelum,Elysium,1.71,very_low,0,0,0.08208955223880597
Aegis-Elysium,397,0.02704,0,Aegis,Elysium,2.7,very_low,0,0,0.06801007556675064
Boreas-Elysium,255,0.08671,0,Boreas,Elysium,8.67,low,0,0,0.08933002481389578
Aegis-Boreas,339,0.1245,1,Aegis,Boreas,12.45,medium,0,1,0.115
Dawn-Fenix,173,0.15607,0,Dawn,Fenix,15.61,medium,0,0,0.07512953367875648
Aegis-Boreas,330,0.17638,0,Aegis,Boreas,17.64,medium,0,0,0.115
Boreas-Dawn,85,0.11032,0,Boreas,Dawn,11.03,medium,0,0,0.0761904761904762
Boreas-Elysium,230,0.09574,0,Boreas,Elysium,9.57,low,0,0,0.08933002481389578
Boreas-Fenix,244,0.0341,0,Boreas,Fenix,3.41,very_low,0,0,0.10353535353535354
Caelum-Elysium,211,0.04847,0,Caelum,Elysium,4.85,very_low,0,0,0.08208955223880597
Aegis-Dawn,425,0.04059,0,Aegis,Dawn,4.06,very_low,0,0,0.08607594936708861
Caelum-Elysium,216,0.0929,0,Caelum,Elysium,9.29,low,0,0,0.08208955223880597
Caelum-Elysium,61,0.03044,0,Caelum,Elysium,3.04,very_low,0,0,0.08208955223880597
Boreas-Fenix,139,0.0834330688935281,0,Boreas,Fenix,8.34,low,0,0,0.10353535353535354
Caelum-Elysium,237,0.02296,0,Caelum,Elysium,2.3,very_low,0,0,0.08208955223880597
Boreas-Dawn,406,0.12833,0,Boreas,Dawn,12.83,medium,0,0,0.0761904761904762
Boreas-Fenix,6,0.06055,0,Boreas,Fenix,6.06,low,0,0,0.10353535353535354
Dawn-Elysium,400,0.01674,0,Dawn,Elysium,1.67,very_low,0,0,0.07637231503579953
Caelum-Dawn,470,0.03529,0,Caelum,Dawn,3.53,very_low,0,0,0.06666666666666667
Dawn-Elysium,141,0.07751,0,Dawn,Elysium,7.75,low,0,0,0.07637231503579953
Dawn-Fenix,235,0.0834330688935281,1,Dawn,Fenix,8.34,low,0,1,0.07512953367875648
Dawn-Elysium,271,0.04536,0,Dawn,Elysium,4.54,very_low,0,0,0.07637231503579953
Caelum-Elysium,102,0.0834330688935281,0,Caelum,Elysium,8.34,low,0,0,0.08208955223880597
Boreas-Dawn,153,0.00412,0,Boreas,Dawn,0.41,very_low,0,0,0.0761904761904762
Caelum-Fenix,122,0.00597,0,Caelum,Fenix,0.6,very_low,0,0,0.07960199004975124
Aegis-Elysium,287,0.0834330688935281,0,Aegis,Elysium,8.34,low,0,0,0.06801007556675064
Aegis-Boreas,0,0.03833,0,Aegis,Boreas,3.83,very_low,0,0,0.115
Boreas-Dawn,138,0.05832,0,Boreas,Dawn,5.83,low,0,0,0.0761904761904762
Elysium-Fenix,257,0.26649,0,Elysium,Fenix,26.65,high,1,0,0.06666666666666667
Caelum-Elysium,385,0.00205,0,Caelum,Elysium,0.2,very_low,0,0,0.08208955223880597
Caelum-Dawn,71,0.02205,0,Caelum,Dawn,2.2,very_low,0,0,0.06666666666666667
Caelum-Elysium,443,0.01788,0,Caelum,Elysium,1.79,very_low,0,0,0.08208955223880597
Dawn-Elysium,498,0.04465,0,Dawn,Elysium,4.46,very_low,0,0,0.07637231503579953
Dawn-Fenix,363,0.2946,0,Dawn,Fenix,29.46,high,1,0,0.07512953367875648
Caelum-Elysium,169,0.11272,0,Caelum,Elysium,11.27,medium,0,0,0.08208955223880597
Dawn-Fenix,0,0.02421,0,Dawn,Fenix,2.42,very_low,0,0,0.07512953367875648
Aegis-Dawn,385,0.01212,1,Aegis,Dawn,1.21,very_low,0,1,0.08607594936708861
Boreas-Fenix,312,0.22968,1,Boreas,Fenix,22.97,high,1,1,0.10353535353535354
Boreas-Dawn,257,0.08907,0,Boreas,Dawn,8.91,low,0,0,0.0761904761904762
Aegis-Boreas,340,0.07455,0,Aegis,Boreas,7.46,low,0,0,0.115
Aegis-Dawn,260,0.18198,0,Aegis,Dawn,18.2,medium,0,0,0.08607594936708861
Dawn-Fenix,495,0.01317,0,Dawn,Fenix,1.32,very_low,0,0,0.07512953367875648
Elysium-Fenix,367,0.0855,0,Elysium,Fenix,8.55,low,0,0,0.06666666666666667
Caelum-Elysium,283,0.08253,0,Caelum,Elysium,8.25,low,0,0,0.08208955223880597
Aegis-Elysium,114,0.01217,0,Aegis,Elysium,1.22,very_low,0,0,0.06801007556675064
Caelum-Fenix,275,0.01457,0,Caelum,Fenix,1.46,very_low,0,0,0.07960199004975124
Boreas-Dawn,55,0.2828,1,Boreas,Dawn,28.28,high,1,1,0.0761904761904762
Caelum-Dawn,410,0.00574,0,Caelum,Dawn,0.57,very_low,0,0,0.06666666666666667
Caelum-Dawn,430,0.10049,0,Caelum,Dawn,10.05,medium,0,0,0.06666666666666667
Boreas-Dawn,179,0.18532,0,Boreas,Dawn,18.53,medium,0,0,0.0761904761904762
Boreas-Dawn,94,0.03644,0,Boreas,Dawn,3.64,very_low,0,0,0.0761904761904762
Boreas-Elysium,483,0.0834330688935281,0,Boreas,Elysium,8.34,low,0,0,0.08933002481389578
Elysium-Fenix,202,0.12794,0,Elysium,Fenix,12.79,medium,0,0,0.06666666666666667
Boreas-Elysium,499,0.10073,0,Boreas,Elysium,10.07,medium,0,0,0.08933002481389578
Boreas-Elysium,457,0.00156,0,Boreas,Elysium,0.16,very_low,0,0,0.08933002481389578
Aegis-Boreas,32,0.1646,0,Aegis,Boreas,16.46,medium,0,0,0.115
Caelum-Dawn,250,0.13654,0,Caelum,Dawn,13.65,medium,0,0,0.06666666666666667
Boreas-Elysium,303,0.0834330688935281,0,Boreas,Elysium,8.34,low,0,0,0.08933002481389578
Aegis-Elysium,365,0.0834330688935281,0,Aegis,Elysium,8.34,low,0,0,0.06801007556675064
Boreas-Fenix,231,0.07026,0,Boreas,Fenix,7.03,low,0,0,0.10353535353535354
Elysium-Fenix,137,0.01787,0,Elysium,Fenix,1.79,very_low,0,0,0.06666666666666667
Dawn-Elysium,145,0.06984,0,Dawn,Elysium,6.98,low,0,0,0.07637231503579953
Dawn-Fenix,195,0.01479,0,Dawn,Fenix,1.48,very_low,0,0,0.07512953367875648
Dawn-Fenix,370,0.03348,0,Dawn,Fenix,3.35,very_low,0,0,0.07512953367875648
Boreas-Elysium,214,0.02961,0,Boreas,Elysium,2.96,very_low,0,0,0.08933002481389578
Dawn-Elysium,398,0.10451,0,Dawn,Elysium,10.45,medium,0,0,0.07637231503579953
Dawn-Fenix,484,0.01475,0,Dawn,Fenix,1.48,very_low,0,0,0.07512953367875648
Aegis-Boreas,195,0.11508,0,Aegis,Boreas,11.51,medium,0,0,0.115
Caelum-Fenix,304,0.13805,0,Caelum,Fenix,13.8,medium,0,0,0.07960199004975124
Caelum-Fenix,12,0.11725,0,Caelum,Fenix,11.72,medium,0,0,0.07960199004975124
Dawn-Fenix,403,0.14857,0,Dawn,Fenix,14.86,medium,0,0,0.07512953367875648
Caelum-Elysium,32,0.18282,0,Caelum,Elysium,18.28,medium,0,0,0.08208955223880597
Dawn-Elysium,17,0.11783,0,Dawn,Elysium,11.78,medium,0,0,0.07637231503579953
Boreas-Fenix,405,0.13806,0,Boreas,Fenix,13.81,medium,0,0,0.10353535353535354
Caelum-Fenix,170,0.00021,0,Caelum,Fenix,0.02,very_low,0,0,0.07960199004975124
Dawn-Elysium,440,0.25454,0,Dawn,Elysium,25.45,high,1,0,0.07637231503579953
Aegis-Dawn,353,0.03214,0,Aegis,Dawn,3.21,very_low,0,0,0.08607594936708861
Aegis-Dawn,156,0.01707,1,Aegis,Dawn,1.71,very_low,0,1,0.08607594936708861
Boreas-Dawn,350,0.07921,0,Boreas,Dawn,7.92,low,0,0,0.0761904761904762
Caelum-Dawn,11,0.17402,1,Caelum,Dawn,17.4,medium,0,1,0.06666666666666667
Elysium-Fenix,45,0.00125,0,Elysium,Fenix,0.12,very_low,0,0,0.06666666666666667
Caelum-Dawn,366,0.08504,0,Caelum,Dawn,8.5,low,0,0,0.06666666666666667
Aegis-Elysium,477,0.13666,0,Aegis,Elysium,13.67,medium,0,0,0.06801007556675064
Dawn-Fenix,342,0.12252,0,Dawn,Fenix,12.25,medium,0,0,0.07512953367875648
Boreas-Fenix,243,0.0277,0,Boreas,Fenix,2.77,very_low,0,0,0.10353535353535354
Dawn-Fenix,322,0.096,0,Dawn,Fenix,9.6,low,0,0,0.07512953367875648
Boreas-Fenix,318,0.02846,0,Boreas,Fenix,2.85,very_low,0,0,0.10353535353535354
Aegis-Dawn,30,0.03719,0,Aegis,Dawn,3.72,very_low,0,0,0.08607594936708861
Aegis-Dawn,398,0.0618,0,Aegis,Dawn,6.18,low,0,0,0.08607594936708861
Boreas-Fenix,449,0.03419,0,Boreas,Fenix,3.42,very_low,0,0,0.10353535353535354
Dawn-Elysium,137,0.00088,0,Dawn,Elysium,0.09,very_low,0,0,0.07637231503579953
Elysium-Fenix,136,0.20147,0,Elysium,Fenix,20.15,high,1,0,0.06666666666666667
Dawn-Fenix,271,0.22032,1,Dawn,Fenix,22.03,high,1,1,0.07512953367875648
Aegis-Boreas,346,0.00033,0,Aegis,Boreas,0.03,very_low,0,0,0.115
Boreas-Dawn,245,0.14042,0,Boreas,Dawn,14.04,medium,0,0,0.0761904761904762
Aegis-Boreas,412,0.01574,0,Aegis,Boreas,1.57,very_low,0,0,0.115
Caelum-Dawn,234,0.10274,0,Caelum,Dawn,10.27,medium,0,0,0.06666666666666667
Aegis-Boreas,5,0.032,0,Aegis,Boreas,3.2,very_low,0,0,0.115
Caelum-Dawn,170,0.3348,0,Caelum,Dawn,33.48,high,1,0,0.06666666666666667
Aegis-Elysium,162,0.09803,0,Aegis,Elysium,9.8,low,0,0,0.06801007556675064
Caelum-Dawn,289,0.24229,0,Caelum,Dawn,24.23,high,1,0,0.06666666666666667
Aegis-Elysium,460,0.1207,0,Aegis,Elysium,12.07,medium,0,0,0.06801007556675064
Caelum-Elysium,21,0.01222,0,Caelum,Elysium,1.22,very_low,0,0,0.08208955223880597
Boreas-Dawn,348,0.06417,0,Boreas,Dawn,6.42,low,0,0,0.0761904761904762
Boreas-Dawn,213,0.0354,0,Boreas,Dawn,3.54,very_low,0,0,0.0761904761904762
Dawn-Fenix,48,0.17277,0,Dawn,Fenix,17.28,medium,0,0,0.07512953367875648
Caelum-Dawn,437,0.02452,0,Caelum,Dawn,2.45,very_low,0,0,0.06666666666666667
Dawn-Fenix,151,0.03632,0,Dawn,Fenix,3.63,very_low,0,0,0.07512953367875648
Caelum-Elysium,311,0.07965,0,Caelum,Elysium,7.96,low,0,0,0.08208955223880597
Dawn-Fenix,142,0.21912,0,Dawn,Fenix,21.91,high,1,0,0.07512953367875648
Aegis-Elysium,300,0.13162,0,Aegis,Elysium,13.16,medium,0,0,0.06801007556675064
Aegis-Dawn,378,0.17869,0,Aegis,Dawn,17.87,medium,0,0,0.08607594936708861
Aegis-Elysium,121,0.13764,0,Aegis,Elysium,13.76,medium,0,0,0.06801007556675064
Boreas-Fenix,114,0.0834330688935281,0,Boreas,Fenix,8.34,low,0,0,0.10353535353535354
Elysium-Fenix,413,0.1726,0,Elysium,Fenix,17.26,medium,0,0,0.06666666666666667
Caelum-Fenix,199,0.16796,1,Caelum,Fenix,16.8,medium,0,1,0.07960199004975124
Aegis-Dawn,166,0.0834330688935281,0,Aegis,Dawn,8.34,low,0,0,0.08607594936708861
Boreas-Fenix,450,0.08751,0,Boreas,Fenix,8.75,low,0,0,0.10353535353535354
Aegis-Boreas,488,0.02533,0,Aegis,Boreas,2.53,very_low,0,0,0.115
Boreas-Elysium,234,0.06162,0,Boreas,Elysium,6.16,low,0,0,0.08933002481389578
Caelum-Dawn,431,0.00925,0,Caelum,Dawn,0.92,very_low,0,0,0.06666666666666667
Dawn-Fenix,29,0.27894,0,Dawn,Fenix,27.89,high,1,0,0.07512953367875648
Boreas-Fenix,224,0.20956,1,Boreas,Fenix,20.96,high,1,1,0.10353535353535354
Caelum-Elysium,477,0.0439,0,Caelum,Elysium,4.39,very_low,0,0,0.08208955223880597
Aegis-Dawn,198,0.09995,0,Aegis,Dawn,9.99,low,0,0,0.08607594936708861
Dawn-Elysium,242,0.03605,1,Dawn,Elysium,3.6,very_low,0,1,0.07637231503579953
Boreas-Dawn,123,0.0834330688935281,0,Boreas,Dawn,8.34,low,0,0,0.0761904761904762
Dawn-Elysium,194,0.022,0,Dawn,Elysium,2.2,very_low,0,0,0.07637231503579953
Caelum-Fenix,265,0.01268,0,Caelum,Fenix,1.27,very_low,0,0,0.07960199004975124
Dawn-Fenix,218,0.05684,0,Dawn,Fenix,5.68,low,0,0,0.07512953367875648
Elysium-Fenix,144,0.05866,0,Elysium,Fenix,5.87,low,0,0,0.06666666666666667
Dawn-Elysium,492,0.27734,0,Dawn,Elysium,27.73,high,1,0,0.07637231503579953
Dawn-Fenix,141,0.00841,0,Dawn,Fenix,0.84,very_low,0,0,0.07512953367875648
Boreas-Dawn,6,0.15978,0,Boreas,Dawn,15.98,medium,0,0,0.0761904761904762
Dawn-Fenix,259,0.01773,0,Dawn,Fenix,1.77,very_low,0,0,0.07512953367875648
Caelum-Dawn,363,0.10351,0,Caelum,Dawn,10.35,medium,0,0,0.06666666666666667
Boreas-Elysium,47,0.09045,0,Boreas,Elysium,9.04,low,0,0,0.08933002481389578
Boreas-Elysium,392,0.02368,0,Boreas,Elysium,2.37,very_low,0,0,0.08933002481389578
Aegis-Elysium,133,0.09567,0,Aegis,Elysium,9.57,low,0,0,0.06801007556675064
Boreas-Dawn,193,0.17597,0,Boreas,Dawn,17.6,medium,0,0,0.0761904761904762
Dawn-Elysium,72,0.01637,0,Dawn,Elysium,1.64,very_low,0,0,0.07637231503579953
Boreas-Fenix,429,0.0834330688935281,0,Boreas,Fenix,8.34,low,0,0,0.10353535353535354
Elysium-Fenix,21,0.02697,0,Elysium,Fenix,2.7,very_low,0,0,0.06666666666666667
Aegis-Boreas,487,0.03871,0,Aegis,Boreas,3.87,very_low,0,0,0.115
Dawn-Fenix,80,0.02359,0,Dawn,Fenix,2.36,very_low,0,0,0.07512953367875648
Caelum-Elysium,302,0.05805,0,Caelum,Elysium,5.8,low,0,0,0.08208955223880597
Dawn-Elysium,286,0.10298,0,Dawn,Elysium,10.3,medium,0,0,0.07637231503579953
Caelum-Fenix,201,0.05716,0,Caelum,Fenix,5.72,low,0,0,0.07960199004975124
Boreas-Fenix,373,0.03061,0,Boreas,Fenix,3.06,very_low,0,0,0.10353535353535354
Caelum-Fenix,124,0.05861,0,Caelum,Fenix,5.86,low,0,0,0.07960199004975124
Caelum-Fenix,498,0.04549,0,Caelum,Fenix,4.55,very_low,0,0,0.07960199004975124
Caelum-Fenix,221,0.12482,0,Caelum,Fenix,12.48,medium,0,0,0.07960199004975124
Aegis-Boreas,261,0.12598,0,Aegis,Boreas,12.6,medium,0,0,0.115
Elysium-Fenix,477,0.00765,0,Elysium,Fenix,0.76,very_low,0,0,0.06666666666666667
Boreas-Elysium,95,0.05024,0,Boreas,Elysium,5.02,low,0,0,0.08933002481389578
Dawn-Fenix,355,0.0339,0,Dawn,Fenix,3.39,very_low,0,0,0.07512953367875648
Boreas-Dawn,423,0.09869,0,Boreas,Dawn,9.87,low,0,0,0.0761904761904762
Aegis-Boreas,406,0.08139,0,Aegis,Boreas,8.14,low,0,0,0.115
Dawn-Fenix,233,0.13486,0,Dawn,Fenix,13.49,medium,0,0,0.07512953367875648
Aegis-Elysium,97,0.12819,0,Aegis,Elysium,12.82,medium,0,0,0.06801007556675064
Caelum-Dawn,2,0.06987,0,Caelum,Dawn,6.99,low,0,0,0.06666666666666667
Caelum-Fenix,136,0.06559,0,Caelum,Fenix,6.56,low,0,0,0.07960199004975124
Boreas-Dawn,385,0.19645,0,Boreas,Dawn,19.65,medium,0,0,0.0761904761904762
Aegis-Boreas,218,0.01706,0,Aegis,Boreas,1.71,very_low,0,0,0.115
Boreas-Elysium,323,0.1469,0,Boreas,Elysium,14.69,medium,0,0,0.08933002481389578
Caelum-Fenix,454,0.00912,0,Caelum,Fenix,0.91,very_low,0,0,0.07960199004975124
Boreas-Fenix,416,0.00675,0,Boreas,Fenix,0.68,very_low,0,0,0.10353535353535354
Boreas-Dawn,63,0.03113,0,Boreas,Dawn,3.11,very_low,0,0,0.0761904761904762
Aegis-Boreas,369,0.0834330688935281,1,Aegis,Boreas,8.34,low,0,1,0.115
Caelum-Fenix,181,0.05656,0,Caelum,Fenix,5.66,low,0,0,0.07960199004975124
Caelum-Fenix,11,0.12874,0,Caelum,Fenix,12.87,medium,0,0,0.07960199004975124
Dawn-Elysium,3,0.02786,0,Dawn,Elysium,2.79,very_low,0,0,0.07637231503579953
Caelum-Elysium,345,0.19407,1,Caelum,Elysium,19.41,medium,0,1,0.08208955223880597
Dawn-Elysium,389,0.1268,0,Dawn,Elysium,12.68,medium,0,0,0.07637231503579953
Aegis-Elysium,406,0.02945,0,Aegis,Elysium,2.94,very_low,0,0,0.06801007556675064
Caelum-Fenix,272,0.04482,0,Caelum,Fenix,4.48,very_low,0,0,0.07960199004975124
Aegis-Dawn,160,0.5037,0,Aegis,Dawn,50.37,very_high,1,0,0.08607594936708861
Boreas-Elysium,143,0.08405,0,Boreas,Elysium,8.4,low,0,0,0.08933002481389578
Caelum-Fenix,220,0.05892,1,Caelum,Fenix,5.89,low,0,1,0.07960199004975124
Boreas-Dawn,295,0.00498,0,Boreas,Dawn,0.5,very_low,0,0,0.0761904761904762
Aegis-Boreas,255,0.0369,0,Aegis,Boreas,3.69,very_low,0,0,0.115
Boreas-Elysium,279,0.10591,0,Boreas,Elysium,10.59,medium,0,0,0.08933002481389578
Boreas-Elysium,378,0.12331,0,Boreas,Elysium,12.33,medium,0,0,0.08933002481389578
Aegis-Dawn,61,0.03424,0,Aegis,Dawn,3.42,very_low,0,0,0.08607594936708861
Dawn-Fenix,56,0.03736,0,Dawn,Fenix,3.74,very_low,0,0,0.07512953367875648
Caelum-Fenix,86,0.16551,0,Caelum,Fenix,16.55,medium,0,0,0.07960199004975124
Caelum-Dawn,206,0.05838,1,Caelum,Dawn,5.84,low,0,1,0.06666666666666667
Dawn-Fenix,47,0.1022,0,Dawn,Fenix,10.22,medium,0,0,0.07512953367875648
Caelum-Dawn,276,0.08461,0,Caelum,Dawn,8.46,low,0,0,0.06666666666666667
Aegis-Elysium,167,0.01964,0,Aegis,Elysium,1.96,very_low,0,0,0.06801007556675064
Aegis-Elysium,293,0.06553,0,Aegis,Elysium,6.55,low,0,0,0.06801007556675064
Caelum-Fenix,258,0.11039,0,Caelum,Fenix,11.04,medium,0,0,0.07960199004975124
Boreas-Elysium,52,0.02839,0,Boreas,Elysium,2.84,very_low,0,0,0.08933002481389578
Dawn-Elysium,239,0.04485,0,Dawn,Elysium,4.49,very_low,0,0,0.07637231503579953
Aegis-Boreas,143,0.0834330688935281,0,Aegis,Boreas,8.34,low,0,0,0.115
Elysium-Fenix,52,0.10719,0,Elysium,Fenix,10.72,medium,0,0,0.06666666666666667
Boreas-Dawn,358,0.04431,0,Boreas,Dawn,4.43,very_low,0,0,0.0761904761904762
Elysium-Fenix,240,0.03475,1,Elysium,Fenix,3.48,very_low,0,1,0.06666666666666667
Elysium-Fenix,415,0.13614,1,Elysium,Fenix,13.61,medium,0,1,0.06666666666666667
Elysium-Fenix,357,0.04377,0,Elysium,Fenix,4.38,very_low,0,0,0.06666666666666667
Caelum-Dawn,272,0.19047,0,Caelum,Dawn,19.05,medium,0,0,0.06666666666666667
Aegis-Dawn,153,0.0872,0,Aegis,Dawn,8.72,low,0,0,0.08607594936708861
Caelum-Elysium,268,0.07965,0,Caelum,Elysium,7.96,low,0,0,0.08208955223880597
Dawn-Elysium,481,0.02718,0,Dawn,Elysium,2.72,very_low,0,0,0.07637231503579953
Boreas-Dawn,311,0.09938,0,Boreas,Dawn,9.94,low,0,0,0.0761904761904762
Boreas-Dawn,334,0.08782,0,Boreas,Dawn,8.78,low,0,0,0.0761904761904762
Boreas-Dawn,261,0.137,0,Boreas,Dawn,13.7,medium,0,0,0.0761904761904762
Boreas-Fenix,369,0.28355,0,Boreas,Fenix,28.36,high,1,0,0.10353535353535354
Caelum-Elysium,438,0.04764,0,Caelum,Elysium,4.76,very_low,0,0,0.08208955223880597
Aegis-Elysium,7,0.01085,0,Aegis,Elysium,1.08,very_low,0,0,0.06801007556675064
Boreas-Elysium,402,0.10824,0,Boreas,Elysium,10.82,medium,0,0,0.08933002481389578
Aegis-Boreas,89,0.27097,0,Aegis,Boreas,27.1,high,1,0,0.115
Boreas-Dawn,72,0.0834330688935281,0,Boreas,Dawn,8.34,low,0,0,0.0761904761904762
Boreas-Fenix,43,0.08376,0,Boreas,Fenix,8.38,low,0,0,0.10353535353535354
Aegis-Dawn,250,0.19699,0,Aegis,Dawn,19.7,medium,0,0,0.08607594936708861
Boreas-Dawn,92,0.10145,0,Boreas,Dawn,10.14,medium,0,0,0.0761904761904762
Caelum-Fenix,41,0.13781,0,Caelum,Fenix,13.78,medium,0,0,0.07960199004975124
Aegis-Dawn,242,0.09707,0,Aegis,Dawn,9.71,low,0,0,0.08607594936708861
Boreas-Elysium,425,0.11948,0,Boreas,Elysium,11.95,medium,0,0,0.08933002481389578
Dawn-Fenix,89,0.17381,0,Dawn,Fenix,17.38,medium,0,0,0.07512953367875648
Elysium-Fenix,308,0.11144,0,Elysium,Fenix,11.14,medium,0,0,0.06666666666666667
Dawn-Elysium,117,0.06732,0,Dawn,Elysium,6.73,low,0,0,0.07637231503579953
Caelum-Fenix,455,0.08222,0,Caelum,Fenix,8.22,low,0,0,0.07960199004975124
Caelum-Fenix,254,0.11885,0,Caelum,Fenix,11.88,medium,0,0,0.07960199004975124
Boreas-Elysium,448,0.02558,0,Boreas,Elysium,2.56,very_low,0,0,0.08933002481389578
Aegis-Dawn,320,0.09476,0,Aegis,Dawn,9.48,low,0,0,0.08607594936708861
Dawn-Fenix,157,0.10275,0,Dawn,Fenix,10.27,medium,0,0,0.07512953367875648
Elysium-Fenix,199,0.04513,0,Elysium,Fenix,4.51,very_low,0,0,0.06666666666666667
Aegis-Elysium,441,0.0872,0,Aegis,Elysium,8.72,low,0,0,0.06801007556675064
Elysium-Fenix,291,0.00897,0,Elysium,Fenix,0.9,very_low,0,0,0.06666666666666667
Aegis-Elysium,127,0.00202,0,Aegis,Elysium,0.2,very_low,0,0,0.06801007556675064
Aegis-Boreas,466,0.02073,0,Aegis,Boreas,2.07,very_low,0,0,0.115
Aegis-Elysium,41,0.01536,0,Aegis,Elysium,1.54,very_low,0,0,0.06801007556675064
Boreas-Elysium,470,0.12607,0,Boreas,Elysium,12.61,medium,0,0,0.08933002481389578
Caelum-Fenix,316,0.0863,0,Caelum,Fenix,8.63,low,0,0,0.07960199004975124
Dawn-Fenix,419,0.0058,0,Dawn,Fenix,0.58,very_low,0,0,0.07512953367875648
Aegis-Dawn,422,0.0014,0,Aegis,Dawn,0.14,very_low,0,0,0.08607594936708861
Aegis-Dawn,298,0.04629,0,Aegis,Dawn,4.63,very_low,0,0,0.08607594936708861
Dawn-Fenix,200,0.13161,0,Dawn,Fenix,13.16,medium,0,0,0.07512953367875648
Aegis-Elysium,134,0.23452,0,Aegis,Elysium,23.45,high,1,0,0.06801007556675064
Caelum-Elysium,84,0.10378,0,Caelum,Elysium,10.38,medium,0,0,0.08208955223880597
Boreas-Elysium,379,0.01234,1,Boreas,Elysium,1.23,very_low,0,1,0.08933002481389578
Caelum-Elysium,76,0.2176,0,Caelum,Elysium,21.76,high,1,0,0.08208955223880597
Caelum-Elysium,273,0.11403,1,Caelum,Elysium,11.4,medium,0,1,0.08208955223880597
Boreas-Fenix,351,0.08131,0,Boreas,Fenix,8.13,low,0,0,0.10353535353535354
Aegis-Boreas,98,0.23017,0,Aegis,Boreas,23.02,high,1,0,0.115
Caelum-Elysium,145,0.00624,0,Caelum,Elysium,0.62,very_low,0,0,0.08208955223880597
Boreas-Elysium,467,0.13071,0,Boreas,Elysium,13.07,medium,0,0,0.08933002481389578
Caelum-Fenix,263,0.02763,0,Caelum,Fenix,2.76,very_low,0,0,0.07960199004975124
Boreas-Dawn,84,0.03055,0,Boreas,Dawn,3.06,very_low,0,0,0.0761904761904762
Dawn-Elysium,135,0.23631,0,Dawn,Elysium,23.63,high,1,0,0.07637231503579953
Aegis-Boreas,42,0.00838,0,Aegis,Boreas,0.84,very_low,0,0,0.115
Elysium-Fenix,280,0.01025,0,Elysium,Fenix,1.03,very_low,0,0,0.06666666666666667
Aegis-Boreas,21,0.27164,0,Aegis,Boreas,27.16,high,1,0,0.115
Caelum-Fenix,209,0.19365,0,Caelum,Fenix,19.36,medium,0,0,0.07960199004975124
Caelum-Fenix,14,0.15034,1,Caelum,Fenix,15.03,medium,0,1,0.07960199004975124
Aegis-Boreas,306,0.12436,0,Aegis,Boreas,12.44,medium,0,0,0.115
Elysium-Fenix,388,0.07318,0,Elysium,Fenix,7.32,low,0,0,0.06666666666666667
Boreas-Elysium,262,0.05735,0,Boreas,Elysium,5.74,low,0,0,0.08933002481389578
Caelum-Dawn,130,0.04303,0,Caelum,Dawn,4.3,very_low,0,0,0.06666666666666667
Boreas-Fenix,285,0.03864,0,Boreas,Fenix,3.86,very_low,0,0,0.10353535353535354
Aegis-Elysium,362,0.22596,1,Aegis,Elysium,22.6,high,1,1,0.06801007556675064
Caelum-Elysium,362,0.01108,0,Caelum,Elysium,1.11,very_low,0,0,0.08208955223880597
Boreas-Fenix,389,0.00823,0,Boreas,Fenix,0.82,very_low,0,0,0.10353535353535354
Elysium-Fenix,311,0.00188,0,Elysium,Fenix,0.19,very_low,0,0,0.06666666666666667
Caelum-Dawn,378,0.0192,0,Caelum,Dawn,1.92,very_low,0,0,0.06666666666666667
Dawn-Fenix,311,0.03383,0,Dawn,Fenix,3.38,very_low,0,0,0.07512953367875648
Elysium-Fenix,231,0.05721,0,Elysium,Fenix,5.72,low,0,0,0.06666666666666667
Elysium-Fenix,177,0.11623,0,Elysium,Fenix,11.62,medium,0,0,0.06666666666666667
Aegis-Boreas,263,0.00012,0,Aegis,Boreas,0.01,very_low,0,0,0.115
Aegis-Dawn,86,0.04148,0,Aegis,Dawn,4.15,very_low,0,0,0.08607594936708861
Dawn-Fenix,388,0.06009,0,Dawn,Fenix,6.01,low,0,0,0.07512953367875648
Caelum-Dawn,368,0.13209,0,Caelum,Dawn,13.21,medium,0,0,0.06666666666666667
Aegis-Elysium,294,0.15268,1,Aegis,Elysium,15.27,medium,0,1,0.06801007556675064
Caelum-Fenix,108,0.08421,0,Caelum,Fenix,8.42,low,0,0,0.07960199004975124
Dawn-Elysium,86,0.05903,0,Dawn,Elysium,5.9,low,0,0,0.07637231503579953
Caelum-Dawn,21,0.18096,0,Caelum,Dawn,18.1,medium,0,0,0.06666666666666667
Caelum-Dawn,252,0.0363,0,Caelum,Dawn,3.63,very_low,0,0,0.06666666666666667
Elysium-Fenix,305,0.16652,0,Elysium,Fenix,16.65,medium,0,0,0.06666666666666667
Dawn-Fenix,343,0.15933,0,Dawn,Fenix,15.93,medium,0,0,0.07512953367875648
Boreas-Elysium,351,0.01926,0,Boreas,Elysium,1.93,very_low,0,0,0.08933002481389578
Elysium-Fenix,169,0.08732,0,Elysium,Fenix,8.73,low,0,0,0.06666666666666667
Caelum-Elysium,491,0.0539,0,Caelum,Elysium,5.39,low,0,0,0.08208955223880597
Aegis-Boreas,410,0.07792,0,Aegis,Boreas,7.79,low,0,0,0.115
Dawn-Elysium,292,0.1001,0,Dawn,Elysium,10.01,medium,0,0,0.07637231503579953
Dawn-Elysium,377,0.07182,0,Dawn,Elysium,7.18,low,0,0,0.07637231503579953
Aegis-Boreas,391,0.07589,0,Aegis,Boreas,7.59,low,0,0,0.115
Elysium-Fenix,306,0.05672,0,Elysium,Fenix,5.67,low,0,0,0.06666666666666667
Aegis-Elysium,194,0.03598,0,Aegis,Elysium,3.6,very_low,0,0,0.06801007556675064
Boreas-Dawn,135,0.01447,0,Boreas,Dawn,1.45,very_low,0,0,0.0761904761904762
Boreas-Elysium,129,0.12879,0,Boreas,Elysium,12.88,medium,0,0,0.08933002481389578
Boreas-Dawn,307,0.10504,0,Boreas,Dawn,10.5,medium,0,0,0.0761904761904762
Aegis-Boreas,95,0.04637,0,Aegis,Boreas,4.64,very_low,0,0,0.115
Caelum-Fenix,298,0.42915,0,Caelum,Fenix,42.92,very_high,1,0,0.07960199004975124
Aegis-Dawn,234,0.05877,0,Aegis,Dawn,5.88,low,0,0,0.08607594936708861
Boreas-Fenix,217,0.19402,1,Boreas,Fenix,19.4,medium,0,1,0.10353535353535354
Aegis-Elysium,170,0.07199,0,Aegis,Elysium,7.2,low,0,0,0.06801007556675064
Aegis-Boreas,241,0.06945,0,Aegis,Boreas,6.94,low,0,0,0.115
Aegis-Elysium,364,0.17035,0,Aegis,Elysium,17.04,medium,0,0,0.06801007556675064
Aegis-Elysium,164,0.18945,0,Aegis,Elysium,18.94,medium,0,0,0.06801007556675064
Boreas-Fenix,210,0.02695,0,Boreas,Fenix,2.7,very_low,0,0,0.10353535353535354
Caelum-Fenix,234,0.21544,1,Caelum,Fenix,21.54,high,1,1,0.07960199004975124
Dawn-Fenix,60,0.01645,0,Dawn,Fenix,1.64,very_low,0,0,0.07512953367875648
Elysium-Fenix,154,0.07534,0,Elysium,Fenix,7.53,low,0,0,0.06666666666666667
Dawn-Fenix,140,0.19416,0,Dawn,Fenix,19.42,medium,0,0,0.07512953367875648
Dawn-Elysium,287,0.01164,0,Dawn,Elysium,1.16,very_low,0,0,0.07637231503579953
Aegis-Boreas,229,0.05623,0,Aegis,Boreas,5.62,low,0,0,0.115
Caelum-Fenix,493,0.023,0,Caelum,Fenix,2.3,very_low,0,0,0.07960199004975124
Caelum-Fenix,8,0.00164,0,Caelum,Fenix,0.16,very_low,0,0,0.07960199004975124
Dawn-Fenix,126,0.19004,0,Dawn,Fenix,19.0,medium,0,0,0.07512953367875648
Elysium-Fenix,85,0.08958,0,Elysium,Fenix,8.96,low,0,0,0.06666666666666667
Caelum-Elysium,459,0.01187,0,Caelum,Elysium,1.19,very_low,0,0,0.08208955223880597
Elysium-Fenix,225,0.02055,1,Elysium,Fenix,2.05,very_low,0,1,0.06666666666666667
Elysium-Fenix,90,0.08643,0,Elysium,Fenix,8.64,low,0,0,0.06666666666666667
Dawn-Fenix,82,0.05804,0,Dawn,Fenix,5.8,low,0,0,0.07512953367875648
Dawn-Fenix,297,0.01959,0,Dawn,Fenix,1.96,very_low,0,0,0.07512953367875648
Boreas-Dawn,3,0.04004,0,Boreas,Dawn,4.0,very_low,0,0,0.0761904761904762
Aegis-Elysium,400,0.04137,0,Aegis,Elysium,4.14,very_low,0,0,0.06801007556675064
Caelum-Fenix,322,0.0351,0,Caelum,Fenix,3.51,very_low,0,0,0.07960199004975124
Elysium-Fenix,44,0.01435,0,Elysium,Fenix,1.44,very_low,0,0,0.06666666666666667
Dawn-Elysium,79,0.03712,1,Dawn,Elysium,3.71,very_low,0,1,0.07637231503579953
Elysium-Fenix,109,0.04375,0,Elysium,Fenix,4.38,very_low,0,0,0.06666666666666667
Dawn-Fenix,184,0.04682,0,Dawn,Fenix,4.68,very_low,0,0,0.07512953367875648
Aegis-Dawn,203,0.02139,0,Aegis,Dawn,2.14,very_low,0,0,0.08607594936708861
Aegis-Elysium,307,0.14679,0,Aegis,Elysium,14.68,medium,0,0,0.06801007556675064
Dawn-Fenix,362,0.06365,0,Dawn,Fenix,6.36,low,0,0,0.07512953367875648
Dawn-Elysium,344,0.13636,0,Dawn,Elysium,13.64,medium,0,0,0.07637231503579953
Aegis-Boreas,435,0.11173,1,Aegis,Boreas,11.17,medium,0,1,0.115
Aegis-Elysium,73,0.0543,0,Aegis,Elysium,5.43,low,0,0,0.06801007556675064
Elysium-Fenix,374,0.01996,0,Elysium,Fenix,2.0,very_low,0,0,0.06666666666666667
Boreas-Fenix,455,0.16156,0,Boreas,Fenix,16.16,medium,0,0,0.10353535353535354
Boreas-Dawn,39,0.13222,1,Boreas,Dawn,13.22,medium,0,1,0.0761904761904762
Caelum-Dawn,446,0.00759,0,Caelum,Dawn,0.76,very_low,0,0,0.06666666666666667
Dawn-Elysium,120,0.0434,0,Dawn,Elysium,4.34,very_low,0,0,0.07637231503579953
Boreas-Elysium,460,0.03041,0,Boreas,Elysium,3.04,very_low,0,0,0.08933002481389578
Aegis-Elysium,325,0.09733,0,Aegis,Elysium,9.73,low,0,0,0.06801007556675064
Boreas-Elysium,212,0.05589,1,Boreas,Elysium,5.59,low,0,1,0.08933002481389578
Elysium-Fenix,49,0.00492,0,Elysium,Fenix,0.49,very_low,0,0,0.06666666666666667
Boreas-Fenix,226,0.09083,0,Boreas,Fenix,9.08,low,0,0,0.10353535353535354
Boreas-Elysium,347,0.08171,0,Boreas,Elysium,8.17,low,0,0,0.08933002481389578
Boreas-Dawn,218,0.0834330688935281,0,Boreas,Dawn,8.34,low,0,0,0.0761904761904762
Dawn-Elysium,424,0.0834330688935281,0,Dawn,Elysium,8.34,low,0,0,0.07637231503579953
Boreas-Dawn,87,0.14915,0,Boreas,Dawn,14.92,medium,0,0,0.0761904761904762
Dawn-Elysium,450,0.11283,0,Dawn,Elysium,11.28,medium,0,0,0.07637231503579953
Aegis-Elysium,338,0.08041,0,Aegis,Elysium,8.04,low,0,0,0.06801007556675064
Caelum-Fenix,432,0.1206,0,Caelum,Fenix,12.06,medium,0,0,0.07960199004975124
Dawn-Fenix,489,0.03753,0,Dawn,Fenix,3.75,very_low,0,0,0.07512953367875648
Boreas-Elysium,427,0.06119,0,Boreas,Elysium,6.12,low,0,0,0.08933002481389578
Caelum-Dawn,34,0.03529,0,Caelum,Dawn,3.53,very_low,0,0,0.06666666666666667
Caelum-Elysium,37,0.0118,0,Caelum,Elysium,1.18,very_low,0,0,0.08208955223880597
Aegis-Dawn,172,0.03164,0,Aegis,Dawn,3.16,very_low,0,0,0.08607594936708861
Caelum-Fenix,62,0.07175,0,Caelum,Fenix,7.18,low,0,0,0.07960199004975124
Aegis-Boreas,398,0.06222,0,Aegis,Boreas,6.22,low,0,0,0.115
Caelum-Dawn,94,0.01944,0,Caelum,Dawn,1.94,very_low,0,0,0.06666666666666667
Dawn-Elysium,106,0.03865,0,Dawn,Elysium,3.86,very_low,0,0,0.07637231503579953
Aegis-Dawn,490,0.05095,0,Aegis,Dawn,5.1,low,0,0,0.08607594936708861
Caelum-Dawn,65,0.00497,0,Caelum,Dawn,0.5,very_low,0,0,0.06666666666666667
Aegis-Boreas,15,0.19656,0,Aegis,Boreas,19.66,medium,0,0,0.115
Caelum-Dawn,226,0.05033,0,Caelum,Dawn,5.03,low,0,0,0.06666666666666667
Dawn-Fenix,136,0.01808,0,Dawn,Fenix,1.81,very_low,0,0,0.07512953367875648
Dawn-Elysium,369,0.00933,0,Dawn,Elysium,0.93,very_low,0,0,0.07637231503579953
Elysium-Fenix,254,0.01295,0,Elysium,Fenix,1.3,very_low,0,0,0.06666666666666667
Caelum-Fenix,426,0.00989,1,Caelum,Fenix,0.99,very_low,0,1,0.07960199004975124
Boreas-Fenix,128,0.08723,0,Boreas,Fenix,8.72,low,0,0,0.10353535353535354
Caelum-Elysium,343,0.00461,0,Caelum,Elysium,0.46,very_low,0,0,0.08208955223880597
Caelum-Dawn,137,0.0527,0,Caelum,Dawn,5.27,low,0,0,0.06666666666666667
Dawn-Elysium,283,0.00341,0,Dawn,Elysium,0.34,very_low,0,0,0.07637231503579953
Aegis-Dawn,277,0.26234,1,Aegis,Dawn,26.23,high,1,1,0.08607594936708861
Aegis-Boreas,134,0.09379,0,Aegis,Boreas,9.38,low,0,0,0.115
Boreas-Fenix,459,0.02382,0,Boreas,Fenix,2.38,very_low,0,0,0.10353535353535354
Aegis-Boreas,302,0.02904,0,Aegis,Boreas,2.9,very_low,0,0,0.115
Aegis-Elysium,12,0.01717,0,Aegis,Elysium,1.72,very_low,0,0,0.06801007556675064
Caelum-Fenix,337,0.03131,0,Caelum,Fenix,3.13,very_low,0,0,0.07960199004975124
Dawn-Elysium,118,0.07097,0,Dawn,Elysium,7.1,low,0,0,0.07637231503579953
Dawn-Elysium,412,0.12963,0,Dawn,Elysium,12.96,medium,0,0,0.07637231503579953
Boreas-Dawn,46,0.15367,0,Boreas,Dawn,15.37,medium,0,0,0.0761904761904762
Aegis-Dawn,60,0.01321,0,Aegis,Dawn,1.32,very_low,0,0,0.08607594936708861
Dawn-Elysium,399,0.04575,0,Dawn,Elysium,4.58,very_low,0,0,0.07637231503579953
Boreas-Dawn,285,0.10974,0,Boreas,Dawn,10.97,medium,0,0,0.0761904761904762
Caelum-Dawn,373,0.05021,0,Caelum,Dawn,5.02,low,0,0,0.06666666666666667
Boreas-Dawn,432,0.05814,0,Boreas,Dawn,5.81,low,0,0,0.0761904761904762
Boreas-Dawn,346,0.08503,0,Boreas,Dawn,8.5,low,0,0,0.0761904761904762
Elysium-Fenix,158,0.18553,0,Elysium,Fenix,18.55,medium,0,0,0.06666666666666667
Aegis-Boreas,20,0.03023,0,Aegis,Boreas,3.02,very_low,0,0,0.115
Boreas-Dawn,33,0.07043,0,Boreas,Dawn,7.04,low,0,0,0.0761904761904762
Dawn-Fenix,220,0.00186,0,Dawn,Fenix,0.19,very_low,0,0,0.07512953367875648
Dawn-Elysium,393,0.10081,1,Dawn,Elysium,10.08,medium,0,1,0.07637231503579953
Elysium-Fenix,353,0.00096,0,Elysium,Fenix,0.1,very_low,0,0,0.06666666666666667
Dawn-Elysium,303,0.07563,0,Dawn,Elysium,7.56,low,0,0,0.07637231503579953
Boreas-Elysium,42,0.03871,0,Boreas,Elysium,3.87,very_low,0,0,0.08933002481389578
Caelum-Elysium,479,0.06524,0,Caelum,Elysium,6.52,low,0,0,0.08208955223880597
Caelum-Dawn,411,0.0056,0,Caelum,Dawn,0.56,very_low,0,0,0.06666666666666667
Boreas-Fenix,94,0.00937,0,Boreas,Fenix,0.94,very_low,0,0,0.10353535353535354
Aegis-Boreas,25,0.05474,0,Aegis,Boreas,5.47,low,0,0,0.115
Boreas-Fenix,98,0.0834330688935281,1,Boreas,Fenix,8.34,low,0,1,0.10353535353535354
Aegis-Dawn,44,0.11293,0,Aegis,Dawn,11.29,medium,0,0,0.08607594936708861
Dawn-Fenix,202,0.0834330688935281,0,Dawn,Fenix,8.34,low,0,0,0.07512953367875648
Dawn-Elysium,110,0.02699,0,Dawn,Elysium,2.7,very_low,0,0,0.07637231503579953
Aegis-Dawn,330,0.04352,0,Aegis,Dawn,4.35,very_low,0,0,0.08607594936708861
Dawn-Elysium,323,0.02016,0,Dawn,Elysium,2.02,very_low,0,0,0.07637231503579953
Caelum-Dawn,291,0.04607,0,Caelum,Dawn,4.61,very_low,0,0,0.06666666666666667
Boreas-Fenix,337,0.11968,0,Boreas,Fenix,11.97,medium,0,0,0.10353535353535354
Caelum-Fenix,54,0.18636,0,Caelum,Fenix,18.64,medium,0,0,0.07960199004975124
Boreas-Elysium,62,0.15003,0,Boreas,Elysium,15.0,medium,0,0,0.08933002481389578
Boreas-Fenix,279,0.05519,0,Boreas,Fenix,5.52,low,0,0,0.10353535353535354
Boreas-Elysium,106,0.06145,0,Boreas,Elysium,6.14,low,0,0,0.08933002481389578
Caelum-Fenix,444,0.0019,0,Caelum,Fenix,0.19,very_low,0,0,0.07960199004975124
Caelum-Fenix,232,0.02105,0,Caelum,Fenix,2.1,very_low,0,0,0.07960199004975124
Boreas-Dawn,69,0.03701,0,Boreas,Dawn,3.7,very_low,0,0,0.0761904761904762
Boreas-Elysium,254,0.01828,0,Boreas,Elysium,1.83,very_low,0,0,0.08933002481389578
Aegis-Elysium,251,0.01611,0,Aegis,Elysium,1.61,very_low,0,0,0.06801007556675064
Boreas-Dawn,402,0.03071,0,Boreas,Dawn,3.07,very_low,0,0,0.0761904761904762
Caelum-Elysium,209,0.01392,0,Caelum,Elysium,1.39,very_low,0,0,0.08208955223880597
Aegis-Boreas,490,0.02019,0,Aegis,Boreas,2.02,very_low,0,0,0.115
Dawn-Elysium,52,0.06675,0,Dawn,Elysium,6.68,low,0,0,0.07637231503579953
Elysium-Fenix,81,0.02103,0,Elysium,Fenix,2.1,very_low,0,0,0.06666666666666667
Aegis-Dawn,98,0.1061,0,Aegis,Dawn,10.61,medium,0,0,0.08607594936708861
Caelum-Elysium,119,0.09868,0,Caelum,Elysium,9.87,low,0,0,0.08208955223880597
Dawn-Fenix,463,0.03889,0,Dawn,Fenix,3.89,very_low,0,0,0.07512953367875648
Dawn-Elysium,104,0.01065,0,Dawn,Elysium,1.06,very_low,0,0,0.07637231503579953
Boreas-Elysium,283,0.22644,0,Boreas,Elysium,22.64,high,1,0,0.08933002481389578
Boreas-Fenix,234,0.00834,0,Boreas,Fenix,0.83,very_low,0,0,0.10353535353535354
Caelum-Elysium,202,0.00656,0,Caelum,Elysium,0.66,very_low,0,0,0.08208955223880597
Aegis-Dawn,38,0.24962,1,Aegis,Dawn,24.96,high,1,1,0.08607594936708861
Dawn-Fenix,198,0.22152,0,Dawn,Fenix,22.15,high,1,0,0.07512953367875648
Caelum-Fenix,158,0.01977,0,Caelum,Fenix,1.98,very_low,0,0,0.07960199004975124
Boreas-Dawn,170,0.07387,0,Boreas,Dawn,7.39,low,0,0,0.0761904761904762
Aegis-Elysium,356,0.08273,0,Aegis,Elysium,8.27,low,0,0,0.06801007556675064
Dawn-Elysium,226,0.0537,0,Dawn,Elysium,5.37,low,0,0,0.07637231503579953
Caelum-Dawn,407,0.07498,0,Caelum,Dawn,7.5,low,0,0,0.06666666666666667
Caelum-Fenix,132,0.06323,0,Caelum,Fenix,6.32,low,0,0,0.07960199004975124
Boreas-Elysium,433,0.01868,1,Boreas,Elysium,1.87,very_low,0,1,0.08933002481389578
Aegis-Dawn,288,0.00453,0,Aegis,Dawn,0.45,very_low,0,0,0.08607594936708861
Caelum-Dawn,275,0.11113,0,Caelum,Dawn,11.11,medium,0,0,0.06666666666666667
Aegis-Boreas,213,0.17526,1,Aegis,Boreas,17.53,medium,0,1,0.115
Caelum-Fenix,230,0.10574,0,Caelum,Fenix,10.57,medium,0,0,0.07960199004975124
Elysium-Fenix,489,0.22584,0,Elysium,Fenix,22.58,high,1,0,0.06666666666666667
Dawn-Fenix,361,0.03207,0,Dawn,Fenix,3.21,very_low,0,0,0.07512953367875648
Dawn-Fenix,114,0.21634,0,Dawn,Fenix,21.63,high,1,0,0.07512953367875648
Caelum-Dawn,309,0.0834330688935281,0,Caelum,Dawn,8.34,low,0,0,0.06666666666666667
Aegis-Boreas,257,0.0446,0,Aegis,Boreas,4.46,very_low,0,0,0.115
Aegis-Elysium,425,0.04971,0,Aegis,Elysium,4.97,very_low,0,0,0.06801007556675064
Dawn-Elysium,319,0.04365,0,Dawn,Elysium,4.36,very_low,0,0,0.07637231503579953
Aegis-Dawn,382,0.11651,0,Aegis,Dawn,11.65,medium,0,0,0.08607594936708861
Dawn-Elysium,56,0.31547,0,Dawn,Elysium,31.55,high,1,0,0.07637231503579953
Aegis-Dawn,106,0.00542,0,Aegis,Dawn,0.54,very_low,0,0,0.08607594936708861
Caelum-Fenix,148,0.08192,1,Caelum,Fenix,8.19,low,0,1,0.07960199004975124
Boreas-Dawn,126,0.07541,0,Boreas,Dawn,7.54,low,0,0,0.0761904761904762
Elysium-Fenix,94,0.02341,0,Elysium,Fenix,2.34,very_low,0,0,0.06666666666666667
Aegis-Dawn,173,0.08109,0,Aegis,Dawn,8.11,low,0,0,0.08607594936708861
Dawn-Elysium,34,0.08887,0,Dawn,Elysium,8.89,low,0,0,0.07637231503579953
Dawn-Elysium,230,0.02705,0,Dawn,Elysium,2.7,very_low,0,0,0.07637231503579953
Dawn-Elysium,317,0.04355,0,Dawn,Elysium,4.35,very_low,0,0,0.07637231503579953
Caelum-Dawn,98,0.12408,0,Caelum,Dawn,12.41,medium,0,0,0.06666666666666667
Caelum-Dawn,140,0.04492,0,Caelum,Dawn,4.49,very_low,0,0,0.06666666666666667
Dawn-Elysium,66,0.04903,0,Dawn,Elysium,4.9,very_low,0,0,0.07637231503579953
Caelum-Elysium,422,0.00393,0,Caelum,Elysium,0.39,very_low,0,0,0.08208955223880597
Boreas-Dawn,401,0.0045,0,Boreas,Dawn,0.45,very_low,0,0,0.0761904761904762
Caelum-Elysium,40,0.08338,0,Caelum,Elysium,8.34,low,0,0,0.08208955223880597
Boreas-Fenix,259,0.17058,0,Boreas,Fenix,17.06,medium,0,0,0.10353535353535354
Caelum-Fenix,488,0.23047,0,Caelum,Fenix,23.05,high,1,0,0.07960199004975124
Boreas-Fenix,122,0.00537,1,Boreas,Fenix,0.54,very_low,0,1,0.10353535353535354
Boreas-Fenix,168,0.07199,0,Boreas,Fenix,7.2,low,0,0,0.10353535353535354
Elysium-Fenix,326,0.20465,0,Elysium,Fenix,20.46,high,1,0,0.06666666666666667
Boreas-Elysium,60,0.05963,0,Boreas,Elysium,5.96,low,0,0,0.08933002481389578
Boreas-Fenix,363,0.01442,0,Boreas,Fenix,1.44,very_low,0,0,0.10353535353535354
Caelum-Dawn,53,0.05515,0,Caelum,Dawn,5.52,low,0,0,0.06666666666666667
Elysium-Fenix,419,0.02195,0,Elysium,Fenix,2.2,very_low,0,0,0.06666666666666667
Dawn-Elysium,418,0.10562,0,Dawn,Elysium,10.56,medium,0,0,0.07637231503579953
Boreas-Dawn,326,0.01057,0,Boreas,Dawn,1.06,very_low,0,0,0.0761904761904762
Boreas-Dawn,36,0.15458,0,Boreas,Dawn,15.46,medium,0,0,0.0761904761904762
Caelum-Dawn,413,0.05772,0,Caelum,Dawn,5.77,low,0,0,0.06666666666666667
Caelum-Elysium,20,0.05246,0,Caelum,Elysium,5.25,low,0,0,0.08208955223880597
Caelum-Dawn,5,0.15136,0,Caelum,Dawn,15.14,medium,0,0,0.06666666666666667
Caelum-Elysium,181,0.05509,0,Caelum,Elysium,5.51,low,0,0,0.08208955223880597
Dawn-Fenix,129,0.0775,0,Dawn,Fenix,7.75,low,0,0,0.07512953367875648
Dawn-Elysium,446,0.01999,0,Dawn,Elysium,2.0,very_low,0,0,0.07637231503579953
Caelum-Dawn,69,0.15418,1,Caelum,Dawn,15.42,medium,0,1,0.06666666666666667
Caelum-Dawn,96,0.30442,0,Caelum,Dawn,30.44,high,1,0,0.06666666666666667
Aegis-Elysium,351,0.0049,0,Aegis,Elysium,0.49,very_low,0,0,0.06801007556675064
Boreas-Fenix,108,0.10934,1,Boreas,Fenix,10.93,medium,0,1,0.10353535353535354
Aegis-Elysium,120,0.01099,1,Aegis,Elysium,1.1,very_low,0,1,0.06801007556675064
Boreas-Elysium,189,0.08792,1,Boreas,Elysium,8.79,low,0,1,0.08933002481389578
Dawn-Elysium,417,0.00118,0,Dawn,Elysium,0.12,very_low,0,0,0.07637231503579953
Caelum-Elysium,350,0.01741,0,Caelum,Elysium,1.74,very_low,0,0,0.08208955223880597
Dawn-Elysium,218,0.05154,0,Dawn,Elysium,5.15,low,0,0,0.07637231503579953
Boreas-Fenix,159,0.0834330688935281,0,Boreas,Fenix,8.34,low,0,0,0.10353535353535354
Boreas-Fenix,434,0.00272,0,Boreas,Fenix,0.27,very_low,0,0,0.10353535353535354
Caelum-Dawn,307,0.04196,0,Caelum,Dawn,4.2,very_low,0,0,0.06666666666666667
Elysium-Fenix,181,0.00064,0,Elysium,Fenix,0.06,very_low,0,0,0.06666666666666667
Caelum-Dawn,25,0.03322,0,Caelum,Dawn,3.32,very_low,0,0,0.06666666666666667
Dawn-Elysium,9,0.05746,0,Dawn,Elysium,5.75,low,0,0,0.07637231503579953
Elysium-Fenix,247,0.00582,0,Elysium,Fenix,0.58,very_low,0,0,0.06666666666666667
Boreas-Elysium,408,0.22032,0,Boreas,Elysium,22.03,high,1,0,0.08933002481389578
Aegis-Boreas,125,0.01367,0,Aegis,Boreas,1.37,very_low,0,0,0.115
Caelum-Dawn,322,0.03652,0,Caelum,Dawn,3.65,very_low,0,0,0.06666666666666667
Dawn-Fenix,206,0.12725,0,Dawn,Fenix,12.72,medium,0,0,0.07512953367875648
Aegis-Elysium,135,0.04739,0,Aegis,Elysium,4.74,very_low,0,0,0.06801007556675064
Dawn-Fenix,439,0.04445,0,Dawn,Fenix,4.44,very_low,0,0,0.07512953367875648
Caelum-Dawn,241,0.09824,0,Caelum,Dawn,9.82,low,0,0,0.06666666666666667
Aegis-Boreas,422,0.04305,0,Aegis,Boreas,4.3,very_low,0,0,0.115
Dawn-Fenix,368,0.02795,0,Dawn,Fenix,2.8,very_low,0,0,0.07512953367875648
Boreas-Elysium,204,0.09945,0,Boreas,Elysium,9.94,low,0,0,0.08933002481389578
Aegis-Dawn,438,0.05604,0,Aegis,Dawn,5.6,low,0,0,0.08607594936708861
Dawn-Elysium,112,0.09382,0,Dawn,Elysium,9.38,low,0,0,0.07637231503579953
Caelum-Fenix,215,0.12363,0,Caelum,Fenix,12.36,medium,0,0,0.07960199004975124
Boreas-Elysium,349,0.03253,1,Boreas,Elysium,3.25,very_low,0,1,0.08933002481389578
Elysium-Fenix,239,0.07797,0,Elysium,Fenix,7.8,low,0,0,0.06666666666666667
Boreas-Elysium,6,0.01174,0,Boreas,Elysium,1.17,very_low,0,0,0.08933002481389578
Boreas-Dawn,12,0.04226,0,Boreas,Dawn,4.23,very_low,0,0,0.0761904761904762
Caelum-Elysium,353,0.1936,0,Caelum,Elysium,19.36,medium,0,0,0.08208955223880597
Aegis-Elysium,445,0.44736,0,Aegis,Elysium,44.74,very_high,1,0,0.06801007556675064
Dawn-Elysium,453,0.19519,0,Dawn,Elysium,19.52,medium,0,0,0.07637231503579953
Caelum-Fenix,250,0.00846,0,Caelum,Fenix,0.85,very_low,0,0,0.07960199004975124
Dawn-Fenix,316,0.06489,0,Dawn,Fenix,6.49,low,0,0,0.07512953367875648
Boreas-Fenix,136,0.04492,0,Boreas,Fenix,4.49,very_low,0,0,0.10353535353535354
Dawn-Fenix,10,0.01193,0,Dawn,Fenix,1.19,very_low,0,0,0.07512953367875648
Elysium-Fenix,483,0.24081,0,Elysium,Fenix,24.08,high,1,0,0.06666666666666667
Boreas-Elysium,474,0.26321,0,Boreas,Elysium,26.32,high,1,0,0.08933002481389578
Caelum-Fenix,446,0.16172,0,Caelum,Fenix,16.17,medium,0,0,0.07960199004975124
Aegis-Dawn,285,0.00686,0,Aegis,Dawn,0.69,very_low,0,0,0.08607594936708861
Caelum-Elysium,93,0.13492,0,Caelum,Elysium,13.49,medium,0,0,0.08208955223880597
Aegis-Dawn,8,0.03782,0,Aegis,Dawn,3.78,very_low,0,0,0.08607594936708861
Dawn-Elysium,207,0.00617,0,Dawn,Elysium,0.62,very_low,0,0,0.07637231503579953
Dawn-Fenix,6,0.03105,0,Dawn,Fenix,3.1,very_low,0,0,0.07512953367875648
Caelum-Dawn,491,0.04306,0,Caelum,Dawn,4.31,very_low,0,0,0.06666666666666667
Boreas-Fenix,409,0.0834330688935281,0,Boreas,Fenix,8.34,low,0,0,0.10353535353535354
Boreas-Fenix,350,0.2875,1,Boreas,Fenix,28.75,high,1,1,0.10353535353535354
Boreas-Elysium,169,0.00551,0,Boreas,Elysium,0.55,very_low,0,0,0.08933002481389578
Boreas-Fenix,81,0.03596,0,Boreas,Fenix,3.6,very_low,0,0,0.10353535353535354
Boreas-Dawn,118,0.19035,1,Boreas,Dawn,19.04,medium,0,1,0.0761904761904762
Aegis-Elysium,468,0.00747,0,Aegis,Elysium,0.75,very_low,0,0,0.06801007556675064
Boreas-Fenix,424,0.13959,0,Boreas,Fenix,13.96,medium,0,0,0.10353535353535354
Dawn-Fenix,50,0.08065,0,Dawn,Fenix,8.06,low,0,0,0.07512953367875648
Boreas-Fenix,304,0.02283,0,Boreas,Fenix,2.28,very_low,0,0,0.10353535353535354
Caelum-Elysium,272,0.05364,0,Caelum,Elysium,5.36,low,0,0,0.08208955223880597
Aegis-Dawn,151,0.07647,0,Aegis,Dawn,7.65,low,0,0,0.08607594936708861
Caelum-Fenix,357,0.13667,0,Caelum,Fenix,13.67,medium,0,0,0.07960199004975124
Caelum-Fenix,392,0.04117,0,Caelum,Fenix,4.12,very_low,0,0,0.07960199004975124
Boreas-Dawn,73,0.0027,0,Boreas,Dawn,0.27,very_low,0,0,0.0761904761904762
Aegis-Dawn,286,0.03622,0,Aegis,Dawn,3.62,very_low,0,0,0.08607594936708861
Boreas-Elysium,471,0.0526,0,Boreas,Elysium,5.26,low,0,0,0.08933002481389578
Elysium-Fenix,57,0.02362,0,Elysium,Fenix,2.36,very_low,0,0,0.06666666666666667
Aegis-Boreas,48,0.08916,0,Aegis,Boreas,8.92,low,0,0,0.115
Aegis-Dawn,26,0.0255,0,Aegis,Dawn,2.55,very_low,0,0,0.08607594936708861
Aegis-Boreas,155,0.1905,0,Aegis,Boreas,19.05,medium,0,0,0.115
Caelum-Dawn,24,0.0834330688935281,0,Caelum,Dawn,8.34,low,0,0,0.06666666666666667
Elysium-Fenix,460,0.0834330688935281,0,Elysium,Fenix,8.34,low,0,0,0.06666666666666667
Aegis-Boreas,210,0.0834330688935281,1,Aegis,Boreas,8.34,low,0,1,0.115
Caelum-Fenix,364,0.0816,0,Caelum,Fenix,8.16,low,0,0,0.07960199004975124
Caelum-Fenix,130,0.03482,0,Caelum,Fenix,3.48,very_low,0,0,0.07960199004975124
Boreas-Dawn,399,0.02718,0,Boreas,Dawn,2.72,very_low,0,0,0.0761904761904762
Boreas-Dawn,248,0.021,0,Boreas,Dawn,2.1,very_low,0,0,0.0761904761904762
Aegis-Boreas,269,0.00156,0,Aegis,Boreas,0.16,very_low,0,0,0.115
Aegis-Elysium,462,0.05431,1,Aegis,Elysium,5.43,low,0,1,0.06801007556675064
Caelum-Dawn,321,0.01121,0,Caelum,Dawn,1.12,very_low,0,0,0.06666666666666667
Boreas-Fenix,499,0.01472,0,Boreas,Fenix,1.47,very_low,0,0,0.10353535353535354
Caelum-Elysium,88,0.13963,0,Caelum,Elysium,13.96,medium,0,0,0.08208955223880597
Dawn-Elysium,295,0.26487,0,Dawn,Elysium,26.49,high,1,0,0.07637231503579953
Aegis-Boreas,14,0.0834330688935281,0,Aegis,Boreas,8.34,low,0,0,0.115
Aegis-Dawn,473,0.08364,0,Aegis,Dawn,8.36,low,0,0,0.08607594936708861
Elysium-Fenix,146,0.09105,0,Elysium,Fenix,9.1,low,0,0,0.06666666666666667
Caelum-Fenix,134,0.1457,0,Caelum,Fenix,14.57,medium,0,0,0.07960199004975124
Elysium-Fenix,461,0.03656,0,Elysium,Fenix,3.66,very_low,0,0,0.06666666666666667
Boreas-Elysium,440,0.08224,0,Boreas,Elysium,8.22,low,0,0,0.08933002481389578
Dawn-Fenix,427,0.19962,0,Dawn,Fenix,19.96,medium,0,0,0.07512953367875648
Dawn-Fenix,21,0.03453,0,Dawn,Fenix,3.45,very_low,0,0,0.07512953367875648
Dawn-Elysium,204,0.02106,0,Dawn,Elysium,2.11,very_low,0,0,0.07637231503579953
Caelum-Fenix,241,0.11143,0,Caelum,Fenix,11.14,medium,0,0,0.07960199004975124
Aegis-Dawn,358,0.09057,1,Aegis,Dawn,9.06,low,0,1,0.08607594936708861
Boreas-Fenix,277,0.00884,0,Boreas,Fenix,0.88,very_low,0,0,0.10353535353535354
Aegis-Dawn,347,0.0834330688935281,0,Aegis,Dawn,8.34,low,0,0,0.08607594936708861
Caelum-Elysium,232,0.01158,0,Caelum,Elysium,1.16,very_low,0,0,0.08208955223880597
Boreas-Elysium,288,0.15535,1,Boreas,Elysium,15.53,medium,0,1,0.08933002481389578
Caelum-Fenix,400,0.03786,0,Caelum,Fenix,3.79,very_low,0,0,0.07960199004975124
Aegis-Boreas,437,0.02383,0,Aegis,Boreas,2.38,very_low,0,0,0.115
Caelum-Elysium,219,0.00118,0,Caelum,Elysium,0.12,very_low,0,0,0.08208955223880597
Boreas-Fenix,316,0.08118,0,Boreas,Fenix,8.12,low,0,0,0.10353535353535354
Boreas-Elysium,263,0.10076,0,Boreas,Elysium,10.08,medium,0,0,0.08933002481389578
Boreas-Fenix,222,0.19649,0,Boreas,Fenix,19.65,medium,0,0,0.10353535353535354
Boreas-Dawn,159,0.00244,0,Boreas,Dawn,0.24,very_low,0,0,0.0761904761904762
Caelum-Fenix,107,0.0492,1,Caelum,Fenix,4.92,very_low,0,1,0.07960199004975124
Aegis-Boreas,135,0.11698,0,Aegis,Boreas,11.7,medium,0,0,0.115
Dawn-Elysium,175,0.16814,0,Dawn,Elysium,16.81,medium,0,0,0.07637231503579953
Boreas-Elysium,422,0.08889,0,Boreas,Elysium,8.89,low,0,0,0.08933002481389578
Caelum-Elysium,31,0.15841,1,Caelum,Elysium,15.84,medium,0,1,0.08208955223880597
Aegis-Elysium,271,0.017,0,Aegis,Elysium,1.7,very_low,0,0,0.06801007556675064
Elysium-Fenix,406,0.01651,0,Elysium,Fenix,1.65,very_low,0,0,0.06666666666666667
Boreas-Fenix,469,0.1801,1,Boreas,Fenix,18.01,medium,0,1,0.10353535353535354
Elysium-Fenix,323,0.11803,0,Elysium,Fenix,11.8,medium,0,0,0.06666666666666667
Dawn-Fenix,417,0.18089,0,Dawn,Fenix,18.09,medium,0,0,0.07512953367875648
Aegis-Dawn,399,0.09659,0,Aegis,Dawn,9.66,low,0,0,0.08607594936708861
Elysium-Fenix,37,0.05762,0,Elysium,Fenix,5.76,low,0,0,0.06666666666666667
Elysium-Fenix,441,0.01887,0,Elysium,Fenix,1.89,very_low,0,0,0.06666666666666667
Aegis-Boreas,139,0.10037,1,Aegis,Boreas,10.04,medium,0,1,0.115
Boreas-Fenix,451,0.0718,0,Boreas,Fenix,7.18,low,0,0,0.10353535353535354
Dawn-Fenix,237,0.14421,1,Dawn,Fenix,14.42,medium,0,1,0.07512953367875648
Aegis-Boreas,85,0.11001,1,Aegis,Boreas,11.0,medium,0,1,0.115
Aegis-Boreas,479,0.04391,1,Aegis,Boreas,4.39,very_low,0,1,0.115
Dawn-Fenix,204,0.01263,0,Dawn,Fenix,1.26,very_low,0,0,0.07512953367875648
Aegis-Boreas,439,0.11823,1,Aegis,Boreas,11.82,medium,0,1,0.115
Caelum-Fenix,341,0.06157,0,Caelum,Fenix,6.16,low,0,0,0.07960199004975124
Caelum-Fenix,226,0.02068,0,Caelum,Fenix,2.07,very_low,0,0,0.07960199004975124
Aegis-Boreas,129,0.00669,0,Aegis,Boreas,0.67,very_low,0,0,0.115
Aegis-Boreas,324,0.04354,0,Aegis,Boreas,4.35,very_low,0,0,0.115
Caelum-Dawn,55,0.09994,0,Caelum,Dawn,9.99,low,0,0,0.06666666666666667
Boreas-Elysium,327,0.05131,0,Boreas,Elysium,5.13,low,0,0,0.08933002481389578
Aegis-Elysium,39,0.20275,0,Aegis,Elysium,20.28,high,1,0,0.06801007556675064
Aegis-Dawn,215,0.13641,0,Aegis,Dawn,13.64,medium,0,0,0.08607594936708861
Boreas-Elysium,394,0.00719,0,Boreas,Elysium,0.72,very_low,0,0,0.08933002481389578
Dawn-Fenix,209,0.11724,0,Dawn,Fenix,11.72,medium,0,0,0.07512953367875648
Boreas-Dawn,344,0.01264,0,Boreas,Dawn,1.26,very_low,0,0,0.0761904761904762
Boreas-Dawn,174,0.00967,0,Boreas,Dawn,0.97,very_low,0,0,0.0761904761904762
Caelum-Fenix,437,0.16467,0,Caelum,Fenix,16.47,medium,0,0,0.07960199004975124
Boreas-Dawn,314,0.07193,0,Boreas,Dawn,7.19,low,0,0,0.0761904761904762
Boreas-Fenix,144,0.11425,0,Boreas,Fenix,11.42,medium,0,0,0.10353535353535354
Boreas-Dawn,356,0.11203,0,Boreas,Dawn,11.2,medium,0,0,0.0761904761904762
Caelum-Dawn,313,0.07991,0,Caelum,Dawn,7.99,low,0,0,0.06666666666666667
Boreas-Dawn,234,0.02081,0,Boreas,Dawn,2.08,very_low,0,0,0.0761904761904762
Aegis-Boreas,239,0.06033,0,Aegis,Boreas,6.03,low,0,0,0.115
Caelum-Fenix,102,0.04269,0,Caelum,Fenix,4.27,very_low,0,0,0.07960199004975124
Boreas-Fenix,50,0.0834330688935281,0,Boreas,Fenix,8.34,low,0,0,0.10353535353535354
Dawn-Elysium,443,0.04172,0,Dawn,Elysium,4.17,very_low,0,0,0.07637231503579953
Aegis-Dawn,327,0.02335,0,Aegis,Dawn,2.34,very_low,0,0,0.08607594936708861
Dawn-Fenix,412,0.17084,0,Dawn,Fenix,17.08,medium,0,0,0.07512953367875648
Dawn-Elysium,100,0.02967,0,Dawn,Elysium,2.97,very_low,0,0,0.07637231503579953
Caelum-Elysium,199,0.09491,0,Caelum,Elysium,9.49,low,0,0,0.08208955223880597
Aegis-Elysium,118,0.16438,0,Aegis,Elysium,16.44,medium,0,0,0.06801007556675064
Boreas-Elysium,414,0.0033,0,Boreas,Elysium,0.33,very_low,0,0,0.08933002481389578
Dawn-Fenix,178,0.0207,0,Dawn,Fenix,2.07,very_low,0,0,0.07512953367875648
Aegis-Elysium,188,0.0248,0,Aegis,Elysium,2.48,very_low,0,0,0.06801007556675064
Caelum-Dawn,315,0.10891,0,Caelum,Dawn,10.89,medium,0,0,0.06666666666666667
Aegis-Boreas,417,0.02388,0,Aegis,Boreas,2.39,very_low,0,0,0.115
Boreas-Elysium,192,0.06395,0,Boreas,Elysium,6.4,low,0,0,0.08933002481389578
Caelum-Fenix,465,0.0405,0,Caelum,Fenix,4.05,very_low,0,0,0.07960199004975124
Dawn-Fenix,30,0.00596,0,Dawn,Fenix,0.6,very_low,0,0,0.07512953367875648
Aegis-Boreas,222,0.1667,0,Aegis,Boreas,16.67,medium,0,0,0.115
Caelum-Dawn,63,0.35138,0,Caelum,Dawn,35.14,very_high,1,0,0.06666666666666667
Boreas-Dawn,323,0.03104,0,Boreas,Dawn,3.1,very_low,0,0,0.0761904761904762
Aegis-Boreas,234,0.0208,0,Aegis,Boreas,2.08,very_low,0,0,0.115
Dawn-Fenix,33,0.03495,1,Dawn,Fenix,3.5,very_low,0,1,0.07512953367875648
Aegis-Elysium,276,0.04133,0,Aegis,Elysium,4.13,very_low,0,0,0.06801007556675064
Boreas-Elysium,70,0.17592,0,Boreas,Elysium,17.59,medium,0,0,0.08933002481389578
Aegis-Elysium,180,0.05302,0,Aegis,Elysium,5.3,low,0,0,0.06801007556675064
Boreas-Elysium,397,0.14936,1,Boreas,Elysium,14.94,medium,0,1,0.08933002481389578
Elysium-Fenix,347,0.21524,0,Elysium,Fenix,21.52,high,1,0,0.06666666666666667
Aegis-Boreas,275,0.02276,0,Aegis,Boreas,2.28,very_low,0,0,0.115
Boreas-Dawn,332,0.11511,0,Boreas,Dawn,11.51,medium,0,0,0.0761904761904762
Boreas-Dawn,289,0.00533,0,Boreas,Dawn,0.53,very_low,0,0,0.0761904761904762
Elysium-Fenix,8,0.0317,0,Elysium,Fenix,3.17,very_low,0,0,0.06666666666666667
Aegis-Elysium,177,0.05546,0,Aegis,Elysium,5.55,low,0,0,0.06801007556675064
Caelum-Dawn,17,0.02906,0,Caelum,Dawn,2.91,very_low,0,0,0.06666666666666667
Caelum-Elysium,498,0.14587,0,Caelum,Elysium,14.59,medium,0,0,0.08208955223880597
Boreas-Fenix,154,0.0834330688935281,0,Boreas,Fenix,8.34,low,0,0,0.10353535353535354
Aegis-Elysium,424,0.0663,0,Aegis,Elysium,6.63,low,0,0,0.06801007556675064
Boreas-Dawn,252,0.04485,0,Boreas,Dawn,4.49,very_low,0,0,0.0761904761904762
Aegis-Boreas,228,0.334,0,Aegis,Boreas,33.4,high,1,0,0.115
Caelum-Dawn,132,0.06323,1,Caelum,Dawn,6.32,low,0,1,0.06666666666666667
Caelum-Dawn,288,0.00509,0,Caelum,Dawn,0.51,very_low,0,0,0.06666666666666667
Caelum-Fenix,91,0.03728,0,Caelum,Fenix,3.73,very_low,0,0,0.07960199004975124
Boreas-Elysium,3,0.05391,0,Boreas,Elysium,5.39,low,0,0,0.08933002481389578
Boreas-Dawn,339,0.0171,0,Boreas,Dawn,1.71,very_low,0,0,0.0761904761904762
Dawn-Fenix,426,0.22162,1,Dawn,Fenix,22.16,high,1,1,0.07512953367875648
Dawn-Fenix,230,0.06178,0,Dawn,Fenix,6.18,low,0,0,0.07512953367875648
Dawn-Elysium,16,0.03072,0,Dawn,Elysium,3.07,very_low,0,0,0.07637231503579953
Caelum-Dawn,118,0.03638,0,Caelum,Dawn,3.64,very_low,0,0,0.06666666666666667
Boreas-Elysium,302,0.10182,0,Boreas,Elysium,10.18,medium,0,0,0.08933002481389578
Aegis-Dawn,351,0.35711,1,Aegis,Dawn,35.71,very_high,1,1,0.08607594936708861
Boreas-Elysium,247,0.15694,1,Boreas,Elysium,15.69,medium,0,1,0.08933002481389578
Dawn-Elysium,313,0.2603,0,Dawn,Elysium,26.03,high,1,0,0.07637231503579953
Aegis-Elysium,282,0.05348,0,Aegis,Elysium,5.35,low,0,0,0.06801007556675064
Aegis-Elysium,417,0.00152,0,Aegis,Elysium,0.15,very_low,0,0,0.06801007556675064
Caelum-Elysium,312,0.00699,0,Caelum,Elysium,0.7,very_low,0,0,0.08208955223880597
Boreas-Dawn,242,0.29132,0,Boreas,Dawn,29.13,high,1,0,0.0761904761904762
Boreas-Dawn,238,0.08499,0,Boreas,Dawn,8.5,low,0,0,0.0761904761904762
Dawn-Fenix,347,0.00667,0,Dawn,Fenix,0.67,very_low,0,0,0.07512953367875648
Aegis-Boreas,187,0.03686,0,Aegis,Boreas,3.69,very_low,0,0,0.115
Boreas-Fenix,176,0.0708,0,Boreas,Fenix,7.08,low,0,0,0.10353535353535354
Boreas-Elysium,4,0.33413,0,Boreas,Elysium,33.41,high,1,0,0.08933002481389578
Caelum-Dawn,496,0.0567,0,Caelum,Dawn,5.67,low,0,0,0.06666666666666667
Caelum-Fenix,290,0.22005,0,Caelum,Fenix,22.0,high,1,0,0.07960199004975124
Boreas-Elysium,175,0.03929,0,Boreas,Elysium,3.93,very_low,0,0,0.08933002481389578
Caelum-Fenix,109,0.06468,0,Caelum,Fenix,6.47,low,0,0,0.07960199004975124
Dawn-Fenix,208,0.06266,0,Dawn,Fenix,6.27,low,0,0,0.07512953367875648
Elysium-Fenix,47,0.19389,0,Elysium,Fenix,19.39,medium,0,0,0.06666666666666667
Caelum-Dawn,50,0.11378,1,Caelum,Dawn,11.38,medium,0,1,0.06666666666666667
Caelum-Elysium,104,0.077,0,Caelum,Elysium,7.7,low,0,0,0.08208955223880597
Boreas-Dawn,448,0.05354,0,Boreas,Dawn,5.35,low,0,0,0.0761904761904762
Aegis-Dawn,52,0.15928,0,Aegis,Dawn,15.93,medium,0,0,0.08607594936708861
Aegis-Elysium,174,0.20834,0,Aegis,Elysium,20.83,high,1,0,0.06801007556675064
Dawn-Elysium,460,0.12613,1,Dawn,Elysium,12.61,medium,0,1,0.07637231503579953
Elysium-Fenix,284,0.10224,0,Elysium,Fenix,10.22,medium,0,0,0.06666666666666667
Boreas-Elysium,359,0.06463,0,Boreas,Elysium,6.46,low,0,0,0.08933002481389578
Aegis-Boreas,18,0.0375,1,Aegis,Boreas,3.75,very_low,0,1,0.115
Boreas-Fenix,359,0.1616,1,Boreas,Fenix,16.16,medium,0,1,0.10353535353535354
Aegis-Boreas,65,0.02925,0,Aegis,Boreas,2.92,very_low,0,0,0.115
Caelum-Elysium,112,0.28985,0,Caelum,Elysium,28.98,high,1,0,0.08208955223880597
Boreas-Elysium,213,0.08687,0,Boreas,Elysium,8.69,low,0,0,0.08933002481389578
Caelum-Elysium,106,0.25272,0,Caelum,Elysium,25.27,high,1,0,0.08208955223880597
Boreas-Dawn,489,0.08436,0,Boreas,Dawn,8.44,low,0,0,0.0761904761904762
Caelum-Fenix,445,0.1048,0,Caelum,Fenix,10.48,medium,0,0,0.07960199004975124
Boreas-Dawn,298,0.07271,0,Boreas,Dawn,7.27,low,0,0,0.0761904761904762
Boreas-Fenix,212,0.13681,1,Boreas,Fenix,13.68,medium,0,1,0.10353535353535354
Caelum-Fenix,196,0.12644,0,Caelum,Fenix,12.64,medium,0,0,0.07960199004975124
Boreas-Elysium,350,0.09629,1,Boreas,Elysium,9.63,low,0,1,0.08933002481389578
Aegis-Dawn,103,0.11735,0,Aegis,Dawn,11.74,medium,0,0,0.08607594936708861
Dawn-Elysium,169,0.07667,0,Dawn,Elysium,7.67,low,0,0,0.07637231503579953
Caelum-Elysium,412,0.0305,0,Caelum,Elysium,3.05,very_low,0,0,0.08208955223880597
Boreas-Elysium,393,0.142,0,Boreas,Elysium,14.2,medium,0,0,0.08933002481389578
Boreas-Elysium,20,0.05958,0,Boreas,Elysium,5.96,low,0,0,0.08933002481389578
Caelum-Dawn,126,0.02348,0,Caelum,Dawn,2.35,very_low,0,0,0.06666666666666667
Aegis-Dawn,113,0.042,0,Aegis,Dawn,4.2,very_low,0,0,0.08607594936708861
Caelum-Dawn,177,0.02313,0,Caelum,Dawn,2.31,very_low,0,0,0.06666666666666667
Aegis-Elysium,184,0.08809,0,Aegis,Elysium,8.81,low,0,0,0.06801007556675064
Caelum-Elysium,190,0.12666,0,Caelum,Elysium,12.67,medium,0,0,0.08208955223880597
Dawn-Elysium,215,0.02221,0,Dawn,Elysium,2.22,very_low,0,0,0.07637231503579953
Boreas-Fenix,241,0.1464,0,Boreas,Fenix,14.64,medium,0,0,0.10353535353535354
Boreas-Elysium,152,0.0834330688935281,0,Boreas,Elysium,8.34,low,0,0,0.08933002481389578
Boreas-Dawn,51,0.01203,0,Boreas,Dawn,1.2,very_low,0,0,0.0761904761904762
Aegis-Boreas,480,0.00116,1,Aegis,Boreas,0.12,very_low,0,1,0.115
Elysium-Fenix,264,0.01585,0,Elysium,Fenix,1.58,very_low,0,0,0.06666666666666667
Caelum-Fenix,2,0.15241,0,Caelum,Fenix,15.24,medium,0,0,0.07960199004975124
Dawn-Fenix,392,0.11988,0,Dawn,Fenix,11.99,medium,0,0,0.07512953367875648
Caelum-Elysium,421,0.08647,0,Caelum,Elysium,8.65,low,0,0,0.08208955223880597
Dawn-Fenix,445,0.01049,0,Dawn,Fenix,1.05,very_low,0,0,0.07512953367875648
Dawn-Elysium,129,0.04212,0,Dawn,Elysium,4.21,very_low,0,0,0.07637231503579953
Boreas-Dawn,99,0.01058,1,Boreas,Dawn,1.06,very_low,0,1,0.0761904761904762
Boreas-Elysium,76,0.00805,0,Boreas,Elysium,0.8,very_low,0,0,0.08933002481389578
Caelum-Fenix,345,0.0357,0,Caelum,Fenix,3.57,very_low,0,0,0.07960199004975124
Aegis-Elysium,219,0.00981,0,Aegis,Elysium,0.98,very_low,0,0,0.06801007556675064
Dawn-Elysium,429,0.04218,0,Dawn,Elysium,4.22,very_low,0,0,0.07637231503579953
Caelum-Dawn,278,0.05242,0,Caelum,Dawn,5.24,low,0,0,0.06666666666666667
Boreas-Elysium,137,0.03159,0,Boreas,Elysium,3.16,very_low,0,0,0.08933002481389578
Elysium-Fenix,403,0.0834330688935281,0,Elysium,Fenix,8.34,low,0,0,0.06666666666666667
Aegis-Boreas,323,0.1861,0,Aegis,Boreas,18.61,medium,0,0,0.115
Boreas-Dawn,56,0.05435,0,Boreas,Dawn,5.44,low,0,0,0.0761904761904762
Dawn-Fenix,264,0.17145,0,Dawn,Fenix,17.14,medium,0,0,0.07512953367875648
Caelum-Dawn,429,0.09224,0,Caelum,Dawn,9.22,low,0,0,0.06666666666666667
Elysium-Fenix,490,0.0374,0,Elysium,Fenix,3.74,very_low,0,0,0.06666666666666667
Aegis-Elysium,310,0.02251,0,Aegis,Elysium,2.25,very_low,0,0,0.06801007556675064
Caelum-Elysium,344,0.00323,0,Caelum,Elysium,0.32,very_low,0,0,0.08208955223880597
Dawn-Fenix,268,0.0124,0,Dawn,Fenix,1.24,very_low,0,0,0.07512953367875648
Aegis-Boreas,123,0.03816,0,Aegis,Boreas,3.82,very_low,0,0,0.115
Aegis-Dawn,50,0.00663,0,Aegis,Dawn,0.66,very_low,0,0,0.08607594936708861
Boreas-Elysium,127,0.00914,0,Boreas,Elysium,0.91,very_low,0,0,0.08933002481389578
Aegis-Boreas,45,0.00171,0,Aegis,Boreas,0.17,very_low,0,0,0.115
Aegis-Boreas,356,0.156,0,Aegis,Boreas,15.6,medium,0,0,0.115
Dawn-Fenix,36,0.00977,0,Dawn,Fenix,0.98,very_low,0,0,0.07512953367875648
Caelum-Elysium,224,0.01462,0,Caelum,Elysium,1.46,very_low,0,0,0.08208955223880597
Caelum-Dawn,179,0.03293,0,Caelum,Dawn,3.29,very_low,0,0,0.06666666666666667
Boreas-Dawn,277,0.05019,0,Boreas,Dawn,5.02,low,0,0,0.0761904761904762
Boreas-Elysium,258,0.05363,0,Boreas,Elysium,5.36,low,0,0,0.08933002481389578
Boreas-Elysium,332,0.01673,0,Boreas,Elysium,1.67,very_low,0,0,0.08933002481389578
Caelum-Elysium,289,0.03616,0,Caelum,Elysium,3.62,very_low,0,0,0.08208955223880597
Boreas-Elysium,272,0.17026,0,Boreas,Elysium,17.03,medium,0,0,0.08933002481389578
Caelum-Dawn,341,0.00568,0,Caelum,Dawn,0.57,very_low,0,0,0.06666666666666667
Aegis-Dawn,17,0.05285,0,Aegis,Dawn,5.28,low,0,0,0.08607594936708861
Caelum-Elysium,127,0.16905,0,Caelum,Elysium,16.9,medium,0,0,0.08208955223880597
Boreas-Dawn,428,0.05584,0,Boreas,Dawn,5.58,low,0,0,0.0761904761904762
Aegis-Elysium,116,0.04338,0,Aegis,Elysium,4.34,very_low,0,0,0.06801007556675064
Aegis-Boreas,274,0.02792,0,Aegis,Boreas,2.79,very_low,0,0,0.115
Elysium-Fenix,147,0.03277,0,Elysium,Fenix,3.28,very_low,0,0,0.06666666666666667
Dawn-Fenix,246,0.00662,0,Dawn,Fenix,0.66,very_low,0,0,0.07512953367875648
Caelum-Dawn,157,0.03388,0,Caelum,Dawn,3.39,very_low,0,0,0.06666666666666667
Caelum-Fenix,10,0.00873,0,Caelum,Fenix,0.87,very_low,0,0,0.07960199004975124
Boreas-Elysium,493,0.05061,0,Boreas,Elysium,5.06,low,0,0,0.08933002481389578
Caelum-Elysium,360,0.27924,0,Caelum,Elysium,27.92,high,1,0,0.08208955223880597
Boreas-Fenix,86,0.0715,0,Boreas,Fenix,7.15,low,0,0,0.10353535353535354
Aegis-Elysium,85,0.00227,0,Aegis,Elysium,0.23,very_low,0,0,0.06801007556675064
Aegis-Dawn,315,0.01963,0,Aegis,Dawn,1.96,very_low,0,0,0.08607594936708861
Dawn-Fenix,169,0.08542,0,Dawn,Fenix,8.54,low,0,0,0.07512953367875648
Aegis-Boreas,259,0.00753,1,Aegis,Boreas,0.75,very_low,0,1,0.115
Caelum-Fenix,386,0.08596,1,Caelum,Fenix,8.6,low,0,1,0.07960199004975124
Boreas-Elysium,299,0.02624,0,Boreas,Elysium,2.62,very_low,0,0,0.08933002481389578
Boreas-Elysium,102,0.22277,0,Boreas,Elysium,22.28,high,1,0,0.08933002481389578
Aegis-Dawn,194,0.21789,0,Aegis,Dawn,21.79,high,1,0,0.08607594936708861
Aegis-Boreas,252,0.23352,0,Aegis,Boreas,23.35,high,1,0,0.115
Caelum-Elysium,87,0.00481,0,Caelum,Elysium,0.48,very_low,0,0,0.08208955223880597
Aegis-Elysium,315,0.0834330688935281,0,Aegis,Elysium,8.34,low,0,0,0.06801007556675064
Caelum-Dawn,324,0.12368,0,Caelum,Dawn,12.37,medium,0,0,0.06666666666666667
Boreas-Elysium,343,0.14632,0,Boreas,Elysium,14.63,medium,0,0,0.08933002481389578
Aegis-Boreas,198,0.03038,0,Aegis,Boreas,3.04,very_low,0,0,0.115
Elysium-Fenix,444,0.01968,0,Elysium,Fenix,1.97,very_low,0,0,0.06666666666666667
Elysium-Fenix,192,0.10906,0,Elysium,Fenix,10.91,medium,0,0,0.06666666666666667
Caelum-Fenix,252,0.03246,0,Caelum,Fenix,3.25,very_low,0,0,0.07960199004975124
Elysium-Fenix,332,0.10121,0,Elysium,Fenix,10.12,medium,0,0,0.06666666666666667
Boreas-Dawn,76,0.02166,0,Boreas,Dawn,2.17,very_low,0,0,0.0761904761904762
Dawn-Fenix,77,0.12846,0,Dawn,Fenix,12.85,medium,0,0,0.07512953367875648
Dawn-Elysium,181,0.18776,0,Dawn,Elysium,18.78,medium,0,0,0.07637231503579953
Aegis-Dawn,488,0.01477,0,Aegis,Dawn,1.48,very_low,0,0,0.08607594936708861
Caelum-Elysium,155,0.24247,0,Caelum,Elysium,24.25,high,1,0,0.08208955223880597
