link_id,tick,traffic_share,jammed_flag,planet_a,planet_b,traffic_percentage,traffic_bucket,high_traffic_share,relative_traffic,jammed_int
Aegis-Boreas,0,0.03833,False,Aegis,Boreas,3.83,very_low,0,0.4594,0
Aegis-Dawn,0,0.05373,False,Aegis,Dawn,5.37,low,0,0.644,0
Aegis-Elysium,0,0.06344,True,Aegis,Elysium,6.34,low,0,0.7604,1
Boreas-Dawn,0,0.12564,False,Boreas,Dawn,12.56,medium,0,1.5059,0
Boreas-Elysium,0,0.00766,False,Boreas,Elysium,0.77,very_low,0,0.0918,0
Boreas-Fenix,0,0.01344,False,Boreas,Fenix,1.34,very_low,0,0.1611,0
Caelum-Dawn,0,0.03479,False,Caelum,Dawn,3.48,very_low,0,0.417,0
Caelum-Elysium,0,0.28692,True,Caelum,Elysium,28.69,high,1,3.4389,1
Caelum-Fenix,0,0.02597,False,Caelum,Fenix,2.6,very_low,0,0.3113,0
Dawn-Elysium,0,0.22455,False,Dawn,Elysium,22.46,high,1,2.6914,0
Dawn-Fenix,0,0.02421,False,Dawn,Fenix,2.42,very_low,0,0.2902,0
Elysium-Fenix,0,0.10134,False,Elysium,Fenix,10.13,medium,0,1.2146,0
Aegis-Boreas,1,0.07017,False,Aegis,Boreas,7.02,low,0,0.841,0
Aegis-Dawn,1,0.02802,False,Aegis,Dawn,2.8,very_low,0,0.3358,0
Aegis-Elysium,1,0.17055,False,Aegis,Elysium,17.06,medium,0,2.0442,0
Boreas-Dawn,1,0.08096,False,Boreas,Dawn,8.1,low,0,0.9704,0
Boreas-Elysium,1,0.16753,False,Boreas,Elysium,16.75,medium,0,2.008,0
Boreas-Fenix,1,0.0834330688935281,False,Boreas,Fenix,8.34,low,0,1.0,0
Caelum-Dawn,1,0.06784,False,Caelum,Dawn,6.78,low,0,0.8131,0
Caelum-Elysium,1,0.10978,False,Caelum,Elysium,10.98,medium,0,1.3158,0
Caelum-Fenix,1,0.025,False,Caelum,Fenix,2.5,very_low,0,0.2996,0
Dawn-Elysium,1,0.03164,False,Dawn,Elysium,3.16,very_low,0,0.3792,0
Dawn-Fenix,1,0.07074,False,Dawn,Fenix,7.07,low,0,0.8479,0
Elysium-Fenix,1,0.09633,False,Elysium,Fenix,9.63,low,0,1.1546,0
Aegis-Boreas,2,0.13438,True,Aegis,Boreas,13.44,medium,0,1.6106,1
Aegis-Dawn,2,0.05752,False,Aegis,Dawn,5.75,low,0,0.6894,0
Aegis-Elysium,2,0.32428,False,Aegis,Elysium,32.43,high,1,3.8867,0
Boreas-Dawn,2,0.03428,False,Boreas,Dawn,3.43,very_low,0,0.4109,0
Boreas-Elysium,2,0.01735,False,Boreas,Elysium,1.74,very_low,0,0.208,0
Boreas-Fenix,2,0.02883,False,Boreas,Fenix,2.88,very_low,0,0.3455,0
Caelum-Dawn,2,0.06987,False,Caelum,Dawn,6.99,low,0,0.8374,0
Caelum-Elysium,2,0.0834330688935281,False,Caelum,Elysium,8.34,low,0,1.0,0
Caelum-Fenix,2,0.15241,False,Caelum,Fenix,15.24,medium,0,1.8267,0
Dawn-Elysium,2,0.04993,False,Dawn,Elysium,4.99,very_low,0,0.5984,0
Dawn-Fenix,2,0.01354,False,Dawn,Fenix,1.35,very_low,0,0.1623,0
Elysium-Fenix,2,0.03337,False,Elysium,Fenix,3.34,very_low,0,0.4,0
Aegis-Boreas,3,0.02301,False,Aegis,Boreas,2.3,very_low,0,0.2758,0
Aegis-Dawn,3,0.1014,False,Aegis,Dawn,10.14,medium,0,1.2153,0
Aegis-Elysium,3,0.15665,True,Aegis,Elysium,15.66,medium,0,1.8776,1
Boreas-Dawn,3,0.04004,False,Boreas,Dawn,4.0,very_low,0,0.4799,0
Boreas-Elysium,3,0.05391,False,Boreas,Elysium,5.39,low,0,0.6461,0
Boreas-Fenix,3,0.01678,False,Boreas,Fenix,1.68,very_low,0,0.2011,0
Caelum-Dawn,3,0.11515,False,Caelum,Dawn,11.52,medium,0,1.3801,0
Caelum-Elysium,3,0.11708,False,Caelum,Elysium,11.71,medium,0,1.4033,0
Caelum-Fenix,3,0.05685,False,Caelum,Fenix,5.68,low,0,0.6814,0
Dawn-Elysium,3,0.02786,False,Dawn,Elysium,2.79,very_low,0,0.3339,0
Dawn-Fenix,3,0.17542,False,Dawn,Fenix,17.54,medium,0,2.1025,0
Elysium-Fenix,3,0.11585,False,Elysium,Fenix,11.58,medium,0,1.3885,0
Aegis-Boreas,4,0.06197,False,Aegis,Boreas,6.2,low,0,0.7428,0
Aegis-Dawn,4,0.04166,False,Aegis,Dawn,4.17,very_low,0,0.4993,0
Aegis-Elysium,4,0.06238,False,Aegis,Elysium,6.24,low,0,0.7477,0
Boreas-Dawn,4,0.0585,False,Boreas,Dawn,5.85,low,0,0.7012,0
Boreas-Elysium,4,0.33413,False,Boreas,Elysium,33.41,high,1,4.0048,0
Boreas-Fenix,4,0.00519,False,Boreas,Fenix,0.52,very_low,0,0.0622,0
Caelum-Dawn,4,0.05627,False,Caelum,Dawn,5.63,low,0,0.6744,0
Caelum-Elysium,4,0.06861,False,Caelum,Elysium,6.86,low,0,0.8223,0
Caelum-Fenix,4,0.07387,False,Caelum,Fenix,7.39,low,0,0.8854,0
Dawn-Elysium,4,0.10481,False,Dawn,Elysium,10.48,medium,0,1.2562,0
Dawn-Fenix,4,0.07773,False,Dawn,Fenix,7.77,low,0,0.9316,0
Elysium-Fenix,4,0.0549,False,Elysium,Fenix,5.49,low,0,0.658,0
Aegis-Boreas,5,0.032,False,Aegis,Boreas,3.2,very_low,0,0.3835,0
Aegis-Dawn,5,0.00368,False,Aegis,Dawn,0.37,very_low,0,0.0441,0
Aegis-Elysium,5,0.02045,False,Aegis,Elysium,2.04,very_low,0,0.2451,0
Boreas-Dawn,5,0.0834330688935281,False,Boreas,Dawn,8.34,low,0,1.0,0
Boreas-Elysium,5,0.12379,False,Boreas,Elysium,12.38,medium,0,1.4837,0
Boreas-Fenix,5,0.01597,False,Boreas,Fenix,1.6,very_low,0,0.1914,0
Caelum-Dawn,5,0.15136,False,Caelum,Dawn,15.14,medium,0,1.8141,0
Caelum-Elysium,5,0.20296,False,Caelum,Elysium,20.3,high,1,2.4326,0
Caelum-Fenix,5,0.14663,False,Caelum,Fenix,14.66,medium,0,1.7575,0
Dawn-Elysium,5,0.05012,False,Dawn,Elysium,5.01,low,0,0.6007,0
Dawn-Fenix,5,0.00297,False,Dawn,Fenix,0.3,very_low,0,0.0356,0
Elysium-Fenix,5,0.0834330688935281,False,Elysium,Fenix,8.34,low,0,1.0,0
Aegis-Boreas,6,0.03769,False,Aegis,Boreas,3.77,very_low,0,0.4517,0
Aegis-Dawn,6,0.20549,False,Aegis,Dawn,20.55,high,1,2.4629,0
Aegis-Elysium,6,0.26684,False,Aegis,Elysium,26.68,high,1,3.1983,0
Boreas-Dawn,6,0.15978,False,Boreas,Dawn,15.98,medium,0,1.9151,0
Boreas-Elysium,6,0.01174,False,Boreas,Elysium,1.17,very_low,0,0.1407,0
Boreas-Fenix,6,0.06055,False,Boreas,Fenix,6.06,low,0,0.7257,0
Caelum-Dawn,6,0.07714,False,Caelum,Dawn,7.71,low,0,0.9246,0
Caelum-Elysium,6,0.01518,False,Caelum,Elysium,1.52,very_low,0,0.1819,0
Caelum-Fenix,6,0.03042,False,Caelum,Fenix,3.04,very_low,0,0.3646,0
Dawn-Elysium,6,0.07386,False,Dawn,Elysium,7.39,low,0,0.8853,0
Dawn-Fenix,6,0.03105,False,Dawn,Fenix,3.1,very_low,0,0.3722,0
Elysium-Fenix,6,0.03027,False,Elysium,Fenix,3.03,very_low,0,0.3628,0
Aegis-Boreas,7,0.16996,False,Aegis,Boreas,17.0,medium,0,2.0371,0
Aegis-Dawn,7,0.05714,False,Aegis,Dawn,5.71,low,0,0.6849,0
Aegis-Elysium,7,0.01085,False,Aegis,Elysium,1.08,very_low,0,0.13,0
Boreas-Dawn,7,0.03905,False,Boreas,Dawn,3.9,very_low,0,0.468,0
Boreas-Elysium,7,0.18208,False,Boreas,Elysium,18.21,medium,0,2.1823,0
Boreas-Fenix,7,0.1118,False,Boreas,Fenix,11.18,medium,0,1.34,0
Caelum-Dawn,7,0.0066,False,Caelum,Dawn,0.66,very_low,0,0.0791,0
Caelum-Elysium,7,0.0843,False,Caelum,Elysium,8.43,low,0,1.0104,0
Caelum-Fenix,7,0.00469,False,Caelum,Fenix,0.47,very_low,0,0.0562,0
Dawn-Elysium,7,0.04877,False,Dawn,Elysium,4.88,very_low,0,0.5845,0
Dawn-Fenix,7,0.08132,False,Dawn,Fenix,8.13,low,0,0.9747,0
Elysium-Fenix,7,0.20344,False,Elysium,Fenix,20.34,high,1,2.4384,0
Aegis-Boreas,8,0.00486,False,Aegis,Boreas,0.49,very_low,0,0.0583,0
Aegis-Dawn,8,0.03782,False,Aegis,Dawn,3.78,very_low,0,0.4533,0
Aegis-Elysium,8,0.33281,False,Aegis,Elysium,33.28,high,1,3.9889,0
Boreas-Dawn,8,0.04754,False,Boreas,Dawn,4.75,very_low,0,0.5698,0
Boreas-Elysium,8,0.22891,True,Boreas,Elysium,22.89,high,1,2.7436,1
Boreas-Fenix,8,0.0308,False,Boreas,Fenix,3.08,very_low,0,0.3692,0
Caelum-Dawn,8,0.12148,False,Caelum,Dawn,12.15,medium,0,1.456,0
Caelum-Elysium,8,0.12842,False,Caelum,Elysium,12.84,medium,0,1.5392,0
Caelum-Fenix,8,0.00164,False,Caelum,Fenix,0.16,very_low,0,0.0197,0
Dawn-Elysium,8,0.03362,False,Dawn,Elysium,3.36,very_low,0,0.403,0
Dawn-Fenix,8,0.00038,False,Dawn,Fenix,0.04,very_low,0,0.0046,0
Elysium-Fenix,8,0.0317,False,Elysium,Fenix,3.17,very_low,0,0.3799,0
Aegis-Boreas,9,0.05568,False,Aegis,Boreas,5.57,low,0,0.6674,0
Aegis-Dawn,9,0.06464,True,Aegis,Dawn,6.46,low,0,0.7748,1
Aegis-Elysium,9,0.23536,False,Aegis,Elysium,23.54,high,1,2.8209,0
Boreas-Dawn,9,0.09379,False,Boreas,Dawn,9.38,low,0,1.1241,0
Boreas-Elysium,9,0.0292,False,Boreas,Elysium,2.92,very_low,0,0.35,0
Boreas-Fenix,9,0.05818,False,Boreas,Fenix,5.82,low,0,0.6973,0
Caelum-Dawn,9,0.02526,False,Caelum,Dawn,2.53,very_low,0,0.3028,0
Caelum-Elysium,9,0.14149,False,Caelum,Elysium,14.15,medium,0,1.6959,0
Caelum-Fenix,9,0.20051,False,Caelum,Fenix,20.05,high,1,2.4032,0
Dawn-Elysium,9,0.05746,False,Dawn,Elysium,5.75,low,0,0.6887,0
Dawn-Fenix,9,0.01248,False,Dawn,Fenix,1.25,very_low,0,0.1496,0
Elysium-Fenix,9,0.02594,False,Elysium,Fenix,2.59,very_low,0,0.3109,0
Aegis-Boreas,10,0.2973,False,Aegis,Boreas,29.73,high,1,3.5633,0
Aegis-Dawn,10,0.05482,False,Aegis,Dawn,5.48,low,0,0.6571,0
Aegis-Elysium,10,0.01645,False,Aegis,Elysium,1.64,very_low,0,0.1972,0
Boreas-Dawn,10,0.02604,False,Boreas,Dawn,2.6,very_low,0,0.3121,0
Boreas-Elysium,10,0.20636,True,Boreas,Elysium,20.64,high,1,2.4734,1
Boreas-Fenix,10,0.06981,False,Boreas,Fenix,6.98,low,0,0.8367,0
Caelum-Dawn,10,0.11903,False,Caelum,Dawn,11.9,medium,0,1.4267,0
Caelum-Elysium,10,0.02598,False,Caelum,Elysium,2.6,very_low,0,0.3114,0
Caelum-Fenix,10,0.00873,False,Caelum,Fenix,0.87,very_low,0,0.1046,0
Dawn-Elysium,10,0.06516,False,Dawn,Elysium,6.52,low,0,0.781,0
Dawn-Fenix,10,0.01193,False,Dawn,Fenix,1.19,very_low,0,0.143,0
Elysium-Fenix,10,0.09839,False,Elysium,Fenix,9.84,low,0,1.1793,0
Aegis-Boreas,11,0.00329,False,Aegis,Boreas,0.33,very_low,0,0.0394,0
Aegis-Dawn,11,0.02545,False,Aegis,Dawn,2.54,very_low,0,0.305,0
Aegis-Elysium,11,0.03156,False,Aegis,Elysium,3.16,very_low,0,0.3783,0
Boreas-Dawn,11,0.09087,False,Boreas,Dawn,9.09,low,0,1.0891,0
Boreas-Elysium,11,0.09816,False,Boreas,Elysium,9.82,low,0,1.1765,0
Boreas-Fenix,11,0.25172,False,Boreas,Fenix,25.17,high,1,3.017,0
Caelum-Dawn,11,0.17402,True,Caelum,Dawn,17.4,medium,0,2.0857,1
Caelum-Elysium,11,0.02831,False,Caelum,Elysium,2.83,very_low,0,0.3393,0
Caelum-Fenix,11,0.12874,False,Caelum,Fenix,12.87,medium,0,1.543,0
Dawn-Elysium,11,0.01175,False,Dawn,Elysium,1.18,very_low,0,0.1408,0
Dawn-Fenix,11,0.04812,False,Dawn,Fenix,4.81,very_low,0,0.5767,0
Elysium-Fenix,11,0.10803,False,Elysium,Fenix,10.8,medium,0,1.2948,0
Aegis-Boreas,12,0.05026,False,Aegis,Boreas,5.03,low,0,0.6024,0
Aegis-Dawn,12,0.14875,False,Aegis,Dawn,14.88,medium,0,1.7829,0
Aegis-Elysium,12,0.01717,False,Aegis,Elysium,1.72,very_low,0,0.2058,0
Boreas-Dawn,12,0.04226,False,Boreas,Dawn,4.23,very_low,0,0.5065,0
Boreas-Elysium,12,0.09102,False,Boreas,Elysium,9.1,low,0,1.0909,0
Boreas-Fenix,12,0.07174,False,Boreas,Fenix,7.17,low,0,0.8599,0
Caelum-Dawn,12,0.00989,False,Caelum,Dawn,0.99,very_low,0,0.1185,0
Caelum-Elysium,12,0.05256,False,Caelum,Elysium,5.26,low,0,0.63,0
Caelum-Fenix,12,0.11725,False,Caelum,Fenix,11.72,medium,0,1.4053,0
Dawn-Elysium,12,0.19141,True,Dawn,Elysium,19.14,medium,0,2.2942,1
Dawn-Fenix,12,0.16686,False,Dawn,Fenix,16.69,medium,0,1.9999,0
Elysium-Fenix,12,0.04083,False,Elysium,Fenix,4.08,very_low,0,0.4894,0
Aegis-Boreas,13,0.27711,False,Aegis,Boreas,27.71,high,1,3.3213,0
Aegis-Dawn,13,0.06016,False,Aegis,Dawn,6.02,low,0,0.7211,0
Aegis-Elysium,13,0.02653,False,Aegis,Elysium,2.65,very_low,0,0.318,0
Boreas-Dawn,13,0.00144,False,Boreas,Dawn,0.14,very_low,0,0.0173,0
Boreas-Elysium,13,0.17203,False,Boreas,Elysium,17.2,medium,0,2.0619,0
Boreas-Fenix,13,0.0834330688935281,False,Boreas,Fenix,8.34,low,0,1.0,0
Caelum-Dawn,13,0.04771,False,Caelum,Dawn,4.77,very_low,0,0.5718,0
Caelum-Elysium,13,0.0183,False,Caelum,Elysium,1.83,very_low,0,0.2193,0
Caelum-Fenix,13,0.19504,False,Caelum,Fenix,19.5,medium,0,2.3377,0
Dawn-Elysium,13,0.01671,False,Dawn,Elysium,1.67,very_low,0,0.2003,0
Dawn-Fenix,13,0.00181,True,Dawn,Fenix,0.18,very_low,0,0.0217,1
Elysium-Fenix,13,0.14494,False,Elysium,Fenix,14.49,medium,0,1.7372,0
Aegis-Boreas,14,0.0834330688935281,False,Aegis,Boreas,8.34,low,0,1.0,0
Aegis-Dawn,14,0.07227,False,Aegis,Dawn,7.23,low,0,0.8662,0
Aegis-Elysium,14,0.04939,True,Aegis,Elysium,4.94,very_low,0,0.592,1
Boreas-Dawn,14,0.19363,False,Boreas,Dawn,19.36,medium,0,2.3208,0
Boreas-Elysium,14,0.04974,False,Boreas,Elysium,4.97,very_low,0,0.5962,0
Boreas-Fenix,14,0.10121,False,Boreas,Fenix,10.12,medium,0,1.2131,0
Caelum-Dawn,14,0.05342,False,Caelum,Dawn,5.34,low,0,0.6403,0
Caelum-Elysium,14,0.15938,True,Caelum,Elysium,15.94,medium,0,1.9103,1
Caelum-Fenix,14,0.15034,True,Caelum,Fenix,15.03,medium,0,1.8019,1
Dawn-Elysium,14,0.03921,False,Dawn,Elysium,3.92,very_low,0,0.47,0
Dawn-Fenix,14,0.10143,False,Dawn,Fenix,10.14,medium,0,1.2157,0
Elysium-Fenix,14,0.02732,False,Elysium,Fenix,2.73,very_low,0,0.3274,0
Aegis-Boreas,15,0.19656,False,Aegis,Boreas,19.66,medium,0,2.3559,0
Aegis-Dawn,15,0.06014,False,Aegis,Dawn,6.01,low,0,0.7208,0
Aegis-Elysium,15,0.15022,False,Aegis,Elysium,15.02,medium,0,1.8005,0
Boreas-Dawn,15,0.02769,False,Boreas,Dawn,2.77,very_low,0,0.3319,0
Boreas-Elysium,15,0.24438,True,Boreas,Elysium,24.44,high,1,2.9291,1
Boreas-Fenix,15,0.05501,False,Boreas,Fenix,5.5,low,0,0.6593,0
Caelum-Dawn,15,0.01403,False,Caelum,Dawn,1.4,very_low,0,0.1682,0
Caelum-Elysium,15,0.07601,False,Caelum,Elysium,7.6,low,0,0.911,0
Caelum-Fenix,15,0.08116,False,Caelum,Fenix,8.12,low,0,0.9728,0
Dawn-Elysium,15,0.06102,False,Dawn,Elysium,6.1,low,0,0.7314,0
Dawn-Fenix,15,0.0039,False,Dawn,Fenix,0.39,very_low,0,0.0467,0
Elysium-Fenix,15,0.02989,False,Elysium,Fenix,2.99,very_low,0,0.3583,0
Aegis-Boreas,16,0.29867,False,Aegis,Boreas,29.87,high,1,3.5798,0
Aegis-Dawn,16,0.16398,False,Aegis,Dawn,16.4,medium,0,1.9654,0
Aegis-Elysium,16,0.11522,False,Aegis,Elysium,11.52,medium,0,1.381,0
Boreas-Dawn,16,0.09418,False,Boreas,Dawn,9.42,low,0,1.1288,0
Boreas-Elysium,16,0.04173,False,Boreas,Elysium,4.17,very_low,0,0.5002,0
Boreas-Fenix,16,0.0338,False,Boreas,Fenix,3.38,very_low,0,0.4051,0
Caelum-Dawn,16,0.05907,False,Caelum,Dawn,5.91,low,0,0.708,0
Caelum-Elysium,16,0.02741,False,Caelum,Elysium,2.74,very_low,0,0.3285,0
Caelum-Fenix,16,0.00368,False,Caelum,Fenix,0.37,very_low,0,0.0441,0
Dawn-Elysium,16,0.03072,False,Dawn,Elysium,3.07,very_low,0,0.3682,0
Dawn-Fenix,16,0.0444,False,Dawn,Fenix,4.44,very_low,0,0.5322,0
Elysium-Fenix,16,0.08713,False,Elysium,Fenix,8.71,low,0,1.0443,0
Aegis-Boreas,17,0.04611,False,Aegis,Boreas,4.61,very_low,0,0.5527,0
Aegis-Dawn,17,0.05285,False,Aegis,Dawn,5.28,low,0,0.6334,0
Aegis-Elysium,17,0.12797,False,Aegis,Elysium,12.8,medium,0,1.5338,0
Boreas-Dawn,17,0.06095,False,Boreas,Dawn,6.1,low,0,0.7305,0
Boreas-Elysium,17,0.26281,False,Boreas,Elysium,26.28,high,1,3.15,0
Boreas-Fenix,17,0.01267,False,Boreas,Fenix,1.27,very_low,0,0.1519,0
Caelum-Dawn,17,0.02906,False,Caelum,Dawn,2.91,very_low,0,0.3483,0
Caelum-Elysium,17,0.01391,False,Caelum,Elysium,1.39,very_low,0,0.1667,0
Caelum-Fenix,17,0.09544,False,Caelum,Fenix,9.54,low,0,1.1439,0
Dawn-Elysium,17,0.11783,False,Dawn,Elysium,11.78,medium,0,1.4123,0
Dawn-Fenix,17,0.13304,False,Dawn,Fenix,13.3,medium,0,1.5946,0
Elysium-Fenix,17,0.04737,False,Elysium,Fenix,4.74,very_low,0,0.5678,0
Aegis-Boreas,18,0.0375,True,Aegis,Boreas,3.75,very_low,0,0.4495,1
Aegis-Dawn,18,0.23904,True,Aegis,Dawn,23.9,high,1,2.8651,1
Aegis-Elysium,18,0.00155,False,Aegis,Elysium,0.16,very_low,0,0.0186,0
Boreas-Dawn,18,0.04714,False,Boreas,Dawn,4.71,very_low,0,0.565,0
Boreas-Elysium,18,0.12371,False,Boreas,Elysium,12.37,medium,0,1.4827,0
Boreas-Fenix,18,0.15311,False,Boreas,Fenix,15.31,medium,0,1.8351,0
Caelum-Dawn,18,0.00345,False,Caelum,Dawn,0.34,very_low,0,0.0414,0
Caelum-Elysium,18,0.03692,False,Caelum,Elysium,3.69,very_low,0,0.4425,0
Caelum-Fenix,18,0.05738,False,Caelum,Fenix,5.74,low,0,0.6877,0
Dawn-Elysium,18,0.04647,False,Dawn,Elysium,4.65,very_low,0,0.557,0
Dawn-Fenix,18,0.07239,True,Dawn,Fenix,7.24,low,0,0.8676,1
Elysium-Fenix,18,0.18134,False,Elysium,Fenix,18.13,medium,0,2.1735,0
Aegis-Boreas,19,0.02988,False,Aegis,Boreas,2.99,very_low,0,0.3581,0
Aegis-Dawn,19,0.21947,False,Aegis,Dawn,21.95,high,1,2.6305,0
Aegis-Elysium,19,0.01619,False,Aegis,Elysium,1.62,very_low,0,0.194,0
Boreas-Dawn,19,0.18068,True,Boreas,Dawn,18.07,medium,0,2.1656,1
Boreas-Elysium,19,0.19459,False,Boreas,Elysium,19.46,medium,0,2.3323,0
Boreas-Fenix,19,0.0527,False,Boreas,Fenix,5.27,low,0,0.6316,0
Caelum-Dawn,19,0.04542,False,Caelum,Dawn,4.54,very_low,0,0.5444,0
Caelum-Elysium,19,0.01646,False,Caelum,Elysium,1.65,very_low,0,0.1973,0
Caelum-Fenix,19,0.0747,False,Caelum,Fenix,7.47,low,0,0.8953,0
Dawn-Elysium,19,0.10053,False,Dawn,Elysium,10.05,medium,0,1.2049,0
Dawn-Fenix,19,0.05589,False,Dawn,Fenix,5.59,low,0,0.6699,0
Elysium-Fenix,19,0.0135,False,Elysium,Fenix,1.35,very_low,0,0.1618,0
Aegis-Boreas,20,0.03023,False,Aegis,Boreas,3.02,very_low,0,0.3623,0
Aegis-Dawn,20,0.12035,False,Aegis,Dawn,12.04,medium,0,1.4425,0
Aegis-Elysium,20,0.03281,False,Aegis,Elysium,3.28,very_low,0,0.3932,0
Boreas-Dawn,20,0.01073,False,Boreas,Dawn,1.07,very_low,0,0.1286,0
Boreas-Elysium,20,0.05958,False,Boreas,Elysium,5.96,low,0,0.7141,0
Boreas-Fenix,20,0.12415,False,Boreas,Fenix,12.42,medium,0,1.488,0
Caelum-Dawn,20,0.16802,False,Caelum,Dawn,16.8,medium,0,2.0138,0
Caelum-Elysium,20,0.05246,False,Caelum,Elysium,5.25,low,0,0.6288,0
Caelum-Fenix,20,0.26439,False,Caelum,Fenix,26.44,high,1,3.1689,0
Dawn-Elysium,20,0.05639,False,Dawn,Elysium,5.64,low,0,0.6759,0
Dawn-Fenix,20,0.07322,False,Dawn,Fenix,7.32,low,0,0.8776,0
Elysium-Fenix,20,0.00765,True,Elysium,Fenix,0.76,very_low,0,0.0917,1
Aegis-Boreas,21,0.27164,False,Aegis,Boreas,27.16,high,1,3.2558,0
Aegis-Dawn,21,0.04775,False,Aegis,Dawn,4.78,very_low,0,0.5723,0
Aegis-Elysium,21,0.04038,False,Aegis,Elysium,4.04,very_low,0,0.484,0
Boreas-Dawn,21,0.0263,False,Boreas,Dawn,2.63,very_low,0,0.3152,0
Boreas-Elysium,21,0.22866,False,Boreas,Elysium,22.87,high,1,2.7406,0
Boreas-Fenix,21,0.00354,False,Boreas,Fenix,0.35,very_low,0,0.0424,0
Caelum-Dawn,21,0.18096,False,Caelum,Dawn,18.1,medium,0,2.1689,0
Caelum-Elysium,21,0.01222,False,Caelum,Elysium,1.22,very_low,0,0.1465,0
Caelum-Fenix,21,0.11291,False,Caelum,Fenix,11.29,medium,0,1.3533,0
Dawn-Elysium,21,0.01415,False,Dawn,Elysium,1.42,very_low,0,0.1696,0
Dawn-Fenix,21,0.03453,False,Dawn,Fenix,3.45,very_low,0,0.4139,0
Elysium-Fenix,21,0.02697,False,Elysium,Fenix,2.7,very_low,0,0.3233,0
Aegis-Boreas,22,0.21287,True,Aegis,Boreas,21.29,high,1,2.5514,1
Aegis-Dawn,22,0.12769,False,Aegis,Dawn,12.77,medium,0,1.5304,0
Aegis-Elysium,22,0.09789,False,Aegis,Elysium,9.79,low,0,1.1733,0
Boreas-Dawn,22,0.06071,False,Boreas,Dawn,6.07,low,0,0.7276,0
Boreas-Elysium,22,0.00455,False,Boreas,Elysium,0.46,very_low,0,0.0545,0
Boreas-Fenix,22,0.24205,False,Boreas,Fenix,24.2,high,1,2.9011,0
Caelum-Dawn,22,0.03701,False,Caelum,Dawn,3.7,very_low,0,0.4436,0
Caelum-Elysium,22,0.06074,False,Caelum,Elysium,6.07,low,0,0.728,0
Caelum-Fenix,22,0.06122,False,Caelum,Fenix,6.12,low,0,0.7338,0
Dawn-Elysium,22,0.00246,False,Dawn,Elysium,0.25,very_low,0,0.0295,0
Dawn-Fenix,22,0.01516,False,Dawn,Fenix,1.52,very_low,0,0.1817,0
Elysium-Fenix,22,0.07766,False,Elysium,Fenix,7.77,low,0,0.9308,0
Aegis-Boreas,23,0.11035,False,Aegis,Boreas,11.04,medium,0,1.3226,0
Aegis-Dawn,23,0.04783,False,Aegis,Dawn,4.78,very_low,0,0.5733,0
Aegis-Elysium,23,0.0834330688935281,False,Aegis,Elysium,8.34,low,0,1.0,0
Boreas-Dawn,23,0.0834330688935281,False,Boreas,Dawn,8.34,low,0,1.0,0
Boreas-Elysium,23,0.0834330688935281,False,Boreas,Elysium,8.34,low,0,1.0,0
Boreas-Fenix,23,0.04852,False,Boreas,Fenix,4.85,very_low,0,0.5815,0
Caelum-Dawn,23,0.02723,False,Caelum,Dawn,2.72,very_low,0,0.3264,0
Caelum-Elysium,23,0.14095,True,Caelum,Elysium,14.1,medium,0,1.6894,1
Caelum-Fenix,23,0.02544,False,Caelum,Fenix,2.54,very_low,0,0.3049,0
Dawn-Elysium,23,0.02381,False,Dawn,Elysium,2.38,very_low,0,0.2854,0
Dawn-Fenix,23,0.07561,False,Dawn,Fenix,7.56,low,0,0.9062,0
Elysium-Fenix,23,0.07925,False,Elysium,Fenix,7.92,low,0,0.9499,0
Aegis-Boreas,24,0.06931,False,Aegis,Boreas,6.93,low,0,0.8307,0
Aegis-Dawn,24,0.24566,False,Aegis,Dawn,24.57,high,1,2.9444,0
Aegis-Elysium,24,0.00107,False,Aegis,Elysium,0.11,very_low,0,0.0128,0
Boreas-Dawn,24,0.13617,False,Boreas,Dawn,13.62,medium,0,1.6321,0
Boreas-Elysium,24,0.03052,True,Boreas,Elysium,3.05,very_low,0,0.3658,1
Boreas-Fenix,24,0.1139,False,Boreas,Fenix,11.39,medium,0,1.3652,0
Caelum-Dawn,24,0.0834330688935281,False,Caelum,Dawn,8.34,low,0,1.0,0
Caelum-Elysium,24,0.03819,False,Caelum,Elysium,3.82,very_low,0,0.4577,0
Caelum-Fenix,24,0.0553,False,Caelum,Fenix,5.53,low,0,0.6628,0
Dawn-Elysium,24,0.02847,False,Dawn,Elysium,2.85,very_low,0,0.3412,0
Dawn-Fenix,24,0.0834330688935281,False,Dawn,Fenix,8.34,low,0,1.0,0
Elysium-Fenix,24,0.04267,False,Elysium,Fenix,4.27,very_low,0,0.5114,0
Aegis-Boreas,25,0.05474,False,Aegis,Boreas,5.47,low,0,0.6561,0
Aegis-Dawn,25,0.12162,False,Aegis,Dawn,12.16,medium,0,1.4577,0
Aegis-Elysium,25,0.00362,False,Aegis,Elysium,0.36,very_low,0,0.0434,0
Boreas-Dawn,25,0.04919,False,Boreas,Dawn,4.92,very_low,0,0.5896,0
Boreas-Elysium,25,0.13043,False,Boreas,Elysium,13.04,medium,0,1.5633,0
Boreas-Fenix,25,0.16606,True,Boreas,Fenix,16.61,medium,0,1.9903,1
Caelum-Dawn,25,0.03322,False,Caelum,Dawn,3.32,very_low,0,0.3982,0
Caelum-Elysium,25,0.27126,False,Caelum,Elysium,27.13,high,1,3.2512,0
Caelum-Fenix,25,0.02649,False,Caelum,Fenix,2.65,very_low,0,0.3175,0
Dawn-Elysium,25,0.01808,False,Dawn,Elysium,1.81,very_low,0,0.2167,0
Dawn-Fenix,25,0.03271,False,Dawn,Fenix,3.27,very_low,0,0.3921,0
Elysium-Fenix,25,0.09259,False,Elysium,Fenix,9.26,low,0,1.1098,0
Aegis-Boreas,26,0.02502,False,Aegis,Boreas,2.5,very_low,0,0.2999,0
Aegis-Dawn,26,0.0255,False,Aegis,Dawn,2.55,very_low,0,0.3056,0
Aegis-Elysium,26,0.05611,False,Aegis,Elysium,5.61,low,0,0.6725,0
Boreas-Dawn,26,0.02975,False,Boreas,Dawn,2.97,very_low,0,0.3566,0
Boreas-Elysium,26,0.09809,False,Boreas,Elysium,9.81,low,0,1.1757,0
Boreas-Fenix,26,0.09404,False,Boreas,Fenix,9.4,low,0,1.1271,0
Caelum-Dawn,26,0.04327,False,Caelum,Dawn,4.33,very_low,0,0.5186,0
Caelum-Elysium,26,0.01789,False,Caelum,Elysium,1.79,very_low,0,0.2144,0
Caelum-Fenix,26,0.19565,True,Caelum,Fenix,19.56,medium,0,2.345,1
Dawn-Elysium,26,0.16464,False,Dawn,Elysium,16.46,medium,0,1.9733,0
Dawn-Fenix,26,0.11333,False,Dawn,Fenix,11.33,medium,0,1.3583,0
Elysium-Fenix,26,0.13671,True,Elysium,Fenix,13.67,medium,0,1.6386,1
Aegis-Boreas,27,0.09082,False,Aegis,Boreas,9.08,low,0,1.0885,0
Aegis-Dawn,27,0.11658,False,Aegis,Dawn,11.66,medium,0,1.3973,0
Aegis-Elysium,27,0.04103,False,Aegis,Elysium,4.1,very_low,0,0.4918,0
Boreas-Dawn,27,0.01735,False,Boreas,Dawn,1.74,very_low,0,0.208,0
Boreas-Elysium,27,0.03064,False,Boreas,Elysium,3.06,very_low,0,0.3672,0
Boreas-Fenix,27,0.036,False,Boreas,Fenix,3.6,very_low,0,0.4315,0
Caelum-Dawn,27,0.00645,False,Caelum,Dawn,0.64,very_low,0,0.0773,0
Caelum-Elysium,27,0.28455,False,Caelum,Elysium,28.46,high,1,3.4105,0
Caelum-Fenix,27,0.02967,False,Caelum,Fenix,2.97,very_low,0,0.3556,0
Dawn-Elysium,27,0.02168,False,Dawn,Elysium,2.17,very_low,0,0.2598,0
Dawn-Fenix,27,0.155,False,Dawn,Fenix,15.5,medium,0,1.8578,0
Elysium-Fenix,27,0.17022,False,Elysium,Fenix,17.02,medium,0,2.0402,0
Aegis-Boreas,28,0.11393,False,Aegis,Boreas,11.39,medium,0,1.3655,0
Aegis-Dawn,28,0.15057,False,Aegis,Dawn,15.06,medium,0,1.8047,0
Aegis-Elysium,28,0.06827,False,Aegis,Elysium,6.83,low,0,0.8183,0
Boreas-Dawn,28,0.02193,False,Boreas,Dawn,2.19,very_low,0,0.2628,0
Boreas-Elysium,28,0.00477,False,Boreas,Elysium,0.48,very_low,0,0.0572,0
Boreas-Fenix,28,0.09122,False,Boreas,Fenix,9.12,low,0,1.0933,0
Caelum-Dawn,28,0.01436,False,Caelum,Dawn,1.44,very_low,0,0.1721,0
Caelum-Elysium,28,0.01903,False,Caelum,Elysium,1.9,very_low,0,0.2281,0
Caelum-Fenix,28,0.09363,False,Caelum,Fenix,9.36,low,0,1.1222,0
Dawn-Elysium,28,0.15291,False,Dawn,Elysium,15.29,medium,0,1.8327,0
Dawn-Fenix,28,1e-05,False,Dawn,Fenix,0.0,very_low,0,0.0001,0
Elysium-Fenix,28,0.26937,False,Elysium,Fenix,26.94,high,1,3.2286,0
Aegis-Boreas,29,0.18634,False,Aegis,Boreas,18.63,medium,0,2.2334,0
Aegis-Dawn,29,0.01128,False,Aegis,Dawn,1.13,very_low,0,0.1352,0
Aegis-Elysium,29,0.01852,False,Aegis,Elysium,1.85,very_low,0,0.222,0
Boreas-Dawn,29,0.08541,True,Boreas,Dawn,8.54,low,0,1.0237,1
Boreas-Elysium,29,0.01071,False,Boreas,Elysium,1.07,very_low,0,0.1284,0
Boreas-Fenix,29,0.05046,True,Boreas,Fenix,5.05,low,0,0.6048,1
Caelum-Dawn,29,0.00119,False,Caelum,Dawn,0.12,very_low,0,0.0143,0
Caelum-Elysium,29,0.19009,False,Caelum,Elysium,19.01,medium,0,2.2784,0
Caelum-Fenix,29,0.08535,False,Caelum,Fenix,8.54,low,0,1.023,0
Dawn-Elysium,29,0.03465,False,Dawn,Elysium,3.46,very_low,0,0.4153,0
Dawn-Fenix,29,0.27894,False,Dawn,Fenix,27.89,high,1,3.3433,0
Elysium-Fenix,29,0.04706,False,Elysium,Fenix,4.71,very_low,0,0.564,0
Aegis-Boreas,30,0.00769,False,Aegis,Boreas,0.77,very_low,0,0.0922,0
Aegis-Dawn,30,0.03719,False,Aegis,Dawn,3.72,very_low,0,0.4457,0
Aegis-Elysium,30,0.13332,False,Aegis,Elysium,13.33,medium,0,1.5979,0
Boreas-Dawn,30,0.08705,False,Boreas,Dawn,8.7,low,0,1.0434,0
Boreas-Elysium,30,0.15633,False,Boreas,Elysium,15.63,medium,0,1.8737,0
Boreas-Fenix,30,0.05308,False,Boreas,Fenix,5.31,low,0,0.6362,0
Caelum-Dawn,30,0.02966,False,Caelum,Dawn,2.97,very_low,0,0.3555,0
Caelum-Elysium,30,0.20829,False,Caelum,Elysium,20.83,high,1,2.4965,0
Caelum-Fenix,30,0.25905,False,Caelum,Fenix,25.9,high,1,3.1049,0
Dawn-Elysium,30,0.0834330688935281,False,Dawn,Elysium,8.34,low,0,1.0,0
Dawn-Fenix,30,0.00596,False,Dawn,Fenix,0.6,very_low,0,0.0714,0
Elysium-Fenix,30,0.02016,False,Elysium,Fenix,2.02,very_low,0,0.2416,0
Aegis-Boreas,31,0.05793,False,Aegis,Boreas,5.79,low,0,0.6943,0
Aegis-Dawn,31,0.04157,False,Aegis,Dawn,4.16,very_low,0,0.4982,0
Aegis-Elysium,31,0.20407,False,Aegis,Elysium,20.41,high,1,2.4459,0
Boreas-Dawn,31,0.0834330688935281,True,Boreas,Dawn,8.34,low,0,1.0,1
Boreas-Elysium,31,0.01738,False,Boreas,Elysium,1.74,very_low,0,0.2083,0
Boreas-Fenix,31,0.07907,False,Boreas,Fenix,7.91,low,0,0.9477,0
Caelum-Dawn,31,0.06723,False,Caelum,Dawn,6.72,low,0,0.8058,0
Caelum-Elysium,31,0.15841,True,Caelum,Elysium,15.84,medium,0,1.8986,1
Caelum-Fenix,31,0.10854,False,Caelum,Fenix,10.85,medium,0,1.3009,0
Dawn-Elysium,31,0.06332,False,Dawn,Elysium,6.33,low,0,0.7589,0
Dawn-Fenix,31,0.05048,False,Dawn,Fenix,5.05,low,0,0.605,0
Elysium-Fenix,31,0.03594,False,Elysium,Fenix,3.59,very_low,0,0.4308,0
Aegis-Boreas,32,0.1646,False,Aegis,Boreas,16.46,medium,0,1.9728,0
Aegis-Dawn,32,0.01772,False,Aegis,Dawn,1.77,very_low,0,0.2124,0
Aegis-Elysium,32,0.12261,False,Aegis,Elysium,12.26,medium,0,1.4696,0
Boreas-Dawn,32,0.09518,False,Boreas,Dawn,9.52,low,0,1.1408,0
Boreas-Elysium,32,0.04898,False,Boreas,Elysium,4.9,very_low,0,0.5871,0
Boreas-Fenix,32,0.07978,False,Boreas,Fenix,7.98,low,0,0.9562,0
Caelum-Dawn,32,0.04582,True,Caelum,Dawn,4.58,very_low,0,0.5492,1
Caelum-Elysium,32,0.18282,False,Caelum,Elysium,18.28,medium,0,2.1912,0
Caelum-Fenix,32,0.02277,False,Caelum,Fenix,2.28,very_low,0,0.2729,0
Dawn-Elysium,32,0.01543,False,Dawn,Elysium,1.54,very_low,0,0.1849,0
Dawn-Fenix,32,0.16919,True,Dawn,Fenix,16.92,medium,0,2.0279,1
Elysium-Fenix,32,0.03509,False,Elysium,Fenix,3.51,very_low,0,0.4206,0
Aegis-Boreas,33,0.0834330688935281,False,Aegis,Boreas,8.34,low,0,1.0,0
Aegis-Dawn,33,0.01242,False,Aegis,Dawn,1.24,very_low,0,0.1489,0
Aegis-Elysium,33,0.04613,False,Aegis,Elysium,4.61,very_low,0,0.5529,0
Boreas-Dawn,33,0.07043,False,Boreas,Dawn,7.04,low,0,0.8441,0
Boreas-Elysium,33,0.17618,False,Boreas,Elysium,17.62,medium,0,2.1116,0
Boreas-Fenix,33,0.02947,False,Boreas,Fenix,2.95,very_low,0,0.3532,0
Caelum-Dawn,33,0.203,False,Caelum,Dawn,20.3,high,1,2.4331,0
Caelum-Elysium,33,0.06821,False,Caelum,Elysium,6.82,low,0,0.8175,0
Caelum-Fenix,33,0.19365,True,Caelum,Fenix,19.36,medium,0,2.321,1
Dawn-Elysium,33,0.02433,False,Dawn,Elysium,2.43,very_low,0,0.2916,0
Dawn-Fenix,33,0.03495,True,Dawn,Fenix,3.5,very_low,0,0.4189,1
Elysium-Fenix,33,0.09353,False,Elysium,Fenix,9.35,low,0,1.121,0
Aegis-Boreas,34,0.11494,False,Aegis,Boreas,11.49,medium,0,1.3776,0
Aegis-Dawn,34,0.03512,False,Aegis,Dawn,3.51,very_low,0,0.4209,0
Aegis-Elysium,34,0.0568,False,Aegis,Elysium,5.68,low,0,0.6808,0
Boreas-Dawn,34,0.16521,False,Boreas,Dawn,16.52,medium,0,1.9802,0
Boreas-Elysium,34,0.03921,False,Boreas,Elysium,3.92,very_low,0,0.47,0
Boreas-Fenix,34,0.1505,True,Boreas,Fenix,15.05,medium,0,1.8038,1
Caelum-Dawn,34,0.03529,False,Caelum,Dawn,3.53,very_low,0,0.423,0
Caelum-Elysium,34,0.00044,True,Caelum,Elysium,0.04,very_low,0,0.0053,1
Caelum-Fenix,34,0.11744,False,Caelum,Fenix,11.74,medium,0,1.4076,0
Dawn-Elysium,34,0.08887,False,Dawn,Elysium,8.89,low,0,1.0652,0
Dawn-Fenix,34,0.0834330688935281,False,Dawn,Fenix,8.34,low,0,1.0,0
Elysium-Fenix,34,0.14825,False,Elysium,Fenix,14.82,medium,0,1.7769,0
Aegis-Boreas,35,0.03234,False,Aegis,Boreas,3.23,very_low,0,0.3876,0
Aegis-Dawn,35,0.03939,False,Aegis,Dawn,3.94,very_low,0,0.4721,0
Aegis-Elysium,35,0.03082,False,Aegis,Elysium,3.08,very_low,0,0.3694,0
Boreas-Dawn,35,0.06365,False,Boreas,Dawn,6.36,low,0,0.7629,0
Boreas-Elysium,35,0.13024,False,Boreas,Elysium,13.02,medium,0,1.561,0
Boreas-Fenix,35,0.06101,False,Boreas,Fenix,6.1,low,0,0.7312,0
Caelum-Dawn,35,0.19157,False,Caelum,Dawn,19.16,medium,0,2.2961,0
Caelum-Elysium,35,0.06589,False,Caelum,Elysium,6.59,low,0,0.7897,0
Caelum-Fenix,35,0.24663,False,Caelum,Fenix,24.66,high,1,2.956,0
Dawn-Elysium,35,0.00829,True,Dawn,Elysium,0.83,very_low,0,0.0994,1
Dawn-Fenix,35,0.10025,False,Dawn,Fenix,10.02,medium,0,1.2016,0
Elysium-Fenix,35,0.02992,False,Elysium,Fenix,2.99,very_low,0,0.3586,0
Aegis-Boreas,36,0.14044,False,Aegis,Boreas,14.04,medium,0,1.6833,0
Aegis-Dawn,36,0.11167,False,Aegis,Dawn,11.17,medium,0,1.3384,0
Aegis-Elysium,36,0.05077,False,Aegis,Elysium,5.08,low,0,0.6085,0
Boreas-Dawn,36,0.15458,False,Boreas,Dawn,15.46,medium,0,1.8527,0
Boreas-Elysium,36,0.10872,False,Boreas,Elysium,10.87,medium,0,1.3031,0
Boreas-Fenix,36,0.19809,False,Boreas,Fenix,19.81,medium,0,2.3742,0
Caelum-Dawn,36,0.00625,False,Caelum,Dawn,0.62,very_low,0,0.0749,0
Caelum-Elysium,36,0.06844,False,Caelum,Elysium,6.84,low,0,0.8203,0
Caelum-Fenix,36,0.00641,False,Caelum,Fenix,0.64,very_low,0,0.0768,0
Dawn-Elysium,36,0.0834330688935281,False,Dawn,Elysium,8.34,low,0,1.0,0
Dawn-Fenix,36,0.00977,False,Dawn,Fenix,0.98,very_low,0,0.1171,0
Elysium-Fenix,36,0.09235,False,Elysium,Fenix,9.24,low,0,1.1069,0
Aegis-Boreas,37,0.05364,True,Aegis,Boreas,5.36,low,0,0.6429,1
Aegis-Dawn,37,0.03694,False,Aegis,Dawn,3.69,very_low,0,0.4428,0
Aegis-Elysium,37,0.01264,False,Aegis,Elysium,1.26,very_low,0,0.1515,0
Boreas-Dawn,37,0.26166,False,Boreas,Dawn,26.17,high,1,3.1362,0
Boreas-Elysium,37,0.07969,False,Boreas,Elysium,7.97,low,0,0.9551,0
Boreas-Fenix,37,0.0602,False,Boreas,Fenix,6.02,low,0,0.7215,0
Caelum-Dawn,37,0.34862,False,Caelum,Dawn,34.86,high,1,4.1784,0
Caelum-Elysium,37,0.0118,False,Caelum,Elysium,1.18,very_low,0,0.1414,0
Caelum-Fenix,37,0.02359,False,Caelum,Fenix,2.36,very_low,0,0.2827,0
Dawn-Elysium,37,0.02144,False,Dawn,Elysium,2.14,very_low,0,0.257,0
Dawn-Fenix,37,0.03217,False,Dawn,Fenix,3.22,very_low,0,0.3856,0
Elysium-Fenix,37,0.05762,False,Elysium,Fenix,5.76,low,0,0.6906,0
Aegis-Boreas,38,0.05222,False,Aegis,Boreas,5.22,low,0,0.6259,0
Aegis-Dawn,38,0.24962,True,Aegis,Dawn,24.96,high,1,2.9919,1
Aegis-Elysium,38,0.00095,False,Aegis,Elysium,0.1,very_low,0,0.0114,0
Boreas-Dawn,38,0.19795,False,Boreas,Dawn,19.79,medium,0,2.3726,0
Boreas-Elysium,38,0.13429,True,Boreas,Elysium,13.43,medium,0,1.6096,1
Boreas-Fenix,38,0.02779,False,Boreas,Fenix,2.78,very_low,0,0.3331,0
Caelum-Dawn,38,0.09206,False,Caelum,Dawn,9.21,low,0,1.1034,0
Caelum-Elysium,38,0.14788,False,Caelum,Elysium,14.79,medium,0,1.7724,0
Caelum-Fenix,38,0.03893,False,Caelum,Fenix,3.89,very_low,0,0.4666,0
Dawn-Elysium,38,0.00037,False,Dawn,Elysium,0.04,very_low,0,0.0044,0
Dawn-Fenix,38,0.01673,False,Dawn,Fenix,1.67,very_low,0,0.2005,0
Elysium-Fenix,38,0.0412,False,Elysium,Fenix,4.12,very_low,0,0.4938,0
Aegis-Boreas,39,0.02705,False,Aegis,Boreas,2.7,very_low,0,0.3242,0
Aegis-Dawn,39,0.01414,False,Aegis,Dawn,1.41,very_low,0,0.1695,0
Aegis-Elysium,39,0.20275,False,Aegis,Elysium,20.28,high,1,2.4301,0
Boreas-Dawn,39,0.13222,True,Boreas,Dawn,13.22,medium,0,1.5847,1
Boreas-Elysium,39,0.08962,False,Boreas,Elysium,8.96,low,0,1.0742,0
Boreas-Fenix,39,0.2502,False,Boreas,Fenix,25.02,high,1,2.9988,0
Caelum-Dawn,39,0.09695,False,Caelum,Dawn,9.7,low,0,1.162,0
Caelum-Elysium,39,0.01555,False,Caelum,Elysium,1.56,very_low,0,0.1864,0
Caelum-Fenix,39,0.05466,False,Caelum,Fenix,5.47,low,0,0.6551,0
Dawn-Elysium,39,0.08719,False,Dawn,Elysium,8.72,low,0,1.045,0
Dawn-Fenix,39,0.00039,False,Dawn,Fenix,0.04,very_low,0,0.0047,0
Elysium-Fenix,39,0.02926,False,Elysium,Fenix,2.93,very_low,0,0.3507,0
Aegis-Boreas,40,0.20895,False,Aegis,Boreas,20.9,high,1,2.5044,0
Aegis-Dawn,40,0.12932,False,Aegis,Dawn,12.93,medium,0,1.55,0
Aegis-Elysium,40,0.03212,True,Aegis,Elysium,3.21,very_low,0,0.385,1
Boreas-Dawn,40,0.01027,False,Boreas,Dawn,1.03,very_low,0,0.1231,0
Boreas-Elysium,40,0.03548,False,Boreas,Elysium,3.55,very_low,0,0.4253,0
Boreas-Fenix,40,0.05579,True,Boreas,Fenix,5.58,low,0,0.6687,1
Caelum-Dawn,40,0.02375,False,Caelum,Dawn,2.38,very_low,0,0.2847,0
Caelum-Elysium,40,0.08338,False,Caelum,Elysium,8.34,low,0,0.9994,0
Caelum-Fenix,40,0.21458,False,Caelum,Fenix,21.46,high,1,2.5719,0
Dawn-Elysium,40,0.05966,False,Dawn,Elysium,5.97,low,0,0.7151,0
Dawn-Fenix,40,0.02904,False,Dawn,Fenix,2.9,very_low,0,0.3481,0
Elysium-Fenix,40,0.11767,False,Elysium,Fenix,11.77,medium,0,1.4104,0
Aegis-Boreas,41,0.08823,False,Aegis,Boreas,8.82,low,0,1.0575,0
Aegis-Dawn,41,0.02838,False,Aegis,Dawn,2.84,very_low,0,0.3402,0
Aegis-Elysium,41,0.01536,False,Aegis,Elysium,1.54,very_low,0,0.1841,0
Boreas-Dawn,41,0.21705,False,Boreas,Dawn,21.7,high,1,2.6015,0
Boreas-Elysium,41,0.00492,False,Boreas,Elysium,0.49,very_low,0,0.059,0
Boreas-Fenix,41,0.17966,False,Boreas,Fenix,17.97,medium,0,2.1533,0
Caelum-Dawn,41,0.04665,False,Caelum,Dawn,4.66,very_low,0,0.5591,0
Caelum-Elysium,41,0.00516,False,Caelum,Elysium,0.52,very_low,0,0.0618,0
Caelum-Fenix,41,0.13781,False,Caelum,Fenix,13.78,medium,0,1.6517,0
Dawn-Elysium,41,0.06859,True,Dawn,Elysium,6.86,low,0,0.8221,1
Dawn-Fenix,41,0.02134,False,Dawn,Fenix,2.13,very_low,0,0.2558,0
Elysium-Fenix,41,0.0834330688935281,False,Elysium,Fenix,8.34,low,0,1.0,0
Aegis-Boreas,42,0.00838,False,Aegis,Boreas,0.84,very_low,0,0.1004,0
Aegis-Dawn,42,0.08002,False,Aegis,Dawn,8.0,low,0,0.9591,0
Aegis-Elysium,42,0.00423,False,Aegis,Elysium,0.42,very_low,0,0.0507,0
Boreas-Dawn,42,0.1309,False,Boreas,Dawn,13.09,medium,0,1.5689,0
Boreas-Elysium,42,0.03871,False,Boreas,Elysium,3.87,very_low,0,0.464,0
Boreas-Fenix,42,0.04545,False,Boreas,Fenix,4.54,very_low,0,0.5447,0
Caelum-Dawn,42,0.10075,False,Caelum,Dawn,10.08,medium,0,1.2076,0
Caelum-Elysium,42,0.09079,True,Caelum,Elysium,9.08,low,0,1.0882,1
Caelum-Fenix,42,0.22551,False,Caelum,Fenix,22.55,high,1,2.7029,0
Dawn-Elysium,42,0.08267,False,Dawn,Elysium,8.27,low,0,0.9909,0
Dawn-Fenix,42,0.13327,False,Dawn,Fenix,13.33,medium,0,1.5973,0
Elysium-Fenix,42,0.05934,False,Elysium,Fenix,5.93,low,0,0.7112,0
Aegis-Boreas,43,0.19045,True,Aegis,Boreas,19.05,medium,0,2.2827,1
Aegis-Dawn,43,0.05444,False,Aegis,Dawn,5.44,low,0,0.6525,0
Aegis-Elysium,43,0.05825,False,Aegis,Elysium,5.82,low,0,0.6982,0
Boreas-Dawn,43,0.36121,False,Boreas,Dawn,36.12,very_high,1,4.3293,0
Boreas-Elysium,43,0.01206,False,Boreas,Elysium,1.21,very_low,0,0.1445,0
Boreas-Fenix,43,0.08376,False,Boreas,Fenix,8.38,low,0,1.0039,0
Caelum-Dawn,43,0.0155,False,Caelum,Dawn,1.55,very_low,0,0.1858,0
Caelum-Elysium,43,0.01329,False,Caelum,Elysium,1.33,very_low,0,0.1593,0
Caelum-Fenix,43,0.01629,False,Caelum,Fenix,1.63,very_low,0,0.1952,0
Dawn-Elysium,43,0.04399,False,Dawn,Elysium,4.4,very_low,0,0.5272,0
Dawn-Fenix,43,0.09194,False,Dawn,Fenix,9.19,low,0,1.102,0
Elysium-Fenix,43,0.05883,False,Elysium,Fenix,5.88,low,0,0.7051,0
Aegis-Boreas,44,0.05196,False,Aegis,Boreas,5.2,low,0,0.6228,0
Aegis-Dawn,44,0.11293,False,Aegis,Dawn,11.29,medium,0,1.3535,0
Aegis-Elysium,44,0.11865,False,Aegis,Elysium,11.86,medium,0,1.4221,0
Boreas-Dawn,44,0.11354,False,Boreas,Dawn,11.35,medium,0,1.3609,0
Boreas-Elysium,44,0.0492,False,Boreas,Elysium,4.92,very_low,0,0.5897,0
Boreas-Fenix,44,0.04542,True,Boreas,Fenix,4.54,very_low,0,0.5444,1
Caelum-Dawn,44,0.1203,False,Caelum,Dawn,12.03,medium,0,1.4419,0
Caelum-Elysium,44,0.2262,False,Caelum,Elysium,22.62,high,1,2.7112,0
Caelum-Fenix,44,0.05969,False,Caelum,Fenix,5.97,low,0,0.7154,0
Dawn-Elysium,44,0.00395,False,Dawn,Elysium,0.4,very_low,0,0.0473,0
Dawn-Fenix,44,0.0838,False,Dawn,Fenix,8.38,low,0,1.0044,0
Elysium-Fenix,44,0.01435,False,Elysium,Fenix,1.44,very_low,0,0.172,0
Aegis-Boreas,45,0.00171,False,Aegis,Boreas,0.17,very_low,0,0.0205,0
Aegis-Dawn,45,0.29488,False,Aegis,Dawn,29.49,high,1,3.5343,0
Aegis-Elysium,45,0.07201,False,Aegis,Elysium,7.2,low,0,0.8631,0
Boreas-Dawn,45,0.05379,False,Boreas,Dawn,5.38,low,0,0.6447,0
Boreas-Elysium,45,0.0258,False,Boreas,Elysium,2.58,very_low,0,0.3092,0
Boreas-Fenix,45,0.0834330688935281,False,Boreas,Fenix,8.34,low,0,1.0,0
Caelum-Dawn,45,0.14888,False,Caelum,Dawn,14.89,medium,0,1.7844,0
Caelum-Elysium,45,0.16156,False,Caelum,Elysium,16.16,medium,0,1.9364,0
Caelum-Fenix,45,0.03683,False,Caelum,Fenix,3.68,very_low,0,0.4414,0
Dawn-Elysium,45,0.09571,False,Dawn,Elysium,9.57,low,0,1.1471,0
Dawn-Fenix,45,0.06095,False,Dawn,Fenix,6.1,low,0,0.7305,0
Elysium-Fenix,45,0.00125,False,Elysium,Fenix,0.12,very_low,0,0.015,0
Aegis-Boreas,46,0.11109,False,Aegis,Boreas,11.11,medium,0,1.3315,0
Aegis-Dawn,46,0.10259,False,Aegis,Dawn,10.26,medium,0,1.2296,0
Aegis-Elysium,46,0.0009,False,Aegis,Elysium,0.09,very_low,0,0.0108,0
Boreas-Dawn,46,0.15367,False,Boreas,Dawn,15.37,medium,0,1.8418,0
Boreas-Elysium,46,0.05394,False,Boreas,Elysium,5.39,low,0,0.6465,0
Boreas-Fenix,46,0.00993,False,Boreas,Fenix,0.99,very_low,0,0.119,0
Caelum-Dawn,46,0.06004,False,Caelum,Dawn,6.0,low,0,0.7196,0
Caelum-Elysium,46,0.18694,False,Caelum,Elysium,18.69,medium,0,2.2406,0
Caelum-Fenix,46,0.07618,False,Caelum,Fenix,7.62,low,0,0.9131,0
Dawn-Elysium,46,0.03062,False,Dawn,Elysium,3.06,very_low,0,0.367,0
Dawn-Fenix,46,0.01016,False,Dawn,Fenix,1.02,very_low,0,0.1218,0
Elysium-Fenix,46,0.0834330688935281,False,Elysium,Fenix,8.34,low,0,1.0,0
Aegis-Boreas,47,0.08217,False,Aegis,Boreas,8.22,low,0,0.9849,0
Aegis-Dawn,47,0.03073,False,Aegis,Dawn,3.07,very_low,0,0.3683,0
Aegis-Elysium,47,0.01981,False,Aegis,Elysium,1.98,very_low,0,0.2374,0
Boreas-Dawn,47,0.02489,False,Boreas,Dawn,2.49,very_low,0,0.2983,0
Boreas-Elysium,47,0.09045,False,Boreas,Elysium,9.04,low,0,1.0841,0
Boreas-Fenix,47,0.18599,False,Boreas,Fenix,18.6,medium,0,2.2292,0
Caelum-Dawn,47,0.09653,False,Caelum,Dawn,9.65,low,0,1.157,0
Caelum-Elysium,47,0.07908,False,Caelum,Elysium,7.91,low,0,0.9478,0
Caelum-Fenix,47,0.06511,False,Caelum,Fenix,6.51,low,0,0.7804,0
Dawn-Elysium,47,0.02916,False,Dawn,Elysium,2.92,very_low,0,0.3495,0
Dawn-Fenix,47,0.1022,False,Dawn,Fenix,10.22,medium,0,1.2249,0
Elysium-Fenix,47,0.19389,False,Elysium,Fenix,19.39,medium,0,2.3239,0
Aegis-Boreas,48,0.08916,False,Aegis,Boreas,8.92,low,0,1.0686,0
Aegis-Dawn,48,0.00405,False,Aegis,Dawn,0.4,very_low,0,0.0485,0
Aegis-Elysium,48,0.12162,False,Aegis,Elysium,12.16,medium,0,1.4577,0
Boreas-Dawn,48,0.16517,True,Boreas,Dawn,16.52,medium,0,1.9797,1
Boreas-Elysium,48,0.09287,False,Boreas,Elysium,9.29,low,0,1.1131,0
Boreas-Fenix,48,0.03213,False,Boreas,Fenix,3.21,very_low,0,0.3851,0
Caelum-Dawn,48,0.03532,False,Caelum,Dawn,3.53,very_low,0,0.4233,0
Caelum-Elysium,48,0.08217,True,Caelum,Elysium,8.22,low,0,0.9849,1
Caelum-Fenix,48,0.007,False,Caelum,Fenix,0.7,very_low,0,0.0839,0
Dawn-Elysium,48,0.10852,False,Dawn,Elysium,10.85,medium,0,1.3007,0
Dawn-Fenix,48,0.17277,False,Dawn,Fenix,17.28,medium,0,2.0708,0
Elysium-Fenix,48,0.08921,False,Elysium,Fenix,8.92,low,0,1.0692,0
Aegis-Boreas,49,0.05101,True,Aegis,Boreas,5.1,low,0,0.6114,1
Aegis-Dawn,49,0.11053,False,Aegis,Dawn,11.05,medium,0,1.3248,0
Aegis-Elysium,49,0.00154,False,Aegis,Elysium,0.15,very_low,0,0.0185,0
Boreas-Dawn,49,0.01641,False,Boreas,Dawn,1.64,very_low,0,0.1967,0
Boreas-Elysium,49,0.07205,False,Boreas,Elysium,7.2,low,0,0.8636,0
Boreas-Fenix,49,0.20271,False,Boreas,Fenix,20.27,high,1,2.4296,0
Caelum-Dawn,49,0.12618,False,Caelum,Dawn,12.62,medium,0,1.5123,0
Caelum-Elysium,49,0.14476,False,Caelum,Elysium,14.48,medium,0,1.735,0
Caelum-Fenix,49,0.0102,False,Caelum,Fenix,1.02,very_low,0,0.1223,0
Dawn-Elysium,49,0.12913,False,Dawn,Elysium,12.91,medium,0,1.5477,0
Dawn-Fenix,49,0.13056,False,Dawn,Fenix,13.06,medium,0,1.5648,0
Elysium-Fenix,49,0.00492,False,Elysium,Fenix,0.49,very_low,0,0.059,0
Aegis-Boreas,50,0.07595,False,Aegis,Boreas,7.6,low,0,0.9103,0
Aegis-Dawn,50,0.00663,False,Aegis,Dawn,0.66,very_low,0,0.0795,0
Aegis-Elysium,50,0.12482,False,Aegis,Elysium,12.48,medium,0,1.496,0
Boreas-Dawn,50,0.02472,False,Boreas,Dawn,2.47,very_low,0,0.2963,0
Boreas-Elysium,50,0.07073,False,Boreas,Elysium,7.07,low,0,0.8477,0
Boreas-Fenix,50,0.0834330688935281,False,Boreas,Fenix,8.34,low,0,1.0,0
Caelum-Dawn,50,0.11378,True,Caelum,Dawn,11.38,medium,0,1.3637,1
Caelum-Elysium,50,0.26642,False,Caelum,Elysium,26.64,high,1,3.1932,0
Caelum-Fenix,50,0.02941,False,Caelum,Fenix,2.94,very_low,0,0.3525,0
Dawn-Elysium,50,0.06798,False,Dawn,Elysium,6.8,low,0,0.8148,0
Dawn-Fenix,50,0.08065,False,Dawn,Fenix,8.06,low,0,0.9666,0
Elysium-Fenix,50,0.12163,False,Elysium,Fenix,12.16,medium,0,1.4578,0
Aegis-Boreas,51,0.18598,False,Aegis,Boreas,18.6,medium,0,2.2291,0
Aegis-Dawn,51,0.13499,False,Aegis,Dawn,13.5,medium,0,1.6179,0
Aegis-Elysium,51,0.0337,False,Aegis,Elysium,3.37,very_low,0,0.4039,0
Boreas-Dawn,51,0.01203,False,Boreas,Dawn,1.2,very_low,0,0.1442,0
Boreas-Elysium,51,0.06854,False,Boreas,Elysium,6.85,low,0,0.8215,0
Boreas-Fenix,51,0.01178,False,Boreas,Fenix,1.18,very_low,0,0.1412,0
Caelum-Dawn,51,0.10443,False,Caelum,Dawn,10.44,medium,0,1.2517,0
Caelum-Elysium,51,0.1624,False,Caelum,Elysium,16.24,medium,0,1.9465,0
Caelum-Fenix,51,0.14175,False,Caelum,Fenix,14.18,medium,0,1.699,0
Dawn-Elysium,51,0.04061,False,Dawn,Elysium,4.06,very_low,0,0.4867,0
Dawn-Fenix,51,0.00778,False,Dawn,Fenix,0.78,very_low,0,0.0932,0
Elysium-Fenix,51,0.096,False,Elysium,Fenix,9.6,low,0,1.1506,0
Aegis-Boreas,52,0.16707,False,Aegis,Boreas,16.71,medium,0,2.0024,0
Aegis-Dawn,52,0.15928,False,Aegis,Dawn,15.93,medium,0,1.9091,0
Aegis-Elysium,52,0.03376,False,Aegis,Elysium,3.38,very_low,0,0.4046,0
Boreas-Dawn,52,0.04463,False,Boreas,Dawn,4.46,very_low,0,0.5349,0
Boreas-Elysium,52,0.02839,False,Boreas,Elysium,2.84,very_low,0,0.3403,0
Boreas-Fenix,52,0.03359,False,Boreas,Fenix,3.36,very_low,0,0.4026,0
Caelum-Dawn,52,0.08014,False,Caelum,Dawn,8.01,low,0,0.9605,0
Caelum-Elysium,52,0.06772,False,Caelum,Elysium,6.77,low,0,0.8117,0
Caelum-Fenix,52,0.15993,False,Caelum,Fenix,15.99,medium,0,1.9169,0
Dawn-Elysium,52,0.06675,False,Dawn,Elysium,6.68,low,0,0.8,0
Dawn-Fenix,52,0.05154,False,Dawn,Fenix,5.15,low,0,0.6177,0
Elysium-Fenix,52,0.10719,False,Elysium,Fenix,10.72,medium,0,1.2847,0
Aegis-Boreas,53,0.03559,False,Aegis,Boreas,3.56,very_low,0,0.4266,0
Aegis-Dawn,53,0.0868,False,Aegis,Dawn,8.68,low,0,1.0404,0
Aegis-Elysium,53,0.0834330688935281,False,Aegis,Elysium,8.34,low,0,1.0,0
Boreas-Dawn,53,0.06728,False,Boreas,Dawn,6.73,low,0,0.8064,0
Boreas-Elysium,53,0.05289,False,Boreas,Elysium,5.29,low,0,0.6339,0
Boreas-Fenix,53,0.22867,False,Boreas,Fenix,22.87,high,1,2.7408,0
Caelum-Dawn,53,0.05515,False,Caelum,Dawn,5.52,low,0,0.661,0
Caelum-Elysium,53,0.00928,False,Caelum,Elysium,0.93,very_low,0,0.1112,0
Caelum-Fenix,53,0.01997,False,Caelum,Fenix,2.0,very_low,0,0.2394,0
Dawn-Elysium,53,0.01378,False,Dawn,Elysium,1.38,very_low,0,0.1652,0
Dawn-Fenix,53,0.13887,False,Dawn,Fenix,13.89,medium,0,1.6644,0
Elysium-Fenix,53,0.02955,False,Elysium,Fenix,2.96,very_low,0,0.3542,0
Aegis-Boreas,54,0.16736,False,Aegis,Boreas,16.74,medium,0,2.0059,0
Aegis-Dawn,54,0.09617,False,Aegis,Dawn,9.62,low,0,1.1527,0
Aegis-Elysium,54,0.1249,True,Aegis,Elysium,12.49,medium,0,1.497,1
Boreas-Dawn,54,0.15017,False,Boreas,Dawn,15.02,medium,0,1.7999,0
Boreas-Elysium,54,0.05475,False,Boreas,Elysium,5.48,low,0,0.6562,0
Boreas-Fenix,54,0.01584,False,Boreas,Fenix,1.58,very_low,0,0.1899,0
Caelum-Dawn,54,0.04186,False,Caelum,Dawn,4.19,very_low,0,0.5017,0
Caelum-Elysium,54,0.00806,False,Caelum,Elysium,0.81,very_low,0,0.0966,0
Caelum-Fenix,54,0.18636,False,Caelum,Fenix,18.64,medium,0,2.2336,0
Dawn-Elysium,54,0.04483,False,Dawn,Elysium,4.48,very_low,0,0.5373,0
Dawn-Fenix,54,0.10573,False,Dawn,Fenix,10.57,medium,0,1.2672,0
Elysium-Fenix,54,0.00397,False,Elysium,Fenix,0.4,very_low,0,0.0476,0
Aegis-Boreas,55,0.02571,False,Aegis,Boreas,2.57,very_low,0,0.3082,0
Aegis-Dawn,55,0.05609,False,Aegis,Dawn,5.61,low,0,0.6723,0
Aegis-Elysium,55,0.03699,True,Aegis,Elysium,3.7,very_low,0,0.4433,1
Boreas-Dawn,55,0.2828,True,Boreas,Dawn,28.28,high,1,3.3895,1
Boreas-Elysium,55,0.0517,False,Boreas,Elysium,5.17,low,0,0.6197,0
Boreas-Fenix,55,0.03966,False,Boreas,Fenix,3.97,very_low,0,0.4754,0
Caelum-Dawn,55,0.09994,False,Caelum,Dawn,9.99,low,0,1.1978,0
Caelum-Elysium,55,0.00556,False,Caelum,Elysium,0.56,very_low,0,0.0666,0
Caelum-Fenix,55,0.17048,True,Caelum,Fenix,17.05,medium,0,2.0433,1
Dawn-Elysium,55,0.13892,False,Dawn,Elysium,13.89,medium,0,1.665,0
Dawn-Fenix,55,0.08889,False,Dawn,Fenix,8.89,low,0,1.0654,0
Elysium-Fenix,55,0.00327,False,Elysium,Fenix,0.33,very_low,0,0.0392,0
Aegis-Boreas,56,0.01965,False,Aegis,Boreas,1.96,very_low,0,0.2355,0
Aegis-Dawn,56,0.0466,False,Aegis,Dawn,4.66,very_low,0,0.5585,0
Aegis-Elysium,56,0.07532,False,Aegis,Elysium,7.53,low,0,0.9028,0
Boreas-Dawn,56,0.05435,False,Boreas,Dawn,5.44,low,0,0.6514,0
Boreas-Elysium,56,0.01749,False,Boreas,Elysium,1.75,very_low,0,0.2096,0
Boreas-Fenix,56,0.01948,False,Boreas,Fenix,1.95,very_low,0,0.2335,0
Caelum-Dawn,56,0.14279,False,Caelum,Dawn,14.28,medium,0,1.7114,0
Caelum-Elysium,56,0.00941,False,Caelum,Elysium,0.94,very_low,0,0.1128,0
Caelum-Fenix,56,0.20375,False,Caelum,Fenix,20.38,high,1,2.4421,0
Dawn-Elysium,56,0.31547,False,Dawn,Elysium,31.55,high,1,3.7811,0
Dawn-Fenix,56,0.03736,False,Dawn,Fenix,3.74,very_low,0,0.4478,0
Elysium-Fenix,56,0.05832,False,Elysium,Fenix,5.83,low,0,0.699,0
Aegis-Boreas,57,0.0834330688935281,False,Aegis,Boreas,8.34,low,0,1.0,0
Aegis-Dawn,57,0.05492,False,Aegis,Dawn,5.49,low,0,0.6583,0
Aegis-Elysium,57,0.01315,False,Aegis,Elysium,1.32,very_low,0,0.1576,0
Boreas-Dawn,57,0.00119,False,Boreas,Dawn,0.12,very_low,0,0.0143,0
Boreas-Elysium,57,0.12529,False,Boreas,Elysium,12.53,medium,0,1.5017,0
Boreas-Fenix,57,0.09746,False,Boreas,Fenix,9.75,low,0,1.1681,0
Caelum-Dawn,57,0.00289,False,Caelum,Dawn,0.29,very_low,0,0.0346,0
Caelum-Elysium,57,0.099,False,Caelum,Elysium,9.9,low,0,1.1866,0
Caelum-Fenix,57,0.07377,False,Caelum,Fenix,7.38,low,0,0.8842,0
Dawn-Elysium,57,0.2107,False,Dawn,Elysium,21.07,high,1,2.5254,0
Dawn-Fenix,57,0.29122,False,Dawn,Fenix,29.12,high,1,3.4905,0
Elysium-Fenix,57,0.02362,False,Elysium,Fenix,2.36,very_low,0,0.2831,0
Aegis-Boreas,58,0.00979,False,Aegis,Boreas,0.98,very_low,0,0.1173,0
Aegis-Dawn,58,0.37568,False,Aegis,Dawn,37.57,very_high,1,4.5028,0
Aegis-Elysium,58,0.06938,False,Aegis,Elysium,6.94,low,0,0.8316,0
Boreas-Dawn,58,0.00187,False,Boreas,Dawn,0.19,very_low,0,0.0224,0
Boreas-Elysium,58,0.00092,False,Boreas,Elysium,0.09,very_low,0,0.011,0
Boreas-Fenix,58,0.00184,False,Boreas,Fenix,0.18,very_low,0,0.0221,0
Caelum-Dawn,58,0.09711,False,Caelum,Dawn,9.71,low,0,1.1639,0
Caelum-Elysium,58,0.0212,False,Caelum,Elysium,2.12,very_low,0,0.2541,0
Caelum-Fenix,58,0.00044,False,Caelum,Fenix,0.04,very_low,0,0.0053,0
Dawn-Elysium,58,0.19046,False,Dawn,Elysium,19.05,medium,0,2.2828,0
Dawn-Fenix,58,0.17668,False,Dawn,Fenix,17.67,medium,0,2.1176,0
Elysium-Fenix,58,0.0546,False,Elysium,Fenix,5.46,low,0,0.6544,0
Aegis-Boreas,59,0.01739,True,Aegis,Boreas,1.74,very_low,0,0.2084,1
Aegis-Dawn,59,0.03,False,Aegis,Dawn,3.0,very_low,0,0.3596,0
Aegis-Elysium,59,0.08862,False,Aegis,Elysium,8.86,low,0,1.0622,0
Boreas-Dawn,59,0.21241,False,Boreas,Dawn,21.24,high,1,2.5459,0
Boreas-Elysium,59,0.01067,False,Boreas,Elysium,1.07,very_low,0,0.1279,0
Boreas-Fenix,59,0.0454,False,Boreas,Fenix,4.54,very_low,0,0.5441,0
Caelum-Dawn,59,0.03431,False,Caelum,Dawn,3.43,very_low,0,0.4112,0
Caelum-Elysium,59,0.23162,False,Caelum,Elysium,23.16,high,1,2.7761,0
Caelum-Fenix,59,0.00222,True,Caelum,Fenix,0.22,very_low,0,0.0266,1
Dawn-Elysium,59,0.22514,False,Dawn,Elysium,22.51,high,1,2.6985,0
Dawn-Fenix,59,0.04101,False,Dawn,Fenix,4.1,very_low,0,0.4915,0
Elysium-Fenix,59,0.0612,False,Elysium,Fenix,6.12,low,0,0.7335,0
Aegis-Boreas,60,0.16201,False,Aegis,Boreas,16.2,medium,0,1.9418,0
Aegis-Dawn,60,0.01321,False,Aegis,Dawn,1.32,very_low,0,0.1583,0
Aegis-Elysium,60,0.00849,False,Aegis,Elysium,0.85,very_low,0,0.1018,0
Boreas-Dawn,60,0.12533,False,Boreas,Dawn,12.53,medium,0,1.5022,0
Boreas-Elysium,60,0.05963,False,Boreas,Elysium,5.96,low,0,0.7147,0
Boreas-Fenix,60,0.0189,False,Boreas,Fenix,1.89,very_low,0,0.2265,0
Caelum-Dawn,60,0.12281,False,Caelum,Dawn,12.28,medium,0,1.472,0
Caelum-Elysium,60,0.14786,False,Caelum,Elysium,14.79,medium,0,1.7722,0
Caelum-Fenix,60,0.0464,False,Caelum,Fenix,4.64,very_low,0,0.5561,0
Dawn-Elysium,60,0.20141,False,Dawn,Elysium,20.14,high,1,2.414,0
Dawn-Fenix,60,0.01645,False,Dawn,Fenix,1.64,very_low,0,0.1972,0
Elysium-Fenix,60,0.0775,False,Elysium,Fenix,7.75,low,0,0.9289,0
Aegis-Boreas,61,0.07997,False,Aegis,Boreas,8.0,low,0,0.9585,0
Aegis-Dawn,61,0.03424,False,Aegis,Dawn,3.42,very_low,0,0.4104,0
Aegis-Elysium,61,0.0834330688935281,False,Aegis,Elysium,8.34,low,0,1.0,0
Boreas-Dawn,61,0.02484,True,Boreas,Dawn,2.48,very_low,0,0.2977,1
Boreas-Elysium,61,0.17542,True,Boreas,Elysium,17.54,medium,0,2.1025,1
Boreas-Fenix,61,0.06283,False,Boreas,Fenix,6.28,low,0,0.7531,0
Caelum-Dawn,61,0.22965,True,Caelum,Dawn,22.96,high,1,2.7525,1
Caelum-Elysium,61,0.03044,False,Caelum,Elysium,3.04,very_low,0,0.3648,0
Caelum-Fenix,61,0.03507,False,Caelum,Fenix,3.51,very_low,0,0.4203,0
Dawn-Elysium,61,0.0849,False,Dawn,Elysium,8.49,low,0,1.0176,0
Dawn-Fenix,61,0.02404,False,Dawn,Fenix,2.4,very_low,0,0.2881,0
Elysium-Fenix,61,0.0839,False,Elysium,Fenix,8.39,low,0,1.0056,0
Aegis-Boreas,62,0.07252,False,Aegis,Boreas,7.25,low,0,0.8692,0
Aegis-Dawn,62,0.03455,False,Aegis,Dawn,3.45,very_low,0,0.4141,0
Aegis-Elysium,62,0.11923,False,Aegis,Elysium,11.92,medium,0,1.429,0
Boreas-Dawn,62,0.10467,False,Boreas,Dawn,10.47,medium,0,1.2545,0
Boreas-Elysium,62,0.15003,False,Boreas,Elysium,15.0,medium,0,1.7982,0
Boreas-Fenix,62,0.13031,True,Boreas,Fenix,13.03,medium,0,1.5619,1
Caelum-Dawn,62,0.15462,True,Caelum,Dawn,15.46,medium,0,1.8532,1
Caelum-Elysium,62,0.00696,False,Caelum,Elysium,0.7,very_low,0,0.0834,0
Caelum-Fenix,62,0.07175,False,Caelum,Fenix,7.18,low,0,0.86,0
Dawn-Elysium,62,0.07886,False,Dawn,Elysium,7.89,low,0,0.9452,0
Dawn-Fenix,62,0.00782,False,Dawn,Fenix,0.78,very_low,0,0.0937,0
Elysium-Fenix,62,0.06869,True,Elysium,Fenix,6.87,low,0,0.8233,1
Aegis-Boreas,63,0.0256,False,Aegis,Boreas,2.56,very_low,0,0.3068,0
Aegis-Dawn,63,0.01494,False,Aegis,Dawn,1.49,very_low,0,0.1791,0
Aegis-Elysium,63,0.05103,False,Aegis,Elysium,5.1,low,0,0.6116,0
Boreas-Dawn,63,0.03113,False,Boreas,Dawn,3.11,very_low,0,0.3731,0
Boreas-Elysium,63,0.24929,False,Boreas,Elysium,24.93,high,1,2.9879,0
Boreas-Fenix,63,0.00085,False,Boreas,Fenix,0.08,very_low,0,0.0102,0
Caelum-Dawn,63,0.35138,False,Caelum,Dawn,35.14,very_high,1,4.2115,0
Caelum-Elysium,63,0.0319,False,Caelum,Elysium,3.19,very_low,0,0.3823,0
Caelum-Fenix,63,0.13972,False,Caelum,Fenix,13.97,medium,0,1.6746,0
Dawn-Elysium,63,0.0297,False,Dawn,Elysium,2.97,very_low,0,0.356,0
Dawn-Fenix,63,0.06467,False,Dawn,Fenix,6.47,low,0,0.7751,0
Elysium-Fenix,63,0.00976,False,Elysium,Fenix,0.98,very_low,0,0.117,0
Aegis-Boreas,64,0.03759,False,Aegis,Boreas,3.76,very_low,0,0.4505,0
Aegis-Dawn,64,0.07853,False,Aegis,Dawn,7.85,low,0,0.9412,0
Aegis-Elysium,64,0.04174,False,Aegis,Elysium,4.17,very_low,0,0.5003,0
Boreas-Dawn,64,0.03836,False,Boreas,Dawn,3.84,very_low,0,0.4598,0
Boreas-Elysium,64,0.01729,False,Boreas,Elysium,1.73,very_low,0,0.2072,0
Boreas-Fenix,64,0.0834330688935281,False,Boreas,Fenix,8.34,low,0,1.0,0
Caelum-Dawn,64,0.14669,False,Caelum,Dawn,14.67,medium,0,1.7582,0
Caelum-Elysium,64,0.08939,False,Caelum,Elysium,8.94,low,0,1.0714,0
Caelum-Fenix,64,0.29648,False,Caelum,Fenix,29.65,high,1,3.5535,0
Dawn-Elysium,64,0.05425,False,Dawn,Elysium,5.42,low,0,0.6502,0
Dawn-Fenix,64,0.12597,False,Dawn,Fenix,12.6,medium,0,1.5098,0
Elysium-Fenix,64,0.05921,False,Elysium,Fenix,5.92,low,0,0.7097,0
Aegis-Boreas,65,0.02925,False,Aegis,Boreas,2.92,very_low,0,0.3506,0
Aegis-Dawn,65,0.08867,False,Aegis,Dawn,8.87,low,0,1.0628,0
Aegis-Elysium,65,0.04498,False,Aegis,Elysium,4.5,very_low,0,0.5391,0
Boreas-Dawn,65,0.0671,False,Boreas,Dawn,6.71,low,0,0.8042,0
Boreas-Elysium,65,0.28041,False,Boreas,Elysium,28.04,high,1,3.3609,0
Boreas-Fenix,65,0.19498,False,Boreas,Fenix,19.5,medium,0,2.337,0
Caelum-Dawn,65,0.00497,False,Caelum,Dawn,0.5,very_low,0,0.0596,0
Caelum-Elysium,65,0.00395,False,Caelum,Elysium,0.4,very_low,0,0.0473,0
Caelum-Fenix,65,0.00213,False,Caelum,Fenix,0.21,very_low,0,0.0255,0
Dawn-Elysium,65,0.13419,False,Dawn,Elysium,13.42,medium,0,1.6084,0
Dawn-Fenix,65,0.12215,False,Dawn,Fenix,12.22,medium,0,1.464,0
Elysium-Fenix,65,0.02723,False,Elysium,Fenix,2.72,very_low,0,0.3264,0
Aegis-Boreas,66,0.01495,False,Aegis,Boreas,1.5,very_low,0,0.1792,0
Aegis-Dawn,66,0.01647,False,Aegis,Dawn,1.65,very_low,0,0.1974,0
Aegis-Elysium,66,0.14057,False,Aegis,Elysium,14.06,medium,0,1.6848,0
Boreas-Dawn,66,0.08413,False,Boreas,Dawn,8.41,low,0,1.0084,0
Boreas-Elysium,66,0.03217,False,Boreas,Elysium,3.22,very_low,0,0.3856,0
Boreas-Fenix,66,0.27911,False,Boreas,Fenix,27.91,high,1,3.3453,0
Caelum-Dawn,66,0.00465,False,Caelum,Dawn,0.46,very_low,0,0.0557,0
Caelum-Elysium,66,0.0834330688935281,False,Caelum,Elysium,8.34,low,0,1.0,0
Caelum-Fenix,66,0.1527,True,Caelum,Fenix,15.27,medium,0,1.8302,1
Dawn-Elysium,66,0.04903,False,Dawn,Elysium,4.9,very_low,0,0.5877,0
Dawn-Fenix,66,0.17026,False,Dawn,Fenix,17.03,medium,0,2.0407,0
Elysium-Fenix,66,0.00459,False,Elysium,Fenix,0.46,very_low,0,0.055,0
Aegis-Boreas,67,0.08878,False,Aegis,Boreas,8.88,low,0,1.0641,0
Aegis-Dawn,67,0.01947,True,Aegis,Dawn,1.95,very_low,0,0.2334,1
Aegis-Elysium,67,0.02972,False,Aegis,Elysium,2.97,very_low,0,0.3562,0
Boreas-Dawn,67,0.00282,False,Boreas,Dawn,0.28,very_low,0,0.0338,0
Boreas-Elysium,67,0.02783,False,Boreas,Elysium,2.78,very_low,0,0.3336,0
Boreas-Fenix,67,0.15391,False,Boreas,Fenix,15.39,medium,0,1.8447,0
Caelum-Dawn,67,0.19857,False,Caelum,Dawn,19.86,medium,0,2.38,0
Caelum-Elysium,67,0.28945,False,Caelum,Elysium,28.94,high,1,3.4692,0
Caelum-Fenix,67,0.07192,False,Caelum,Fenix,7.19,low,0,0.862,0
Dawn-Elysium,67,0.03288,False,Dawn,Elysium,3.29,very_low,0,0.3941,0
Dawn-Fenix,67,0.0834330688935281,False,Dawn,Fenix,8.34,low,0,1.0,0
Elysium-Fenix,67,0.01992,False,Elysium,Fenix,1.99,very_low,0,0.2388,0
Aegis-Boreas,68,0.04785,False,Aegis,Boreas,4.78,very_low,0,0.5735,0
Aegis-Dawn,68,0.0834330688935281,False,Aegis,Dawn,8.34,low,0,1.0,0
Aegis-Elysium,68,0.17526,False,Aegis,Elysium,17.53,medium,0,2.1006,0
Boreas-Dawn,68,0.00416,False,Boreas,Dawn,0.42,very_low,0,0.0499,0
Boreas-Elysium,68,0.12752,False,Boreas,Elysium,12.75,medium,0,1.5284,0
Boreas-Fenix,68,0.05724,False,Boreas,Fenix,5.72,low,0,0.6861,0
Caelum-Dawn,68,0.12844,False,Caelum,Dawn,12.84,medium,0,1.5394,0
Caelum-Elysium,68,0.14559,False,Caelum,Elysium,14.56,medium,0,1.745,0
Caelum-Fenix,68,0.13669,False,Caelum,Fenix,13.67,medium,0,1.6383,0
Dawn-Elysium,68,0.00228,False,Dawn,Elysium,0.23,very_low,0,0.0273,0
Dawn-Fenix,68,0.0834330688935281,False,Dawn,Fenix,8.34,low,0,1.0,0
Elysium-Fenix,68,0.05159,False,Elysium,Fenix,5.16,low,0,0.6183,0
Aegis-Boreas,69,0.00666,False,Aegis,Boreas,0.67,very_low,0,0.0798,0
Aegis-Dawn,69,0.0834330688935281,False,Aegis,Dawn,8.34,low,0,1.0,0
Aegis-Elysium,69,0.09272,False,Aegis,Elysium,9.27,low,0,1.1113,0
Boreas-Dawn,69,0.03701,False,Boreas,Dawn,3.7,very_low,0,0.4436,0
Boreas-Elysium,69,0.10704,False,Boreas,Elysium,10.7,medium,0,1.2829,0
Boreas-Fenix,69,0.01924,False,Boreas,Fenix,1.92,very_low,0,0.2306,0
Caelum-Dawn,69,0.15418,True,Caelum,Dawn,15.42,medium,0,1.8479,1
Caelum-Elysium,69,0.05041,False,Caelum,Elysium,5.04,low,0,0.6042,0
Caelum-Fenix,69,0.01564,False,Caelum,Fenix,1.56,very_low,0,0.1875,0
Dawn-Elysium,69,0.12383,False,Dawn,Elysium,12.38,medium,0,1.4842,0
Dawn-Fenix,69,0.13602,False,Dawn,Fenix,13.6,medium,0,1.6303,0
Elysium-Fenix,69,0.22345,False,Elysium,Fenix,22.35,high,1,2.6782,0
Aegis-Boreas,70,0.09816,False,Aegis,Boreas,9.82,low,0,1.1765,0
Aegis-Dawn,70,0.0853,False,Aegis,Dawn,8.53,low,0,1.0224,0
Aegis-Elysium,70,0.0834330688935281,False,Aegis,Elysium,8.34,low,0,1.0,0
Boreas-Dawn,70,0.08924,False,Boreas,Dawn,8.92,low,0,1.0696,0
Boreas-Elysium,70,0.17592,False,Boreas,Elysium,17.59,medium,0,2.1085,0
Boreas-Fenix,70,3e-05,False,Boreas,Fenix,0.0,very_low,0,0.0004,0
Caelum-Dawn,70,0.01111,False,Caelum,Dawn,1.11,very_low,0,0.1332,0
Caelum-Elysium,70,0.0834330688935281,False,Caelum,Elysium,8.34,low,0,1.0,0
Caelum-Fenix,70,0.14073,False,Caelum,Fenix,14.07,medium,0,1.6867,0
Dawn-Elysium,70,0.03967,False,Dawn,Elysium,3.97,very_low,0,0.4755,0
Dawn-Fenix,70,0.13426,False,Dawn,Fenix,13.43,medium,0,1.6092,0
Elysium-Fenix,70,0.03473,False,Elysium,Fenix,3.47,very_low,0,0.4163,0
Aegis-Boreas,71,0.0531,True,Aegis,Boreas,5.31,low,0,0.6364,1
Aegis-Dawn,71,0.10792,False,Aegis,Dawn,10.79,medium,0,1.2935,0
Aegis-Elysium,71,0.0834330688935281,False,Aegis,Elysium,8.34,low,0,1.0,0
Boreas-Dawn,71,0.03608,False,Boreas,Dawn,3.61,very_low,0,0.4324,0
Boreas-Elysium,71,0.08273,False,Boreas,Elysium,8.27,low,0,0.9916,0
Boreas-Fenix,71,0.08397,False,Boreas,Fenix,8.4,low,0,1.0064,0
Caelum-Dawn,71,0.02205,False,Caelum,Dawn,2.2,very_low,0,0.2643,0
Caelum-Elysium,71,0.32292,True,Caelum,Elysium,32.29,high,1,3.8704,1
Caelum-Fenix,71,0.03924,False,Caelum,Fenix,3.92,very_low,0,0.4703,0
Dawn-Elysium,71,0.01252,False,Dawn,Elysium,1.25,very_low,0,0.1501,0
Dawn-Fenix,71,0.09185,False,Dawn,Fenix,9.18,low,0,1.1009,0
Elysium-Fenix,71,0.03974,False,Elysium,Fenix,3.97,very_low,0,0.4763,0
Aegis-Boreas,72,0.0834330688935281,False,Aegis,Boreas,8.34,low,0,1.0,0
Aegis-Dawn,72,0.10735,False,Aegis,Dawn,10.74,medium,0,1.2867,0
Aegis-Elysium,72,0.00169,False,Aegis,Elysium,0.17,very_low,0,0.0203,0
Boreas-Dawn,72,0.0834330688935281,False,Boreas,Dawn,8.34,low,0,1.0,0
Boreas-Elysium,72,0.04029,False,Boreas,Elysium,4.03,very_low,0,0.4829,0
Boreas-Fenix,72,0.17752,False,Boreas,Fenix,17.75,medium,0,2.1277,0
Caelum-Dawn,72,0.01224,False,Caelum,Dawn,1.22,very_low,0,0.1467,0
Caelum-Elysium,72,0.0927,False,Caelum,Elysium,9.27,low,0,1.1111,0
Caelum-Fenix,72,0.17435,False,Caelum,Fenix,17.44,medium,0,2.0897,0
Dawn-Elysium,72,0.01637,False,Dawn,Elysium,1.64,very_low,0,0.1962,0
Dawn-Fenix,72,0.01298,False,Dawn,Fenix,1.3,very_low,0,0.1556,0
Elysium-Fenix,72,0.12138,False,Elysium,Fenix,12.14,medium,0,1.4548,0
Aegis-Boreas,73,0.0525,False,Aegis,Boreas,5.25,low,0,0.6292,0
Aegis-Dawn,73,0.03718,False,Aegis,Dawn,3.72,very_low,0,0.4456,0
Aegis-Elysium,73,0.0543,False,Aegis,Elysium,5.43,low,0,0.6508,0
Boreas-Dawn,73,0.0027,False,Boreas,Dawn,0.27,very_low,0,0.0324,0
Boreas-Elysium,73,0.03931,False,Boreas,Elysium,3.93,very_low,0,0.4712,0
Boreas-Fenix,73,0.02079,False,Boreas,Fenix,2.08,very_low,0,0.2492,0
Caelum-Dawn,73,0.21298,False,Caelum,Dawn,21.3,high,1,2.5527,0
Caelum-Elysium,73,0.04453,False,Caelum,Elysium,4.45,very_low,0,0.5337,0
Caelum-Fenix,73,0.24114,False,Caelum,Fenix,24.11,high,1,2.8902,0
Dawn-Elysium,73,0.12546,False,Dawn,Elysium,12.55,medium,0,1.5037,0
Dawn-Fenix,73,0.02246,False,Dawn,Fenix,2.25,very_low,0,0.2692,0
Elysium-Fenix,73,0.14665,False,Elysium,Fenix,14.66,medium,0,1.7577,0
Aegis-Boreas,74,0.02048,False,Aegis,Boreas,2.05,very_low,0,0.2455,0
Aegis-Dawn,74,0.07205,False,Aegis,Dawn,7.2,low,0,0.8636,0
Aegis-Elysium,74,0.01642,False,Aegis,Elysium,1.64,very_low,0,0.1968,0
Boreas-Dawn,74,0.03898,False,Boreas,Dawn,3.9,very_low,0,0.4672,0
Boreas-Elysium,74,0.00777,False,Boreas,Elysium,0.78,very_low,0,0.0931,0
Boreas-Fenix,74,0.32159,False,Boreas,Fenix,32.16,high,1,3.8545,0
Caelum-Dawn,74,0.0194,False,Caelum,Dawn,1.94,very_low,0,0.2325,0
Caelum-Elysium,74,0.13971,False,Caelum,Elysium,13.97,medium,0,1.6745,0
Caelum-Fenix,74,0.07276,False,Caelum,Fenix,7.28,low,0,0.8721,0
Dawn-Elysium,74,0.00349,False,Dawn,Elysium,0.35,very_low,0,0.0418,0
Dawn-Fenix,74,0.25614,False,Dawn,Fenix,25.61,high,1,3.07,0
Elysium-Fenix,74,0.03122,False,Elysium,Fenix,3.12,very_low,0,0.3742,0
Aegis-Boreas,75,0.01134,False,Aegis,Boreas,1.13,very_low,0,0.1359,0
Aegis-Dawn,75,0.00422,False,Aegis,Dawn,0.42,very_low,0,0.0506,0
Aegis-Elysium,75,0.03808,False,Aegis,Elysium,3.81,very_low,0,0.4564,0
Boreas-Dawn,75,0.36747,False,Boreas,Dawn,36.75,very_high,1,4.4044,0
Boreas-Elysium,75,0.08054,False,Boreas,Elysium,8.05,low,0,0.9653,0
Boreas-Fenix,75,0.02373,False,Boreas,Fenix,2.37,very_low,0,0.2844,0
Caelum-Dawn,75,0.3163,False,Caelum,Dawn,31.63,high,1,3.7911,0
Caelum-Elysium,75,0.0146,False,Caelum,Elysium,1.46,very_low,0,0.175,0
Caelum-Fenix,75,0.04921,False,Caelum,Fenix,4.92,very_low,0,0.5898,0
Dawn-Elysium,75,0.00171,False,Dawn,Elysium,0.17,very_low,0,0.0205,0
Dawn-Fenix,75,0.08818,False,Dawn,Fenix,8.82,low,0,1.0569,0
Elysium-Fenix,75,0.00463,False,Elysium,Fenix,0.46,very_low,0,0.0555,0
Aegis-Boreas,76,0.07897,False,Aegis,Boreas,7.9,low,0,0.9465,0
Aegis-Dawn,76,0.01989,False,Aegis,Dawn,1.99,very_low,0,0.2384,0
Aegis-Elysium,76,0.23563,False,Aegis,Elysium,23.56,high,1,2.8242,0
Boreas-Dawn,76,0.02166,False,Boreas,Dawn,2.17,very_low,0,0.2596,0
Boreas-Elysium,76,0.00805,False,Boreas,Elysium,0.8,very_low,0,0.0965,0
Boreas-Fenix,76,0.07565,False,Boreas,Fenix,7.56,low,0,0.9067,0
Caelum-Dawn,76,0.18192,False,Caelum,Dawn,18.19,medium,0,2.1804,0
Caelum-Elysium,76,0.2176,False,Caelum,Elysium,21.76,high,1,2.6081,0
Caelum-Fenix,76,0.00116,False,Caelum,Fenix,0.12,very_low,0,0.0139,0
Dawn-Elysium,76,0.0866,False,Dawn,Elysium,8.66,low,0,1.038,0
Dawn-Fenix,76,0.06658,False,Dawn,Fenix,6.66,low,0,0.798,0
Elysium-Fenix,76,0.0063,False,Elysium,Fenix,0.63,very_low,0,0.0755,0
Aegis-Boreas,77,0.32533,False,Aegis,Boreas,32.53,high,1,3.8993,0
Aegis-Dawn,77,0.01651,False,Aegis,Dawn,1.65,very_low,0,0.1979,0
Aegis-Elysium,77,0.19302,True,Aegis,Elysium,19.3,medium,0,2.3135,1
Boreas-Dawn,77,0.03824,False,Boreas,Dawn,3.82,very_low,0,0.4583,0
Boreas-Elysium,77,0.02746,False,Boreas,Elysium,2.75,very_low,0,0.3291,0
Boreas-Fenix,77,0.09791,False,Boreas,Fenix,9.79,low,0,1.1735,0
Caelum-Dawn,77,0.05794,False,Caelum,Dawn,5.79,low,0,0.6944,0
Caelum-Elysium,77,0.06378,False,Caelum,Elysium,6.38,low,0,0.7644,0
Caelum-Fenix,77,0.02447,False,Caelum,Fenix,2.45,very_low,0,0.2933,0
Dawn-Elysium,77,0.00981,False,Dawn,Elysium,0.98,very_low,0,0.1176,0
Dawn-Fenix,77,0.12846,False,Dawn,Fenix,12.85,medium,0,1.5397,0
Elysium-Fenix,77,0.01706,False,Elysium,Fenix,1.71,very_low,0,0.2045,0
Aegis-Boreas,78,0.22087,False,Aegis,Boreas,22.09,high,1,2.6473,0
Aegis-Dawn,78,0.02535,False,Aegis,Dawn,2.54,very_low,0,0.3038,0
Aegis-Elysium,78,0.03286,False,Aegis,Elysium,3.29,very_low,0,0.3938,0
Boreas-Dawn,78,0.0558,False,Boreas,Dawn,5.58,low,0,0.6688,0
Boreas-Elysium,78,0.10599,False,Boreas,Elysium,10.6,medium,0,1.2704,0
Boreas-Fenix,78,0.03724,False,Boreas,Fenix,3.72,very_low,0,0.4463,0
Caelum-Dawn,78,0.07479,False,Caelum,Dawn,7.48,low,0,0.8964,0
Caelum-Elysium,78,0.04747,False,Caelum,Elysium,4.75,very_low,0,0.569,0
Caelum-Fenix,78,0.16643,False,Caelum,Fenix,16.64,medium,0,1.9948,0
Dawn-Elysium,78,0.03837,True,Dawn,Elysium,3.84,very_low,0,0.4599,1
Dawn-Fenix,78,0.05506,False,Dawn,Fenix,5.51,low,0,0.6599,0
Elysium-Fenix,78,0.13978,False,Elysium,Fenix,13.98,medium,0,1.6754,0
Aegis-Boreas,79,0.09955,False,Aegis,Boreas,9.96,low,0,1.1932,0
Aegis-Dawn,79,0.01903,False,Aegis,Dawn,1.9,very_low,0,0.2281,0
Aegis-Elysium,79,0.00096,False,Aegis,Elysium,0.1,very_low,0,0.0115,0
Boreas-Dawn,79,0.05659,False,Boreas,Dawn,5.66,low,0,0.6783,0
Boreas-Elysium,79,0.12859,False,Boreas,Elysium,12.86,medium,0,1.5412,0
Boreas-Fenix,79,0.04107,False,Boreas,Fenix,4.11,very_low,0,0.4923,0
Caelum-Dawn,79,0.05989,False,Caelum,Dawn,5.99,low,0,0.7178,0
Caelum-Elysium,79,0.03225,False,Caelum,Elysium,3.22,very_low,0,0.3865,0
Caelum-Fenix,79,0.09685,False,Caelum,Fenix,9.68,low,0,1.1608,0
Dawn-Elysium,79,0.03712,True,Dawn,Elysium,3.71,very_low,0,0.4449,1
Dawn-Fenix,79,0.22845,False,Dawn,Fenix,22.84,high,1,2.7381,0
Elysium-Fenix,79,0.19966,False,Elysium,Fenix,19.97,medium,0,2.3931,0
Aegis-Boreas,80,0.21488,False,Aegis,Boreas,21.49,high,1,2.5755,0
Aegis-Dawn,80,0.02236,False,Aegis,Dawn,2.24,very_low,0,0.268,0
Aegis-Elysium,80,0.0834330688935281,False,Aegis,Elysium,8.34,low,0,1.0,0
Boreas-Dawn,80,0.12904,False,Boreas,Dawn,12.9,medium,0,1.5466,0
Boreas-Elysium,80,0.08768,False,Boreas,Elysium,8.77,low,0,1.0509,0
Boreas-Fenix,80,0.03742,False,Boreas,Fenix,3.74,very_low,0,0.4485,0
Caelum-Dawn,80,0.10691,False,Caelum,Dawn,10.69,medium,0,1.2814,0
Caelum-Elysium,80,0.05715,False,Caelum,Elysium,5.72,low,0,0.685,0
Caelum-Fenix,80,0.0834330688935281,False,Caelum,Fenix,8.34,low,0,1.0,0
Dawn-Elysium,80,0.10325,False,Dawn,Elysium,10.32,medium,0,1.2375,0
Dawn-Fenix,80,0.02359,False,Dawn,Fenix,2.36,very_low,0,0.2827,0
Elysium-Fenix,80,0.09406,False,Elysium,Fenix,9.41,low,0,1.1274,0
Aegis-Boreas,81,0.05303,False,Aegis,Boreas,5.3,low,0,0.6356,0
Aegis-Dawn,81,0.15355,False,Aegis,Dawn,15.35,medium,0,1.8404,0
Aegis-Elysium,81,0.02837,False,Aegis,Elysium,2.84,very_low,0,0.34,0
Boreas-Dawn,81,0.11703,False,Boreas,Dawn,11.7,medium,0,1.4027,0
Boreas-Elysium,81,0.28716,False,Boreas,Elysium,28.72,high,1,3.4418,0
Boreas-Fenix,81,0.03596,False,Boreas,Fenix,3.6,very_low,0,0.431,0
Caelum-Dawn,81,0.01088,False,Caelum,Dawn,1.09,very_low,0,0.1304,0
Caelum-Elysium,81,0.0781,False,Caelum,Elysium,7.81,low,0,0.9361,0
Caelum-Fenix,81,0.0138,True,Caelum,Fenix,1.38,very_low,0,0.1654,1
Dawn-Elysium,81,0.10062,False,Dawn,Elysium,10.06,medium,0,1.206,0
Dawn-Fenix,81,0.10046,False,Dawn,Fenix,10.05,medium,0,1.2041,0
Elysium-Fenix,81,0.02103,False,Elysium,Fenix,2.1,very_low,0,0.2521,0
Aegis-Boreas,82,0.07196,False,Aegis,Boreas,7.2,low,0,0.8625,0
Aegis-Dawn,82,0.00583,False,Aegis,Dawn,0.58,very_low,0,0.0699,0
Aegis-Elysium,82,0.111,False,Aegis,Elysium,11.1,medium,0,1.3304,0
Boreas-Dawn,82,0.0358,False,Boreas,Dawn,3.58,very_low,0,0.4291,0
Boreas-Elysium,82,0.05828,False,Boreas,Elysium,5.83,low,0,0.6985,0
Boreas-Fenix,82,0.01131,False,Boreas,Fenix,1.13,very_low,0,0.1356,0
Caelum-Dawn,82,0.00612,False,Caelum,Dawn,0.61,very_low,0,0.0734,0
Caelum-Elysium,82,0.40036,False,Caelum,Elysium,40.04,very_high,1,4.7986,0
Caelum-Fenix,82,0.00046,False,Caelum,Fenix,0.05,very_low,0,0.0055,0
Dawn-Elysium,82,0.07289,False,Dawn,Elysium,7.29,low,0,0.8736,0
Dawn-Fenix,82,0.05804,False,Dawn,Fenix,5.8,low,0,0.6956,0
Elysium-Fenix,82,0.16795,False,Elysium,Fenix,16.79,medium,0,2.013,0
Aegis-Boreas,83,0.02518,False,Aegis,Boreas,2.52,very_low,0,0.3018,0
Aegis-Dawn,83,0.04191,False,Aegis,Dawn,4.19,very_low,0,0.5023,0
Aegis-Elysium,83,0.08859,False,Aegis,Elysium,8.86,low,0,1.0618,0
Boreas-Dawn,83,0.0834330688935281,True,Boreas,Dawn,8.34,low,0,1.0,1
Boreas-Elysium,83,0.04704,False,Boreas,Elysium,4.7,very_low,0,0.5638,0
Boreas-Fenix,83,0.0834330688935281,False,Boreas,Fenix,8.34,low,0,1.0,0
Caelum-Dawn,83,0.07835,False,Caelum,Dawn,7.84,low,0,0.9391,0
Caelum-Elysium,83,0.16698,False,Caelum,Elysium,16.7,medium,0,2.0014,0
Caelum-Fenix,83,0.01233,False,Caelum,Fenix,1.23,very_low,0,0.1478,0
Dawn-Elysium,83,0.2648,False,Dawn,Elysium,26.48,high,1,3.1738,0
Dawn-Fenix,83,0.02057,False,Dawn,Fenix,2.06,very_low,0,0.2465,0
Elysium-Fenix,83,0.04492,False,Elysium,Fenix,4.49,very_low,0,0.5384,0
Aegis-Boreas,84,0.05857,False,Aegis,Boreas,5.86,low,0,0.702,0
Aegis-Dawn,84,0.01467,False,Aegis,Dawn,1.47,very_low,0,0.1758,0
Aegis-Elysium,84,0.13341,False,Aegis,Elysium,13.34,medium,0,1.599,0
Boreas-Dawn,84,0.03055,False,Boreas,Dawn,3.06,very_low,0,0.3662,0
Boreas-Elysium,84,0.08168,True,Boreas,Elysium,8.17,low,0,0.979,1
Boreas-Fenix,84,0.06756,False,Boreas,Fenix,6.76,low,0,0.8098,0
Caelum-Dawn,84,0.07093,False,Caelum,Dawn,7.09,low,0,0.8501,0
Caelum-Elysium,84,0.10378,False,Caelum,Elysium,10.38,medium,0,1.2439,0
Caelum-Fenix,84,0.03128,False,Caelum,Fenix,3.13,very_low,0,0.3749,0
Dawn-Elysium,84,0.1402,False,Dawn,Elysium,14.02,medium,0,1.6804,0
Dawn-Fenix,84,0.05997,True,Dawn,Fenix,6.0,low,0,0.7188,1
Elysium-Fenix,84,0.20739,False,Elysium,Fenix,20.74,high,1,2.4857,0
Aegis-Boreas,85,0.11001,True,Aegis,Boreas,11.0,medium,0,1.3185,1
Aegis-Dawn,85,0.15964,False,Aegis,Dawn,15.96,medium,0,1.9134,0
Aegis-Elysium,85,0.00227,False,Aegis,Elysium,0.23,very_low,0,0.0272,0
Boreas-Dawn,85,0.11032,False,Boreas,Dawn,11.03,medium,0,1.3223,0
Boreas-Elysium,85,0.01473,True,Boreas,Elysium,1.47,very_low,0,0.1765,1
Boreas-Fenix,85,0.00367,False,Boreas,Fenix,0.37,very_low,0,0.044,0
Caelum-Dawn,85,0.02696,False,Caelum,Dawn,2.7,very_low,0,0.3231,0
Caelum-Elysium,85,0.28484,False,Caelum,Elysium,28.48,high,1,3.414,0
Caelum-Fenix,85,0.11892,False,Caelum,Fenix,11.89,medium,0,1.4253,0
Dawn-Elysium,85,0.02302,False,Dawn,Elysium,2.3,very_low,0,0.2759,0
Dawn-Fenix,85,0.05604,False,Dawn,Fenix,5.6,low,0,0.6717,0
Elysium-Fenix,85,0.08958,False,Elysium,Fenix,8.96,low,0,1.0737,0
Aegis-Boreas,86,0.1455,False,Aegis,Boreas,14.55,medium,0,1.7439,0
Aegis-Dawn,86,0.04148,False,Aegis,Dawn,4.15,very_low,0,0.4972,0
Aegis-Elysium,86,0.00392,False,Aegis,Elysium,0.39,very_low,0,0.047,0
Boreas-Dawn,86,0.1433,False,Boreas,Dawn,14.33,medium,0,1.7175,0
Boreas-Elysium,86,0.05736,False,Boreas,Elysium,5.74,low,0,0.6875,0
Boreas-Fenix,86,0.0715,False,Boreas,Fenix,7.15,low,0,0.857,0
Caelum-Dawn,86,0.0834330688935281,False,Caelum,Dawn,8.34,low,0,1.0,0
Caelum-Elysium,86,0.03882,False,Caelum,Elysium,3.88,very_low,0,0.4653,0
Caelum-Fenix,86,0.16551,False,Caelum,Fenix,16.55,medium,0,1.9837,0
Dawn-Elysium,86,0.05903,False,Dawn,Elysium,5.9,low,0,0.7075,0
Dawn-Fenix,86,0.12824,False,Dawn,Fenix,12.82,medium,0,1.537,0
Elysium-Fenix,86,0.09181,False,Elysium,Fenix,9.18,low,0,1.1004,0
Aegis-Boreas,87,0.06933,False,Aegis,Boreas,6.93,low,0,0.831,0
Aegis-Dawn,87,0.03178,True,Aegis,Dawn,3.18,very_low,0,0.3809,1
Aegis-Elysium,87,0.08952,False,Aegis,Elysium,8.95,low,0,1.073,0
Boreas-Dawn,87,0.14915,False,Boreas,Dawn,14.92,medium,0,1.7877,0
Boreas-Elysium,87,0.01319,False,Boreas,Elysium,1.32,very_low,0,0.1581,0
Boreas-Fenix,87,0.03172,True,Boreas,Fenix,3.17,very_low,0,0.3802,1
Caelum-Dawn,87,0.04705,False,Caelum,Dawn,4.7,very_low,0,0.5639,0
Caelum-Elysium,87,0.00481,False,Caelum,Elysium,0.48,very_low,0,0.0577,0
Caelum-Fenix,87,0.08742,False,Caelum,Fenix,8.74,low,0,1.0478,0
Dawn-Elysium,87,0.18516,False,Dawn,Elysium,18.52,medium,0,2.2193,0
Dawn-Fenix,87,0.0768,False,Dawn,Fenix,7.68,low,0,0.9205,0
Elysium-Fenix,87,0.21407,False,Elysium,Fenix,21.41,high,1,2.5658,0
Aegis-Boreas,88,0.01467,False,Aegis,Boreas,1.47,very_low,0,0.1758,0
Aegis-Dawn,88,0.3761,False,Aegis,Dawn,37.61,very_high,1,4.5078,0
Aegis-Elysium,88,0.19298,False,Aegis,Elysium,19.3,medium,0,2.313,0
Boreas-Dawn,88,0.03632,False,Boreas,Dawn,3.63,very_low,0,0.4353,0
Boreas-Elysium,88,0.00312,False,Boreas,Elysium,0.31,very_low,0,0.0374,0
Boreas-Fenix,88,0.08237,False,Boreas,Fenix,8.24,low,0,0.9873,0
Caelum-Dawn,88,0.03519,False,Caelum,Dawn,3.52,very_low,0,0.4218,0
Caelum-Elysium,88,0.13963,False,Caelum,Elysium,13.96,medium,0,1.6736,0
Caelum-Fenix,88,0.02455,False,Caelum,Fenix,2.46,very_low,0,0.2942,0
Dawn-Elysium,88,0.03121,False,Dawn,Elysium,3.12,very_low,0,0.3741,0
Dawn-Fenix,88,0.02127,False,Dawn,Fenix,2.13,very_low,0,0.2549,0
Elysium-Fenix,88,0.04259,False,Elysium,Fenix,4.26,very_low,0,0.5105,0
Aegis-Boreas,89,0.27097,False,Aegis,Boreas,27.1,high,1,3.2478,0
Aegis-Dawn,89,0.07034,False,Aegis,Dawn,7.03,low,0,0.8431,0
Aegis-Elysium,89,0.00358,False,Aegis,Elysium,0.36,very_low,0,0.0429,0
Boreas-Dawn,89,0.02732,False,Boreas,Dawn,2.73,very_low,0,0.3274,0
Boreas-Elysium,89,0.03317,False,Boreas,Elysium,3.32,very_low,0,0.3976,0
Boreas-Fenix,89,0.07304,False,Boreas,Fenix,7.3,low,0,0.8754,0
Caelum-Dawn,89,0.05111,False,Caelum,Dawn,5.11,low,0,0.6126,0
Caelum-Elysium,89,0.00962,False,Caelum,Elysium,0.96,very_low,0,0.1153,0
Caelum-Fenix,89,0.16819,False,Caelum,Fenix,16.82,medium,0,2.0159,0
Dawn-Elysium,89,0.00736,False,Dawn,Elysium,0.74,very_low,0,0.0882,0
Dawn-Fenix,89,0.17381,False,Dawn,Fenix,17.38,medium,0,2.0832,0
Elysium-Fenix,89,0.11147,False,Elysium,Fenix,11.15,medium,0,1.336,0
Aegis-Boreas,90,0.09152,False,Aegis,Boreas,9.15,low,0,1.0969,0
Aegis-Dawn,90,0.00335,True,Aegis,Dawn,0.34,very_low,0,0.0402,1
Aegis-Elysium,90,0.21919,False,Aegis,Elysium,21.92,high,1,2.6271,0
Boreas-Dawn,90,0.02698,False,Boreas,Dawn,2.7,very_low,0,0.3234,0
Boreas-Elysium,90,0.12743,False,Boreas,Elysium,12.74,medium,0,1.5273,0
Boreas-Fenix,90,0.01322,False,Boreas,Fenix,1.32,very_low,0,0.1585,0
Caelum-Dawn,90,0.07267,False,Caelum,Dawn,7.27,low,0,0.871,0
Caelum-Elysium,90,0.07422,False,Caelum,Elysium,7.42,low,0,0.8896,0
Caelum-Fenix,90,0.00108,False,Caelum,Fenix,0.11,very_low,0,0.0129,0
Dawn-Elysium,90,0.0395,True,Dawn,Elysium,3.95,very_low,0,0.4734,1
Dawn-Fenix,90,0.0834330688935281,False,Dawn,Fenix,8.34,low,0,1.0,0
Elysium-Fenix,90,0.08643,False,Elysium,Fenix,8.64,low,0,1.0359,0
Aegis-Boreas,91,0.02632,False,Aegis,Boreas,2.63,very_low,0,0.3155,0
Aegis-Dawn,91,0.31687,False,Aegis,Dawn,31.69,high,1,3.7979,0
Aegis-Elysium,91,0.07972,True,Aegis,Elysium,7.97,low,0,0.9555,1
Boreas-Dawn,91,0.10945,False,Boreas,Dawn,10.94,medium,0,1.3118,0
Boreas-Elysium,91,0.05258,False,Boreas,Elysium,5.26,low,0,0.6302,0
Boreas-Fenix,91,0.02267,False,Boreas,Fenix,2.27,very_low,0,0.2717,0
Caelum-Dawn,91,0.05535,False,Caelum,Dawn,5.54,low,0,0.6634,0
Caelum-Elysium,91,0.10287,False,Caelum,Elysium,10.29,medium,0,1.233,0
Caelum-Fenix,91,0.03728,False,Caelum,Fenix,3.73,very_low,0,0.4468,0
Dawn-Elysium,91,0.10328,False,Dawn,Elysium,10.33,medium,0,1.2379,0
Dawn-Fenix,91,0.09324,False,Dawn,Fenix,9.32,low,0,1.1175,0
Elysium-Fenix,91,0.00037,False,Elysium,Fenix,0.04,very_low,0,0.0044,0
Aegis-Boreas,92,0.07032,False,Aegis,Boreas,7.03,low,0,0.8428,0
Aegis-Dawn,92,0.16891,False,Aegis,Dawn,16.89,medium,0,2.0245,0
Aegis-Elysium,92,0.13695,False,Aegis,Elysium,13.69,medium,0,1.6414,0
Boreas-Dawn,92,0.10145,False,Boreas,Dawn,10.14,medium,0,1.2159,0
Boreas-Elysium,92,0.03674,False,Boreas,Elysium,3.67,very_low,0,0.4404,0
Boreas-Fenix,92,0.02317,False,Boreas,Fenix,2.32,very_low,0,0.2777,0
Caelum-Dawn,92,0.04058,False,Caelum,Dawn,4.06,very_low,0,0.4864,0
Caelum-Elysium,92,0.05152,False,Caelum,Elysium,5.15,low,0,0.6175,0
Caelum-Fenix,92,0.15349,False,Caelum,Fenix,15.35,medium,0,1.8397,0
Dawn-Elysium,92,0.0834330688935281,False,Dawn,Elysium,8.34,low,0,1.0,0
Dawn-Fenix,92,0.04687,False,Dawn,Fenix,4.69,very_low,0,0.5618,0
Elysium-Fenix,92,0.11134,False,Elysium,Fenix,11.13,medium,0,1.3345,0
Aegis-Boreas,93,0.00034,False,Aegis,Boreas,0.03,very_low,0,0.0041,0
Aegis-Dawn,93,0.09152,True,Aegis,Dawn,9.15,low,0,1.0969,1
Aegis-Elysium,93,0.03596,False,Aegis,Elysium,3.6,very_low,0,0.431,0
Boreas-Dawn,93,0.15908,False,Boreas,Dawn,15.91,medium,0,1.9067,0
Boreas-Elysium,93,0.11329,False,Boreas,Elysium,11.33,medium,0,1.3579,0
Boreas-Fenix,93,0.01884,False,Boreas,Fenix,1.88,very_low,0,0.2258,0
Caelum-Dawn,93,0.12842,False,Caelum,Dawn,12.84,medium,0,1.5392,0
Caelum-Elysium,93,0.13492,False,Caelum,Elysium,13.49,medium,0,1.6171,0
Caelum-Fenix,93,0.13697,True,Caelum,Fenix,13.7,medium,0,1.6417,1
Dawn-Elysium,93,0.09734,False,Dawn,Elysium,9.73,low,0,1.1667,0
Dawn-Fenix,93,0.07419,False,Dawn,Fenix,7.42,low,0,0.8892,0
Elysium-Fenix,93,0.00915,False,Elysium,Fenix,0.92,very_low,0,0.1097,0
Aegis-Boreas,94,0.0521,True,Aegis,Boreas,5.21,low,0,0.6245,1
Aegis-Dawn,94,0.0834330688935281,False,Aegis,Dawn,8.34,low,0,1.0,0
Aegis-Elysium,94,0.0834330688935281,True,Aegis,Elysium,8.34,low,0,1.0,1
Boreas-Dawn,94,0.03644,False,Boreas,Dawn,3.64,very_low,0,0.4368,0
Boreas-Elysium,94,0.17294,False,Boreas,Elysium,17.29,medium,0,2.0728,0
Boreas-Fenix,94,0.00937,False,Boreas,Fenix,0.94,very_low,0,0.1123,0
Caelum-Dawn,94,0.01944,False,Caelum,Dawn,1.94,very_low,0,0.233,0
Caelum-Elysium,94,0.11474,False,Caelum,Elysium,11.47,medium,0,1.3752,0
Caelum-Fenix,94,0.04595,False,Caelum,Fenix,4.6,very_low,0,0.5507,0
Dawn-Elysium,94,0.24474,False,Dawn,Elysium,24.47,high,1,2.9334,0
Dawn-Fenix,94,0.11722,False,Dawn,Fenix,11.72,medium,0,1.405,0
Elysium-Fenix,94,0.02341,False,Elysium,Fenix,2.34,very_low,0,0.2806,0
Aegis-Boreas,95,0.04637,False,Aegis,Boreas,4.64,very_low,0,0.5558,0
Aegis-Dawn,95,0.18929,True,Aegis,Dawn,18.93,medium,0,2.2688,1
Aegis-Elysium,95,0.19072,False,Aegis,Elysium,19.07,medium,0,2.2859,0
Boreas-Dawn,95,0.33584,False,Boreas,Dawn,33.58,high,1,4.0253,0
Boreas-Elysium,95,0.05024,False,Boreas,Elysium,5.02,low,0,0.6022,0
Boreas-Fenix,95,0.00993,False,Boreas,Fenix,0.99,very_low,0,0.119,0
Caelum-Dawn,95,0.00898,False,Caelum,Dawn,0.9,very_low,0,0.1076,0
Caelum-Elysium,95,0.03407,False,Caelum,Elysium,3.41,very_low,0,0.4084,0
Caelum-Fenix,95,0.00334,False,Caelum,Fenix,0.33,very_low,0,0.04,0
Dawn-Elysium,95,0.00742,False,Dawn,Elysium,0.74,very_low,0,0.0889,0
Dawn-Fenix,95,0.02016,False,Dawn,Fenix,2.02,very_low,0,0.2416,0
Elysium-Fenix,95,0.10363,False,Elysium,Fenix,10.36,medium,0,1.2421,0
Aegis-Boreas,96,0.23085,False,Aegis,Boreas,23.08,high,1,2.7669,0
Aegis-Dawn,96,0.0497,False,Aegis,Dawn,4.97,very_low,0,0.5957,0
Aegis-Elysium,96,0.02198,False,Aegis,Elysium,2.2,very_low,0,0.2634,0
Boreas-Dawn,96,0.01045,False,Boreas,Dawn,1.04,very_low,0,0.1253,0
Boreas-Elysium,96,0.04148,False,Boreas,Elysium,4.15,very_low,0,0.4972,0
Boreas-Fenix,96,0.0771,False,Boreas,Fenix,7.71,low,0,0.9241,0
Caelum-Dawn,96,0.30442,False,Caelum,Dawn,30.44,high,1,3.6487,0
Caelum-Elysium,96,0.04397,False,Caelum,Elysium,4.4,very_low,0,0.527,0
Caelum-Fenix,96,0.00977,False,Caelum,Fenix,0.98,very_low,0,0.1171,0
Dawn-Elysium,96,0.09366,False,Dawn,Elysium,9.37,low,0,1.1226,0
Dawn-Fenix,96,0.05683,True,Dawn,Fenix,5.68,low,0,0.6811,1
Elysium-Fenix,96,0.05979,False,Elysium,Fenix,5.98,low,0,0.7166,0
Aegis-Boreas,97,0.11937,False,Aegis,Boreas,11.94,medium,0,1.4307,0
Aegis-Dawn,97,0.02042,True,Aegis,Dawn,2.04,very_low,0,0.2447,1
Aegis-Elysium,97,0.12819,False,Aegis,Elysium,12.82,medium,0,1.5364,0
Boreas-Dawn,97,0.04967,False,Boreas,Dawn,4.97,very_low,0,0.5953,0
Boreas-Elysium,97,0.20147,False,Boreas,Elysium,20.15,high,1,2.4147,0
Boreas-Fenix,97,0.10871,False,Boreas,Fenix,10.87,medium,0,1.303,0
Caelum-Dawn,97,0.04891,False,Caelum,Dawn,4.89,very_low,0,0.5862,0
Caelum-Elysium,97,0.07218,False,Caelum,Elysium,7.22,low,0,0.8651,0
Caelum-Fenix,97,0.01906,False,Caelum,Fenix,1.91,very_low,0,0.2284,0
Dawn-Elysium,97,0.12932,False,Dawn,Elysium,12.93,medium,0,1.55,0
Dawn-Fenix,97,0.01355,False,Dawn,Fenix,1.36,very_low,0,0.1624,0
Elysium-Fenix,97,0.0834330688935281,False,Elysium,Fenix,8.34,low,0,1.0,0
Aegis-Boreas,98,0.23017,False,Aegis,Boreas,23.02,high,1,2.7587,0
Aegis-Dawn,98,0.1061,False,Aegis,Dawn,10.61,medium,0,1.2717,0
Aegis-Elysium,98,0.09876,False,Aegis,Elysium,9.88,low,0,1.1837,0
Boreas-Dawn,98,0.02253,False,Boreas,Dawn,2.25,very_low,0,0.27,0
Boreas-Elysium,98,0.00681,True,Boreas,Elysium,0.68,very_low,0,0.0816,1
Boreas-Fenix,98,0.0834330688935281,True,Boreas,Fenix,8.34,low,0,1.0,1
Caelum-Dawn,98,0.12408,False,Caelum,Dawn,12.41,medium,0,1.4872,0
Caelum-Elysium,98,0.0008,False,Caelum,Elysium,0.08,very_low,0,0.0096,0
Caelum-Fenix,98,0.04354,True,Caelum,Fenix,4.35,very_low,0,0.5219,1
Dawn-Elysium,98,0.0834330688935281,False,Dawn,Elysium,8.34,low,0,1.0,0
Dawn-Fenix,98,0.01172,False,Dawn,Fenix,1.17,very_low,0,0.1405,0
Elysium-Fenix,98,0.08602,False,Elysium,Fenix,8.6,low,0,1.031,0
Aegis-Boreas,99,0.17946,False,Aegis,Boreas,17.95,medium,0,2.1509,0
Aegis-Dawn,99,0.14596,False,Aegis,Dawn,14.6,medium,0,1.7494,0
Aegis-Elysium,99,0.0834330688935281,False,Aegis,Elysium,8.34,low,0,1.0,0
Boreas-Dawn,99,0.01058,True,Boreas,Dawn,1.06,very_low,0,0.1268,1
Boreas-Elysium,99,0.0834330688935281,False,Boreas,Elysium,8.34,low,0,1.0,0
Boreas-Fenix,99,0.11796,False,Boreas,Fenix,11.8,medium,0,1.4138,0
Caelum-Dawn,99,0.06422,False,Caelum,Dawn,6.42,low,0,0.7697,0
Caelum-Elysium,99,0.00916,False,Caelum,Elysium,0.92,very_low,0,0.1098,0
Caelum-Fenix,99,0.04264,False,Caelum,Fenix,4.26,very_low,0,0.5111,0
Dawn-Elysium,99,0.04539,False,Dawn,Elysium,4.54,very_low,0,0.544,0
Dawn-Fenix,99,0.09944,False,Dawn,Fenix,9.94,low,0,1.1919,0
Elysium-Fenix,99,0.08662,False,Elysium,Fenix,8.66,low,0,1.0382,0
Aegis-Boreas,100,0.28719,False,Aegis,Boreas,28.72,high,1,3.4422,0
Aegis-Dawn,100,0.15965,True,Aegis,Dawn,15.96,medium,0,1.9135,1
Aegis-Elysium,100,0.02003,False,Aegis,Elysium,2.0,very_low,0,0.2401,0
Boreas-Dawn,100,0.06969,False,Boreas,Dawn,6.97,low,0,0.8353,0
Boreas-Elysium,100,0.0403,True,Boreas,Elysium,4.03,very_low,0,0.483,1
Boreas-Fenix,100,0.08457,False,Boreas,Fenix,8.46,low,0,1.0136,0
Caelum-Dawn,100,0.18417,True,Caelum,Dawn,18.42,medium,0,2.2074,1
Caelum-Elysium,100,0.03005,False,Caelum,Elysium,3.0,very_low,0,0.3602,0
Caelum-Fenix,100,0.00021,False,Caelum,Fenix,0.02,very_low,0,0.0025,0
Dawn-Elysium,100,0.02967,False,Dawn,Elysium,2.97,very_low,0,0.3556,0
Dawn-Fenix,100,0.04841,False,Dawn,Fenix,4.84,very_low,0,0.5802,0
Elysium-Fenix,100,0.04606,False,Elysium,Fenix,4.61,very_low,0,0.5521,0
Aegis-Boreas,101,0.0834330688935281,False,Aegis,Boreas,8.34,low,0,1.0,0
Aegis-Dawn,101,0.08816,False,Aegis,Dawn,8.82,low,0,1.0567,0
Aegis-Elysium,101,0.0122,False,Aegis,Elysium,1.22,very_low,0,0.1462,0
Boreas-Dawn,101,0.3735,True,Boreas,Dawn,37.35,very_high,1,4.4766,1
Boreas-Elysium,101,0.12378,False,Boreas,Elysium,12.38,medium,0,1.4836,0
Boreas-Fenix,101,0.01405,False,Boreas,Fenix,1.4,very_low,0,0.1684,0
Caelum-Dawn,101,0.02042,False,Caelum,Dawn,2.04,very_low,0,0.2447,0
Caelum-Elysium,101,0.10295,False,Caelum,Elysium,10.3,medium,0,1.2339,0
Caelum-Fenix,101,0.01607,False,Caelum,Fenix,1.61,very_low,0,0.1926,0
Dawn-Elysium,101,0.16272,False,Dawn,Elysium,16.27,medium,0,1.9503,0
Dawn-Fenix,101,0.0834330688935281,False,Dawn,Fenix,8.34,low,0,1.0,0
Elysium-Fenix,101,0.03788,False,Elysium,Fenix,3.79,very_low,0,0.454,0
Aegis-Boreas,102,0.04941,False,Aegis,Boreas,4.94,very_low,0,0.5922,0
Aegis-Dawn,102,0.1731,True,Aegis,Dawn,17.31,medium,0,2.0747,1
Aegis-Elysium,102,0.02205,False,Aegis,Elysium,2.2,very_low,0,0.2643,0
Boreas-Dawn,102,0.00038,False,Boreas,Dawn,0.04,very_low,0,0.0046,0
Boreas-Elysium,102,0.22277,False,Boreas,Elysium,22.28,high,1,2.67,0
Boreas-Fenix,102,0.02497,False,Boreas,Fenix,2.5,very_low,0,0.2993,0
Caelum-Dawn,102,0.09351,False,Caelum,Dawn,9.35,low,0,1.1208,0
Caelum-Elysium,102,0.0834330688935281,False,Caelum,Elysium,8.34,low,0,1.0,0
Caelum-Fenix,102,0.04269,False,Caelum,Fenix,4.27,very_low,0,0.5117,0
Dawn-Elysium,102,0.01386,False,Dawn,Elysium,1.39,very_low,0,0.1661,0
Dawn-Fenix,102,0.11536,False,Dawn,Fenix,11.54,medium,0,1.3827,0
Elysium-Fenix,102,0.19847,False,Elysium,Fenix,19.85,medium,0,2.3788,0
Aegis-Boreas,103,0.00895,False,Aegis,Boreas,0.9,very_low,0,0.1073,0
Aegis-Dawn,103,0.11735,False,Aegis,Dawn,11.74,medium,0,1.4065,0
Aegis-Elysium,103,0.0834330688935281,False,Aegis,Elysium,8.34,low,0,1.0,0
Boreas-Dawn,103,0.00535,False,Boreas,Dawn,0.53,very_low,0,0.0641,0
Boreas-Elysium,103,0.0382,False,Boreas,Elysium,3.82,very_low,0,0.4579,0
Boreas-Fenix,103,0.00418,False,Boreas,Fenix,0.42,very_low,0,0.0501,0
Caelum-Dawn,103,0.1442,False,Caelum,Dawn,14.42,medium,0,1.7283,0
Caelum-Elysium,103,0.21087,False,Caelum,Elysium,21.09,high,1,2.5274,0
Caelum-Fenix,103,0.01177,False,Caelum,Fenix,1.18,very_low,0,0.1411,0
Dawn-Elysium,103,0.0834330688935281,False,Dawn,Elysium,8.34,low,0,1.0,0
Dawn-Fenix,103,0.19875,False,Dawn,Fenix,19.88,medium,0,2.3821,0
Elysium-Fenix,103,0.13121,False,Elysium,Fenix,13.12,medium,0,1.5726,0
Aegis-Boreas,104,0.15379,False,Aegis,Boreas,15.38,medium,0,1.8433,0
Aegis-Dawn,104,0.00957,False,Aegis,Dawn,0.96,very_low,0,0.1147,0
Aegis-Elysium,104,7e-05,False,Aegis,Elysium,0.01,very_low,0,0.0008,0
Boreas-Dawn,104,0.0599,False,Boreas,Dawn,5.99,low,0,0.7179,0
Boreas-Elysium,104,0.28161,True,Boreas,Elysium,28.16,high,1,3.3753,1
Boreas-Fenix,104,0.0834330688935281,False,Boreas,Fenix,8.34,low,0,1.0,0
Caelum-Dawn,104,0.09088,False,Caelum,Dawn,9.09,low,0,1.0893,0
Caelum-Elysium,104,0.077,False,Caelum,Elysium,7.7,low,0,0.9229,0
Caelum-Fenix,104,0.02183,False,Caelum,Fenix,2.18,very_low,0,0.2616,0
Dawn-Elysium,104,0.01065,False,Dawn,Elysium,1.06,very_low,0,0.1276,0
Dawn-Fenix,104,0.0834330688935281,False,Dawn,Fenix,8.34,low,0,1.0,0
Elysium-Fenix,104,0.19283,False,Elysium,Fenix,19.28,medium,0,2.3112,0
Aegis-Boreas,105,0.03041,False,Aegis,Boreas,3.04,very_low,0,0.3645,0
Aegis-Dawn,105,0.09595,False,Aegis,Dawn,9.59,low,0,1.15,0
Aegis-Elysium,105,0.10215,False,Aegis,Elysium,10.22,medium,0,1.2243,0
Boreas-Dawn,105,0.00695,False,Boreas,Dawn,0.7,very_low,0,0.0833,0
Boreas-Elysium,105,0.17001,True,Boreas,Elysium,17.0,medium,0,2.0377,1
Boreas-Fenix,105,0.11903,False,Boreas,Fenix,11.9,medium,0,1.4267,0
Caelum-Dawn,105,0.08006,False,Caelum,Dawn,8.01,low,0,0.9596,0
Caelum-Elysium,105,0.02619,False,Caelum,Elysium,2.62,very_low,0,0.3139,0
Caelum-Fenix,105,0.06372,False,Caelum,Fenix,6.37,low,0,0.7637,0
Dawn-Elysium,105,0.1846,False,Dawn,Elysium,18.46,medium,0,2.2126,0
Dawn-Fenix,105,0.06659,False,Dawn,Fenix,6.66,low,0,0.7981,0
Elysium-Fenix,105,0.05434,False,Elysium,Fenix,5.43,low,0,0.6513,0
Aegis-Boreas,106,0.03085,False,Aegis,Boreas,3.08,very_low,0,0.3698,0
Aegis-Dawn,106,0.00542,False,Aegis,Dawn,0.54,very_low,0,0.065,0
Aegis-Elysium,106,0.08075,False,Aegis,Elysium,8.08,low,0,0.9678,0
Boreas-Dawn,106,0.02819,False,Boreas,Dawn,2.82,very_low,0,0.3379,0
Boreas-Elysium,106,0.06145,False,Boreas,Elysium,6.14,low,0,0.7365,0
Boreas-Fenix,106,0.00149,False,Boreas,Fenix,0.15,very_low,0,0.0179,0
Caelum-Dawn,106,0.37821,True,Caelum,Dawn,37.82,very_high,1,4.5331,1
Caelum-Elysium,106,0.25272,False,Caelum,Elysium,25.27,high,1,3.029,0
Caelum-Fenix,106,0.03911,False,Caelum,Fenix,3.91,very_low,0,0.4688,0
Dawn-Elysium,106,0.03865,False,Dawn,Elysium,3.86,very_low,0,0.4632,0
Dawn-Fenix,106,0.07649,False,Dawn,Fenix,7.65,low,0,0.9168,0
Elysium-Fenix,106,0.00668,False,Elysium,Fenix,0.67,very_low,0,0.0801,0
Aegis-Boreas,107,0.04531,False,Aegis,Boreas,4.53,very_low,0,0.5431,0
Aegis-Dawn,107,0.06945,False,Aegis,Dawn,6.94,low,0,0.8324,0
Aegis-Elysium,107,0.00236,False,Aegis,Elysium,0.24,very_low,0,0.0283,0
Boreas-Dawn,107,0.11925,False,Boreas,Dawn,11.92,medium,0,1.4293,0
Boreas-Elysium,107,0.0435,False,Boreas,Elysium,4.35,very_low,0,0.5214,0
Boreas-Fenix,107,0.05362,False,Boreas,Fenix,5.36,low,0,0.6427,0
Caelum-Dawn,107,0.21593,False,Caelum,Dawn,21.59,high,1,2.5881,0
Caelum-Elysium,107,0.01938,False,Caelum,Elysium,1.94,very_low,0,0.2323,0
Caelum-Fenix,107,0.0492,True,Caelum,Fenix,4.92,very_low,0,0.5897,1
Dawn-Elysium,107,0.02636,False,Dawn,Elysium,2.64,very_low,0,0.3159,0
Dawn-Fenix,107,0.17093,False,Dawn,Fenix,17.09,medium,0,2.0487,0
Elysium-Fenix,107,0.18471,False,Elysium,Fenix,18.47,medium,0,2.2139,0
Aegis-Boreas,108,0.0593,False,Aegis,Boreas,5.93,low,0,0.7107,0
Aegis-Dawn,108,0.06091,True,Aegis,Dawn,6.09,low,0,0.73,1
Aegis-Elysium,108,0.05345,False,Aegis,Elysium,5.34,low,0,0.6406,0
Boreas-Dawn,108,0.0567,False,Boreas,Dawn,5.67,low,0,0.6796,0
Boreas-Elysium,108,0.23979,False,Boreas,Elysium,23.98,high,1,2.874,0
Boreas-Fenix,108,0.10934,True,Boreas,Fenix,10.93,medium,0,1.3105,1
Caelum-Dawn,108,0.01989,False,Caelum,Dawn,1.99,very_low,0,0.2384,0
Caelum-Elysium,108,0.13222,True,Caelum,Elysium,13.22,medium,0,1.5847,1
Caelum-Fenix,108,0.08421,False,Caelum,Fenix,8.42,low,0,1.0093,0
Dawn-Elysium,108,0.06241,False,Dawn,Elysium,6.24,low,0,0.748,0
Dawn-Fenix,108,0.05132,False,Dawn,Fenix,5.13,low,0,0.6151,0
Elysium-Fenix,108,0.07045,False,Elysium,Fenix,7.04,low,0,0.8444,0
Aegis-Boreas,109,0.02391,False,Aegis,Boreas,2.39,very_low,0,0.2866,0
Aegis-Dawn,109,0.1299,False,Aegis,Dawn,12.99,medium,0,1.5569,0
Aegis-Elysium,109,0.13166,False,Aegis,Elysium,13.17,medium,0,1.578,0
Boreas-Dawn,109,0.05011,False,Boreas,Dawn,5.01,low,0,0.6006,0
Boreas-Elysium,109,0.03286,False,Boreas,Elysium,3.29,very_low,0,0.3938,0
Boreas-Fenix,109,0.00214,False,Boreas,Fenix,0.21,very_low,0,0.0256,0
Caelum-Dawn,109,0.16074,False,Caelum,Dawn,16.07,medium,0,1.9266,0
Caelum-Elysium,109,0.05343,False,Caelum,Elysium,5.34,low,0,0.6404,0
Caelum-Fenix,109,0.06468,False,Caelum,Fenix,6.47,low,0,0.7752,0
Dawn-Elysium,109,0.06196,False,Dawn,Elysium,6.2,low,0,0.7426,0
Dawn-Fenix,109,0.24486,False,Dawn,Fenix,24.49,high,1,2.9348,0
Elysium-Fenix,109,0.04375,False,Elysium,Fenix,4.38,very_low,0,0.5244,0
Aegis-Boreas,110,0.04984,False,Aegis,Boreas,4.98,very_low,0,0.5974,0
Aegis-Dawn,110,0.05077,False,Aegis,Dawn,5.08,low,0,0.6085,0
Aegis-Elysium,110,0.04038,False,Aegis,Elysium,4.04,very_low,0,0.484,0
Boreas-Dawn,110,0.0834330688935281,False,Boreas,Dawn,8.34,low,0,1.0,0
Boreas-Elysium,110,0.18284,False,Boreas,Elysium,18.28,medium,0,2.1915,0
Boreas-Fenix,110,0.11585,False,Boreas,Fenix,11.58,medium,0,1.3885,0
Caelum-Dawn,110,0.15366,False,Caelum,Dawn,15.37,medium,0,1.8417,0
Caelum-Elysium,110,0.09585,False,Caelum,Elysium,9.59,low,0,1.1488,0
Caelum-Fenix,110,0.04953,False,Caelum,Fenix,4.95,very_low,0,0.5936,0
Dawn-Elysium,110,0.02699,False,Dawn,Elysium,2.7,very_low,0,0.3235,0
Dawn-Fenix,110,0.025,False,Dawn,Fenix,2.5,very_low,0,0.2996,0
Elysium-Fenix,110,0.11953,False,Elysium,Fenix,11.95,medium,0,1.4326,0
Aegis-Boreas,111,0.05388,False,Aegis,Boreas,5.39,low,0,0.6458,0
Aegis-Dawn,111,0.04299,False,Aegis,Dawn,4.3,very_low,0,0.5153,0
Aegis-Elysium,111,0.32006,False,Aegis,Elysium,32.01,high,1,3.8361,0
Boreas-Dawn,111,0.00222,False,Boreas,Dawn,0.22,very_low,0,0.0266,0
Boreas-Elysium,111,0.03814,False,Boreas,Elysium,3.81,very_low,0,0.4571,0
Boreas-Fenix,111,0.01285,False,Boreas,Fenix,1.28,very_low,0,0.154,0
Caelum-Dawn,111,0.00346,False,Caelum,Dawn,0.35,very_low,0,0.0415,0
Caelum-Elysium,111,0.01953,False,Caelum,Elysium,1.95,very_low,0,0.2341,0
Caelum-Fenix,111,0.14602,False,Caelum,Fenix,14.6,medium,0,1.7501,0
Dawn-Elysium,111,0.01618,False,Dawn,Elysium,1.62,very_low,0,0.1939,0
Dawn-Fenix,111,0.05869,False,Dawn,Fenix,5.87,low,0,0.7034,0
Elysium-Fenix,111,0.0834330688935281,False,Elysium,Fenix,8.34,low,0,1.0,0
Aegis-Boreas,112,0.10509,False,Aegis,Boreas,10.51,medium,0,1.2596,0
Aegis-Dawn,112,0.00265,False,Aegis,Dawn,0.26,very_low,0,0.0318,0
Aegis-Elysium,112,0.15771,False,Aegis,Elysium,15.77,medium,0,1.8903,0
Boreas-Dawn,112,0.03844,False,Boreas,Dawn,3.84,very_low,0,0.4607,0
Boreas-Elysium,112,0.08167,False,Boreas,Elysium,8.17,low,0,0.9789,0
Boreas-Fenix,112,0.05089,False,Boreas,Fenix,5.09,low,0,0.6099,0
Caelum-Dawn,112,0.02948,False,Caelum,Dawn,2.95,very_low,0,0.3533,0
Caelum-Elysium,112,0.28985,False,Caelum,Elysium,28.98,high,1,3.474,0
Caelum-Fenix,112,0.02937,False,Caelum,Fenix,2.94,very_low,0,0.352,0
Dawn-Elysium,112,0.09382,False,Dawn,Elysium,9.38,low,0,1.1245,0
Dawn-Fenix,112,0.03457,False,Dawn,Fenix,3.46,very_low,0,0.4143,0
Elysium-Fenix,112,0.08645,False,Elysium,Fenix,8.64,low,0,1.0362,0
Aegis-Boreas,113,0.03941,False,Aegis,Boreas,3.94,very_low,0,0.4724,0
Aegis-Dawn,113,0.042,False,Aegis,Dawn,4.2,very_low,0,0.5034,0
Aegis-Elysium,113,0.13771,False,Aegis,Elysium,13.77,medium,0,1.6505,0
Boreas-Dawn,113,0.03044,False,Boreas,Dawn,3.04,very_low,0,0.3648,0
Boreas-Elysium,113,0.0834330688935281,False,Boreas,Elysium,8.34,low,0,1.0,0
Boreas-Fenix,113,0.01687,False,Boreas,Fenix,1.69,very_low,0,0.2022,0
Caelum-Dawn,113,0.05521,False,Caelum,Dawn,5.52,low,0,0.6617,0
Caelum-Elysium,113,0.22208,False,Caelum,Elysium,22.21,high,1,2.6618,0
Caelum-Fenix,113,0.34789,False,Caelum,Fenix,34.79,high,1,4.1697,0
Dawn-Elysium,113,0.00808,False,Dawn,Elysium,0.81,very_low,0,0.0968,0
Dawn-Fenix,113,0.03869,True,Dawn,Fenix,3.87,very_low,0,0.4637,1
Elysium-Fenix,113,0.03879,False,Elysium,Fenix,3.88,very_low,0,0.4649,0
Aegis-Boreas,114,0.24504,True,Aegis,Boreas,24.5,high,1,2.937,1
Aegis-Dawn,114,0.14641,True,Aegis,Dawn,14.64,medium,0,1.7548,1
Aegis-Elysium,114,0.01217,False,Aegis,Elysium,1.22,very_low,0,0.1459,0
Boreas-Dawn,114,0.11076,False,Boreas,Dawn,11.08,medium,0,1.3275,0
Boreas-Elysium,114,0.07569,False,Boreas,Elysium,7.57,low,0,0.9072,0
Boreas-Fenix,114,0.0834330688935281,False,Boreas,Fenix,8.34,low,0,1.0,0
Caelum-Dawn,114,0.04255,False,Caelum,Dawn,4.26,very_low,0,0.51,0
Caelum-Elysium,114,0.0738,False,Caelum,Elysium,7.38,low,0,0.8845,0
Caelum-Fenix,114,0.00911,False,Caelum,Fenix,0.91,very_low,0,0.1092,0
Dawn-Elysium,114,0.00946,False,Dawn,Elysium,0.95,very_low,0,0.1134,0
Dawn-Fenix,114,0.21634,False,Dawn,Fenix,21.63,high,1,2.593,0
Elysium-Fenix,114,0.04406,False,Elysium,Fenix,4.41,very_low,0,0.5281,0
Aegis-Boreas,115,0.0981,False,Aegis,Boreas,9.81,low,0,1.1758,0
Aegis-Dawn,115,0.04894,False,Aegis,Dawn,4.89,very_low,0,0.5866,0
Aegis-Elysium,115,0.16354,False,Aegis,Elysium,16.35,medium,0,1.9601,0
Boreas-Dawn,115,0.00467,True,Boreas,Dawn,0.47,very_low,0,0.056,1
Boreas-Elysium,115,0.2747,False,Boreas,Elysium,27.47,high,1,3.2925,0
Boreas-Fenix,115,0.09152,False,Boreas,Fenix,9.15,low,0,1.0969,0
Caelum-Dawn,115,0.09243,False,Caelum,Dawn,9.24,low,0,1.1078,0
Caelum-Elysium,115,0.0834330688935281,False,Caelum,Elysium,8.34,low,0,1.0,0
Caelum-Fenix,115,0.0293,False,Caelum,Fenix,2.93,very_low,0,0.3512,0
Dawn-Elysium,115,0.10363,False,Dawn,Elysium,10.36,medium,0,1.2421,0
Dawn-Fenix,115,0.0834330688935281,False,Dawn,Fenix,8.34,low,0,1.0,0
Elysium-Fenix,115,0.0834330688935281,False,Elysium,Fenix,8.34,low,0,1.0,0
Aegis-Boreas,116,0.06688,False,Aegis,Boreas,6.69,low,0,0.8016,0
Aegis-Dawn,116,0.00786,False,Aegis,Dawn,0.79,very_low,0,0.0942,0
Aegis-Elysium,116,0.04338,False,Aegis,Elysium,4.34,very_low,0,0.5199,0
Boreas-Dawn,116,0.17824,True,Boreas,Dawn,17.82,medium,0,2.1363,1
Boreas-Elysium,116,0.09193,False,Boreas,Elysium,9.19,low,0,1.1018,0
Boreas-Fenix,116,0.05092,True,Boreas,Fenix,5.09,low,0,0.6103,1
Caelum-Dawn,116,0.05256,False,Caelum,Dawn,5.26,low,0,0.63,0
Caelum-Elysium,116,0.12478,False,Caelum,Elysium,12.48,medium,0,1.4956,0
Caelum-Fenix,116,0.00507,False,Caelum,Fenix,0.51,very_low,0,0.0608,0
Dawn-Elysium,116,0.0071,False,Dawn,Elysium,0.71,very_low,0,0.0851,0
Dawn-Fenix,116,0.03362,False,Dawn,Fenix,3.36,very_low,0,0.403,0
Elysium-Fenix,116,0.33765,True,Elysium,Fenix,33.76,high,1,4.047,1
Aegis-Boreas,117,0.0443,False,Aegis,Boreas,4.43,very_low,0,0.531,0
Aegis-Dawn,117,0.12721,False,Aegis,Dawn,12.72,medium,0,1.5247,0
Aegis-Elysium,117,0.09821,False,Aegis,Elysium,9.82,low,0,1.1771,0
Boreas-Dawn,117,0.09585,False,Boreas,Dawn,9.59,low,0,1.1488,0
Boreas-Elysium,117,0.02457,False,Boreas,Elysium,2.46,very_low,0,0.2945,0
Boreas-Fenix,117,0.00059,False,Boreas,Fenix,0.06,very_low,0,0.0071,0
Caelum-Dawn,117,0.17363,False,Caelum,Dawn,17.36,medium,0,2.0811,0
Caelum-Elysium,117,0.0834330688935281,False,Caelum,Elysium,8.34,low,0,1.0,0
Caelum-Fenix,117,0.12027,False,Caelum,Fenix,12.03,medium,0,1.4415,0
Dawn-Elysium,117,0.06732,False,Dawn,Elysium,6.73,low,0,0.8069,0
Dawn-Fenix,117,0.16532,False,Dawn,Fenix,16.53,medium,0,1.9815,0
Elysium-Fenix,117,0.06999,False,Elysium,Fenix,7.0,low,0,0.8389,0
Aegis-Boreas,118,0.01046,False,Aegis,Boreas,1.05,very_low,0,0.1254,0
Aegis-Dawn,118,0.04249,False,Aegis,Dawn,4.25,very_low,0,0.5093,0
Aegis-Elysium,118,0.16438,False,Aegis,Elysium,16.44,medium,0,1.9702,0
Boreas-Dawn,118,0.19035,True,Boreas,Dawn,19.04,medium,0,2.2815,1
Boreas-Elysium,118,0.03065,False,Boreas,Elysium,3.06,very_low,0,0.3674,0
Boreas-Fenix,118,0.04265,False,Boreas,Fenix,4.26,very_low,0,0.5112,0
Caelum-Dawn,118,0.03638,False,Caelum,Dawn,3.64,very_low,0,0.436,0
Caelum-Elysium,118,0.04334,False,Caelum,Elysium,4.33,very_low,0,0.5195,0
Caelum-Fenix,118,0.16871,False,Caelum,Fenix,16.87,medium,0,2.0221,0
Dawn-Elysium,118,0.07097,False,Dawn,Elysium,7.1,low,0,0.8506,0
Dawn-Fenix,118,0.0822,False,Dawn,Fenix,8.22,low,0,0.9852,0
Elysium-Fenix,118,0.11741,False,Elysium,Fenix,11.74,medium,0,1.4072,0
Aegis-Boreas,119,0.00428,False,Aegis,Boreas,0.43,very_low,0,0.0513,0
Aegis-Dawn,119,0.0651,False,Aegis,Dawn,6.51,low,0,0.7803,0
Aegis-Elysium,119,0.17983,False,Aegis,Elysium,17.98,medium,0,2.1554,0
Boreas-Dawn,119,0.04451,False,Boreas,Dawn,4.45,very_low,0,0.5335,0
Boreas-Elysium,119,0.02228,False,Boreas,Elysium,2.23,very_low,0,0.267,0
Boreas-Fenix,119,0.03857,False,Boreas,Fenix,3.86,very_low,0,0.4623,0
Caelum-Dawn,119,0.00459,False,Caelum,Dawn,0.46,very_low,0,0.055,0
Caelum-Elysium,119,0.09868,False,Caelum,Elysium,9.87,low,0,1.1827,0
Caelum-Fenix,119,0.06841,False,Caelum,Fenix,6.84,low,0,0.8199,0
Dawn-Elysium,119,0.30337,False,Dawn,Elysium,30.34,high,1,3.6361,0
Dawn-Fenix,119,0.00881,False,Dawn,Fenix,0.88,very_low,0,0.1056,0
Elysium-Fenix,119,0.16158,False,Elysium,Fenix,16.16,medium,0,1.9366,0
Aegis-Boreas,120,0.07083,False,Aegis,Boreas,7.08,low,0,0.8489,0
Aegis-Dawn,120,0.1644,False,Aegis,Dawn,16.44,medium,0,1.9704,0
Aegis-Elysium,120,0.01099,True,Aegis,Elysium,1.1,very_low,0,0.1317,1
Boreas-Dawn,120,0.05178,False,Boreas,Dawn,5.18,low,0,0.6206,0
Boreas-Elysium,120,0.07199,False,Boreas,Elysium,7.2,low,0,0.8628,0
Boreas-Fenix,120,0.02685,False,Boreas,Fenix,2.68,very_low,0,0.3218,0
Caelum-Dawn,120,0.08569,False,Caelum,Dawn,8.57,low,0,1.0271,0
Caelum-Elysium,120,0.1466,False,Caelum,Elysium,14.66,medium,0,1.7571,0
Caelum-Fenix,120,0.02532,False,Caelum,Fenix,2.53,very_low,0,0.3035,0
Dawn-Elysium,120,0.0434,False,Dawn,Elysium,4.34,very_low,0,0.5202,0
Dawn-Fenix,120,0.19147,False,Dawn,Fenix,19.15,medium,0,2.2949,0
Elysium-Fenix,120,0.1107,False,Elysium,Fenix,11.07,medium,0,1.3268,0
Aegis-Boreas,121,0.08795,True,Aegis,Boreas,8.8,low,0,1.0541,1
Aegis-Dawn,121,0.17773,False,Aegis,Dawn,17.77,medium,0,2.1302,0
Aegis-Elysium,121,0.13764,False,Aegis,Elysium,13.76,medium,0,1.6497,0
Boreas-Dawn,121,0.02038,False,Boreas,Dawn,2.04,very_low,0,0.2443,0
Boreas-Elysium,121,0.13532,False,Boreas,Elysium,13.53,medium,0,1.6219,0
Boreas-Fenix,121,0.0834330688935281,False,Boreas,Fenix,8.34,low,0,1.0,0
Caelum-Dawn,121,0.05707,False,Caelum,Dawn,5.71,low,0,0.684,0
Caelum-Elysium,121,0.12879,False,Caelum,Elysium,12.88,medium,0,1.5436,0
Caelum-Fenix,121,0.01722,False,Caelum,Fenix,1.72,very_low,0,0.2064,0
Dawn-Elysium,121,0.00304,False,Dawn,Elysium,0.3,very_low,0,0.0364,0
Dawn-Fenix,121,0.1232,False,Dawn,Fenix,12.32,medium,0,1.4766,0
Elysium-Fenix,121,0.06083,False,Elysium,Fenix,6.08,low,0,0.7291,0
Aegis-Boreas,122,0.11256,False,Aegis,Boreas,11.26,medium,0,1.3491,0
Aegis-Dawn,122,0.11644,False,Aegis,Dawn,11.64,medium,0,1.3956,0
Aegis-Elysium,122,0.11703,False,Aegis,Elysium,11.7,medium,0,1.4027,0
Boreas-Dawn,122,0.01792,False,Boreas,Dawn,1.79,very_low,0,0.2148,0
Boreas-Elysium,122,0.06732,False,Boreas,Elysium,6.73,low,0,0.8069,0
Boreas-Fenix,122,0.00537,True,Boreas,Fenix,0.54,very_low,0,0.0644,1
Caelum-Dawn,122,0.01,False,Caelum,Dawn,1.0,very_low,0,0.1199,0
Caelum-Elysium,122,0.02756,False,Caelum,Elysium,2.76,very_low,0,0.3303,0
Caelum-Fenix,122,0.00597,False,Caelum,Fenix,0.6,very_low,0,0.0716,0
Dawn-Elysium,122,0.27619,False,Dawn,Elysium,27.62,high,1,3.3103,0
Dawn-Fenix,122,0.18856,False,Dawn,Fenix,18.86,medium,0,2.26,0
Elysium-Fenix,122,0.05509,False,Elysium,Fenix,5.51,low,0,0.6603,0
Aegis-Boreas,123,0.03816,False,Aegis,Boreas,3.82,very_low,0,0.4574,0
Aegis-Dawn,123,0.03232,False,Aegis,Dawn,3.23,very_low,0,0.3874,0
Aegis-Elysium,123,0.26803,False,Aegis,Elysium,26.8,high,1,3.2125,0
Boreas-Dawn,123,0.0834330688935281,False,Boreas,Dawn,8.34,low,0,1.0,0
Boreas-Elysium,123,0.09756,False,Boreas,Elysium,9.76,low,0,1.1693,0
Boreas-Fenix,123,0.07854,False,Boreas,Fenix,7.85,low,0,0.9414,0
Caelum-Dawn,123,0.02303,False,Caelum,Dawn,2.3,very_low,0,0.276,0
Caelum-Elysium,123,0.05379,False,Caelum,Elysium,5.38,low,0,0.6447,0
Caelum-Fenix,123,0.11809,False,Caelum,Fenix,11.81,medium,0,1.4154,0
Dawn-Elysium,123,0.04095,False,Dawn,Elysium,4.1,very_low,0,0.4908,0
Dawn-Fenix,123,0.12,True,Dawn,Fenix,12.0,medium,0,1.4383,1
Elysium-Fenix,123,0.12362,True,Elysium,Fenix,12.36,medium,0,1.4817,1
Aegis-Boreas,124,0.10428,False,Aegis,Boreas,10.43,medium,0,1.2499,0
Aegis-Dawn,124,0.02533,False,Aegis,Dawn,2.53,very_low,0,0.3036,0
Aegis-Elysium,124,0.04416,False,Aegis,Elysium,4.42,very_low,0,0.5293,0
Boreas-Dawn,124,0.0834330688935281,True,Boreas,Dawn,8.34,low,0,1.0,1
Boreas-Elysium,124,0.06299,False,Boreas,Elysium,6.3,low,0,0.755,0
Boreas-Fenix,124,0.12923,True,Boreas,Fenix,12.92,medium,0,1.5489,1
Caelum-Dawn,124,0.08536,False,Caelum,Dawn,8.54,low,0,1.0231,0
Caelum-Elysium,124,0.01049,False,Caelum,Elysium,1.05,very_low,0,0.1257,0
Caelum-Fenix,124,0.05861,False,Caelum,Fenix,5.86,low,0,0.7025,0
Dawn-Elysium,124,0.02136,False,Dawn,Elysium,2.14,very_low,0,0.256,0
Dawn-Fenix,124,0.14838,False,Dawn,Fenix,14.84,medium,0,1.7784,0
Elysium-Fenix,124,0.13275,False,Elysium,Fenix,13.28,medium,0,1.5911,0
Aegis-Boreas,125,0.01367,False,Aegis,Boreas,1.37,very_low,0,0.1638,0
Aegis-Dawn,125,0.11196,False,Aegis,Dawn,11.2,medium,0,1.3419,0
Aegis-Elysium,125,0.07375,False,Aegis,Elysium,7.38,low,0,0.8839,0
Boreas-Dawn,125,0.07473,False,Boreas,Dawn,7.47,low,0,0.8957,0
Boreas-Elysium,125,0.03717,False,Boreas,Elysium,3.72,very_low,0,0.4455,0
Boreas-Fenix,125,0.0834330688935281,False,Boreas,Fenix,8.34,low,0,1.0,0
Caelum-Dawn,125,0.03211,False,Caelum,Dawn,3.21,very_low,0,0.3849,0
Caelum-Elysium,125,0.20337,False,Caelum,Elysium,20.34,high,1,2.4375,0
Caelum-Fenix,125,0.02756,True,Caelum,Fenix,2.76,very_low,0,0.3303,1
Dawn-Elysium,125,0.03983,False,Dawn,Elysium,3.98,very_low,0,0.4774,0
Dawn-Fenix,125,0.33707,False,Dawn,Fenix,33.71,high,1,4.04,0
Elysium-Fenix,125,0.03299,False,Elysium,Fenix,3.3,very_low,0,0.3954,0
Aegis-Boreas,126,0.16696,False,Aegis,Boreas,16.7,medium,0,2.0011,0
Aegis-Dawn,126,0.00487,False,Aegis,Dawn,0.49,very_low,0,0.0584,0
Aegis-Elysium,126,0.18053,True,Aegis,Elysium,18.05,medium,0,2.1638,1
Boreas-Dawn,126,0.07541,False,Boreas,Dawn,7.54,low,0,0.9038,0
Boreas-Elysium,126,0.0834330688935281,False,Boreas,Elysium,8.34,low,0,1.0,0
Boreas-Fenix,126,0.01317,False,Boreas,Fenix,1.32,very_low,0,0.1579,0
Caelum-Dawn,126,0.02348,False,Caelum,Dawn,2.35,very_low,0,0.2814,0
Caelum-Elysium,126,0.03006,True,Caelum,Elysium,3.01,very_low,0,0.3603,1
Caelum-Fenix,126,0.11045,False,Caelum,Fenix,11.04,medium,0,1.3238,0
Dawn-Elysium,126,0.0132,False,Dawn,Elysium,1.32,very_low,0,0.1582,0
Dawn-Fenix,126,0.19004,False,Dawn,Fenix,19.0,medium,0,2.2778,0
Elysium-Fenix,126,0.07137,False,Elysium,Fenix,7.14,low,0,0.8554,0
Aegis-Boreas,127,0.07847,False,Aegis,Boreas,7.85,low,0,0.9405,0
Aegis-Dawn,127,0.15303,True,Aegis,Dawn,15.3,medium,0,1.8342,1
Aegis-Elysium,127,0.00202,False,Aegis,Elysium,0.2,very_low,0,0.0242,0
Boreas-Dawn,127,0.07929,False,Boreas,Dawn,7.93,low,0,0.9503,0
Boreas-Elysium,127,0.00914,False,Boreas,Elysium,0.91,very_low,0,0.1095,0
Boreas-Fenix,127,0.05677,False,Boreas,Fenix,5.68,low,0,0.6804,0
Caelum-Dawn,127,0.20885,False,Caelum,Dawn,20.88,high,1,2.5032,0
Caelum-Elysium,127,0.16905,False,Caelum,Elysium,16.9,medium,0,2.0262,0
Caelum-Fenix,127,0.04559,False,Caelum,Fenix,4.56,very_low,0,0.5464,0
Dawn-Elysium,127,0.04735,False,Dawn,Elysium,4.74,very_low,0,0.5675,0
Dawn-Fenix,127,0.07762,False,Dawn,Fenix,7.76,low,0,0.9303,0
Elysium-Fenix,127,0.07283,False,Elysium,Fenix,7.28,low,0,0.8729,0
Aegis-Boreas,128,0.14803,True,Aegis,Boreas,14.8,medium,0,1.7742,1
Aegis-Dawn,128,0.04266,True,Aegis,Dawn,4.27,very_low,0,0.5113,1
Aegis-Elysium,128,0.17433,False,Aegis,Elysium,17.43,medium,0,2.0895,0
Boreas-Dawn,128,0.06432,False,Boreas,Dawn,6.43,low,0,0.7709,0
Boreas-Elysium,128,0.01619,False,Boreas,Elysium,1.62,very_low,0,0.194,0
Boreas-Fenix,128,0.08723,False,Boreas,Fenix,8.72,low,0,1.0455,0
Caelum-Dawn,128,0.02629,False,Caelum,Dawn,2.63,very_low,0,0.3151,0
Caelum-Elysium,128,0.16442,True,Caelum,Elysium,16.44,medium,0,1.9707,1
Caelum-Fenix,128,0.08336,False,Caelum,Fenix,8.34,low,0,0.9991,0
Dawn-Elysium,128,0.03418,False,Dawn,Elysium,3.42,very_low,0,0.4097,0
Dawn-Fenix,128,0.03454,False,Dawn,Fenix,3.45,very_low,0,0.414,0
Elysium-Fenix,128,0.12444,False,Elysium,Fenix,12.44,medium,0,1.4915,0
Aegis-Boreas,129,0.00669,False,Aegis,Boreas,0.67,very_low,0,0.0802,0
Aegis-Dawn,129,0.00377,False,Aegis,Dawn,0.38,very_low,0,0.0452,0
Aegis-Elysium,129,0.01683,False,Aegis,Elysium,1.68,very_low,0,0.2017,0
Boreas-Dawn,129,0.00381,False,Boreas,Dawn,0.38,very_low,0,0.0457,0
Boreas-Elysium,129,0.12879,False,Boreas,Elysium,12.88,medium,0,1.5436,0
Boreas-Fenix,129,0.13318,False,Boreas,Fenix,13.32,medium,0,1.5962,0
Caelum-Dawn,129,0.01096,False,Caelum,Dawn,1.1,very_low,0,0.1314,0
Caelum-Elysium,129,0.04731,False,Caelum,Elysium,4.73,very_low,0,0.567,0
Caelum-Fenix,129,0.19231,False,Caelum,Fenix,19.23,medium,0,2.305,0
Dawn-Elysium,129,0.04212,False,Dawn,Elysium,4.21,very_low,0,0.5048,0
Dawn-Fenix,129,0.0775,False,Dawn,Fenix,7.75,low,0,0.9289,0
Elysium-Fenix,129,0.33672,False,Elysium,Fenix,33.67,high,1,4.0358,0
Aegis-Boreas,130,0.0387,False,Aegis,Boreas,3.87,very_low,0,0.4638,0
Aegis-Dawn,130,0.06433,False,Aegis,Dawn,6.43,low,0,0.771,0
Aegis-Elysium,130,0.0036,True,Aegis,Elysium,0.36,very_low,0,0.0431,1
Boreas-Dawn,130,0.07648,False,Boreas,Dawn,7.65,low,0,0.9167,0
Boreas-Elysium,130,0.0834330688935281,False,Boreas,Elysium,8.34,low,0,1.0,0
Boreas-Fenix,130,0.1123,False,Boreas,Fenix,11.23,medium,0,1.346,0
Caelum-Dawn,130,0.04303,False,Caelum,Dawn,4.3,very_low,0,0.5157,0
Caelum-Elysium,130,0.09523,True,Caelum,Elysium,9.52,low,0,1.1414,1
Caelum-Fenix,130,0.03482,False,Caelum,Fenix,3.48,very_low,0,0.4173,0
Dawn-Elysium,130,0.27799,False,Dawn,Elysium,27.8,high,1,3.3319,0
Dawn-Fenix,130,0.16862,True,Dawn,Fenix,16.86,medium,0,2.021,1
Elysium-Fenix,130,0.03216,False,Elysium,Fenix,3.22,very_low,0,0.3855,0
Aegis-Boreas,131,0.1915,False,Aegis,Boreas,19.15,medium,0,2.2953,0
Aegis-Dawn,131,0.08721,False,Aegis,Dawn,8.72,low,0,1.0453,0
Aegis-Elysium,131,0.01434,False,Aegis,Elysium,1.43,very_low,0,0.1719,0
Boreas-Dawn,131,0.07167,False,Boreas,Dawn,7.17,low,0,0.859,0
Boreas-Elysium,131,0.00221,False,Boreas,Elysium,0.22,very_low,0,0.0265,0
Boreas-Fenix,131,0.00721,False,Boreas,Fenix,0.72,very_low,0,0.0864,0
Caelum-Dawn,131,0.22652,False,Caelum,Dawn,22.65,high,1,2.715,0
Caelum-Elysium,131,0.02542,False,Caelum,Elysium,2.54,very_low,0,0.3047,0
Caelum-Fenix,131,0.04506,False,Caelum,Fenix,4.51,very_low,0,0.5401,0
Dawn-Elysium,131,0.00677,False,Dawn,Elysium,0.68,very_low,0,0.0811,0
Dawn-Fenix,131,0.05049,False,Dawn,Fenix,5.05,low,0,0.6052,0
Elysium-Fenix,131,0.27161,False,Elysium,Fenix,27.16,high,1,3.2554,0
Aegis-Boreas,132,0.18902,False,Aegis,Boreas,18.9,medium,0,2.2655,0
Aegis-Dawn,132,0.07341,False,Aegis,Dawn,7.34,low,0,0.8799,0
Aegis-Elysium,132,0.05331,True,Aegis,Elysium,5.33,low,0,0.639,1
Boreas-Dawn,132,0.03072,False,Boreas,Dawn,3.07,very_low,0,0.3682,0
Boreas-Elysium,132,0.19238,False,Boreas,Elysium,19.24,medium,0,2.3058,0
Boreas-Fenix,132,0.0184,False,Boreas,Fenix,1.84,very_low,0,0.2205,0
Caelum-Dawn,132,0.06323,True,Caelum,Dawn,6.32,low,0,0.7579,1
Caelum-Elysium,132,0.01587,False,Caelum,Elysium,1.59,very_low,0,0.1902,0
Caelum-Fenix,132,0.06323,False,Caelum,Fenix,6.32,low,0,0.7579,0
Dawn-Elysium,132,0.01855,False,Dawn,Elysium,1.86,very_low,0,0.2223,0
Dawn-Fenix,132,0.02419,False,Dawn,Fenix,2.42,very_low,0,0.2899,0
Elysium-Fenix,132,0.25768,False,Elysium,Fenix,25.77,high,1,3.0885,0
Aegis-Boreas,133,0.0062,False,Aegis,Boreas,0.62,very_low,0,0.0743,0
Aegis-Dawn,133,0.14352,False,Aegis,Dawn,14.35,medium,0,1.7202,0
Aegis-Elysium,133,0.09567,False,Aegis,Elysium,9.57,low,0,1.1467,0
Boreas-Dawn,133,0.02594,False,Boreas,Dawn,2.59,very_low,0,0.3109,0
Boreas-Elysium,133,0.15979,False,Boreas,Elysium,15.98,medium,0,1.9152,0
Boreas-Fenix,133,0.15998,False,Boreas,Fenix,16.0,medium,0,1.9175,0
Caelum-Dawn,133,0.05989,False,Caelum,Dawn,5.99,low,0,0.7178,0
Caelum-Elysium,133,0.02448,False,Caelum,Elysium,2.45,very_low,0,0.2934,0
Caelum-Fenix,133,0.02951,False,Caelum,Fenix,2.95,very_low,0,0.3537,0
Dawn-Elysium,133,0.02321,False,Dawn,Elysium,2.32,very_low,0,0.2782,0
Dawn-Fenix,133,0.08035,False,Dawn,Fenix,8.04,low,0,0.963,0
Elysium-Fenix,133,0.0834330688935281,False,Elysium,Fenix,8.34,low,0,1.0,0
Aegis-Boreas,134,0.09379,False,Aegis,Boreas,9.38,low,0,1.1241,0
Aegis-Dawn,134,0.0059,False,Aegis,Dawn,0.59,very_low,0,0.0707,0
Aegis-Elysium,134,0.23452,False,Aegis,Elysium,23.45,high,1,2.8109,0
Boreas-Dawn,134,0.0436,False,Boreas,Dawn,4.36,very_low,0,0.5226,0
Boreas-Elysium,134,0.18264,False,Boreas,Elysium,18.26,medium,0,2.1891,0
Boreas-Fenix,134,0.09528,False,Boreas,Fenix,9.53,low,0,1.142,0
Caelum-Dawn,134,0.01588,False,Caelum,Dawn,1.59,very_low,0,0.1903,0
Caelum-Elysium,134,0.02987,False,Caelum,Elysium,2.99,very_low,0,0.358,0
Caelum-Fenix,134,0.1457,False,Caelum,Fenix,14.57,medium,0,1.7463,0
Dawn-Elysium,134,0.13433,False,Dawn,Elysium,13.43,medium,0,1.61,0
Dawn-Fenix,134,0.00687,False,Dawn,Fenix,0.69,very_low,0,0.0823,0
Elysium-Fenix,134,0.01161,False,Elysium,Fenix,1.16,very_low,0,0.1392,0
Aegis-Boreas,135,0.11698,False,Aegis,Boreas,11.7,medium,0,1.4021,0
Aegis-Dawn,135,0.09776,False,Aegis,Dawn,9.78,low,0,1.1717,0
Aegis-Elysium,135,0.04739,False,Aegis,Elysium,4.74,very_low,0,0.568,0
Boreas-Dawn,135,0.01447,False,Boreas,Dawn,1.45,very_low,0,0.1734,0
Boreas-Elysium,135,0.00913,False,Boreas,Elysium,0.91,very_low,0,0.1094,0
Boreas-Fenix,135,0.0834330688935281,False,Boreas,Fenix,8.34,low,0,1.0,0
Caelum-Dawn,135,0.00656,False,Caelum,Dawn,0.66,very_low,0,0.0786,0
Caelum-Elysium,135,0.05817,False,Caelum,Elysium,5.82,low,0,0.6972,0
Caelum-Fenix,135,0.1725,False,Caelum,Fenix,17.25,medium,0,2.0675,0
Dawn-Elysium,135,0.23631,False,Dawn,Elysium,23.63,high,1,2.8323,0
Dawn-Fenix,135,0.17774,False,Dawn,Fenix,17.77,medium,0,2.1303,0
Elysium-Fenix,135,0.00963,False,Elysium,Fenix,0.96,very_low,0,0.1154,0
Aegis-Boreas,136,0.05554,False,Aegis,Boreas,5.55,low,0,0.6657,0
Aegis-Dawn,136,0.24169,False,Aegis,Dawn,24.17,high,1,2.8968,0
Aegis-Elysium,136,0.03466,False,Aegis,Elysium,3.47,very_low,0,0.4154,0
Boreas-Dawn,136,0.08848,False,Boreas,Dawn,8.85,low,0,1.0605,0
Boreas-Elysium,136,0.10837,False,Boreas,Elysium,10.84,medium,0,1.2989,0
Boreas-Fenix,136,0.04492,False,Boreas,Fenix,4.49,very_low,0,0.5384,0
Caelum-Dawn,136,0.09179,False,Caelum,Dawn,9.18,low,0,1.1002,0
Caelum-Elysium,136,0.03585,False,Caelum,Elysium,3.58,very_low,0,0.4297,0
Caelum-Fenix,136,0.06559,False,Caelum,Fenix,6.56,low,0,0.7861,0
Dawn-Elysium,136,0.01358,False,Dawn,Elysium,1.36,very_low,0,0.1628,0
Dawn-Fenix,136,0.01808,False,Dawn,Fenix,1.81,very_low,0,0.2167,0
Elysium-Fenix,136,0.20147,False,Elysium,Fenix,20.15,high,1,2.4147,0
Aegis-Boreas,137,0.06953,False,Aegis,Boreas,6.95,low,0,0.8334,0
Aegis-Dawn,137,0.19642,False,Aegis,Dawn,19.64,medium,0,2.3542,0
Aegis-Elysium,137,0.05028,False,Aegis,Elysium,5.03,low,0,0.6026,0
Boreas-Dawn,137,0.08199,False,Boreas,Dawn,8.2,low,0,0.9827,0
Boreas-Elysium,137,0.03159,False,Boreas,Elysium,3.16,very_low,0,0.3786,0
Boreas-Fenix,137,0.13725,True,Boreas,Fenix,13.73,medium,0,1.645,1
Caelum-Dawn,137,0.0527,False,Caelum,Dawn,5.27,low,0,0.6316,0
Caelum-Elysium,137,0.15354,False,Caelum,Elysium,15.35,medium,0,1.8403,0
Caelum-Fenix,137,0.09762,False,Caelum,Fenix,9.76,low,0,1.17,0
Dawn-Elysium,137,0.00088,False,Dawn,Elysium,0.09,very_low,0,0.0105,0
Dawn-Fenix,137,0.11034,False,Dawn,Fenix,11.03,medium,0,1.3225,0
Elysium-Fenix,137,0.01787,False,Elysium,Fenix,1.79,very_low,0,0.2142,0
Aegis-Boreas,138,0.29006,True,Aegis,Boreas,29.01,high,1,3.4766,1
Aegis-Dawn,138,0.01814,False,Aegis,Dawn,1.81,very_low,0,0.2174,0
Aegis-Elysium,138,0.03008,False,Aegis,Elysium,3.01,very_low,0,0.3605,0
Boreas-Dawn,138,0.05832,False,Boreas,Dawn,5.83,low,0,0.699,0
Boreas-Elysium,138,0.03645,False,Boreas,Elysium,3.65,very_low,0,0.4369,0
Boreas-Fenix,138,0.03757,False,Boreas,Fenix,3.76,very_low,0,0.4503,0
Caelum-Dawn,138,0.07215,False,Caelum,Dawn,7.22,low,0,0.8648,0
Caelum-Elysium,138,0.0289,True,Caelum,Elysium,2.89,very_low,0,0.3464,1
Caelum-Fenix,138,0.24664,False,Caelum,Fenix,24.66,high,1,2.9561,0
Dawn-Elysium,138,0.01132,False,Dawn,Elysium,1.13,very_low,0,0.1357,0
Dawn-Fenix,138,0.04754,False,Dawn,Fenix,4.75,very_low,0,0.5698,0
Elysium-Fenix,138,0.12285,True,Elysium,Fenix,12.28,medium,0,1.4724,1
Aegis-Boreas,139,0.10037,True,Aegis,Boreas,10.04,medium,0,1.203,1
Aegis-Dawn,139,0.00471,False,Aegis,Dawn,0.47,very_low,0,0.0565,0
Aegis-Elysium,139,0.04113,False,Aegis,Elysium,4.11,very_low,0,0.493,0
Boreas-Dawn,139,0.04342,True,Boreas,Dawn,4.34,very_low,0,0.5204,1
Boreas-Elysium,139,0.04997,False,Boreas,Elysium,5.0,very_low,0,0.5989,0
Boreas-Fenix,139,0.0834330688935281,False,Boreas,Fenix,8.34,low,0,1.0,0
Caelum-Dawn,139,0.05086,False,Caelum,Dawn,5.09,low,0,0.6096,0
Caelum-Elysium,139,0.11237,False,Caelum,Elysium,11.24,medium,0,1.3468,0
Caelum-Fenix,139,0.02696,False,Caelum,Fenix,2.7,very_low,0,0.3231,0
Dawn-Elysium,139,0.27759,False,Dawn,Elysium,27.76,high,1,3.3271,0
Dawn-Fenix,139,0.02117,False,Dawn,Fenix,2.12,very_low,0,0.2537,0
Elysium-Fenix,139,0.26686,False,Elysium,Fenix,26.69,high,1,3.1985,0
Aegis-Boreas,140,0.11583,False,Aegis,Boreas,11.58,medium,0,1.3883,0
Aegis-Dawn,140,0.02596,False,Aegis,Dawn,2.6,very_low,0,0.3111,0
Aegis-Elysium,140,0.03627,False,Aegis,Elysium,3.63,very_low,0,0.4347,0
Boreas-Dawn,140,0.01025,False,Boreas,Dawn,1.03,very_low,0,0.1229,0
Boreas-Elysium,140,0.12102,False,Boreas,Elysium,12.1,medium,0,1.4505,0
Boreas-Fenix,140,0.02967,False,Boreas,Fenix,2.97,very_low,0,0.3556,0
Caelum-Dawn,140,0.04492,False,Caelum,Dawn,4.49,very_low,0,0.5384,0
Caelum-Elysium,140,0.14891,False,Caelum,Elysium,14.89,medium,0,1.7848,0
Caelum-Fenix,140,0.02183,False,Caelum,Fenix,2.18,very_low,0,0.2616,0
Dawn-Elysium,140,0.22914,False,Dawn,Elysium,22.91,high,1,2.7464,0
Dawn-Fenix,140,0.19416,False,Dawn,Fenix,19.42,medium,0,2.3271,0
Elysium-Fenix,140,0.02205,False,Elysium,Fenix,2.2,very_low,0,0.2643,0
Aegis-Boreas,141,0.10693,False,Aegis,Boreas,10.69,medium,0,1.2816,0
Aegis-Dawn,141,0.10133,False,Aegis,Dawn,10.13,medium,0,1.2145,0
Aegis-Elysium,141,0.1074,False,Aegis,Elysium,10.74,medium,0,1.2873,0
Boreas-Dawn,141,0.03069,False,Boreas,Dawn,3.07,very_low,0,0.3678,0
Boreas-Elysium,141,0.24478,False,Boreas,Elysium,24.48,high,1,2.9338,0
Boreas-Fenix,141,0.02012,False,Boreas,Fenix,2.01,very_low,0,0.2412,0
Caelum-Dawn,141,0.16226,False,Caelum,Dawn,16.23,medium,0,1.9448,0
Caelum-Elysium,141,0.00419,False,Caelum,Elysium,0.42,very_low,0,0.0502,0
Caelum-Fenix,141,0.11984,False,Caelum,Fenix,11.98,medium,0,1.4364,0
Dawn-Elysium,141,0.07751,False,Dawn,Elysium,7.75,low,0,0.929,0
Dawn-Fenix,141,0.00841,False,Dawn,Fenix,0.84,very_low,0,0.1008,0
Elysium-Fenix,141,0.01652,False,Elysium,Fenix,1.65,very_low,0,0.198,0
Aegis-Boreas,142,0.00999,False,Aegis,Boreas,1.0,very_low,0,0.1197,0
Aegis-Dawn,142,0.03101,False,Aegis,Dawn,3.1,very_low,0,0.3717,0
Aegis-Elysium,142,0.04301,False,Aegis,Elysium,4.3,very_low,0,0.5155,0
Boreas-Dawn,142,0.26004,False,Boreas,Dawn,26.0,high,1,3.1167,0
Boreas-Elysium,142,0.03456,False,Boreas,Elysium,3.46,very_low,0,0.4142,0
Boreas-Fenix,142,0.16017,False,Boreas,Fenix,16.02,medium,0,1.9197,0
Caelum-Dawn,142,0.0834330688935281,False,Caelum,Dawn,8.34,low,0,1.0,0
Caelum-Elysium,142,0.06695,False,Caelum,Elysium,6.69,low,0,0.8024,0
Caelum-Fenix,142,0.06164,False,Caelum,Fenix,6.16,low,0,0.7388,0
Dawn-Elysium,142,0.00096,False,Dawn,Elysium,0.1,very_low,0,0.0115,0
Dawn-Fenix,142,0.21912,False,Dawn,Fenix,21.91,high,1,2.6263,0
Elysium-Fenix,142,0.00447,False,Elysium,Fenix,0.45,very_low,0,0.0536,0
Aegis-Boreas,143,0.0834330688935281,False,Aegis,Boreas,8.34,low,0,1.0,0
Aegis-Dawn,143,0.0834330688935281,False,Aegis,Dawn,8.34,low,0,1.0,0
Aegis-Elysium,143,0.07048,False,Aegis,Elysium,7.05,low,0,0.8447,0
Boreas-Dawn,143,0.09108,False,Boreas,Dawn,9.11,low,0,1.0917,0
Boreas-Elysium,143,0.08405,False,Boreas,Elysium,8.4,low,0,1.0074,0
Boreas-Fenix,143,0.23768,True,Boreas,Fenix,23.77,high,1,2.8488,1
Caelum-Dawn,143,0.03079,False,Caelum,Dawn,3.08,very_low,0,0.369,0
Caelum-Elysium,143,0.06374,False,Caelum,Elysium,6.37,low,0,0.764,0
Caelum-Fenix,143,0.28848,False,Caelum,Fenix,28.85,high,1,3.4576,0
Dawn-Elysium,143,0.03928,False,Dawn,Elysium,3.93,very_low,0,0.4708,0
Dawn-Fenix,143,0.04856,False,Dawn,Fenix,4.86,very_low,0,0.582,0
Elysium-Fenix,143,0.0834330688935281,False,Elysium,Fenix,8.34,low,0,1.0,0
Aegis-Boreas,144,0.05043,False,Aegis,Boreas,5.04,low,0,0.6044,0
Aegis-Dawn,144,0.34812,False,Aegis,Dawn,34.81,high,1,4.1724,0
Aegis-Elysium,144,0.15219,False,Aegis,Elysium,15.22,medium,0,1.8241,0
Boreas-Dawn,144,0.01008,False,Boreas,Dawn,1.01,very_low,0,0.1208,0
Boreas-Elysium,144,0.02321,True,Boreas,Elysium,2.32,very_low,0,0.2782,1
Boreas-Fenix,144,0.11425,False,Boreas,Fenix,11.42,medium,0,1.3694,0
Caelum-Dawn,144,0.02826,False,Caelum,Dawn,2.83,very_low,0,0.3387,0
Caelum-Elysium,144,0.09472,False,Caelum,Elysium,9.47,low,0,1.1353,0
Caelum-Fenix,144,0.07867,False,Caelum,Fenix,7.87,low,0,0.9429,0
Dawn-Elysium,144,0.02686,False,Dawn,Elysium,2.69,very_low,0,0.3219,0
Dawn-Fenix,144,0.01455,False,Dawn,Fenix,1.46,very_low,0,0.1744,0
Elysium-Fenix,144,0.05866,False,Elysium,Fenix,5.87,low,0,0.7031,0
Aegis-Boreas,145,0.00457,False,Aegis,Boreas,0.46,very_low,0,0.0548,0
Aegis-Dawn,145,0.08492,False,Aegis,Dawn,8.49,low,0,1.0178,0
Aegis-Elysium,145,0.14067,False,Aegis,Elysium,14.07,medium,0,1.686,0
Boreas-Dawn,145,0.04687,False,Boreas,Dawn,4.69,very_low,0,0.5618,0
Boreas-Elysium,145,0.00503,False,Boreas,Elysium,0.5,very_low,0,0.0603,0
Boreas-Fenix,145,0.36015,False,Boreas,Fenix,36.02,very_high,1,4.3166,0
Caelum-Dawn,145,0.04967,False,Caelum,Dawn,4.97,very_low,0,0.5953,0
Caelum-Elysium,145,0.00624,False,Caelum,Elysium,0.62,very_low,0,0.0748,0
Caelum-Fenix,145,0.12229,False,Caelum,Fenix,12.23,medium,0,1.4657,0
Dawn-Elysium,145,0.06984,False,Dawn,Elysium,6.98,low,0,0.8371,0
Dawn-Fenix,145,0.061,False,Dawn,Fenix,6.1,low,0,0.7311,0
Elysium-Fenix,145,0.04876,False,Elysium,Fenix,4.88,very_low,0,0.5844,0
Aegis-Boreas,146,0.03997,False,Aegis,Boreas,4.0,very_low,0,0.4791,0
Aegis-Dawn,146,0.008,True,Aegis,Dawn,0.8,very_low,0,0.0959,1
Aegis-Elysium,146,0.02174,False,Aegis,Elysium,2.17,very_low,0,0.2606,0
Boreas-Dawn,146,0.38085,False,Boreas,Dawn,38.08,very_high,1,4.5647,0
Boreas-Elysium,146,0.06732,False,Boreas,Elysium,6.73,low,0,0.8069,0
Boreas-Fenix,146,0.07051,False,Boreas,Fenix,7.05,low,0,0.8451,0
Caelum-Dawn,146,0.09791,False,Caelum,Dawn,9.79,low,0,1.1735,0
Caelum-Elysium,146,0.05927,False,Caelum,Elysium,5.93,low,0,0.7104,0
Caelum-Fenix,146,0.10308,False,Caelum,Fenix,10.31,medium,0,1.2355,0
Dawn-Elysium,146,0.02847,False,Dawn,Elysium,2.85,very_low,0,0.3412,0
Dawn-Fenix,146,0.03183,False,Dawn,Fenix,3.18,very_low,0,0.3815,0
Elysium-Fenix,146,0.09105,False,Elysium,Fenix,9.1,low,0,1.0913,0
Aegis-Boreas,147,0.02248,False,Aegis,Boreas,2.25,very_low,0,0.2694,0
Aegis-Dawn,147,0.08142,False,Aegis,Dawn,8.14,low,0,0.9759,0
Aegis-Elysium,147,0.02309,False,Aegis,Elysium,2.31,very_low,0,0.2767,0
Boreas-Dawn,147,0.32122,False,Boreas,Dawn,32.12,high,1,3.85,0
Boreas-Elysium,147,0.08195,False,Boreas,Elysium,8.2,low,0,0.9822,0
Boreas-Fenix,147,0.01153,False,Boreas,Fenix,1.15,very_low,0,0.1382,0
Caelum-Dawn,147,0.11617,True,Caelum,Dawn,11.62,medium,0,1.3924,1
Caelum-Elysium,147,0.09659,False,Caelum,Elysium,9.66,low,0,1.1577,0
Caelum-Fenix,147,0.0834330688935281,False,Caelum,Fenix,8.34,low,0,1.0,0
Dawn-Elysium,147,0.01425,False,Dawn,Elysium,1.42,very_low,0,0.1708,0
Dawn-Fenix,147,0.06481,False,Dawn,Fenix,6.48,low,0,0.7768,0
Elysium-Fenix,147,0.03277,False,Elysium,Fenix,3.28,very_low,0,0.3928,0
Aegis-Boreas,148,0.02519,False,Aegis,Boreas,2.52,very_low,0,0.3019,0
Aegis-Dawn,148,0.14157,False,Aegis,Dawn,14.16,medium,0,1.6968,0
Aegis-Elysium,148,0.01167,False,Aegis,Elysium,1.17,very_low,0,0.1399,0
Boreas-Dawn,148,0.07638,False,Boreas,Dawn,7.64,low,0,0.9155,0
Boreas-Elysium,148,0.20737,False,Boreas,Elysium,20.74,high,1,2.4855,0
Boreas-Fenix,148,0.01054,False,Boreas,Fenix,1.05,very_low,0,0.1263,0
Caelum-Dawn,148,0.02048,False,Caelum,Dawn,2.05,very_low,0,0.2455,0
Caelum-Elysium,148,0.12146,False,Caelum,Elysium,12.15,medium,0,1.4558,0
Caelum-Fenix,148,0.08192,True,Caelum,Fenix,8.19,low,0,0.9819,1
Dawn-Elysium,148,0.01104,False,Dawn,Elysium,1.1,very_low,0,0.1323,0
Dawn-Fenix,148,0.04677,False,Dawn,Fenix,4.68,very_low,0,0.5606,0
Elysium-Fenix,148,0.24561,False,Elysium,Fenix,24.56,high,1,2.9438,0
Aegis-Boreas,149,0.03989,False,Aegis,Boreas,3.99,very_low,0,0.4781,0
Aegis-Dawn,149,0.0016,False,Aegis,Dawn,0.16,very_low,0,0.0192,0
Aegis-Elysium,149,0.07158,False,Aegis,Elysium,7.16,low,0,0.8579,0
Boreas-Dawn,149,0.26977,False,Boreas,Dawn,26.98,high,1,3.2334,0
Boreas-Elysium,149,0.00807,False,Boreas,Elysium,0.81,very_low,0,0.0967,0
Boreas-Fenix,149,0.16266,False,Boreas,Fenix,16.27,medium,0,1.9496,0
Caelum-Dawn,149,0.01221,False,Caelum,Dawn,1.22,very_low,0,0.1463,0
Caelum-Elysium,149,0.08153,False,Caelum,Elysium,8.15,low,0,0.9772,0
Caelum-Fenix,149,0.10327,False,Caelum,Fenix,10.33,medium,0,1.2378,0
Dawn-Elysium,149,0.16319,False,Dawn,Elysium,16.32,medium,0,1.9559,0
Dawn-Fenix,149,0.03677,False,Dawn,Fenix,3.68,very_low,0,0.4407,0
Elysium-Fenix,149,0.04948,False,Elysium,Fenix,4.95,very_low,0,0.5931,0
Aegis-Boreas,150,0.13691,False,Aegis,Boreas,13.69,medium,0,1.641,0
Aegis-Dawn,150,0.20766,False,Aegis,Dawn,20.77,high,1,2.4889,0
Aegis-Elysium,150,0.10823,False,Aegis,Elysium,10.82,medium,0,1.2972,0
Boreas-Dawn,150,0.02175,False,Boreas,Dawn,2.17,very_low,0,0.2607,0
Boreas-Elysium,150,0.02149,False,Boreas,Elysium,2.15,very_low,0,0.2576,0
Boreas-Fenix,150,0.09421,False,Boreas,Fenix,9.42,low,0,1.1292,0
Caelum-Dawn,150,0.03317,False,Caelum,Dawn,3.32,very_low,0,0.3976,0
Caelum-Elysium,150,0.10058,False,Caelum,Elysium,10.06,medium,0,1.2055,0
Caelum-Fenix,150,0.09836,False,Caelum,Fenix,9.84,low,0,1.1789,0
Dawn-Elysium,150,0.06563,False,Dawn,Elysium,6.56,low,0,0.7866,0
Dawn-Fenix,150,0.03322,False,Dawn,Fenix,3.32,very_low,0,0.3982,0
Elysium-Fenix,150,0.07879,False,Elysium,Fenix,7.88,low,0,0.9443,0
Aegis-Boreas,151,0.03537,True,Aegis,Boreas,3.54,very_low,0,0.4239,1
Aegis-Dawn,151,0.07647,False,Aegis,Dawn,7.65,low,0,0.9165,0
Aegis-Elysium,151,0.11219,False,Aegis,Elysium,11.22,medium,0,1.3447,0
Boreas-Dawn,151,0.43119,True,Boreas,Dawn,43.12,very_high,1,5.1681,1
Boreas-Elysium,151,0.0108,False,Boreas,Elysium,1.08,very_low,0,0.1294,0
Boreas-Fenix,151,0.00672,False,Boreas,Fenix,0.67,very_low,0,0.0805,0
Caelum-Dawn,151,0.00115,True,Caelum,Dawn,0.12,very_low,0,0.0138,1
Caelum-Elysium,151,0.0814,False,Caelum,Elysium,8.14,low,0,0.9756,0
Caelum-Fenix,151,0.18921,False,Caelum,Fenix,18.92,medium,0,2.2678,0
Dawn-Elysium,151,0.0834330688935281,False,Dawn,Elysium,8.34,low,0,1.0,0
Dawn-Fenix,151,0.03632,False,Dawn,Fenix,3.63,very_low,0,0.4353,0
Elysium-Fenix,151,0.0189,False,Elysium,Fenix,1.89,very_low,0,0.2265,0
Aegis-Boreas,152,0.27011,True,Aegis,Boreas,27.01,high,1,3.2374,1
Aegis-Dawn,152,0.08743,False,Aegis,Dawn,8.74,low,0,1.0479,0
Aegis-Elysium,152,0.06159,False,Aegis,Elysium,6.16,low,0,0.7382,0
Boreas-Dawn,152,0.36666,True,Boreas,Dawn,36.67,very_high,1,4.3947,1
Boreas-Elysium,152,0.0834330688935281,False,Boreas,Elysium,8.34,low,0,1.0,0
Boreas-Fenix,152,0.0834330688935281,False,Boreas,Fenix,8.34,low,0,1.0,0
Caelum-Dawn,152,0.05121,False,Caelum,Dawn,5.12,low,0,0.6138,0
Caelum-Elysium,152,0.0361,False,Caelum,Elysium,3.61,very_low,0,0.4327,0
Caelum-Fenix,152,0.08344,False,Caelum,Fenix,8.34,low,0,1.0001,0
Dawn-Elysium,152,0.01026,False,Dawn,Elysium,1.03,very_low,0,0.123,0
Dawn-Fenix,152,0.0031,False,Dawn,Fenix,0.31,very_low,0,0.0372,0
Elysium-Fenix,152,0.00873,False,Elysium,Fenix,0.87,very_low,0,0.1046,0
Aegis-Boreas,153,0.01361,False,Aegis,Boreas,1.36,very_low,0,0.1631,0
Aegis-Dawn,153,0.0872,False,Aegis,Dawn,8.72,low,0,1.0451,0
Aegis-Elysium,153,0.08141,False,Aegis,Elysium,8.14,low,0,0.9758,0
Boreas-Dawn,153,0.00412,False,Boreas,Dawn,0.41,very_low,0,0.0494,0
Boreas-Elysium,153,0.10267,False,Boreas,Elysium,10.27,medium,0,1.2306,0
Boreas-Fenix,153,0.18791,False,Boreas,Fenix,18.79,medium,0,2.2522,0
Caelum-Dawn,153,0.09632,False,Caelum,Dawn,9.63,low,0,1.1545,0
Caelum-Elysium,153,0.00347,False,Caelum,Elysium,0.35,very_low,0,0.0416,0
Caelum-Fenix,153,0.10811,False,Caelum,Fenix,10.81,medium,0,1.2958,0
Dawn-Elysium,153,0.05534,False,Dawn,Elysium,5.53,low,0,0.6633,0
Dawn-Fenix,153,0.24569,True,Dawn,Fenix,24.57,high,1,2.9448,1
Elysium-Fenix,153,0.0834330688935281,False,Elysium,Fenix,8.34,low,0,1.0,0
Aegis-Boreas,154,0.17509,True,Aegis,Boreas,17.51,medium,0,2.0986,1
Aegis-Dawn,154,0.07679,False,Aegis,Dawn,7.68,low,0,0.9204,0
Aegis-Elysium,154,0.1455,False,Aegis,Elysium,14.55,medium,0,1.7439,0
Boreas-Dawn,154,0.07293,False,Boreas,Dawn,7.29,low,0,0.8741,0
Boreas-Elysium,154,0.05504,False,Boreas,Elysium,5.5,low,0,0.6597,0
Boreas-Fenix,154,0.0834330688935281,False,Boreas,Fenix,8.34,low,0,1.0,0
Caelum-Dawn,154,0.05512,False,Caelum,Dawn,5.51,low,0,0.6606,0
Caelum-Elysium,154,0.03692,False,Caelum,Elysium,3.69,very_low,0,0.4425,0
Caelum-Fenix,154,0.08223,True,Caelum,Fenix,8.22,low,0,0.9856,1
Dawn-Elysium,154,0.01129,False,Dawn,Elysium,1.13,very_low,0,0.1353,0
Dawn-Fenix,154,0.19963,False,Dawn,Fenix,19.96,medium,0,2.3927,0
Elysium-Fenix,154,0.07534,False,Elysium,Fenix,7.53,low,0,0.903,0
Aegis-Boreas,155,0.1905,False,Aegis,Boreas,19.05,medium,0,2.2833,0
Aegis-Dawn,155,0.02252,False,Aegis,Dawn,2.25,very_low,0,0.2699,0
Aegis-Elysium,155,0.0106,False,Aegis,Elysium,1.06,very_low,0,0.127,0
Boreas-Dawn,155,0.00302,False,Boreas,Dawn,0.3,very_low,0,0.0362,0
Boreas-Elysium,155,0.06202,False,Boreas,Elysium,6.2,low,0,0.7434,0
Boreas-Fenix,155,0.04783,False,Boreas,Fenix,4.78,very_low,0,0.5733,0
Caelum-Dawn,155,0.16674,False,Caelum,Dawn,16.67,medium,0,1.9985,0
Caelum-Elysium,155,0.24247,False,Caelum,Elysium,24.25,high,1,2.9062,0
Caelum-Fenix,155,0.00283,False,Caelum,Fenix,0.28,very_low,0,0.0339,0
Dawn-Elysium,155,0.19107,False,Dawn,Elysium,19.11,medium,0,2.2901,0
Dawn-Fenix,155,0.04246,False,Dawn,Fenix,4.25,very_low,0,0.5089,0
Elysium-Fenix,155,0.0834330688935281,False,Elysium,Fenix,8.34,low,0,1.0,0
Aegis-Boreas,156,0.07142,False,Aegis,Boreas,7.14,low,0,0.856,0
Aegis-Dawn,156,0.01707,True,Aegis,Dawn,1.71,very_low,0,0.2046,1
Aegis-Elysium,156,0.18764,False,Aegis,Elysium,18.76,medium,0,2.249,0
Boreas-Dawn,156,0.0834330688935281,False,Boreas,Dawn,8.34,low,0,1.0,0
Boreas-Elysium,156,0.15778,False,Boreas,Elysium,15.78,medium,0,1.8911,0
Boreas-Fenix,156,0.00885,False,Boreas,Fenix,0.88,very_low,0,0.1061,0
Caelum-Dawn,156,0.16824,False,Caelum,Dawn,16.82,medium,0,2.0165,0
Caelum-Elysium,156,0.13173,False,Caelum,Elysium,13.17,medium,0,1.5789,0
Caelum-Fenix,156,0.04487,False,Caelum,Fenix,4.49,very_low,0,0.5378,0
Dawn-Elysium,156,0.13246,False,Dawn,Elysium,13.25,medium,0,1.5876,0
Dawn-Fenix,156,0.0834330688935281,False,Dawn,Fenix,8.34,low,0,1.0,0
Elysium-Fenix,156,0.01394,False,Elysium,Fenix,1.39,very_low,0,0.1671,0
Aegis-Boreas,157,0.03559,False,Aegis,Boreas,3.56,very_low,0,0.4266,0
Aegis-Dawn,157,0.05508,False,Aegis,Dawn,5.51,low,0,0.6602,0
Aegis-Elysium,157,0.01168,False,Aegis,Elysium,1.17,very_low,0,0.14,0
Boreas-Dawn,157,0.14017,False,Boreas,Dawn,14.02,medium,0,1.68,0
Boreas-Elysium,157,0.07788,False,Boreas,Elysium,7.79,low,0,0.9334,0
Boreas-Fenix,157,0.02525,False,Boreas,Fenix,2.53,very_low,0,0.3026,0
Caelum-Dawn,157,0.03388,False,Caelum,Dawn,3.39,very_low,0,0.4061,0
Caelum-Elysium,157,0.00432,False,Caelum,Elysium,0.43,very_low,0,0.0518,0
Caelum-Fenix,157,0.33798,False,Caelum,Fenix,33.8,high,1,4.0509,0
Dawn-Elysium,157,0.02856,False,Dawn,Elysium,2.86,very_low,0,0.3423,0
Dawn-Fenix,157,0.10275,False,Dawn,Fenix,10.27,medium,0,1.2315,0
Elysium-Fenix,157,0.14687,False,Elysium,Fenix,14.69,medium,0,1.7603,0
Aegis-Boreas,158,0.05254,False,Aegis,Boreas,5.25,low,0,0.6297,0
Aegis-Dawn,158,0.10213,True,Aegis,Dawn,10.21,medium,0,1.2241,1
Aegis-Elysium,158,0.01871,False,Aegis,Elysium,1.87,very_low,0,0.2243,0
Boreas-Dawn,158,0.06292,False,Boreas,Dawn,6.29,low,0,0.7541,0
Boreas-Elysium,158,0.09106,True,Boreas,Elysium,9.11,low,0,1.0914,1
Boreas-Fenix,158,0.00451,False,Boreas,Fenix,0.45,very_low,0,0.0541,0
Caelum-Dawn,158,0.01042,False,Caelum,Dawn,1.04,very_low,0,0.1249,0
Caelum-Elysium,158,0.0834330688935281,False,Caelum,Elysium,8.34,low,0,1.0,0
Caelum-Fenix,158,0.01977,False,Caelum,Fenix,1.98,very_low,0,0.237,0
Dawn-Elysium,158,0.02703,False,Dawn,Elysium,2.7,very_low,0,0.324,0
Dawn-Fenix,158,0.09359,False,Dawn,Fenix,9.36,low,0,1.1217,0
Elysium-Fenix,158,0.18553,False,Elysium,Fenix,18.55,medium,0,2.2237,0
Aegis-Boreas,159,0.1832,False,Aegis,Boreas,18.32,medium,0,2.1958,0
Aegis-Dawn,159,0.06252,False,Aegis,Dawn,6.25,low,0,0.7493,0
Aegis-Elysium,159,0.04303,False,Aegis,Elysium,4.3,very_low,0,0.5157,0
Boreas-Dawn,159,0.00244,False,Boreas,Dawn,0.24,very_low,0,0.0292,0
Boreas-Elysium,159,0.1442,False,Boreas,Elysium,14.42,medium,0,1.7283,0
Boreas-Fenix,159,0.0834330688935281,False,Boreas,Fenix,8.34,low,0,1.0,0
Caelum-Dawn,159,0.20764,False,Caelum,Dawn,20.76,high,1,2.4887,0
Caelum-Elysium,159,0.00162,False,Caelum,Elysium,0.16,very_low,0,0.0194,0
Caelum-Fenix,159,0.07303,False,Caelum,Fenix,7.3,low,0,0.8753,0
Dawn-Elysium,159,0.05006,True,Dawn,Elysium,5.01,low,0,0.6,1
Dawn-Fenix,159,0.18629,False,Dawn,Fenix,18.63,medium,0,2.2328,0
Elysium-Fenix,159,0.04307,False,Elysium,Fenix,4.31,very_low,0,0.5162,0
Aegis-Boreas,160,0.0187,False,Aegis,Boreas,1.87,very_low,0,0.2241,0
Aegis-Dawn,160,0.5037,False,Aegis,Dawn,50.37,very_high,1,6.0372,0
Aegis-Elysium,160,0.11753,False,Aegis,Elysium,11.75,medium,0,1.4087,0
Boreas-Dawn,160,0.00422,False,Boreas,Dawn,0.42,very_low,0,0.0506,0
Boreas-Elysium,160,0.05177,False,Boreas,Elysium,5.18,low,0,0.6205,0
Boreas-Fenix,160,0.04328,False,Boreas,Fenix,4.33,very_low,0,0.5187,0
Caelum-Dawn,160,0.02645,False,Caelum,Dawn,2.64,very_low,0,0.317,0
Caelum-Elysium,160,0.00899,False,Caelum,Elysium,0.9,very_low,0,0.1078,0
Caelum-Fenix,160,0.00651,False,Caelum,Fenix,0.65,very_low,0,0.078,0
Dawn-Elysium,160,0.10188,False,Dawn,Elysium,10.19,medium,0,1.2211,0
Dawn-Fenix,160,0.11552,False,Dawn,Fenix,11.55,medium,0,1.3846,0
Elysium-Fenix,160,0.00146,False,Elysium,Fenix,0.15,very_low,0,0.0175,0
Aegis-Boreas,161,0.09087,False,Aegis,Boreas,9.09,low,0,1.0891,0
Aegis-Dawn,161,0.05437,False,Aegis,Dawn,5.44,low,0,0.6517,0
Aegis-Elysium,161,0.12336,False,Aegis,Elysium,12.34,medium,0,1.4786,0
Boreas-Dawn,161,0.03622,False,Boreas,Dawn,3.62,very_low,0,0.4341,0
Boreas-Elysium,161,0.13958,False,Boreas,Elysium,13.96,medium,0,1.673,0
Boreas-Fenix,161,0.06875,False,Boreas,Fenix,6.88,low,0,0.824,0
Caelum-Dawn,161,0.08167,False,Caelum,Dawn,8.17,low,0,0.9789,0
Caelum-Elysium,161,0.01138,False,Caelum,Elysium,1.14,very_low,0,0.1364,0
Caelum-Fenix,161,0.02178,False,Caelum,Fenix,2.18,very_low,0,0.261,0
Dawn-Elysium,161,0.07984,False,Dawn,Elysium,7.98,low,0,0.9569,0
Dawn-Fenix,161,0.18986,False,Dawn,Fenix,18.99,medium,0,2.2756,0
Elysium-Fenix,161,0.10231,False,Elysium,Fenix,10.23,medium,0,1.2263,0
Aegis-Boreas,162,0.08593,True,Aegis,Boreas,8.59,low,0,1.0299,1
Aegis-Dawn,162,0.10185,False,Aegis,Dawn,10.18,medium,0,1.2207,0
Aegis-Elysium,162,0.09803,False,Aegis,Elysium,9.8,low,0,1.175,0
Boreas-Dawn,162,0.0154,False,Boreas,Dawn,1.54,very_low,0,0.1846,0
Boreas-Elysium,162,0.0541,False,Boreas,Elysium,5.41,low,0,0.6484,0
Boreas-Fenix,162,0.0623,False,Boreas,Fenix,6.23,low,0,0.7467,0
Caelum-Dawn,162,0.09145,False,Caelum,Dawn,9.14,low,0,1.0961,0
Caelum-Elysium,162,0.1047,False,Caelum,Elysium,10.47,medium,0,1.2549,0
Caelum-Fenix,162,0.01785,False,Caelum,Fenix,1.78,very_low,0,0.2139,0
Dawn-Elysium,162,0.28015,False,Dawn,Elysium,28.02,high,1,3.3578,0
Dawn-Fenix,162,0.0834330688935281,False,Dawn,Fenix,8.34,low,0,1.0,0
Elysium-Fenix,162,0.04773,False,Elysium,Fenix,4.77,very_low,0,0.5721,0
Aegis-Boreas,163,0.08018,False,Aegis,Boreas,8.02,low,0,0.961,0
Aegis-Dawn,163,0.00893,False,Aegis,Dawn,0.89,very_low,0,0.107,0
Aegis-Elysium,163,0.0834330688935281,False,Aegis,Elysium,8.34,low,0,1.0,0
Boreas-Dawn,163,0.12124,False,Boreas,Dawn,12.12,medium,0,1.4531,0
Boreas-Elysium,163,0.09526,False,Boreas,Elysium,9.53,low,0,1.1418,0
Boreas-Fenix,163,0.23458,False,Boreas,Fenix,23.46,high,1,2.8116,0
Caelum-Dawn,163,0.25633,False,Caelum,Dawn,25.63,high,1,3.0723,0
Caelum-Elysium,163,0.0834330688935281,False,Caelum,Elysium,8.34,low,0,1.0,0
Caelum-Fenix,163,0.01332,False,Caelum,Fenix,1.33,very_low,0,0.1596,0
Dawn-Elysium,163,0.03916,False,Dawn,Elysium,3.92,very_low,0,0.4694,0
Dawn-Fenix,163,0.08588,False,Dawn,Fenix,8.59,low,0,1.0293,0
Elysium-Fenix,163,0.01671,False,Elysium,Fenix,1.67,very_low,0,0.2003,0
Aegis-Boreas,164,0.02832,False,Aegis,Boreas,2.83,very_low,0,0.3394,0
Aegis-Dawn,164,0.03505,False,Aegis,Dawn,3.5,very_low,0,0.4201,0
Aegis-Elysium,164,0.18945,False,Aegis,Elysium,18.94,medium,0,2.2707,0
Boreas-Dawn,164,0.0834330688935281,False,Boreas,Dawn,8.34,low,0,1.0,0
Boreas-Elysium,164,0.0545,False,Boreas,Elysium,5.45,low,0,0.6532,0
Boreas-Fenix,164,0.03953,False,Boreas,Fenix,3.95,very_low,0,0.4738,0
Caelum-Dawn,164,0.06347,False,Caelum,Dawn,6.35,low,0,0.7607,0
Caelum-Elysium,164,0.17057,False,Caelum,Elysium,17.06,medium,0,2.0444,0
Caelum-Fenix,164,0.07133,False,Caelum,Fenix,7.13,low,0,0.8549,0
Dawn-Elysium,164,0.04462,False,Dawn,Elysium,4.46,very_low,0,0.5348,0
Dawn-Fenix,164,0.08936,False,Dawn,Fenix,8.94,low,0,1.071,0
Elysium-Fenix,164,0.0521,False,Elysium,Fenix,5.21,low,0,0.6245,0
Aegis-Boreas,165,0.11177,True,Aegis,Boreas,11.18,medium,0,1.3396,1
Aegis-Dawn,165,0.0839,False,Aegis,Dawn,8.39,low,0,1.0056,0
Aegis-Elysium,165,0.03559,False,Aegis,Elysium,3.56,very_low,0,0.4266,0
Boreas-Dawn,165,0.06183,False,Boreas,Dawn,6.18,low,0,0.7411,0
Boreas-Elysium,165,0.02612,False,Boreas,Elysium,2.61,very_low,0,0.3131,0
Boreas-Fenix,165,0.0834330688935281,False,Boreas,Fenix,8.34,low,0,1.0,0
Caelum-Dawn,165,0.12491,False,Caelum,Dawn,12.49,medium,0,1.4971,0
Caelum-Elysium,165,0.01083,False,Caelum,Elysium,1.08,very_low,0,0.1298,0
Caelum-Fenix,165,0.27322,False,Caelum,Fenix,27.32,high,1,3.2747,0
Dawn-Elysium,165,0.05301,False,Dawn,Elysium,5.3,low,0,0.6354,0
Dawn-Fenix,165,0.0574,False,Dawn,Fenix,5.74,low,0,0.688,0
Elysium-Fenix,165,0.03747,False,Elysium,Fenix,3.75,very_low,0,0.4491,0
Aegis-Boreas,166,0.01474,False,Aegis,Boreas,1.47,very_low,0,0.1767,0
Aegis-Dawn,166,0.0834330688935281,False,Aegis,Dawn,8.34,low,0,1.0,0
Aegis-Elysium,166,0.01877,True,Aegis,Elysium,1.88,very_low,0,0.225,1
Boreas-Dawn,166,0.04694,False,Boreas,Dawn,4.69,very_low,0,0.5626,0
Boreas-Elysium,166,0.26429,False,Boreas,Elysium,26.43,high,1,3.1677,0
Boreas-Fenix,166,0.0965,False,Boreas,Fenix,9.65,low,0,1.1566,0
Caelum-Dawn,166,0.2082,False,Caelum,Dawn,20.82,high,1,2.4954,0
Caelum-Elysium,166,0.00052,False,Caelum,Elysium,0.05,very_low,0,0.0062,0
Caelum-Fenix,166,0.04542,False,Caelum,Fenix,4.54,very_low,0,0.5444,0
Dawn-Elysium,166,0.06164,False,Dawn,Elysium,6.16,low,0,0.7388,0
Dawn-Fenix,166,0.1116,False,Dawn,Fenix,11.16,medium,0,1.3376,0
Elysium-Fenix,166,0.06356,False,Elysium,Fenix,6.36,low,0,0.7618,0
Aegis-Boreas,167,0.0313,False,Aegis,Boreas,3.13,very_low,0,0.3752,0
Aegis-Dawn,167,0.01195,False,Aegis,Dawn,1.2,very_low,0,0.1432,0
Aegis-Elysium,167,0.01964,False,Aegis,Elysium,1.96,very_low,0,0.2354,0
Boreas-Dawn,167,0.0177,True,Boreas,Dawn,1.77,very_low,0,0.2121,1
Boreas-Elysium,167,0.28452,False,Boreas,Elysium,28.45,high,1,3.4102,0
Boreas-Fenix,167,0.03017,False,Boreas,Fenix,3.02,very_low,0,0.3616,0
Caelum-Dawn,167,0.27351,False,Caelum,Dawn,27.35,high,1,3.2782,0
Caelum-Elysium,167,0.07155,False,Caelum,Elysium,7.16,low,0,0.8576,0
Caelum-Fenix,167,0.02619,True,Caelum,Fenix,2.62,very_low,0,0.3139,1
Dawn-Elysium,167,0.07097,True,Dawn,Elysium,7.1,low,0,0.8506,1
Dawn-Fenix,167,0.00843,False,Dawn,Fenix,0.84,very_low,0,0.101,0
Elysium-Fenix,167,0.15408,False,Elysium,Fenix,15.41,medium,0,1.8467,0
Aegis-Boreas,168,0.05446,False,Aegis,Boreas,5.45,low,0,0.6527,0
Aegis-Dawn,168,0.15775,False,Aegis,Dawn,15.78,medium,0,1.8907,0
Aegis-Elysium,168,0.04298,True,Aegis,Elysium,4.3,very_low,0,0.5151,1
Boreas-Dawn,168,0.28977,False,Boreas,Dawn,28.98,high,1,3.4731,0
Boreas-Elysium,168,0.00012,False,Boreas,Elysium,0.01,very_low,0,0.0014,0
Boreas-Fenix,168,0.07199,False,Boreas,Fenix,7.2,low,0,0.8628,0
Caelum-Dawn,168,0.02331,False,Caelum,Dawn,2.33,very_low,0,0.2794,0
Caelum-Elysium,168,0.0834330688935281,True,Caelum,Elysium,8.34,low,0,1.0,1
Caelum-Fenix,168,0.00697,False,Caelum,Fenix,0.7,very_low,0,0.0835,0
Dawn-Elysium,168,0.06237,False,Dawn,Elysium,6.24,low,0,0.7475,0
Dawn-Fenix,168,0.08578,False,Dawn,Fenix,8.58,low,0,1.0281,0
Elysium-Fenix,168,0.05411,False,Elysium,Fenix,5.41,low,0,0.6485,0
Aegis-Boreas,169,0.02306,True,Aegis,Boreas,2.31,very_low,0,0.2764,1
Aegis-Dawn,169,0.20769,False,Aegis,Dawn,20.77,high,1,2.4893,0
Aegis-Elysium,169,0.05995,False,Aegis,Elysium,6.0,low,0,0.7185,0
Boreas-Dawn,169,0.01936,False,Boreas,Dawn,1.94,very_low,0,0.232,0
Boreas-Elysium,169,0.00551,False,Boreas,Elysium,0.55,very_low,0,0.066,0
Boreas-Fenix,169,0.16188,True,Boreas,Fenix,16.19,medium,0,1.9402,1
Caelum-Dawn,169,0.02486,False,Caelum,Dawn,2.49,very_low,0,0.298,0
Caelum-Elysium,169,0.11272,False,Caelum,Elysium,11.27,medium,0,1.351,0
Caelum-Fenix,169,0.13555,False,Caelum,Fenix,13.56,medium,0,1.6247,0
Dawn-Elysium,169,0.07667,False,Dawn,Elysium,7.67,low,0,0.9189,0
Dawn-Fenix,169,0.08542,False,Dawn,Fenix,8.54,low,0,1.0238,0
Elysium-Fenix,169,0.08732,False,Elysium,Fenix,8.73,low,0,1.0466,0
Aegis-Boreas,170,0.01287,False,Aegis,Boreas,1.29,very_low,0,0.1543,0
Aegis-Dawn,170,0.09474,False,Aegis,Dawn,9.47,low,0,1.1355,0
Aegis-Elysium,170,0.07199,False,Aegis,Elysium,7.2,low,0,0.8628,0
Boreas-Dawn,170,0.07387,False,Boreas,Dawn,7.39,low,0,0.8854,0
Boreas-Elysium,170,0.11814,False,Boreas,Elysium,11.81,medium,0,1.416,0
Boreas-Fenix,170,0.02793,True,Boreas,Fenix,2.79,very_low,0,0.3348,1
Caelum-Dawn,170,0.3348,False,Caelum,Dawn,33.48,high,1,4.0128,0
Caelum-Elysium,170,0.06511,False,Caelum,Elysium,6.51,low,0,0.7804,0
Caelum-Fenix,170,0.00021,False,Caelum,Fenix,0.02,very_low,0,0.0025,0
Dawn-Elysium,170,0.01046,False,Dawn,Elysium,1.05,very_low,0,0.1254,0
Dawn-Fenix,170,0.00085,False,Dawn,Fenix,0.08,very_low,0,0.0102,0
Elysium-Fenix,170,0.18903,False,Elysium,Fenix,18.9,medium,0,2.2656,0
Aegis-Boreas,171,0.12505,False,Aegis,Boreas,12.5,medium,0,1.4988,0
Aegis-Dawn,171,0.42333,False,Aegis,Dawn,42.33,very_high,1,5.0739,0
Aegis-Elysium,171,0.01878,False,Aegis,Elysium,1.88,very_low,0,0.2251,0
Boreas-Dawn,171,0.12772,False,Boreas,Dawn,12.77,medium,0,1.5308,0
Boreas-Elysium,171,0.03332,False,Boreas,Elysium,3.33,very_low,0,0.3994,0
Boreas-Fenix,171,0.04075,False,Boreas,Fenix,4.08,very_low,0,0.4884,0
Caelum-Dawn,171,0.00194,False,Caelum,Dawn,0.19,very_low,0,0.0233,0
Caelum-Elysium,171,0.00828,False,Caelum,Elysium,0.83,very_low,0,0.0992,0
Caelum-Fenix,171,0.0834330688935281,False,Caelum,Fenix,8.34,low,0,1.0,0
Dawn-Elysium,171,0.03256,False,Dawn,Elysium,3.26,very_low,0,0.3903,0
Dawn-Fenix,171,0.02634,False,Dawn,Fenix,2.63,very_low,0,0.3157,0
Elysium-Fenix,171,0.09098,False,Elysium,Fenix,9.1,low,0,1.0905,0
Aegis-Boreas,172,0.01028,False,Aegis,Boreas,1.03,very_low,0,0.1232,0
Aegis-Dawn,172,0.03164,False,Aegis,Dawn,3.16,very_low,0,0.3792,0
Aegis-Elysium,172,0.00487,False,Aegis,Elysium,0.49,very_low,0,0.0584,0
Boreas-Dawn,172,0.0068,False,Boreas,Dawn,0.68,very_low,0,0.0815,0
Boreas-Elysium,172,0.01189,False,Boreas,Elysium,1.19,very_low,0,0.1425,0
Boreas-Fenix,172,0.08707,False,Boreas,Fenix,8.71,low,0,1.0436,0
Caelum-Dawn,172,0.03176,False,Caelum,Dawn,3.18,very_low,0,0.3807,0
Caelum-Elysium,172,0.04246,False,Caelum,Elysium,4.25,very_low,0,0.5089,0
Caelum-Fenix,172,0.1248,False,Caelum,Fenix,12.48,medium,0,1.4958,0
Dawn-Elysium,172,0.31832,False,Dawn,Elysium,31.83,high,1,3.8153,0
Dawn-Fenix,172,0.12597,False,Dawn,Fenix,12.6,medium,0,1.5098,0
Elysium-Fenix,172,0.20415,False,Elysium,Fenix,20.42,high,1,2.4469,0
Aegis-Boreas,173,0.12389,False,Aegis,Boreas,12.39,medium,0,1.4849,0
Aegis-Dawn,173,0.08109,False,Aegis,Dawn,8.11,low,0,0.9719,0
Aegis-Elysium,173,0.13799,False,Aegis,Elysium,13.8,medium,0,1.6539,0
Boreas-Dawn,173,0.01934,False,Boreas,Dawn,1.93,very_low,0,0.2318,0
Boreas-Elysium,173,0.02965,False,Boreas,Elysium,2.96,very_low,0,0.3554,0
Boreas-Fenix,173,0.0063,False,Boreas,Fenix,0.63,very_low,0,0.0755,0
Caelum-Dawn,173,0.13669,False,Caelum,Dawn,13.67,medium,0,1.6383,0
Caelum-Elysium,173,0.13601,True,Caelum,Elysium,13.6,medium,0,1.6302,1
Caelum-Fenix,173,0.12902,False,Caelum,Fenix,12.9,medium,0,1.5464,0
Dawn-Elysium,173,0.01396,True,Dawn,Elysium,1.4,very_low,0,0.1673,1
Dawn-Fenix,173,0.15607,False,Dawn,Fenix,15.61,medium,0,1.8706,0
Elysium-Fenix,173,0.02999,False,Elysium,Fenix,3.0,very_low,0,0.3594,0
Aegis-Boreas,174,0.03365,False,Aegis,Boreas,3.36,very_low,0,0.4033,0
Aegis-Dawn,174,0.01931,False,Aegis,Dawn,1.93,very_low,0,0.2314,0
Aegis-Elysium,174,0.20834,False,Aegis,Elysium,20.83,high,1,2.4971,0
Boreas-Dawn,174,0.00967,False,Boreas,Dawn,0.97,very_low,0,0.1159,0
Boreas-Elysium,174,0.01628,False,Boreas,Elysium,1.63,very_low,0,0.1951,0
Boreas-Fenix,174,0.11191,False,Boreas,Fenix,11.19,medium,0,1.3413,0
Caelum-Dawn,174,0.16045,False,Caelum,Dawn,16.05,medium,0,1.9231,0
Caelum-Elysium,174,0.20921,False,Caelum,Elysium,20.92,high,1,2.5075,0
Caelum-Fenix,174,0.06352,False,Caelum,Fenix,6.35,low,0,0.7613,0
Dawn-Elysium,174,0.00196,False,Dawn,Elysium,0.2,very_low,0,0.0235,0
Dawn-Fenix,174,0.05348,False,Dawn,Fenix,5.35,low,0,0.641,0
Elysium-Fenix,174,0.11222,False,Elysium,Fenix,11.22,medium,0,1.345,0
Aegis-Boreas,175,0.10837,False,Aegis,Boreas,10.84,medium,0,1.2989,0
Aegis-Dawn,175,0.15683,False,Aegis,Dawn,15.68,medium,0,1.8797,0
Aegis-Elysium,175,0.01073,False,Aegis,Elysium,1.07,very_low,0,0.1286,0
Boreas-Dawn,175,0.03671,False,Boreas,Dawn,3.67,very_low,0,0.44,0
Boreas-Elysium,175,0.03929,False,Boreas,Elysium,3.93,very_low,0,0.4709,0
Boreas-Fenix,175,0.15771,False,Boreas,Fenix,15.77,medium,0,1.8903,0
Caelum-Dawn,175,0.00352,False,Caelum,Dawn,0.35,very_low,0,0.0422,0
Caelum-Elysium,175,0.01696,False,Caelum,Elysium,1.7,very_low,0,0.2033,0
Caelum-Fenix,175,0.08483,False,Caelum,Fenix,8.48,low,0,1.0167,0
Dawn-Elysium,175,0.16814,False,Dawn,Elysium,16.81,medium,0,2.0153,0
Dawn-Fenix,175,0.00555,False,Dawn,Fenix,0.56,very_low,0,0.0665,0
Elysium-Fenix,175,0.0834330688935281,False,Elysium,Fenix,8.34,low,0,1.0,0
Aegis-Boreas,176,0.01707,False,Aegis,Boreas,1.71,very_low,0,0.2046,0
Aegis-Dawn,176,0.01605,False,Aegis,Dawn,1.6,very_low,0,0.1924,0
Aegis-Elysium,176,0.05874,False,Aegis,Elysium,5.87,low,0,0.704,0
Boreas-Dawn,176,0.13595,False,Boreas,Dawn,13.6,medium,0,1.6294,0
Boreas-Elysium,176,0.05444,False,Boreas,Elysium,5.44,low,0,0.6525,0
Boreas-Fenix,176,0.0708,False,Boreas,Fenix,7.08,low,0,0.8486,0
Caelum-Dawn,176,0.11209,False,Caelum,Dawn,11.21,medium,0,1.3435,0
Caelum-Elysium,176,0.04485,False,Caelum,Elysium,4.49,very_low,0,0.5376,0
Caelum-Fenix,176,0.17647,False,Caelum,Fenix,17.65,medium,0,2.1151,0
Dawn-Elysium,176,0.00605,True,Dawn,Elysium,0.6,very_low,0,0.0725,1
Dawn-Fenix,176,0.22549,False,Dawn,Fenix,22.55,high,1,2.7026,0
Elysium-Fenix,176,0.08198,False,Elysium,Fenix,8.2,low,0,0.9826,0
Aegis-Boreas,177,0.04627,True,Aegis,Boreas,4.63,very_low,0,0.5546,1
Aegis-Dawn,177,0.00754,False,Aegis,Dawn,0.75,very_low,0,0.0904,0
Aegis-Elysium,177,0.05546,False,Aegis,Elysium,5.55,low,0,0.6647,0
Boreas-Dawn,177,0.0834330688935281,False,Boreas,Dawn,8.34,low,0,1.0,0
Boreas-Elysium,177,0.19848,False,Boreas,Elysium,19.85,medium,0,2.3789,0
Boreas-Fenix,177,0.27781,False,Boreas,Fenix,27.78,high,1,3.3297,0
Caelum-Dawn,177,0.02313,False,Caelum,Dawn,2.31,very_low,0,0.2772,0
Caelum-Elysium,177,0.03195,True,Caelum,Elysium,3.2,very_low,0,0.3829,1
Caelum-Fenix,177,0.0304,False,Caelum,Fenix,3.04,very_low,0,0.3644,0
Dawn-Elysium,177,0.01027,False,Dawn,Elysium,1.03,very_low,0,0.1231,0
Dawn-Fenix,177,0.14771,False,Dawn,Fenix,14.77,medium,0,1.7704,0
Elysium-Fenix,177,0.11623,False,Elysium,Fenix,11.62,medium,0,1.3931,0
Aegis-Boreas,178,0.01701,False,Aegis,Boreas,1.7,very_low,0,0.2039,0
Aegis-Dawn,178,0.11439,True,Aegis,Dawn,11.44,medium,0,1.371,1
Aegis-Elysium,178,0.03746,False,Aegis,Elysium,3.75,very_low,0,0.449,0
Boreas-Dawn,178,0.10259,False,Boreas,Dawn,10.26,medium,0,1.2296,0
Boreas-Elysium,178,0.02835,False,Boreas,Elysium,2.84,very_low,0,0.3398,0
Boreas-Fenix,178,0.01488,True,Boreas,Fenix,1.49,very_low,0,0.1783,1
Caelum-Dawn,178,0.39322,False,Caelum,Dawn,39.32,very_high,1,4.713,0
Caelum-Elysium,178,0.18215,False,Caelum,Elysium,18.22,medium,0,2.1832,0
Caelum-Fenix,178,0.02457,True,Caelum,Fenix,2.46,very_low,0,0.2945,1
Dawn-Elysium,178,0.01789,True,Dawn,Elysium,1.79,very_low,0,0.2144,1
Dawn-Fenix,178,0.0207,False,Dawn,Fenix,2.07,very_low,0,0.2481,0
Elysium-Fenix,178,0.04679,False,Elysium,Fenix,4.68,very_low,0,0.5608,0
Aegis-Boreas,179,0.16616,False,Aegis,Boreas,16.62,medium,0,1.9915,0
Aegis-Dawn,179,0.11361,False,Aegis,Dawn,11.36,medium,0,1.3617,0
Aegis-Elysium,179,0.11967,False,Aegis,Elysium,11.97,medium,0,1.4343,0
Boreas-Dawn,179,0.18532,False,Boreas,Dawn,18.53,medium,0,2.2212,0
Boreas-Elysium,179,0.0199,False,Boreas,Elysium,1.99,very_low,0,0.2385,0
Boreas-Fenix,179,0.07787,False,Boreas,Fenix,7.79,low,0,0.9333,0
Caelum-Dawn,179,0.03293,False,Caelum,Dawn,3.29,very_low,0,0.3947,0
Caelum-Elysium,179,0.03754,False,Caelum,Elysium,3.75,very_low,0,0.4499,0
Caelum-Fenix,179,0.07944,False,Caelum,Fenix,7.94,low,0,0.9521,0
Dawn-Elysium,179,0.00986,False,Dawn,Elysium,0.99,very_low,0,0.1182,0
Dawn-Fenix,179,0.12979,False,Dawn,Fenix,12.98,medium,0,1.5556,0
Elysium-Fenix,179,0.02792,False,Elysium,Fenix,2.79,very_low,0,0.3346,0
Aegis-Boreas,180,0.03645,False,Aegis,Boreas,3.65,very_low,0,0.4369,0
Aegis-Dawn,180,0.0834330688935281,False,Aegis,Dawn,8.34,low,0,1.0,0
Aegis-Elysium,180,0.05302,False,Aegis,Elysium,5.3,low,0,0.6355,0
Boreas-Dawn,180,0.07581,False,Boreas,Dawn,7.58,low,0,0.9086,0
Boreas-Elysium,180,0.05744,False,Boreas,Elysium,5.74,low,0,0.6885,0
Boreas-Fenix,180,0.01008,False,Boreas,Fenix,1.01,very_low,0,0.1208,0
Caelum-Dawn,180,0.28991,False,Caelum,Dawn,28.99,high,1,3.4748,0
Caelum-Elysium,180,0.01824,False,Caelum,Elysium,1.82,very_low,0,0.2186,0
Caelum-Fenix,180,0.01847,False,Caelum,Fenix,1.85,very_low,0,0.2214,0
Dawn-Elysium,180,0.03419,False,Dawn,Elysium,3.42,very_low,0,0.4098,0
Dawn-Fenix,180,0.02637,False,Dawn,Fenix,2.64,very_low,0,0.3161,0
Elysium-Fenix,180,0.00875,False,Elysium,Fenix,0.88,very_low,0,0.1049,0
Aegis-Boreas,181,0.09735,False,Aegis,Boreas,9.74,low,0,1.1668,0
Aegis-Dawn,181,0.06685,True,Aegis,Dawn,6.68,low,0,0.8012,1
Aegis-Elysium,181,0.04066,False,Aegis,Elysium,4.07,very_low,0,0.4873,0
Boreas-Dawn,181,0.04707,False,Boreas,Dawn,4.71,very_low,0,0.5642,0
Boreas-Elysium,181,0.08962,False,Boreas,Elysium,8.96,low,0,1.0742,0
Boreas-Fenix,181,0.08068,False,Boreas,Fenix,8.07,low,0,0.967,0
Caelum-Dawn,181,0.03029,False,Caelum,Dawn,3.03,very_low,0,0.363,0
Caelum-Elysium,181,0.05509,False,Caelum,Elysium,5.51,low,0,0.6603,0
Caelum-Fenix,181,0.05656,False,Caelum,Fenix,5.66,low,0,0.6779,0
Dawn-Elysium,181,0.18776,False,Dawn,Elysium,18.78,medium,0,2.2504,0
Dawn-Fenix,181,0.24743,False,Dawn,Fenix,24.74,high,1,2.9656,0
Elysium-Fenix,181,0.00064,False,Elysium,Fenix,0.06,very_low,0,0.0077,0
Aegis-Boreas,182,0.0613,False,Aegis,Boreas,6.13,low,0,0.7347,0
Aegis-Dawn,182,0.06044,False,Aegis,Dawn,6.04,low,0,0.7244,0
Aegis-Elysium,182,0.06284,False,Aegis,Elysium,6.28,low,0,0.7532,0
Boreas-Dawn,182,0.02706,False,Boreas,Dawn,2.71,very_low,0,0.3243,0
Boreas-Elysium,182,0.0072,False,Boreas,Elysium,0.72,very_low,0,0.0863,0
Boreas-Fenix,182,0.18197,True,Boreas,Fenix,18.2,medium,0,2.181,1
Caelum-Dawn,182,0.2753,False,Caelum,Dawn,27.53,high,1,3.2997,0
Caelum-Elysium,182,0.01519,False,Caelum,Elysium,1.52,very_low,0,0.1821,0
Caelum-Fenix,182,0.03046,False,Caelum,Fenix,3.05,very_low,0,0.3651,0
Dawn-Elysium,182,0.06985,False,Dawn,Elysium,6.98,low,0,0.8372,0
Dawn-Fenix,182,0.12984,False,Dawn,Fenix,12.98,medium,0,1.5562,0
Elysium-Fenix,182,0.07855,False,Elysium,Fenix,7.86,low,0,0.9415,0
Aegis-Boreas,183,0.11847,False,Aegis,Boreas,11.85,medium,0,1.4199,0
Aegis-Dawn,183,0.1474,False,Aegis,Dawn,14.74,medium,0,1.7667,0
Aegis-Elysium,183,0.01396,False,Aegis,Elysium,1.4,very_low,0,0.1673,0
Boreas-Dawn,183,0.02381,False,Boreas,Dawn,2.38,very_low,0,0.2854,0
Boreas-Elysium,183,0.01699,False,Boreas,Elysium,1.7,very_low,0,0.2036,0
Boreas-Fenix,183,0.0834330688935281,False,Boreas,Fenix,8.34,low,0,1.0,0
Caelum-Dawn,183,0.01447,False,Caelum,Dawn,1.45,very_low,0,0.1734,0
Caelum-Elysium,183,0.10104,False,Caelum,Elysium,10.1,medium,0,1.211,0
Caelum-Fenix,183,0.20845,False,Caelum,Fenix,20.84,high,1,2.4984,0
Dawn-Elysium,183,0.00956,False,Dawn,Elysium,0.96,very_low,0,0.1146,0
Dawn-Fenix,183,0.28277,False,Dawn,Fenix,28.28,high,1,3.3892,0
Elysium-Fenix,183,0.05053,True,Elysium,Fenix,5.05,low,0,0.6056,1
Aegis-Boreas,184,0.0834330688935281,False,Aegis,Boreas,8.34,low,0,1.0,0
Aegis-Dawn,184,0.24921,False,Aegis,Dawn,24.92,high,1,2.9869,0
Aegis-Elysium,184,0.08809,False,Aegis,Elysium,8.81,low,0,1.0558,0
Boreas-Dawn,184,0.05178,False,Boreas,Dawn,5.18,low,0,0.6206,0
Boreas-Elysium,184,0.07589,False,Boreas,Elysium,7.59,low,0,0.9096,0
Boreas-Fenix,184,0.00356,False,Boreas,Fenix,0.36,very_low,0,0.0427,0
Caelum-Dawn,184,0.1579,False,Caelum,Dawn,15.79,medium,0,1.8925,0
Caelum-Elysium,184,0.02933,False,Caelum,Elysium,2.93,very_low,0,0.3515,0
Caelum-Fenix,184,0.06694,True,Caelum,Fenix,6.69,low,0,0.8023,1
Dawn-Elysium,184,0.00069,False,Dawn,Elysium,0.07,very_low,0,0.0083,0
Dawn-Fenix,184,0.04682,False,Dawn,Fenix,4.68,very_low,0,0.5612,0
Elysium-Fenix,184,0.05622,True,Elysium,Fenix,5.62,low,0,0.6738,1
Aegis-Boreas,185,0.00435,False,Aegis,Boreas,0.43,very_low,0,0.0521,0
Aegis-Dawn,185,0.05325,False,Aegis,Dawn,5.32,low,0,0.6382,0
Aegis-Elysium,185,0.05399,False,Aegis,Elysium,5.4,low,0,0.6471,0
Boreas-Dawn,185,0.15805,False,Boreas,Dawn,15.8,medium,0,1.8943,0
Boreas-Elysium,185,0.07724,False,Boreas,Elysium,7.72,low,0,0.9258,0
Boreas-Fenix,185,0.06378,False,Boreas,Fenix,6.38,low,0,0.7644,0
Caelum-Dawn,185,0.07502,False,Caelum,Dawn,7.5,low,0,0.8992,0
Caelum-Elysium,185,0.20045,False,Caelum,Elysium,20.04,high,1,2.4025,0
Caelum-Fenix,185,0.08108,False,Caelum,Fenix,8.11,low,0,0.9718,0
Dawn-Elysium,185,0.0455,False,Dawn,Elysium,4.55,very_low,0,0.5453,0
Dawn-Fenix,185,0.16895,False,Dawn,Fenix,16.9,medium,0,2.025,0
Elysium-Fenix,185,0.01835,True,Elysium,Fenix,1.84,very_low,0,0.2199,1
Aegis-Boreas,186,0.14949,True,Aegis,Boreas,14.95,medium,0,1.7917,1
Aegis-Dawn,186,0.05181,False,Aegis,Dawn,5.18,low,0,0.621,0
Aegis-Elysium,186,0.09763,False,Aegis,Elysium,9.76,low,0,1.1702,0
Boreas-Dawn,186,0.02103,False,Boreas,Dawn,2.1,very_low,0,0.2521,0
Boreas-Elysium,186,0.25291,False,Boreas,Elysium,25.29,high,1,3.0313,0
Boreas-Fenix,186,0.09056,False,Boreas,Fenix,9.06,low,0,1.0854,0
Caelum-Dawn,186,0.00137,False,Caelum,Dawn,0.14,very_low,0,0.0164,0
Caelum-Elysium,186,0.14348,False,Caelum,Elysium,14.35,medium,0,1.7197,0
Caelum-Fenix,186,0.02375,False,Caelum,Fenix,2.38,very_low,0,0.2847,0
Dawn-Elysium,186,0.06437,False,Dawn,Elysium,6.44,low,0,0.7715,0
Dawn-Fenix,186,0.00641,False,Dawn,Fenix,0.64,very_low,0,0.0768,0
Elysium-Fenix,186,0.0972,False,Elysium,Fenix,9.72,low,0,1.165,0
Aegis-Boreas,187,0.03686,False,Aegis,Boreas,3.69,very_low,0,0.4418,0
Aegis-Dawn,187,0.01065,False,Aegis,Dawn,1.06,very_low,0,0.1276,0
Aegis-Elysium,187,0.04121,False,Aegis,Elysium,4.12,very_low,0,0.4939,0
Boreas-Dawn,187,0.02233,False,Boreas,Dawn,2.23,very_low,0,0.2676,0
Boreas-Elysium,187,0.04148,False,Boreas,Elysium,4.15,very_low,0,0.4972,0
Boreas-Fenix,187,0.09182,False,Boreas,Fenix,9.18,low,0,1.1005,0
Caelum-Dawn,187,0.00323,False,Caelum,Dawn,0.32,very_low,0,0.0387,0
Caelum-Elysium,187,0.01217,False,Caelum,Elysium,1.22,very_low,0,0.1459,0
Caelum-Fenix,187,0.04666,False,Caelum,Fenix,4.67,very_low,0,0.5593,0
Dawn-Elysium,187,0.07859,False,Dawn,Elysium,7.86,low,0,0.942,0
Dawn-Fenix,187,0.45303,False,Dawn,Fenix,45.3,very_high,1,5.4299,0
Elysium-Fenix,187,0.0834330688935281,False,Elysium,Fenix,8.34,low,0,1.0,0
Aegis-Boreas,188,0.0178,False,Aegis,Boreas,1.78,very_low,0,0.2133,0
Aegis-Dawn,188,0.04143,True,Aegis,Dawn,4.14,very_low,0,0.4966,1
Aegis-Elysium,188,0.0248,False,Aegis,Elysium,2.48,very_low,0,0.2972,0
Boreas-Dawn,188,0.07307,False,Boreas,Dawn,7.31,low,0,0.8758,0
Boreas-Elysium,188,0.166,False,Boreas,Elysium,16.6,medium,0,1.9896,0
Boreas-Fenix,188,0.02053,True,Boreas,Fenix,2.05,very_low,0,0.2461,1
Caelum-Dawn,188,0.07165,False,Caelum,Dawn,7.17,low,0,0.8588,0
Caelum-Elysium,188,0.03305,False,Caelum,Elysium,3.3,very_low,0,0.3961,0
Caelum-Fenix,188,0.0272,False,Caelum,Fenix,2.72,very_low,0,0.326,0
Dawn-Elysium,188,0.08031,False,Dawn,Elysium,8.03,low,0,0.9626,0
Dawn-Fenix,188,0.0834330688935281,False,Dawn,Fenix,8.34,low,0,1.0,0
Elysium-Fenix,188,0.02253,False,Elysium,Fenix,2.25,very_low,0,0.27,0
Aegis-Boreas,189,0.13263,False,Aegis,Boreas,13.26,medium,0,1.5897,0
Aegis-Dawn,189,0.18406,False,Aegis,Dawn,18.41,medium,0,2.2061,0
Aegis-Elysium,189,0.11729,False,Aegis,Elysium,11.73,medium,0,1.4058,0
Boreas-Dawn,189,0.06583,False,Boreas,Dawn,6.58,low,0,0.789,0
Boreas-Elysium,189,0.08792,True,Boreas,Elysium,8.79,low,0,1.0538,1
Boreas-Fenix,189,0.1031,False,Boreas,Fenix,10.31,medium,0,1.2357,0
Caelum-Dawn,189,0.12115,False,Caelum,Dawn,12.12,medium,0,1.4521,0
Caelum-Elysium,189,0.02299,False,Caelum,Elysium,2.3,very_low,0,0.2756,0
Caelum-Fenix,189,0.0146,False,Caelum,Fenix,1.46,very_low,0,0.175,0
Dawn-Elysium,189,0.09222,True,Dawn,Elysium,9.22,low,0,1.1053,1
Dawn-Fenix,189,0.03475,False,Dawn,Fenix,3.48,very_low,0,0.4165,0
Elysium-Fenix,189,0.02345,False,Elysium,Fenix,2.34,very_low,0,0.2811,0
Aegis-Boreas,190,0.24373,False,Aegis,Boreas,24.37,high,1,2.9213,0
Aegis-Dawn,190,0.0264,False,Aegis,Dawn,2.64,very_low,0,0.3164,0
Aegis-Elysium,190,0.00703,False,Aegis,Elysium,0.7,very_low,0,0.0843,0
Boreas-Dawn,190,0.15327,False,Boreas,Dawn,15.33,medium,0,1.837,0
Boreas-Elysium,190,0.04384,False,Boreas,Elysium,4.38,very_low,0,0.5255,0
Boreas-Fenix,190,0.0304,False,Boreas,Fenix,3.04,very_low,0,0.3644,0
Caelum-Dawn,190,0.03992,False,Caelum,Dawn,3.99,very_low,0,0.4785,0
Caelum-Elysium,190,0.12666,False,Caelum,Elysium,12.67,medium,0,1.5181,0
Caelum-Fenix,190,0.02021,False,Caelum,Fenix,2.02,very_low,0,0.2422,0
Dawn-Elysium,190,0.27233,False,Dawn,Elysium,27.23,high,1,3.2641,0
Dawn-Fenix,190,0.00915,False,Dawn,Fenix,0.92,very_low,0,0.1097,0
Elysium-Fenix,190,0.02707,False,Elysium,Fenix,2.71,very_low,0,0.3245,0
Aegis-Boreas,191,0.11398,False,Aegis,Boreas,11.4,medium,0,1.3661,0
Aegis-Dawn,191,0.0176,False,Aegis,Dawn,1.76,very_low,0,0.2109,0
Aegis-Elysium,191,0.03024,False,Aegis,Elysium,3.02,very_low,0,0.3624,0
Boreas-Dawn,191,0.04964,True,Boreas,Dawn,4.96,very_low,0,0.595,1
Boreas-Elysium,191,0.00333,False,Boreas,Elysium,0.33,very_low,0,0.0399,0
Boreas-Fenix,191,0.04726,False,Boreas,Fenix,4.73,very_low,0,0.5664,0
Caelum-Dawn,191,0.15538,False,Caelum,Dawn,15.54,medium,0,1.8623,0
Caelum-Elysium,191,0.00997,False,Caelum,Elysium,1.0,very_low,0,0.1195,0
Caelum-Fenix,191,0.11444,False,Caelum,Fenix,11.44,medium,0,1.3716,0
Dawn-Elysium,191,0.15065,False,Dawn,Elysium,15.07,medium,0,1.8056,0
Dawn-Fenix,191,0.0142,False,Dawn,Fenix,1.42,very_low,0,0.1702,0
Elysium-Fenix,191,0.29331,False,Elysium,Fenix,29.33,high,1,3.5155,0
Aegis-Boreas,192,0.16068,False,Aegis,Boreas,16.07,medium,0,1.9259,0
Aegis-Dawn,192,0.01806,True,Aegis,Dawn,1.81,very_low,0,0.2165,1
Aegis-Elysium,192,0.12692,False,Aegis,Elysium,12.69,medium,0,1.5212,0
Boreas-Dawn,192,0.15187,True,Boreas,Dawn,15.19,medium,0,1.8203,1
Boreas-Elysium,192,0.06395,False,Boreas,Elysium,6.4,low,0,0.7665,0
Boreas-Fenix,192,0.09351,False,Boreas,Fenix,9.35,low,0,1.1208,0
Caelum-Dawn,192,0.11565,False,Caelum,Dawn,11.56,medium,0,1.3861,0
Caelum-Elysium,192,0.02254,False,Caelum,Elysium,2.25,very_low,0,0.2702,0
Caelum-Fenix,192,0.07153,True,Caelum,Fenix,7.15,low,0,0.8573,1
Dawn-Elysium,192,0.00196,False,Dawn,Elysium,0.2,very_low,0,0.0235,0
Dawn-Fenix,192,0.06426,False,Dawn,Fenix,6.43,low,0,0.7702,0
Elysium-Fenix,192,0.10906,False,Elysium,Fenix,10.91,medium,0,1.3072,0
Aegis-Boreas,193,0.17388,False,Aegis,Boreas,17.39,medium,0,2.0841,0
Aegis-Dawn,193,0.0089,False,Aegis,Dawn,0.89,very_low,0,0.1067,0
Aegis-Elysium,193,0.04181,False,Aegis,Elysium,4.18,very_low,0,0.5011,0
Boreas-Dawn,193,0.17597,False,Boreas,Dawn,17.6,medium,0,2.1091,0
Boreas-Elysium,193,0.02112,True,Boreas,Elysium,2.11,very_low,0,0.2531,1
Boreas-Fenix,193,0.04165,False,Boreas,Fenix,4.16,very_low,0,0.4992,0
Caelum-Dawn,193,0.08414,False,Caelum,Dawn,8.41,low,0,1.0085,0
Caelum-Elysium,193,0.16962,True,Caelum,Elysium,16.96,medium,0,2.033,1
Caelum-Fenix,193,0.05793,False,Caelum,Fenix,5.79,low,0,0.6943,0
Dawn-Elysium,193,0.10479,False,Dawn,Elysium,10.48,medium,0,1.256,0
Dawn-Fenix,193,0.00635,False,Dawn,Fenix,0.64,very_low,0,0.0761,0
Elysium-Fenix,193,0.11383,False,Elysium,Fenix,11.38,medium,0,1.3643,0
Aegis-Boreas,194,0.01608,False,Aegis,Boreas,1.61,very_low,0,0.1927,0
Aegis-Dawn,194,0.21789,False,Aegis,Dawn,21.79,high,1,2.6116,0
Aegis-Elysium,194,0.03598,False,Aegis,Elysium,3.6,very_low,0,0.4312,0
Boreas-Dawn,194,0.01827,False,Boreas,Dawn,1.83,very_low,0,0.219,0
Boreas-Elysium,194,0.04235,False,Boreas,Elysium,4.23,very_low,0,0.5076,0
Boreas-Fenix,194,0.03467,False,Boreas,Fenix,3.47,very_low,0,0.4155,0
Caelum-Dawn,194,0.03258,False,Caelum,Dawn,3.26,very_low,0,0.3905,0
Caelum-Elysium,194,0.19993,False,Caelum,Elysium,19.99,medium,0,2.3963,0
Caelum-Fenix,194,0.18067,False,Caelum,Fenix,18.07,medium,0,2.1654,0
Dawn-Elysium,194,0.022,False,Dawn,Elysium,2.2,very_low,0,0.2637,0
Dawn-Fenix,194,0.03359,False,Dawn,Fenix,3.36,very_low,0,0.4026,0
Elysium-Fenix,194,0.16599,False,Elysium,Fenix,16.6,medium,0,1.9895,0
Aegis-Boreas,195,0.11508,False,Aegis,Boreas,11.51,medium,0,1.3793,0
Aegis-Dawn,195,0.18136,True,Aegis,Dawn,18.14,medium,0,2.1737,1
Aegis-Elysium,195,0.03945,False,Aegis,Elysium,3.94,very_low,0,0.4728,0
Boreas-Dawn,195,0.01047,False,Boreas,Dawn,1.05,very_low,0,0.1255,0
Boreas-Elysium,195,0.00557,False,Boreas,Elysium,0.56,very_low,0,0.0668,0
Boreas-Fenix,195,0.00579,False,Boreas,Fenix,0.58,very_low,0,0.0694,0
Caelum-Dawn,195,0.08888,False,Caelum,Dawn,8.89,low,0,1.0653,0
Caelum-Elysium,195,0.24106,True,Caelum,Elysium,24.11,high,1,2.8893,1
Caelum-Fenix,195,0.13295,False,Caelum,Fenix,13.3,medium,0,1.5935,0
Dawn-Elysium,195,0.00046,False,Dawn,Elysium,0.05,very_low,0,0.0055,0
Dawn-Fenix,195,0.01479,False,Dawn,Fenix,1.48,very_low,0,0.1773,0
Elysium-Fenix,195,0.16413,False,Elysium,Fenix,16.41,medium,0,1.9672,0
Aegis-Boreas,196,0.14419,False,Aegis,Boreas,14.42,medium,0,1.7282,0
Aegis-Dawn,196,0.02008,False,Aegis,Dawn,2.01,very_low,0,0.2407,0
Aegis-Elysium,196,0.0408,False,Aegis,Elysium,4.08,very_low,0,0.489,0
Boreas-Dawn,196,0.04113,False,Boreas,Dawn,4.11,very_low,0,0.493,0
Boreas-Elysium,196,0.11472,False,Boreas,Elysium,11.47,medium,0,1.375,0
Boreas-Fenix,196,0.00744,False,Boreas,Fenix,0.74,very_low,0,0.0892,0
Caelum-Dawn,196,0.04473,False,Caelum,Dawn,4.47,very_low,0,0.5361,0
Caelum-Elysium,196,0.1307,False,Caelum,Elysium,13.07,medium,0,1.5665,0
Caelum-Fenix,196,0.12644,False,Caelum,Fenix,12.64,medium,0,1.5155,0
Dawn-Elysium,196,0.16815,False,Dawn,Elysium,16.81,medium,0,2.0154,0
Dawn-Fenix,196,0.1549,False,Dawn,Fenix,15.49,medium,0,1.8566,0
Elysium-Fenix,196,0.00671,False,Elysium,Fenix,0.67,very_low,0,0.0804,0
Aegis-Boreas,197,0.02006,False,Aegis,Boreas,2.01,very_low,0,0.2404,0
Aegis-Dawn,197,0.12761,False,Aegis,Dawn,12.76,medium,0,1.5295,0
Aegis-Elysium,197,0.10094,False,Aegis,Elysium,10.09,medium,0,1.2098,0
Boreas-Dawn,197,0.06836,False,Boreas,Dawn,6.84,low,0,0.8193,0
Boreas-Elysium,197,0.02017,False,Boreas,Elysium,2.02,very_low,0,0.2418,0
Boreas-Fenix,197,0.0389,False,Boreas,Fenix,3.89,very_low,0,0.4662,0
Caelum-Dawn,197,0.19636,False,Caelum,Dawn,19.64,medium,0,2.3535,0
Caelum-Elysium,197,0.00049,True,Caelum,Elysium,0.05,very_low,0,0.0059,1
Caelum-Fenix,197,0.05354,False,Caelum,Fenix,5.35,low,0,0.6417,0
Dawn-Elysium,197,0.11804,False,Dawn,Elysium,11.8,medium,0,1.4148,0
Dawn-Fenix,197,0.01385,False,Dawn,Fenix,1.38,very_low,0,0.166,0
Elysium-Fenix,197,0.24169,False,Elysium,Fenix,24.17,high,1,2.8968,0
Aegis-Boreas,198,0.03038,False,Aegis,Boreas,3.04,very_low,0,0.3641,0
Aegis-Dawn,198,0.09995,False,Aegis,Dawn,9.99,low,0,1.198,0
Aegis-Elysium,198,0.02258,False,Aegis,Elysium,2.26,very_low,0,0.2706,0
Boreas-Dawn,198,0.03409,False,Boreas,Dawn,3.41,very_low,0,0.4086,0
Boreas-Elysium,198,0.06733,False,Boreas,Elysium,6.73,low,0,0.807,0
Boreas-Fenix,198,0.02295,False,Boreas,Fenix,2.3,very_low,0,0.2751,0
Caelum-Dawn,198,0.02563,False,Caelum,Dawn,2.56,very_low,0,0.3072,0
Caelum-Elysium,198,0.00597,False,Caelum,Elysium,0.6,very_low,0,0.0716,0
Caelum-Fenix,198,0.33265,True,Caelum,Fenix,33.26,high,1,3.987,1
Dawn-Elysium,198,0.04543,False,Dawn,Elysium,4.54,very_low,0,0.5445,0
Dawn-Fenix,198,0.22152,False,Dawn,Fenix,22.15,high,1,2.6551,0
Elysium-Fenix,198,0.09151,False,Elysium,Fenix,9.15,low,0,1.0968,0
Aegis-Boreas,199,0.00363,False,Aegis,Boreas,0.36,very_low,0,0.0435,0
Aegis-Dawn,199,0.42211,False,Aegis,Dawn,42.21,very_high,1,5.0593,0
Aegis-Elysium,199,0.13717,False,Aegis,Elysium,13.72,medium,0,1.6441,0
Boreas-Dawn,199,0.05242,True,Boreas,Dawn,5.24,low,0,0.6283,1
Boreas-Elysium,199,0.00078,False,Boreas,Elysium,0.08,very_low,0,0.0093,0
Boreas-Fenix,199,0.0064,False,Boreas,Fenix,0.64,very_low,0,0.0767,0
Caelum-Dawn,199,0.0013,False,Caelum,Dawn,0.13,very_low,0,0.0156,0
Caelum-Elysium,199,0.09491,False,Caelum,Elysium,9.49,low,0,1.1376,0
Caelum-Fenix,199,0.16796,True,Caelum,Fenix,16.8,medium,0,2.0131,1
Dawn-Elysium,199,0.04662,False,Dawn,Elysium,4.66,very_low,0,0.5588,0
Dawn-Fenix,199,0.02159,False,Dawn,Fenix,2.16,very_low,0,0.2588,0
Elysium-Fenix,199,0.04513,False,Elysium,Fenix,4.51,very_low,0,0.5409,0
Aegis-Boreas,200,0.12038,False,Aegis,Boreas,12.04,medium,0,1.4428,0
Aegis-Dawn,200,0.01905,False,Aegis,Dawn,1.9,very_low,0,0.2283,0
Aegis-Elysium,200,0.1958,False,Aegis,Elysium,19.58,medium,0,2.3468,0
Boreas-Dawn,200,0.0193,False,Boreas,Dawn,1.93,very_low,0,0.2313,0
Boreas-Elysium,200,0.01381,False,Boreas,Elysium,1.38,very_low,0,0.1655,0
Boreas-Fenix,200,0.0021,False,Boreas,Fenix,0.21,very_low,0,0.0252,0
Caelum-Dawn,200,0.01064,True,Caelum,Dawn,1.06,very_low,0,0.1275,1
Caelum-Elysium,200,0.10772,False,Caelum,Elysium,10.77,medium,0,1.2911,0
Caelum-Fenix,200,0.05043,False,Caelum,Fenix,5.04,low,0,0.6044,0
Dawn-Elysium,200,0.23867,True,Dawn,Elysium,23.87,high,1,2.8606,1
Dawn-Fenix,200,0.13161,False,Dawn,Fenix,13.16,medium,0,1.5774,0
Elysium-Fenix,200,0.0905,False,Elysium,Fenix,9.05,low,0,1.0847,0
Aegis-Boreas,201,0.039,False,Aegis,Boreas,3.9,very_low,0,0.4674,0
Aegis-Dawn,201,0.0044,False,Aegis,Dawn,0.44,very_low,0,0.0527,0
Aegis-Elysium,201,0.00101,False,Aegis,Elysium,0.1,very_low,0,0.0121,0
Boreas-Dawn,201,0.04316,False,Boreas,Dawn,4.32,very_low,0,0.5173,0
Boreas-Elysium,201,0.14978,True,Boreas,Elysium,14.98,medium,0,1.7952,1
Boreas-Fenix,201,0.10659,False,Boreas,Fenix,10.66,medium,0,1.2776,0
Caelum-Dawn,201,0.02231,False,Caelum,Dawn,2.23,very_low,0,0.2674,0
Caelum-Elysium,201,0.14889,False,Caelum,Elysium,14.89,medium,0,1.7845,0
Caelum-Fenix,201,0.05716,False,Caelum,Fenix,5.72,low,0,0.6851,0
Dawn-Elysium,201,0.06726,False,Dawn,Elysium,6.73,low,0,0.8062,0
Dawn-Fenix,201,0.10519,True,Dawn,Fenix,10.52,medium,0,1.2608,1
Elysium-Fenix,201,0.0834330688935281,False,Elysium,Fenix,8.34,low,0,1.0,0
Aegis-Boreas,202,0.0221,False,Aegis,Boreas,2.21,very_low,0,0.2649,0
Aegis-Dawn,202,0.03721,False,Aegis,Dawn,3.72,very_low,0,0.446,0
Aegis-Elysium,202,0.01943,False,Aegis,Elysium,1.94,very_low,0,0.2329,0
Boreas-Dawn,202,0.0834330688935281,True,Boreas,Dawn,8.34,low,0,1.0,1
Boreas-Elysium,202,0.09603,False,Boreas,Elysium,9.6,low,0,1.151,0
Boreas-Fenix,202,0.15647,True,Boreas,Fenix,15.65,medium,0,1.8754,1
Caelum-Dawn,202,0.00786,False,Caelum,Dawn,0.79,very_low,0,0.0942,0
Caelum-Elysium,202,0.00656,False,Caelum,Elysium,0.66,very_low,0,0.0786,0
Caelum-Fenix,202,0.06927,True,Caelum,Fenix,6.93,low,0,0.8302,1
Dawn-Elysium,202,0.34418,True,Dawn,Elysium,34.42,high,1,4.1252,1
Dawn-Fenix,202,0.0834330688935281,False,Dawn,Fenix,8.34,low,0,1.0,0
Elysium-Fenix,202,0.12794,False,Elysium,Fenix,12.79,medium,0,1.5334,0
Aegis-Boreas,203,0.34901,False,Aegis,Boreas,34.9,high,1,4.1831,0
Aegis-Dawn,203,0.02139,False,Aegis,Dawn,2.14,very_low,0,0.2564,0
Aegis-Elysium,203,0.00161,False,Aegis,Elysium,0.16,very_low,0,0.0193,0
Boreas-Dawn,203,0.12568,False,Boreas,Dawn,12.57,medium,0,1.5064,0
Boreas-Elysium,203,0.18515,False,Boreas,Elysium,18.52,medium,0,2.2191,0
Boreas-Fenix,203,0.03688,False,Boreas,Fenix,3.69,very_low,0,0.442,0
Caelum-Dawn,203,0.07973,False,Caelum,Dawn,7.97,low,0,0.9556,0
Caelum-Elysium,203,0.05467,False,Caelum,Elysium,5.47,low,0,0.6553,0
Caelum-Fenix,203,0.07305,False,Caelum,Fenix,7.31,low,0,0.8756,0
Dawn-Elysium,203,0.00099,False,Dawn,Elysium,0.1,very_low,0,0.0119,0
Dawn-Fenix,203,0.0834330688935281,False,Dawn,Fenix,8.34,low,0,1.0,0
Elysium-Fenix,203,0.00882,False,Elysium,Fenix,0.88,very_low,0,0.1057,0
Aegis-Boreas,204,0.08229,False,Aegis,Boreas,8.23,low,0,0.9863,0
Aegis-Dawn,204,0.22542,False,Aegis,Dawn,22.54,high,1,2.7018,0
Aegis-Elysium,204,0.01492,False,Aegis,Elysium,1.49,very_low,0,0.1788,0
Boreas-Dawn,204,0.09233,False,Boreas,Dawn,9.23,low,0,1.1066,0
Boreas-Elysium,204,0.09945,False,Boreas,Elysium,9.94,low,0,1.192,0
Boreas-Fenix,204,0.13567,False,Boreas,Fenix,13.57,medium,0,1.6261,0
Caelum-Dawn,204,0.00219,False,Caelum,Dawn,0.22,very_low,0,0.0262,0
Caelum-Elysium,204,0.20525,False,Caelum,Elysium,20.52,high,1,2.4601,0
Caelum-Fenix,204,0.10412,False,Caelum,Fenix,10.41,medium,0,1.2479,0
Dawn-Elysium,204,0.02106,False,Dawn,Elysium,2.11,very_low,0,0.2524,0
Dawn-Fenix,204,0.01263,False,Dawn,Fenix,1.26,very_low,0,0.1514,0
Elysium-Fenix,204,0.0834330688935281,False,Elysium,Fenix,8.34,low,0,1.0,0
Aegis-Boreas,205,0.00673,False,Aegis,Boreas,0.67,very_low,0,0.0807,0
Aegis-Dawn,205,0.16513,False,Aegis,Dawn,16.51,medium,0,1.9792,0
Aegis-Elysium,205,0.02033,False,Aegis,Elysium,2.03,very_low,0,0.2437,0
Boreas-Dawn,205,0.12061,False,Boreas,Dawn,12.06,medium,0,1.4456,0
Boreas-Elysium,205,0.07001,False,Boreas,Elysium,7.0,low,0,0.8391,0
Boreas-Fenix,205,0.21763,False,Boreas,Fenix,21.76,high,1,2.6084,0
Caelum-Dawn,205,0.04257,False,Caelum,Dawn,4.26,very_low,0,0.5102,0
Caelum-Elysium,205,0.05442,False,Caelum,Elysium,5.44,low,0,0.6523,0
Caelum-Fenix,205,0.05965,False,Caelum,Fenix,5.96,low,0,0.7149,0
Dawn-Elysium,205,0.18377,False,Dawn,Elysium,18.38,medium,0,2.2026,0
Dawn-Fenix,205,0.02056,False,Dawn,Fenix,2.06,very_low,0,0.2464,0
Elysium-Fenix,205,0.03857,False,Elysium,Fenix,3.86,very_low,0,0.4623,0
Aegis-Boreas,206,0.09706,False,Aegis,Boreas,9.71,low,0,1.1633,0
Aegis-Dawn,206,0.17318,True,Aegis,Dawn,17.32,medium,0,2.0757,1
Aegis-Elysium,206,0.12154,False,Aegis,Elysium,12.15,medium,0,1.4567,0
Boreas-Dawn,206,0.06901,False,Boreas,Dawn,6.9,low,0,0.8271,0
Boreas-Elysium,206,0.01796,False,Boreas,Elysium,1.8,very_low,0,0.2153,0
Boreas-Fenix,206,0.007,True,Boreas,Fenix,0.7,very_low,0,0.0839,1
Caelum-Dawn,206,0.05838,True,Caelum,Dawn,5.84,low,0,0.6997,1
Caelum-Elysium,206,0.04089,False,Caelum,Elysium,4.09,very_low,0,0.4901,0
Caelum-Fenix,206,0.14672,True,Caelum,Fenix,14.67,medium,0,1.7585,1
Dawn-Elysium,206,0.12408,False,Dawn,Elysium,12.41,medium,0,1.4872,0
Dawn-Fenix,206,0.12725,False,Dawn,Fenix,12.72,medium,0,1.5252,0
Elysium-Fenix,206,0.01693,True,Elysium,Fenix,1.69,very_low,0,0.2029,1
Aegis-Boreas,207,0.0834330688935281,True,Aegis,Boreas,8.34,low,0,1.0,1
Aegis-Dawn,207,0.06053,False,Aegis,Dawn,6.05,low,0,0.7255,0
Aegis-Elysium,207,0.0834330688935281,False,Aegis,Elysium,8.34,low,0,1.0,0
Boreas-Dawn,207,0.08114,False,Boreas,Dawn,8.11,low,0,0.9725,0
Boreas-Elysium,207,0.07381,False,Boreas,Elysium,7.38,low,0,0.8847,0
Boreas-Fenix,207,0.05841,False,Boreas,Fenix,5.84,low,0,0.7001,0
Caelum-Dawn,207,0.0047,False,Caelum,Dawn,0.47,very_low,0,0.0563,0
Caelum-Elysium,207,0.20818,True,Caelum,Elysium,20.82,high,1,2.4952,1
Caelum-Fenix,207,0.04338,False,Caelum,Fenix,4.34,very_low,0,0.5199,0
Dawn-Elysium,207,0.00617,False,Dawn,Elysium,0.62,very_low,0,0.074,0
Dawn-Fenix,207,0.09305,False,Dawn,Fenix,9.3,low,0,1.1153,0
Elysium-Fenix,207,0.10735,True,Elysium,Fenix,10.74,medium,0,1.2867,1
Aegis-Boreas,208,0.00508,False,Aegis,Boreas,0.51,very_low,0,0.0609,0
Aegis-Dawn,208,0.12364,False,Aegis,Dawn,12.36,medium,0,1.4819,0
Aegis-Elysium,208,0.10015,False,Aegis,Elysium,10.02,medium,0,1.2004,0
Boreas-Dawn,208,0.32675,False,Boreas,Dawn,32.67,high,1,3.9163,0
Boreas-Elysium,208,0.03887,False,Boreas,Elysium,3.89,very_low,0,0.4659,0
Boreas-Fenix,208,0.1385,False,Boreas,Fenix,13.85,medium,0,1.66,0
Caelum-Dawn,208,0.12125,False,Caelum,Dawn,12.12,medium,0,1.4533,0
Caelum-Elysium,208,0.00065,False,Caelum,Elysium,0.06,very_low,0,0.0078,0
Caelum-Fenix,208,0.00692,False,Caelum,Fenix,0.69,very_low,0,0.0829,0
Dawn-Elysium,208,0.01649,True,Dawn,Elysium,1.65,very_low,0,0.1976,1
Dawn-Fenix,208,0.06266,False,Dawn,Fenix,6.27,low,0,0.751,0
Elysium-Fenix,208,0.0834330688935281,False,Elysium,Fenix,8.34,low,0,1.0,0
Aegis-Boreas,209,0.00758,False,Aegis,Boreas,0.76,very_low,0,0.0909,0
Aegis-Dawn,209,0.02968,False,Aegis,Dawn,2.97,very_low,0,0.3557,0
Aegis-Elysium,209,0.02388,False,Aegis,Elysium,2.39,very_low,0,0.2862,0
Boreas-Dawn,209,0.0678,False,Boreas,Dawn,6.78,low,0,0.8126,0
Boreas-Elysium,209,0.05538,False,Boreas,Elysium,5.54,low,0,0.6638,0
Boreas-Fenix,209,0.23449,False,Boreas,Fenix,23.45,high,1,2.8105,0
Caelum-Dawn,209,0.12746,False,Caelum,Dawn,12.75,medium,0,1.5277,0
Caelum-Elysium,209,0.01392,False,Caelum,Elysium,1.39,very_low,0,0.1668,0
Caelum-Fenix,209,0.19365,False,Caelum,Fenix,19.36,medium,0,2.321,0
Dawn-Elysium,209,0.0826,False,Dawn,Elysium,8.26,low,0,0.99,0
Dawn-Fenix,209,0.11724,False,Dawn,Fenix,11.72,medium,0,1.4052,0
Elysium-Fenix,209,0.04632,False,Elysium,Fenix,4.63,very_low,0,0.5552,0
Aegis-Boreas,210,0.0834330688935281,True,Aegis,Boreas,8.34,low,0,1.0,1
Aegis-Dawn,210,0.11921,False,Aegis,Dawn,11.92,medium,0,1.4288,0
Aegis-Elysium,210,0.05259,False,Aegis,Elysium,5.26,low,0,0.6303,0
Boreas-Dawn,210,0.1049,False,Boreas,Dawn,10.49,medium,0,1.2573,0
Boreas-Elysium,210,0.05564,False,Boreas,Elysium,5.56,low,0,0.6669,0
Boreas-Fenix,210,0.02695,False,Boreas,Fenix,2.7,very_low,0,0.323,0
Caelum-Dawn,210,0.02647,False,Caelum,Dawn,2.65,very_low,0,0.3173,0
Caelum-Elysium,210,0.09385,False,Caelum,Elysium,9.38,low,0,1.1249,0
Caelum-Fenix,210,0.11315,False,Caelum,Fenix,11.32,medium,0,1.3562,0
Dawn-Elysium,210,0.00159,False,Dawn,Elysium,0.16,very_low,0,0.0191,0
Dawn-Fenix,210,0.24765,True,Dawn,Fenix,24.76,high,1,2.9682,1
Elysium-Fenix,210,0.09776,False,Elysium,Fenix,9.78,low,0,1.1717,0
Aegis-Boreas,211,0.16931,False,Aegis,Boreas,16.93,medium,0,2.0293,0
Aegis-Dawn,211,0.06211,False,Aegis,Dawn,6.21,low,0,0.7444,0
Aegis-Elysium,211,0.10507,False,Aegis,Elysium,10.51,medium,0,1.2593,0
Boreas-Dawn,211,0.02561,False,Boreas,Dawn,2.56,very_low,0,0.307,0
Boreas-Elysium,211,0.07922,False,Boreas,Elysium,7.92,low,0,0.9495,0
Boreas-Fenix,211,0.24757,False,Boreas,Fenix,24.76,high,1,2.9673,0
Caelum-Dawn,211,0.10597,False,Caelum,Dawn,10.6,medium,0,1.2701,0
Caelum-Elysium,211,0.04847,False,Caelum,Elysium,4.85,very_low,0,0.5809,0
Caelum-Fenix,211,0.04328,False,Caelum,Fenix,4.33,very_low,0,0.5187,0
Dawn-Elysium,211,0.02171,False,Dawn,Elysium,2.17,very_low,0,0.2602,0
Dawn-Fenix,211,0.03681,False,Dawn,Fenix,3.68,very_low,0,0.4412,0
Elysium-Fenix,211,0.05487,False,Elysium,Fenix,5.49,low,0,0.6577,0
Aegis-Boreas,212,0.00668,False,Aegis,Boreas,0.67,very_low,0,0.0801,0
Aegis-Dawn,212,0.05094,False,Aegis,Dawn,5.09,low,0,0.6105,0
Aegis-Elysium,212,0.05893,False,Aegis,Elysium,5.89,low,0,0.7063,0
Boreas-Dawn,212,0.07976,False,Boreas,Dawn,7.98,low,0,0.956,0
Boreas-Elysium,212,0.05589,True,Boreas,Elysium,5.59,low,0,0.6699,1
Boreas-Fenix,212,0.13681,True,Boreas,Fenix,13.68,medium,0,1.6398,1
Caelum-Dawn,212,0.15668,False,Caelum,Dawn,15.67,medium,0,1.8779,0
Caelum-Elysium,212,0.01951,False,Caelum,Elysium,1.95,very_low,0,0.2338,0
Caelum-Fenix,212,0.0834330688935281,True,Caelum,Fenix,8.34,low,0,1.0,1
Dawn-Elysium,212,0.04113,False,Dawn,Elysium,4.11,very_low,0,0.493,0
Dawn-Fenix,212,0.21257,False,Dawn,Fenix,21.26,high,1,2.5478,0
Elysium-Fenix,212,0.01851,False,Elysium,Fenix,1.85,very_low,0,0.2219,0
Aegis-Boreas,213,0.17526,True,Aegis,Boreas,17.53,medium,0,2.1006,1
Aegis-Dawn,213,0.13841,False,Aegis,Dawn,13.84,medium,0,1.6589,0
Aegis-Elysium,213,0.01488,False,Aegis,Elysium,1.49,very_low,0,0.1783,0
Boreas-Dawn,213,0.0354,False,Boreas,Dawn,3.54,very_low,0,0.4243,0
Boreas-Elysium,213,0.08687,False,Boreas,Elysium,8.69,low,0,1.0412,0
Boreas-Fenix,213,0.01455,False,Boreas,Fenix,1.46,very_low,0,0.1744,0
Caelum-Dawn,213,0.04174,False,Caelum,Dawn,4.17,very_low,0,0.5003,0
Caelum-Elysium,213,0.25446,False,Caelum,Elysium,25.45,high,1,3.0499,0
Caelum-Fenix,213,0.02205,False,Caelum,Fenix,2.2,very_low,0,0.2643,0
Dawn-Elysium,213,0.02624,False,Dawn,Elysium,2.62,very_low,0,0.3145,0
Dawn-Fenix,213,0.10792,False,Dawn,Fenix,10.79,medium,0,1.2935,0
Elysium-Fenix,213,0.08221,False,Elysium,Fenix,8.22,low,0,0.9853,0
Aegis-Boreas,214,0.04533,False,Aegis,Boreas,4.53,very_low,0,0.5433,0
Aegis-Dawn,214,0.10156,False,Aegis,Dawn,10.16,medium,0,1.2173,0
Aegis-Elysium,214,0.01046,False,Aegis,Elysium,1.05,very_low,0,0.1254,0
Boreas-Dawn,214,0.04564,False,Boreas,Dawn,4.56,very_low,0,0.547,0
Boreas-Elysium,214,0.02961,False,Boreas,Elysium,2.96,very_low,0,0.3549,0
Boreas-Fenix,214,0.24479,False,Boreas,Fenix,24.48,high,1,2.934,0
Caelum-Dawn,214,0.06184,False,Caelum,Dawn,6.18,low,0,0.7412,0
Caelum-Elysium,214,0.01452,False,Caelum,Elysium,1.45,very_low,0,0.174,0
Caelum-Fenix,214,0.21288,False,Caelum,Fenix,21.29,high,1,2.5515,0
Dawn-Elysium,214,0.09773,False,Dawn,Elysium,9.77,low,0,1.1714,0
Dawn-Fenix,214,0.13173,False,Dawn,Fenix,13.17,medium,0,1.5789,0
Elysium-Fenix,214,0.0039,False,Elysium,Fenix,0.39,very_low,0,0.0467,0
Aegis-Boreas,215,0.11425,True,Aegis,Boreas,11.42,medium,0,1.3694,1
Aegis-Dawn,215,0.13641,False,Aegis,Dawn,13.64,medium,0,1.635,0
Aegis-Elysium,215,0.04397,False,Aegis,Elysium,4.4,very_low,0,0.527,0
Boreas-Dawn,215,0.01236,False,Boreas,Dawn,1.24,very_low,0,0.1481,0
Boreas-Elysium,215,0.00922,False,Boreas,Elysium,0.92,very_low,0,0.1105,0
Boreas-Fenix,215,0.0258,True,Boreas,Fenix,2.58,very_low,0,0.3092,1
Caelum-Dawn,215,0.32632,False,Caelum,Dawn,32.63,high,1,3.9112,0
Caelum-Elysium,215,0.08041,False,Caelum,Elysium,8.04,low,0,0.9638,0
Caelum-Fenix,215,0.12363,False,Caelum,Fenix,12.36,medium,0,1.4818,0
Dawn-Elysium,215,0.02221,False,Dawn,Elysium,2.22,very_low,0,0.2662,0
Dawn-Fenix,215,0.07721,False,Dawn,Fenix,7.72,low,0,0.9254,0
Elysium-Fenix,215,0.02822,False,Elysium,Fenix,2.82,very_low,0,0.3382,0
Aegis-Boreas,216,0.09909,False,Aegis,Boreas,9.91,low,0,1.1877,0
Aegis-Dawn,216,0.0294,False,Aegis,Dawn,2.94,very_low,0,0.3524,0
Aegis-Elysium,216,0.02198,False,Aegis,Elysium,2.2,very_low,0,0.2634,0
Boreas-Dawn,216,0.19927,False,Boreas,Dawn,19.93,medium,0,2.3884,0
Boreas-Elysium,216,0.02783,False,Boreas,Elysium,2.78,very_low,0,0.3336,0
Boreas-Fenix,216,0.11985,False,Boreas,Fenix,11.98,medium,0,1.4365,0
Caelum-Dawn,216,0.03206,False,Caelum,Dawn,3.21,very_low,0,0.3843,0
Caelum-Elysium,216,0.0929,False,Caelum,Elysium,9.29,low,0,1.1135,0
Caelum-Fenix,216,0.0834330688935281,False,Caelum,Fenix,8.34,low,0,1.0,0
Dawn-Elysium,216,0.07561,False,Dawn,Elysium,7.56,low,0,0.9062,0
Dawn-Fenix,216,0.08499,False,Dawn,Fenix,8.5,low,0,1.0187,0
Elysium-Fenix,216,0.11242,False,Elysium,Fenix,11.24,medium,0,1.3474,0
Aegis-Boreas,217,0.19454,False,Aegis,Boreas,19.45,medium,0,2.3317,0
Aegis-Dawn,217,0.07202,False,Aegis,Dawn,7.2,low,0,0.8632,0
Aegis-Elysium,217,0.02722,False,Aegis,Elysium,2.72,very_low,0,0.3262,0
Boreas-Dawn,217,0.01439,False,Boreas,Dawn,1.44,very_low,0,0.1725,0
Boreas-Elysium,217,0.0589,True,Boreas,Elysium,5.89,low,0,0.706,1
Boreas-Fenix,217,0.19402,True,Boreas,Fenix,19.4,medium,0,2.3255,1
Caelum-Dawn,217,0.00965,False,Caelum,Dawn,0.97,very_low,0,0.1157,0
Caelum-Elysium,217,0.11819,False,Caelum,Elysium,11.82,medium,0,1.4166,0
Caelum-Fenix,217,0.08352,False,Caelum,Fenix,8.35,low,0,1.001,0
Dawn-Elysium,217,0.04164,False,Dawn,Elysium,4.16,very_low,0,0.4991,0
Dawn-Fenix,217,0.08956,False,Dawn,Fenix,8.96,low,0,1.0734,0
Elysium-Fenix,217,0.09635,False,Elysium,Fenix,9.64,low,0,1.1548,0
Aegis-Boreas,218,0.01706,False,Aegis,Boreas,1.71,very_low,0,0.2045,0
Aegis-Dawn,218,0.16639,False,Aegis,Dawn,16.64,medium,0,1.9943,0
Aegis-Elysium,218,0.28107,True,Aegis,Elysium,28.11,high,1,3.3688,1
Boreas-Dawn,218,0.0834330688935281,False,Boreas,Dawn,8.34,low,0,1.0,0
Boreas-Elysium,218,0.03456,False,Boreas,Elysium,3.46,very_low,0,0.4142,0
Boreas-Fenix,218,0.09771,False,Boreas,Fenix,9.77,low,0,1.1711,0
Caelum-Dawn,218,0.02805,False,Caelum,Dawn,2.8,very_low,0,0.3362,0
Caelum-Elysium,218,0.00696,False,Caelum,Elysium,0.7,very_low,0,0.0834,0
Caelum-Fenix,218,0.16881,False,Caelum,Fenix,16.88,medium,0,2.0233,0
Dawn-Elysium,218,0.05154,False,Dawn,Elysium,5.15,low,0,0.6177,0
Dawn-Fenix,218,0.05684,False,Dawn,Fenix,5.68,low,0,0.6813,0
Elysium-Fenix,218,0.01786,False,Elysium,Fenix,1.79,very_low,0,0.2141,0
Aegis-Boreas,219,0.26517,False,Aegis,Boreas,26.52,high,1,3.1782,0
Aegis-Dawn,219,0.05895,False,Aegis,Dawn,5.9,low,0,0.7066,0
Aegis-Elysium,219,0.00981,False,Aegis,Elysium,0.98,very_low,0,0.1176,0
Boreas-Dawn,219,0.18026,False,Boreas,Dawn,18.03,medium,0,2.1605,0
Boreas-Elysium,219,0.15195,False,Boreas,Elysium,15.2,medium,0,1.8212,0
Boreas-Fenix,219,0.01576,False,Boreas,Fenix,1.58,very_low,0,0.1889,0
Caelum-Dawn,219,0.02973,False,Caelum,Dawn,2.97,very_low,0,0.3563,0
Caelum-Elysium,219,0.00118,False,Caelum,Elysium,0.12,very_low,0,0.0141,0
Caelum-Fenix,219,0.02131,False,Caelum,Fenix,2.13,very_low,0,0.2554,0
Dawn-Elysium,219,0.02699,False,Dawn,Elysium,2.7,very_low,0,0.3235,0
Dawn-Fenix,219,0.17544,False,Dawn,Fenix,17.54,medium,0,2.1028,0
Elysium-Fenix,219,0.06344,False,Elysium,Fenix,6.34,low,0,0.7604,0
Aegis-Boreas,220,0.01515,False,Aegis,Boreas,1.52,very_low,0,0.1816,0
Aegis-Dawn,220,0.04679,False,Aegis,Dawn,4.68,very_low,0,0.5608,0
Aegis-Elysium,220,0.04548,False,Aegis,Elysium,4.55,very_low,0,0.5451,0
Boreas-Dawn,220,0.17663,False,Boreas,Dawn,17.66,medium,0,2.117,0
Boreas-Elysium,220,0.05264,False,Boreas,Elysium,5.26,low,0,0.6309,0
Boreas-Fenix,220,0.04692,False,Boreas,Fenix,4.69,very_low,0,0.5624,0
Caelum-Dawn,220,0.21592,False,Caelum,Dawn,21.59,high,1,2.5879,0
Caelum-Elysium,220,0.13208,False,Caelum,Elysium,13.21,medium,0,1.5831,0
Caelum-Fenix,220,0.05892,True,Caelum,Fenix,5.89,low,0,0.7062,1
Dawn-Elysium,220,0.11902,False,Dawn,Elysium,11.9,medium,0,1.4265,0
Dawn-Fenix,220,0.00186,False,Dawn,Fenix,0.19,very_low,0,0.0223,0
Elysium-Fenix,220,0.08859,False,Elysium,Fenix,8.86,low,0,1.0618,0
Aegis-Boreas,221,0.05687,False,Aegis,Boreas,5.69,low,0,0.6816,0
Aegis-Dawn,221,0.09041,True,Aegis,Dawn,9.04,low,0,1.0836,1
Aegis-Elysium,221,0.06596,False,Aegis,Elysium,6.6,low,0,0.7906,0
Boreas-Dawn,221,0.07564,False,Boreas,Dawn,7.56,low,0,0.9066,0
Boreas-Elysium,221,0.12191,True,Boreas,Elysium,12.19,medium,0,1.4612,1
Boreas-Fenix,221,0.08822,False,Boreas,Fenix,8.82,low,0,1.0574,0
Caelum-Dawn,221,0.00748,False,Caelum,Dawn,0.75,very_low,0,0.0897,0
Caelum-Elysium,221,0.06079,False,Caelum,Elysium,6.08,low,0,0.7286,0
Caelum-Fenix,221,0.12482,False,Caelum,Fenix,12.48,medium,0,1.496,0
Dawn-Elysium,221,0.04015,False,Dawn,Elysium,4.01,very_low,0,0.4812,0
Dawn-Fenix,221,0.17227,False,Dawn,Fenix,17.23,medium,0,2.0648,0
Elysium-Fenix,221,0.09547,False,Elysium,Fenix,9.55,low,0,1.1443,0
Aegis-Boreas,222,0.1667,False,Aegis,Boreas,16.67,medium,0,1.998,0
Aegis-Dawn,222,0.05208,True,Aegis,Dawn,5.21,low,0,0.6242,1
Aegis-Elysium,222,0.12788,False,Aegis,Elysium,12.79,medium,0,1.5327,0
Boreas-Dawn,222,0.0834330688935281,False,Boreas,Dawn,8.34,low,0,1.0,0
Boreas-Elysium,222,0.03967,False,Boreas,Elysium,3.97,very_low,0,0.4755,0
Boreas-Fenix,222,0.19649,False,Boreas,Fenix,19.65,medium,0,2.3551,0
Caelum-Dawn,222,0.02394,False,Caelum,Dawn,2.39,very_low,0,0.2869,0
Caelum-Elysium,222,0.11851,False,Caelum,Elysium,11.85,medium,0,1.4204,0
Caelum-Fenix,222,0.10586,False,Caelum,Fenix,10.59,medium,0,1.2688,0
Dawn-Elysium,222,0.0693,True,Dawn,Elysium,6.93,low,0,0.8306,1
Dawn-Fenix,222,0.0265,False,Dawn,Fenix,2.65,very_low,0,0.3176,0
Elysium-Fenix,222,0.0834330688935281,False,Elysium,Fenix,8.34,low,0,1.0,0
Aegis-Boreas,223,0.06882,False,Aegis,Boreas,6.88,low,0,0.8249,0
Aegis-Dawn,223,0.08797,False,Aegis,Dawn,8.8,low,0,1.0544,0
Aegis-Elysium,223,0.05869,False,Aegis,Elysium,5.87,low,0,0.7034,0
Boreas-Dawn,223,0.07031,False,Boreas,Dawn,7.03,low,0,0.8427,0
Boreas-Elysium,223,0.00395,False,Boreas,Elysium,0.4,very_low,0,0.0473,0
Boreas-Fenix,223,0.05838,False,Boreas,Fenix,5.84,low,0,0.6997,0
Caelum-Dawn,223,0.10346,False,Caelum,Dawn,10.35,medium,0,1.24,0
Caelum-Elysium,223,0.16531,False,Caelum,Elysium,16.53,medium,0,1.9813,0
Caelum-Fenix,223,0.017,True,Caelum,Fenix,1.7,very_low,0,0.2038,1
Dawn-Elysium,223,0.05921,False,Dawn,Elysium,5.92,low,0,0.7097,0
Dawn-Fenix,223,0.06394,False,Dawn,Fenix,6.39,low,0,0.7664,0
Elysium-Fenix,223,0.24295,False,Elysium,Fenix,24.3,high,1,2.9119,0
Aegis-Boreas,224,0.00363,False,Aegis,Boreas,0.36,very_low,0,0.0435,0
Aegis-Dawn,224,0.04499,False,Aegis,Dawn,4.5,very_low,0,0.5392,0
Aegis-Elysium,224,0.08921,False,Aegis,Elysium,8.92,low,0,1.0692,0
Boreas-Dawn,224,0.07758,True,Boreas,Dawn,7.76,low,0,0.9298,1
Boreas-Elysium,224,0.15094,False,Boreas,Elysium,15.09,medium,0,1.8091,0
Boreas-Fenix,224,0.20956,True,Boreas,Fenix,20.96,high,1,2.5117,1
Caelum-Dawn,224,0.07589,False,Caelum,Dawn,7.59,low,0,0.9096,0
Caelum-Elysium,224,0.01462,False,Caelum,Elysium,1.46,very_low,0,0.1752,0
Caelum-Fenix,224,0.22418,False,Caelum,Fenix,22.42,high,1,2.6869,0
Dawn-Elysium,224,0.04874,False,Dawn,Elysium,4.87,very_low,0,0.5842,0
Dawn-Fenix,224,0.0258,False,Dawn,Fenix,2.58,very_low,0,0.3092,0
Elysium-Fenix,224,0.03487,False,Elysium,Fenix,3.49,very_low,0,0.4179,0
Aegis-Boreas,225,0.06219,False,Aegis,Boreas,6.22,low,0,0.7454,0
Aegis-Dawn,225,0.0834330688935281,False,Aegis,Dawn,8.34,low,0,1.0,0
Aegis-Elysium,225,0.00207,False,Aegis,Elysium,0.21,very_low,0,0.0248,0
Boreas-Dawn,225,0.19611,False,Boreas,Dawn,19.61,medium,0,2.3505,0
Boreas-Elysium,225,0.02507,False,Boreas,Elysium,2.51,very_low,0,0.3005,0
Boreas-Fenix,225,0.03415,False,Boreas,Fenix,3.42,very_low,0,0.4093,0
Caelum-Dawn,225,0.06792,False,Caelum,Dawn,6.79,low,0,0.8141,0
Caelum-Elysium,225,0.03711,False,Caelum,Elysium,3.71,very_low,0,0.4448,0
Caelum-Fenix,225,0.06268,False,Caelum,Fenix,6.27,low,0,0.7513,0
Dawn-Elysium,225,0.28971,False,Dawn,Elysium,28.97,high,1,3.4724,0
Dawn-Fenix,225,0.04171,False,Dawn,Fenix,4.17,very_low,0,0.4999,0
Elysium-Fenix,225,0.02055,True,Elysium,Fenix,2.05,very_low,0,0.2463,1
Aegis-Boreas,226,0.08515,False,Aegis,Boreas,8.52,low,0,1.0206,0
Aegis-Dawn,226,0.0143,False,Aegis,Dawn,1.43,very_low,0,0.1714,0
Aegis-Elysium,226,0.0062,False,Aegis,Elysium,0.62,very_low,0,0.0743,0
Boreas-Dawn,226,0.04221,False,Boreas,Dawn,4.22,very_low,0,0.5059,0
Boreas-Elysium,226,0.19976,False,Boreas,Elysium,19.98,medium,0,2.3943,0
Boreas-Fenix,226,0.09083,False,Boreas,Fenix,9.08,low,0,1.0887,0
Caelum-Dawn,226,0.05033,False,Caelum,Dawn,5.03,low,0,0.6032,0
Caelum-Elysium,226,0.03013,False,Caelum,Elysium,3.01,very_low,0,0.3611,0
Caelum-Fenix,226,0.02068,False,Caelum,Fenix,2.07,very_low,0,0.2479,0
Dawn-Elysium,226,0.0537,False,Dawn,Elysium,5.37,low,0,0.6436,0
Dawn-Fenix,226,0.1697,False,Dawn,Fenix,16.97,medium,0,2.034,0
Elysium-Fenix,226,0.23702,False,Elysium,Fenix,23.7,high,1,2.8408,0
Aegis-Boreas,227,0.02925,False,Aegis,Boreas,2.92,very_low,0,0.3506,0
Aegis-Dawn,227,0.18521,True,Aegis,Dawn,18.52,medium,0,2.2199,1
Aegis-Elysium,227,0.0501,False,Aegis,Elysium,5.01,low,0,0.6005,0
Boreas-Dawn,227,0.42356,False,Boreas,Dawn,42.36,very_high,1,5.0766,0
Boreas-Elysium,227,0.00438,False,Boreas,Elysium,0.44,very_low,0,0.0525,0
Boreas-Fenix,227,0.01042,False,Boreas,Fenix,1.04,very_low,0,0.1249,0
Caelum-Dawn,227,0.08531,False,Caelum,Dawn,8.53,low,0,1.0225,0
Caelum-Elysium,227,0.17569,False,Caelum,Elysium,17.57,medium,0,2.1058,0
Caelum-Fenix,227,0.00988,False,Caelum,Fenix,0.99,very_low,0,0.1184,0
Dawn-Elysium,227,0.00339,False,Dawn,Elysium,0.34,very_low,0,0.0406,0
Dawn-Fenix,227,0.01668,False,Dawn,Fenix,1.67,very_low,0,0.1999,0
Elysium-Fenix,227,0.00614,False,Elysium,Fenix,0.61,very_low,0,0.0736,0
Aegis-Boreas,228,0.334,False,Aegis,Boreas,33.4,high,1,4.0032,0
Aegis-Dawn,228,0.07547,False,Aegis,Dawn,7.55,low,0,0.9046,0
Aegis-Elysium,228,0.00785,False,Aegis,Elysium,0.78,very_low,0,0.0941,0
Boreas-Dawn,228,0.07555,False,Boreas,Dawn,7.56,low,0,0.9055,0
Boreas-Elysium,228,0.09454,False,Boreas,Elysium,9.45,low,0,1.1331,0
Boreas-Fenix,228,0.00083,False,Boreas,Fenix,0.08,very_low,0,0.0099,0
Caelum-Dawn,228,0.01437,False,Caelum,Dawn,1.44,very_low,0,0.1722,0
Caelum-Elysium,228,0.13537,False,Caelum,Elysium,13.54,medium,0,1.6225,0
Caelum-Fenix,228,0.02501,False,Caelum,Fenix,2.5,very_low,0,0.2998,0
Dawn-Elysium,228,0.09476,False,Dawn,Elysium,9.48,low,0,1.1358,0
Dawn-Fenix,228,0.0834330688935281,False,Dawn,Fenix,8.34,low,0,1.0,0
Elysium-Fenix,228,0.04722,False,Elysium,Fenix,4.72,very_low,0,0.566,0
Aegis-Boreas,229,0.05623,False,Aegis,Boreas,5.62,low,0,0.674,0
Aegis-Dawn,229,0.10084,False,Aegis,Dawn,10.08,medium,0,1.2086,0
Aegis-Elysium,229,0.24803,True,Aegis,Elysium,24.8,high,1,2.9728,1
Boreas-Dawn,229,0.04721,False,Boreas,Dawn,4.72,very_low,0,0.5658,0
Boreas-Elysium,229,0.0834330688935281,False,Boreas,Elysium,8.34,low,0,1.0,0
Boreas-Fenix,229,0.11936,False,Boreas,Fenix,11.94,medium,0,1.4306,0
Caelum-Dawn,229,0.03733,False,Caelum,Dawn,3.73,very_low,0,0.4474,0
Caelum-Elysium,229,0.01152,False,Caelum,Elysium,1.15,very_low,0,0.1381,0
Caelum-Fenix,229,0.0514,False,Caelum,Fenix,5.14,low,0,0.6161,0
Dawn-Elysium,229,0.24667,False,Dawn,Elysium,24.67,high,1,2.9565,0
Dawn-Fenix,229,0.01162,False,Dawn,Fenix,1.16,very_low,0,0.1393,0
Elysium-Fenix,229,0.06757,False,Elysium,Fenix,6.76,low,0,0.8099,0
Aegis-Boreas,230,0.04147,False,Aegis,Boreas,4.15,very_low,0,0.497,0
Aegis-Dawn,230,0.02492,False,Aegis,Dawn,2.49,very_low,0,0.2987,0
Aegis-Elysium,230,0.08701,False,Aegis,Elysium,8.7,low,0,1.0429,0
Boreas-Dawn,230,0.05544,False,Boreas,Dawn,5.54,low,0,0.6645,0
Boreas-Elysium,230,0.09574,False,Boreas,Elysium,9.57,low,0,1.1475,0
Boreas-Fenix,230,0.10207,False,Boreas,Fenix,10.21,medium,0,1.2234,0
Caelum-Dawn,230,0.10996,False,Caelum,Dawn,11.0,medium,0,1.3179,0
Caelum-Elysium,230,0.0834330688935281,False,Caelum,Elysium,8.34,low,0,1.0,0
Caelum-Fenix,230,0.10574,False,Caelum,Fenix,10.57,medium,0,1.2674,0
Dawn-Elysium,230,0.02705,False,Dawn,Elysium,2.7,very_low,0,0.3242,0
Dawn-Fenix,230,0.06178,False,Dawn,Fenix,6.18,low,0,0.7405,0
Elysium-Fenix,230,0.17241,False,Elysium,Fenix,17.24,medium,0,2.0664,0
Aegis-Boreas,231,0.04277,False,Aegis,Boreas,4.28,very_low,0,0.5126,0
Aegis-Dawn,231,0.05303,False,Aegis,Dawn,5.3,low,0,0.6356,0
Aegis-Elysium,231,0.22193,False,Aegis,Elysium,22.19,high,1,2.66,0
Boreas-Dawn,231,0.00081,False,Boreas,Dawn,0.08,very_low,0,0.0097,0
Boreas-Elysium,231,0.00259,False,Boreas,Elysium,0.26,very_low,0,0.031,0
Boreas-Fenix,231,0.07026,False,Boreas,Fenix,7.03,low,0,0.8421,0
Caelum-Dawn,231,0.14983,False,Caelum,Dawn,14.98,medium,0,1.7958,0
Caelum-Elysium,231,0.22046,False,Caelum,Elysium,22.05,high,1,2.6424,0
Caelum-Fenix,231,0.09839,False,Caelum,Fenix,9.84,low,0,1.1793,0
Dawn-Elysium,231,0.03109,False,Dawn,Elysium,3.11,very_low,0,0.3726,0
Dawn-Fenix,231,0.05163,False,Dawn,Fenix,5.16,low,0,0.6188,0
Elysium-Fenix,231,0.05721,False,Elysium,Fenix,5.72,low,0,0.6857,0
Aegis-Boreas,232,0.2774,True,Aegis,Boreas,27.74,high,1,3.3248,1
Aegis-Dawn,232,0.15936,False,Aegis,Dawn,15.94,medium,0,1.91,0
Aegis-Elysium,232,0.0834330688935281,False,Aegis,Elysium,8.34,low,0,1.0,0
Boreas-Dawn,232,0.10147,False,Boreas,Dawn,10.15,medium,0,1.2162,0
Boreas-Elysium,232,0.03399,False,Boreas,Elysium,3.4,very_low,0,0.4074,0
Boreas-Fenix,232,0.08627,False,Boreas,Fenix,8.63,low,0,1.034,0
Caelum-Dawn,232,0.03586,False,Caelum,Dawn,3.59,very_low,0,0.4298,0
Caelum-Elysium,232,0.01158,False,Caelum,Elysium,1.16,very_low,0,0.1388,0
Caelum-Fenix,232,0.02105,False,Caelum,Fenix,2.1,very_low,0,0.2523,0
Dawn-Elysium,232,0.17302,False,Dawn,Elysium,17.3,medium,0,2.0738,0
Dawn-Fenix,232,0.05937,False,Dawn,Fenix,5.94,low,0,0.7116,0
Elysium-Fenix,232,0.00213,False,Elysium,Fenix,0.21,very_low,0,0.0255,0
Aegis-Boreas,233,0.00706,False,Aegis,Boreas,0.71,very_low,0,0.0846,0
Aegis-Dawn,233,0.11402,False,Aegis,Dawn,11.4,medium,0,1.3666,0
Aegis-Elysium,233,0.12218,False,Aegis,Elysium,12.22,medium,0,1.4644,0
Boreas-Dawn,233,0.05759,False,Boreas,Dawn,5.76,low,0,0.6903,0
Boreas-Elysium,233,0.04827,False,Boreas,Elysium,4.83,very_low,0,0.5785,0
Boreas-Fenix,233,0.0574,False,Boreas,Fenix,5.74,low,0,0.688,0
Caelum-Dawn,233,0.2108,False,Caelum,Dawn,21.08,high,1,2.5266,0
Caelum-Elysium,233,0.02238,False,Caelum,Elysium,2.24,very_low,0,0.2682,0
Caelum-Fenix,233,0.14144,False,Caelum,Fenix,14.14,medium,0,1.6953,0
Dawn-Elysium,233,0.05799,False,Dawn,Elysium,5.8,low,0,0.695,0
Dawn-Fenix,233,0.13486,False,Dawn,Fenix,13.49,medium,0,1.6164,0
Elysium-Fenix,233,0.026,False,Elysium,Fenix,2.6,very_low,0,0.3116,0
Aegis-Boreas,234,0.0208,False,Aegis,Boreas,2.08,very_low,0,0.2493,0
Aegis-Dawn,234,0.05877,False,Aegis,Dawn,5.88,low,0,0.7044,0
Aegis-Elysium,234,0.0834330688935281,False,Aegis,Elysium,8.34,low,0,1.0,0
Boreas-Dawn,234,0.02081,False,Boreas,Dawn,2.08,very_low,0,0.2494,0
Boreas-Elysium,234,0.06162,False,Boreas,Elysium,6.16,low,0,0.7386,0
Boreas-Fenix,234,0.00834,False,Boreas,Fenix,0.83,very_low,0,0.1,0
Caelum-Dawn,234,0.10274,False,Caelum,Dawn,10.27,medium,0,1.2314,0
Caelum-Elysium,234,0.11149,False,Caelum,Elysium,11.15,medium,0,1.3363,0
Caelum-Fenix,234,0.21544,True,Caelum,Fenix,21.54,high,1,2.5822,1
Dawn-Elysium,234,0.11494,False,Dawn,Elysium,11.49,medium,0,1.3776,0
Dawn-Fenix,234,0.08853,True,Dawn,Fenix,8.85,low,0,1.0611,1
Elysium-Fenix,234,0.02765,False,Elysium,Fenix,2.76,very_low,0,0.3314,0
Aegis-Boreas,235,0.04372,False,Aegis,Boreas,4.37,very_low,0,0.524,0
Aegis-Dawn,235,0.01365,False,Aegis,Dawn,1.36,very_low,0,0.1636,0
Aegis-Elysium,235,0.30707,False,Aegis,Elysium,30.71,high,1,3.6804,0
Boreas-Dawn,235,0.02662,True,Boreas,Dawn,2.66,very_low,0,0.3191,1
Boreas-Elysium,235,0.04561,False,Boreas,Elysium,4.56,very_low,0,0.5467,0
Boreas-Fenix,235,0.25541,False,Boreas,Fenix,25.54,high,1,3.0613,0
Caelum-Dawn,235,0.11704,False,Caelum,Dawn,11.7,medium,0,1.4028,0
Caelum-Elysium,235,0.05231,False,Caelum,Elysium,5.23,low,0,0.627,0
Caelum-Fenix,235,0.02724,False,Caelum,Fenix,2.72,very_low,0,0.3265,0
Dawn-Elysium,235,0.018,False,Dawn,Elysium,1.8,very_low,0,0.2157,0
Dawn-Fenix,235,0.0834330688935281,True,Dawn,Fenix,8.34,low,0,1.0,1
Elysium-Fenix,235,0.06966,True,Elysium,Fenix,6.97,low,0,0.8349,1
Aegis-Boreas,236,0.12064,True,Aegis,Boreas,12.06,medium,0,1.4459,1
Aegis-Dawn,236,0.00607,False,Aegis,Dawn,0.61,very_low,0,0.0728,0
Aegis-Elysium,236,0.04169,False,Aegis,Elysium,4.17,very_low,0,0.4997,0
Boreas-Dawn,236,0.09312,False,Boreas,Dawn,9.31,low,0,1.1161,0
Boreas-Elysium,236,0.06469,False,Boreas,Elysium,6.47,low,0,0.7754,0
Boreas-Fenix,236,0.05542,False,Boreas,Fenix,5.54,low,0,0.6642,0
Caelum-Dawn,236,0.05136,False,Caelum,Dawn,5.14,low,0,0.6156,0
Caelum-Elysium,236,0.1703,False,Caelum,Elysium,17.03,medium,0,2.0412,0
Caelum-Fenix,236,0.14785,False,Caelum,Fenix,14.78,medium,0,1.7721,0
Dawn-Elysium,236,0.1159,False,Dawn,Elysium,11.59,medium,0,1.3891,0
Dawn-Fenix,236,0.0834330688935281,False,Dawn,Fenix,8.34,low,0,1.0,0
Elysium-Fenix,236,0.10371,False,Elysium,Fenix,10.37,medium,0,1.243,0
Aegis-Boreas,237,0.17576,False,Aegis,Boreas,17.58,medium,0,2.1066,0
Aegis-Dawn,237,0.02584,False,Aegis,Dawn,2.58,very_low,0,0.3097,0
Aegis-Elysium,237,0.06518,False,Aegis,Elysium,6.52,low,0,0.7812,0
Boreas-Dawn,237,0.02668,False,Boreas,Dawn,2.67,very_low,0,0.3198,0
Boreas-Elysium,237,0.20386,False,Boreas,Elysium,20.39,high,1,2.4434,0
Boreas-Fenix,237,0.11869,False,Boreas,Fenix,11.87,medium,0,1.4226,0
Caelum-Dawn,237,0.0758,False,Caelum,Dawn,7.58,low,0,0.9085,0
Caelum-Elysium,237,0.02296,False,Caelum,Elysium,2.3,very_low,0,0.2752,0
Caelum-Fenix,237,0.02464,False,Caelum,Fenix,2.46,very_low,0,0.2953,0
Dawn-Elysium,237,0.00873,False,Dawn,Elysium,0.87,very_low,0,0.1046,0
Dawn-Fenix,237,0.14421,True,Dawn,Fenix,14.42,medium,0,1.7285,1
Elysium-Fenix,237,0.10766,False,Elysium,Fenix,10.77,medium,0,1.2904,0
Aegis-Boreas,238,0.01104,False,Aegis,Boreas,1.1,very_low,0,0.1323,0
Aegis-Dawn,238,0.1349,False,Aegis,Dawn,13.49,medium,0,1.6169,0
Aegis-Elysium,238,0.14387,True,Aegis,Elysium,14.39,medium,0,1.7244,1
Boreas-Dawn,238,0.08499,False,Boreas,Dawn,8.5,low,0,1.0187,0
Boreas-Elysium,238,0.05637,False,Boreas,Elysium,5.64,low,0,0.6756,0
Boreas-Fenix,238,0.0007,True,Boreas,Fenix,0.07,very_low,0,0.0084,1
Caelum-Dawn,238,0.02729,False,Caelum,Dawn,2.73,very_low,0,0.3271,0
Caelum-Elysium,238,0.05102,False,Caelum,Elysium,5.1,low,0,0.6115,0
Caelum-Fenix,238,0.01264,False,Caelum,Fenix,1.26,very_low,0,0.1515,0
Dawn-Elysium,238,0.42692,False,Dawn,Elysium,42.69,very_high,1,5.1169,0
Dawn-Fenix,238,0.034,False,Dawn,Fenix,3.4,very_low,0,0.4075,0
Elysium-Fenix,238,0.01627,False,Elysium,Fenix,1.63,very_low,0,0.195,0
Aegis-Boreas,239,0.06033,False,Aegis,Boreas,6.03,low,0,0.7231,0
Aegis-Dawn,239,0.15876,False,Aegis,Dawn,15.88,medium,0,1.9028,0
Aegis-Elysium,239,0.28592,False,Aegis,Elysium,28.59,high,1,3.4269,0
Boreas-Dawn,239,0.01513,False,Boreas,Dawn,1.51,very_low,0,0.1813,0
Boreas-Elysium,239,0.01186,False,Boreas,Elysium,1.19,very_low,0,0.1421,0
Boreas-Fenix,239,0.1095,False,Boreas,Fenix,10.95,medium,0,1.3124,0
Caelum-Dawn,239,0.07225,False,Caelum,Dawn,7.22,low,0,0.866,0
Caelum-Elysium,239,0.08522,False,Caelum,Elysium,8.52,low,0,1.0214,0
Caelum-Fenix,239,0.05772,True,Caelum,Fenix,5.77,low,0,0.6918,1
Dawn-Elysium,239,0.04485,False,Dawn,Elysium,4.49,very_low,0,0.5376,0
Dawn-Fenix,239,0.02048,False,Dawn,Fenix,2.05,very_low,0,0.2455,0
Elysium-Fenix,239,0.07797,False,Elysium,Fenix,7.8,low,0,0.9345,0
Aegis-Boreas,240,0.05468,False,Aegis,Boreas,5.47,low,0,0.6554,0
Aegis-Dawn,240,0.03313,False,Aegis,Dawn,3.31,very_low,0,0.3971,0
Aegis-Elysium,240,0.00998,False,Aegis,Elysium,1.0,very_low,0,0.1196,0
Boreas-Dawn,240,0.1681,False,Boreas,Dawn,16.81,medium,0,2.0148,0
Boreas-Elysium,240,0.01871,False,Boreas,Elysium,1.87,very_low,0,0.2243,0
Boreas-Fenix,240,0.1024,False,Boreas,Fenix,10.24,medium,0,1.2273,0
Caelum-Dawn,240,0.08519,False,Caelum,Dawn,8.52,low,0,1.0211,0
Caelum-Elysium,240,0.13741,False,Caelum,Elysium,13.74,medium,0,1.6469,0
Caelum-Fenix,240,0.04419,True,Caelum,Fenix,4.42,very_low,0,0.5296,1
Dawn-Elysium,240,0.13004,False,Dawn,Elysium,13.0,medium,0,1.5586,0
Dawn-Fenix,240,0.18141,False,Dawn,Fenix,18.14,medium,0,2.1743,0
Elysium-Fenix,240,0.03475,True,Elysium,Fenix,3.48,very_low,0,0.4165,1
Aegis-Boreas,241,0.06945,False,Aegis,Boreas,6.94,low,0,0.8324,0
Aegis-Dawn,241,0.07136,False,Aegis,Dawn,7.14,low,0,0.8553,0
Aegis-Elysium,241,0.04269,False,Aegis,Elysium,4.27,very_low,0,0.5117,0
Boreas-Dawn,241,0.05079,False,Boreas,Dawn,5.08,low,0,0.6088,0
Boreas-Elysium,241,0.01254,False,Boreas,Elysium,1.25,very_low,0,0.1503,0
Boreas-Fenix,241,0.1464,False,Boreas,Fenix,14.64,medium,0,1.7547,0
Caelum-Dawn,241,0.09824,False,Caelum,Dawn,9.82,low,0,1.1775,0
Caelum-Elysium,241,0.2169,False,Caelum,Elysium,21.69,high,1,2.5997,0
Caelum-Fenix,241,0.11143,False,Caelum,Fenix,11.14,medium,0,1.3356,0
Dawn-Elysium,241,0.02732,False,Dawn,Elysium,2.73,very_low,0,0.3274,0
Dawn-Fenix,241,0.03173,False,Dawn,Fenix,3.17,very_low,0,0.3803,0
Elysium-Fenix,241,0.12116,True,Elysium,Fenix,12.12,medium,0,1.4522,1
Aegis-Boreas,242,0.05616,False,Aegis,Boreas,5.62,low,0,0.6731,0
Aegis-Dawn,242,0.09707,False,Aegis,Dawn,9.71,low,0,1.1634,0
Aegis-Elysium,242,0.06741,False,Aegis,Elysium,6.74,low,0,0.808,0
Boreas-Dawn,242,0.29132,False,Boreas,Dawn,29.13,high,1,3.4917,0
Boreas-Elysium,242,0.01596,False,Boreas,Elysium,1.6,very_low,0,0.1913,0
Boreas-Fenix,242,0.01816,False,Boreas,Fenix,1.82,very_low,0,0.2177,0
Caelum-Dawn,242,0.02028,False,Caelum,Dawn,2.03,very_low,0,0.2431,0
Caelum-Elysium,242,0.02794,False,Caelum,Elysium,2.79,very_low,0,0.3349,0
Caelum-Fenix,242,0.04259,False,Caelum,Fenix,4.26,very_low,0,0.5105,0
Dawn-Elysium,242,0.03605,True,Dawn,Elysium,3.6,very_low,0,0.4321,1
Dawn-Fenix,242,0.3024,False,Dawn,Fenix,30.24,high,1,3.6245,0
Elysium-Fenix,242,0.02466,False,Elysium,Fenix,2.47,very_low,0,0.2956,0
Aegis-Boreas,243,0.36801,True,Aegis,Boreas,36.8,very_high,1,4.4108,1
Aegis-Dawn,243,0.02393,False,Aegis,Dawn,2.39,very_low,0,0.2868,0
Aegis-Elysium,243,0.19637,False,Aegis,Elysium,19.64,medium,0,2.3536,0
Boreas-Dawn,243,0.02948,False,Boreas,Dawn,2.95,very_low,0,0.3533,0
Boreas-Elysium,243,0.00223,False,Boreas,Elysium,0.22,very_low,0,0.0267,0
Boreas-Fenix,243,0.0277,False,Boreas,Fenix,2.77,very_low,0,0.332,0
Caelum-Dawn,243,0.13802,True,Caelum,Dawn,13.8,medium,0,1.6543,1
Caelum-Elysium,243,0.0834330688935281,False,Caelum,Elysium,8.34,low,0,1.0,0
Caelum-Fenix,243,0.0834330688935281,False,Caelum,Fenix,8.34,low,0,1.0,0
Dawn-Elysium,243,0.02484,False,Dawn,Elysium,2.48,very_low,0,0.2977,0
Dawn-Fenix,243,0.07126,False,Dawn,Fenix,7.13,low,0,0.8541,0
Elysium-Fenix,243,0.04473,False,Elysium,Fenix,4.47,very_low,0,0.5361,0
Aegis-Boreas,244,0.10632,False,Aegis,Boreas,10.63,medium,0,1.2743,0
Aegis-Dawn,244,0.06904,False,Aegis,Dawn,6.9,low,0,0.8275,0
Aegis-Elysium,244,0.01816,False,Aegis,Elysium,1.82,very_low,0,0.2177,0
Boreas-Dawn,244,0.0834330688935281,False,Boreas,Dawn,8.34,low,0,1.0,0
Boreas-Elysium,244,0.09021,False,Boreas,Elysium,9.02,low,0,1.0812,0
Boreas-Fenix,244,0.0341,False,Boreas,Fenix,3.41,very_low,0,0.4087,0
Caelum-Dawn,244,0.05878,False,Caelum,Dawn,5.88,low,0,0.7045,0
Caelum-Elysium,244,0.16441,False,Caelum,Elysium,16.44,medium,0,1.9706,0
Caelum-Fenix,244,0.09086,False,Caelum,Fenix,9.09,low,0,1.089,0
Dawn-Elysium,244,0.05628,False,Dawn,Elysium,5.63,low,0,0.6746,0
Dawn-Fenix,244,0.03687,False,Dawn,Fenix,3.69,very_low,0,0.4419,0
Elysium-Fenix,244,0.23277,True,Elysium,Fenix,23.28,high,1,2.7899,1
Aegis-Boreas,245,0.15444,False,Aegis,Boreas,15.44,medium,0,1.8511,0
Aegis-Dawn,245,0.01358,False,Aegis,Dawn,1.36,very_low,0,0.1628,0
Aegis-Elysium,245,0.0113,False,Aegis,Elysium,1.13,very_low,0,0.1354,0
Boreas-Dawn,245,0.14042,False,Boreas,Dawn,14.04,medium,0,1.683,0
Boreas-Elysium,245,0.08939,False,Boreas,Elysium,8.94,low,0,1.0714,0
Boreas-Fenix,245,0.02853,False,Boreas,Fenix,2.85,very_low,0,0.342,0
Caelum-Dawn,245,0.06031,False,Caelum,Dawn,6.03,low,0,0.7229,0
Caelum-Elysium,245,0.00218,False,Caelum,Elysium,0.22,very_low,0,0.0261,0
Caelum-Fenix,245,0.36252,True,Caelum,Fenix,36.25,very_high,1,4.345,1
Dawn-Elysium,245,0.02078,False,Dawn,Elysium,2.08,very_low,0,0.2491,0
Dawn-Fenix,245,0.0834330688935281,False,Dawn,Fenix,8.34,low,0,1.0,0
Elysium-Fenix,245,0.08137,False,Elysium,Fenix,8.14,low,0,0.9753,0
Aegis-Boreas,246,0.05849,False,Aegis,Boreas,5.85,low,0,0.701,0
Aegis-Dawn,246,0.00364,False,Aegis,Dawn,0.36,very_low,0,0.0436,0
Aegis-Elysium,246,0.44428,False,Aegis,Elysium,44.43,very_high,1,5.325,0
Boreas-Dawn,246,0.10888,False,Boreas,Dawn,10.89,medium,0,1.305,0
Boreas-Elysium,246,0.00054,False,Boreas,Elysium,0.05,very_low,0,0.0065,0
Boreas-Fenix,246,0.08094,False,Boreas,Fenix,8.09,low,0,0.9701,0
Caelum-Dawn,246,0.06401,False,Caelum,Dawn,6.4,low,0,0.7672,0
Caelum-Elysium,246,0.04943,False,Caelum,Elysium,4.94,very_low,0,0.5925,0
Caelum-Fenix,246,0.04406,False,Caelum,Fenix,4.41,very_low,0,0.5281,0
Dawn-Elysium,246,0.03937,True,Dawn,Elysium,3.94,very_low,0,0.4719,1
Dawn-Fenix,246,0.00662,False,Dawn,Fenix,0.66,very_low,0,0.0793,0
Elysium-Fenix,246,0.09974,False,Elysium,Fenix,9.97,low,0,1.1954,0
Aegis-Boreas,247,0.09305,False,Aegis,Boreas,9.3,low,0,1.1153,0
Aegis-Dawn,247,0.20264,False,Aegis,Dawn,20.26,high,1,2.4288,0
Aegis-Elysium,247,0.03817,False,Aegis,Elysium,3.82,very_low,0,0.4575,0
Boreas-Dawn,247,0.002,False,Boreas,Dawn,0.2,very_low,0,0.024,0
Boreas-Elysium,247,0.15694,True,Boreas,Elysium,15.69,medium,0,1.881,1
Boreas-Fenix,247,0.06841,False,Boreas,Fenix,6.84,low,0,0.8199,0
Caelum-Dawn,247,0.00017,False,Caelum,Dawn,0.02,very_low,0,0.002,0
Caelum-Elysium,247,0.12857,False,Caelum,Elysium,12.86,medium,0,1.541,0
Caelum-Fenix,247,0.13066,False,Caelum,Fenix,13.07,medium,0,1.566,0
Dawn-Elysium,247,0.10778,False,Dawn,Elysium,10.78,medium,0,1.2918,0
Dawn-Fenix,247,0.06579,False,Dawn,Fenix,6.58,low,0,0.7885,0
Elysium-Fenix,247,0.00582,False,Elysium,Fenix,0.58,very_low,0,0.0698,0
Aegis-Boreas,248,0.21698,False,Aegis,Boreas,21.7,high,1,2.6006,0
Aegis-Dawn,248,0.01611,False,Aegis,Dawn,1.61,very_low,0,0.1931,0
Aegis-Elysium,248,0.19267,False,Aegis,Elysium,19.27,medium,0,2.3093,0
Boreas-Dawn,248,0.021,False,Boreas,Dawn,2.1,very_low,0,0.2517,0
Boreas-Elysium,248,0.10425,False,Boreas,Elysium,10.42,medium,0,1.2495,0
Boreas-Fenix,248,0.08436,False,Boreas,Fenix,8.44,low,0,1.0111,0
Caelum-Dawn,248,0.05584,False,Caelum,Dawn,5.58,low,0,0.6693,0
Caelum-Elysium,248,0.02053,False,Caelum,Elysium,2.05,very_low,0,0.2461,0
Caelum-Fenix,248,0.05374,False,Caelum,Fenix,5.37,low,0,0.6441,0
Dawn-Elysium,248,0.13215,False,Dawn,Elysium,13.22,medium,0,1.5839,0
Dawn-Fenix,248,0.09085,False,Dawn,Fenix,9.09,low,0,1.0889,0
Elysium-Fenix,248,0.01151,False,Elysium,Fenix,1.15,very_low,0,0.138,0
Aegis-Boreas,249,0.00802,False,Aegis,Boreas,0.8,very_low,0,0.0961,0
Aegis-Dawn,249,0.00479,False,Aegis,Dawn,0.48,very_low,0,0.0574,0
Aegis-Elysium,249,0.02818,False,Aegis,Elysium,2.82,very_low,0,0.3378,0
Boreas-Dawn,249,0.06492,True,Boreas,Dawn,6.49,low,0,0.7781,1
Boreas-Elysium,249,0.10208,True,Boreas,Elysium,10.21,medium,0,1.2235,1
Boreas-Fenix,249,0.18534,False,Boreas,Fenix,18.53,medium,0,2.2214,0
Caelum-Dawn,249,0.08297,False,Caelum,Dawn,8.3,low,0,0.9944,0
Caelum-Elysium,249,0.00178,False,Caelum,Elysium,0.18,very_low,0,0.0213,0
Caelum-Fenix,249,0.09789,False,Caelum,Fenix,9.79,low,0,1.1733,0
Dawn-Elysium,249,0.01392,False,Dawn,Elysium,1.39,very_low,0,0.1668,0
Dawn-Fenix,249,0.35561,True,Dawn,Fenix,35.56,very_high,1,4.2622,1
Elysium-Fenix,249,0.0545,False,Elysium,Fenix,5.45,low,0,0.6532,0
Aegis-Boreas,250,0.14631,False,Aegis,Boreas,14.63,medium,0,1.7536,0
Aegis-Dawn,250,0.19699,False,Aegis,Dawn,19.7,medium,0,2.3611,0
Aegis-Elysium,250,0.06618,False,Aegis,Elysium,6.62,low,0,0.7932,0
Boreas-Dawn,250,0.10575,False,Boreas,Dawn,10.58,medium,0,1.2675,0
Boreas-Elysium,250,0.08407,False,Boreas,Elysium,8.41,low,0,1.0076,0
Boreas-Fenix,250,0.10193,False,Boreas,Fenix,10.19,medium,0,1.2217,0
Caelum-Dawn,250,0.13654,False,Caelum,Dawn,13.65,medium,0,1.6365,0
Caelum-Elysium,250,0.03593,False,Caelum,Elysium,3.59,very_low,0,0.4306,0
Caelum-Fenix,250,0.00846,False,Caelum,Fenix,0.85,very_low,0,0.1014,0
Dawn-Elysium,250,0.0834330688935281,False,Dawn,Elysium,8.34,low,0,1.0,0
Dawn-Fenix,250,0.01832,False,Dawn,Fenix,1.83,very_low,0,0.2196,0
Elysium-Fenix,250,0.07664,False,Elysium,Fenix,7.66,low,0,0.9186,0
Aegis-Boreas,251,0.00276,False,Aegis,Boreas,0.28,very_low,0,0.0331,0
Aegis-Dawn,251,0.06276,False,Aegis,Dawn,6.28,low,0,0.7522,0
Aegis-Elysium,251,0.01611,False,Aegis,Elysium,1.61,very_low,0,0.1931,0
Boreas-Dawn,251,0.07191,False,Boreas,Dawn,7.19,low,0,0.8619,0
Boreas-Elysium,251,0.12302,False,Boreas,Elysium,12.3,medium,0,1.4745,0
Boreas-Fenix,251,0.06844,False,Boreas,Fenix,6.84,low,0,0.8203,0
Caelum-Dawn,251,0.00011,False,Caelum,Dawn,0.01,very_low,0,0.0013,0
Caelum-Elysium,251,0.1746,False,Caelum,Elysium,17.46,medium,0,2.0927,0
Caelum-Fenix,251,0.13927,False,Caelum,Fenix,13.93,medium,0,1.6692,0
Dawn-Elysium,251,0.05686,False,Dawn,Elysium,5.69,low,0,0.6815,0
Dawn-Fenix,251,0.0834330688935281,False,Dawn,Fenix,8.34,low,0,1.0,0
Elysium-Fenix,251,0.02097,False,Elysium,Fenix,2.1,very_low,0,0.2513,0
Aegis-Boreas,252,0.23352,False,Aegis,Boreas,23.35,high,1,2.7989,0
Aegis-Dawn,252,0.00605,False,Aegis,Dawn,0.6,very_low,0,0.0725,0
Aegis-Elysium,252,0.14427,False,Aegis,Elysium,14.43,medium,0,1.7292,0
Boreas-Dawn,252,0.04485,False,Boreas,Dawn,4.49,very_low,0,0.5376,0
Boreas-Elysium,252,0.09319,False,Boreas,Elysium,9.32,low,0,1.1169,0
Boreas-Fenix,252,0.11268,False,Boreas,Fenix,11.27,medium,0,1.3505,0
Caelum-Dawn,252,0.0363,False,Caelum,Dawn,3.63,very_low,0,0.4351,0
Caelum-Elysium,252,0.06277,False,Caelum,Elysium,6.28,low,0,0.7523,0
Caelum-Fenix,252,0.03246,False,Caelum,Fenix,3.25,very_low,0,0.3891,0
Dawn-Elysium,252,0.08014,False,Dawn,Elysium,8.01,low,0,0.9605,0
Dawn-Fenix,252,0.07564,False,Dawn,Fenix,7.56,low,0,0.9066,0
Elysium-Fenix,252,0.07811,False,Elysium,Fenix,7.81,low,0,0.9362,0
Aegis-Boreas,253,0.05207,False,Aegis,Boreas,5.21,low,0,0.6241,0
Aegis-Dawn,253,0.04506,False,Aegis,Dawn,4.51,very_low,0,0.5401,0
Aegis-Elysium,253,0.0534,False,Aegis,Elysium,5.34,low,0,0.64,0
Boreas-Dawn,253,0.01491,False,Boreas,Dawn,1.49,very_low,0,0.1787,0
Boreas-Elysium,253,0.2957,False,Boreas,Elysium,29.57,high,1,3.5442,0
Boreas-Fenix,253,0.05441,False,Boreas,Fenix,5.44,low,0,0.6521,0
Caelum-Dawn,253,0.01272,False,Caelum,Dawn,1.27,very_low,0,0.1525,0
Caelum-Elysium,253,0.0811,False,Caelum,Elysium,8.11,low,0,0.972,0
Caelum-Fenix,253,0.12595,False,Caelum,Fenix,12.6,medium,0,1.5096,0
Dawn-Elysium,253,0.02746,False,Dawn,Elysium,2.75,very_low,0,0.3291,0
Dawn-Fenix,253,0.0834330688935281,False,Dawn,Fenix,8.34,low,0,1.0,0
Elysium-Fenix,253,0.17448,False,Elysium,Fenix,17.45,medium,0,2.0913,0
Aegis-Boreas,254,0.0834330688935281,False,Aegis,Boreas,8.34,low,0,1.0,0
Aegis-Dawn,254,0.15228,False,Aegis,Dawn,15.23,medium,0,1.8252,0
Aegis-Elysium,254,0.10018,False,Aegis,Elysium,10.02,medium,0,1.2007,0
Boreas-Dawn,254,0.11399,True,Boreas,Dawn,11.4,medium,0,1.3662,1
Boreas-Elysium,254,0.01828,False,Boreas,Elysium,1.83,very_low,0,0.2191,0
Boreas-Fenix,254,0.35293,False,Boreas,Fenix,35.29,very_high,1,4.2301,0
Caelum-Dawn,254,2e-05,False,Caelum,Dawn,0.0,very_low,0,0.0002,0
Caelum-Elysium,254,0.01637,False,Caelum,Elysium,1.64,very_low,0,0.1962,0
Caelum-Fenix,254,0.11885,False,Caelum,Fenix,11.88,medium,0,1.4245,0
Dawn-Elysium,254,0.04871,False,Dawn,Elysium,4.87,very_low,0,0.5838,0
Dawn-Fenix,254,0.03879,False,Dawn,Fenix,3.88,very_low,0,0.4649,0
Elysium-Fenix,254,0.01295,False,Elysium,Fenix,1.3,very_low,0,0.1552,0
Aegis-Boreas,255,0.0369,False,Aegis,Boreas,3.69,very_low,0,0.4423,0
Aegis-Dawn,255,0.01196,False,Aegis,Dawn,1.2,very_low,0,0.1433,0
Aegis-Elysium,255,0.14294,False,Aegis,Elysium,14.29,medium,0,1.7132,0
Boreas-Dawn,255,0.2184,False,Boreas,Dawn,21.84,high,1,2.6177,0
Boreas-Elysium,255,0.08671,False,Boreas,Elysium,8.67,low,0,1.0393,0
Boreas-Fenix,255,0.09352,False,Boreas,Fenix,9.35,low,0,1.1209,0
Caelum-Dawn,255,0.05074,False,Caelum,Dawn,5.07,low,0,0.6082,0
Caelum-Elysium,255,0.0573,False,Caelum,Elysium,5.73,low,0,0.6868,0
Caelum-Fenix,255,0.15603,False,Caelum,Fenix,15.6,medium,0,1.8701,0
Dawn-Elysium,255,0.00785,False,Dawn,Elysium,0.78,very_low,0,0.0941,0
Dawn-Fenix,255,0.0418,False,Dawn,Fenix,4.18,very_low,0,0.501,0
Elysium-Fenix,255,0.09585,False,Elysium,Fenix,9.59,low,0,1.1488,0
Aegis-Boreas,256,0.02334,False,Aegis,Boreas,2.33,very_low,0,0.2797,0
Aegis-Dawn,256,0.04773,False,Aegis,Dawn,4.77,very_low,0,0.5721,0
Aegis-Elysium,256,0.15789,True,Aegis,Elysium,15.79,medium,0,1.8924,1
Boreas-Dawn,256,0.03978,False,Boreas,Dawn,3.98,very_low,0,0.4768,0
Boreas-Elysium,256,0.0518,False,Boreas,Elysium,5.18,low,0,0.6209,0
Boreas-Fenix,256,0.15634,False,Boreas,Fenix,15.63,medium,0,1.8738,0
Caelum-Dawn,256,0.0812,False,Caelum,Dawn,8.12,low,0,0.9732,0
Caelum-Elysium,256,0.03172,False,Caelum,Elysium,3.17,very_low,0,0.3802,0
Caelum-Fenix,256,0.06612,False,Caelum,Fenix,6.61,low,0,0.7925,0
Dawn-Elysium,256,0.09874,False,Dawn,Elysium,9.87,low,0,1.1835,0
Dawn-Fenix,256,0.14775,False,Dawn,Fenix,14.77,medium,0,1.7709,0
Elysium-Fenix,256,0.09759,False,Elysium,Fenix,9.76,low,0,1.1697,0
Aegis-Boreas,257,0.0446,False,Aegis,Boreas,4.46,very_low,0,0.5346,0
Aegis-Dawn,257,0.0197,False,Aegis,Dawn,1.97,very_low,0,0.2361,0
Aegis-Elysium,257,0.01068,False,Aegis,Elysium,1.07,very_low,0,0.128,0
Boreas-Dawn,257,0.08907,False,Boreas,Dawn,8.91,low,0,1.0676,0
Boreas-Elysium,257,0.01717,False,Boreas,Elysium,1.72,very_low,0,0.2058,0
Boreas-Fenix,257,0.09474,False,Boreas,Fenix,9.47,low,0,1.1355,0
Caelum-Dawn,257,0.0213,False,Caelum,Dawn,2.13,very_low,0,0.2553,0
Caelum-Elysium,257,0.17231,False,Caelum,Elysium,17.23,medium,0,2.0652,0
Caelum-Fenix,257,0.0834330688935281,False,Caelum,Fenix,8.34,low,0,1.0,0
Dawn-Elysium,257,0.00603,False,Dawn,Elysium,0.6,very_low,0,0.0723,0
Dawn-Fenix,257,0.15433,False,Dawn,Fenix,15.43,medium,0,1.8497,0
Elysium-Fenix,257,0.26649,False,Elysium,Fenix,26.65,high,1,3.1941,0
Aegis-Boreas,258,0.11372,False,Aegis,Boreas,11.37,medium,0,1.363,0
Aegis-Dawn,258,0.05916,False,Aegis,Dawn,5.92,low,0,0.7091,0
Aegis-Elysium,258,0.02871,True,Aegis,Elysium,2.87,very_low,0,0.3441,1
Boreas-Dawn,258,0.03209,False,Boreas,Dawn,3.21,very_low,0,0.3846,0
Boreas-Elysium,258,0.05363,False,Boreas,Elysium,5.36,low,0,0.6428,0
Boreas-Fenix,258,0.16892,False,Boreas,Fenix,16.89,medium,0,2.0246,0
Caelum-Dawn,258,0.04116,False,Caelum,Dawn,4.12,very_low,0,0.4933,0
Caelum-Elysium,258,0.05907,False,Caelum,Elysium,5.91,low,0,0.708,0
Caelum-Fenix,258,0.11039,False,Caelum,Fenix,11.04,medium,0,1.3231,0
Dawn-Elysium,258,0.0558,False,Dawn,Elysium,5.58,low,0,0.6688,0
Dawn-Fenix,258,0.27332,True,Dawn,Fenix,27.33,high,1,3.2759,1
Elysium-Fenix,258,0.00403,False,Elysium,Fenix,0.4,very_low,0,0.0483,0
Aegis-Boreas,259,0.00753,True,Aegis,Boreas,0.75,very_low,0,0.0903,1
Aegis-Dawn,259,0.11137,False,Aegis,Dawn,11.14,medium,0,1.3348,0
Aegis-Elysium,259,0.21176,True,Aegis,Elysium,21.18,high,1,2.5381,1
Boreas-Dawn,259,0.12662,False,Boreas,Dawn,12.66,medium,0,1.5176,0
Boreas-Elysium,259,0.05366,False,Boreas,Elysium,5.37,low,0,0.6432,0
Boreas-Fenix,259,0.17058,False,Boreas,Fenix,17.06,medium,0,2.0445,0
Caelum-Dawn,259,0.0834330688935281,False,Caelum,Dawn,8.34,low,0,1.0,0
Caelum-Elysium,259,0.04862,False,Caelum,Elysium,4.86,very_low,0,0.5827,0
Caelum-Fenix,259,0.04499,False,Caelum,Fenix,4.5,very_low,0,0.5392,0
Dawn-Elysium,259,0.04639,False,Dawn,Elysium,4.64,very_low,0,0.556,0
Dawn-Fenix,259,0.01773,False,Dawn,Fenix,1.77,very_low,0,0.2125,0
Elysium-Fenix,259,0.02992,False,Elysium,Fenix,2.99,very_low,0,0.3586,0
Aegis-Boreas,260,0.03888,False,Aegis,Boreas,3.89,very_low,0,0.466,0
Aegis-Dawn,260,0.18198,False,Aegis,Dawn,18.2,medium,0,2.1811,0
Aegis-Elysium,260,0.08204,True,Aegis,Elysium,8.2,low,0,0.9833,1
Boreas-Dawn,260,0.08611,False,Boreas,Dawn,8.61,low,0,1.0321,0
Boreas-Elysium,260,0.05235,False,Boreas,Elysium,5.24,low,0,0.6274,0
Boreas-Fenix,260,0.07907,False,Boreas,Fenix,7.91,low,0,0.9477,0
Caelum-Dawn,260,0.0834330688935281,False,Caelum,Dawn,8.34,low,0,1.0,0
Caelum-Elysium,260,0.16448,False,Caelum,Elysium,16.45,medium,0,1.9714,0
Caelum-Fenix,260,0.08147,False,Caelum,Fenix,8.15,low,0,0.9765,0
Dawn-Elysium,260,0.00956,False,Dawn,Elysium,0.96,very_low,0,0.1146,0
Dawn-Fenix,260,0.15067,False,Dawn,Fenix,15.07,medium,0,1.8059,0
Elysium-Fenix,260,0.06567,False,Elysium,Fenix,6.57,low,0,0.7871,0
Aegis-Boreas,261,0.12598,False,Aegis,Boreas,12.6,medium,0,1.51,0
Aegis-Dawn,261,0.01557,False,Aegis,Dawn,1.56,very_low,0,0.1866,0
Aegis-Elysium,261,0.04282,False,Aegis,Elysium,4.28,very_low,0,0.5132,0
Boreas-Dawn,261,0.137,False,Boreas,Dawn,13.7,medium,0,1.642,0
Boreas-Elysium,261,0.10249,True,Boreas,Elysium,10.25,medium,0,1.2284,1
Boreas-Fenix,261,0.00301,False,Boreas,Fenix,0.3,very_low,0,0.0361,0
Caelum-Dawn,261,0.05373,False,Caelum,Dawn,5.37,low,0,0.644,0
Caelum-Elysium,261,0.00799,False,Caelum,Elysium,0.8,very_low,0,0.0958,0
Caelum-Fenix,261,0.22652,False,Caelum,Fenix,22.65,high,1,2.715,0
Dawn-Elysium,261,0.04565,False,Dawn,Elysium,4.57,very_low,0,0.5471,0
Dawn-Fenix,261,0.14142,True,Dawn,Fenix,14.14,medium,0,1.695,1
Elysium-Fenix,261,0.09783,False,Elysium,Fenix,9.78,low,0,1.1726,0
Aegis-Boreas,262,0.01795,False,Aegis,Boreas,1.8,very_low,0,0.2151,0
Aegis-Dawn,262,0.16134,False,Aegis,Dawn,16.13,medium,0,1.9338,0
Aegis-Elysium,262,0.07347,False,Aegis,Elysium,7.35,low,0,0.8806,0
Boreas-Dawn,262,0.11705,False,Boreas,Dawn,11.7,medium,0,1.4029,0
Boreas-Elysium,262,0.05735,False,Boreas,Elysium,5.74,low,0,0.6874,0
Boreas-Fenix,262,0.1803,False,Boreas,Fenix,18.03,medium,0,2.161,0
Caelum-Dawn,262,0.0144,False,Caelum,Dawn,1.44,very_low,0,0.1726,0
Caelum-Elysium,262,0.10626,False,Caelum,Elysium,10.63,medium,0,1.2736,0
Caelum-Fenix,262,0.08791,True,Caelum,Fenix,8.79,low,0,1.0537,1
Dawn-Elysium,262,0.00472,False,Dawn,Elysium,0.47,very_low,0,0.0566,0
Dawn-Fenix,262,0.07553,False,Dawn,Fenix,7.55,low,0,0.9053,0
Elysium-Fenix,262,0.10373,False,Elysium,Fenix,10.37,medium,0,1.2433,0
Aegis-Boreas,263,0.00012,False,Aegis,Boreas,0.01,very_low,0,0.0014,0
Aegis-Dawn,263,0.11052,False,Aegis,Dawn,11.05,medium,0,1.3247,0
Aegis-Elysium,263,0.01723,False,Aegis,Elysium,1.72,very_low,0,0.2065,0
Boreas-Dawn,263,0.07658,False,Boreas,Dawn,7.66,low,0,0.9179,0
Boreas-Elysium,263,0.10076,False,Boreas,Elysium,10.08,medium,0,1.2077,0
Boreas-Fenix,263,0.0834330688935281,False,Boreas,Fenix,8.34,low,0,1.0,0
Caelum-Dawn,263,0.00803,False,Caelum,Dawn,0.8,very_low,0,0.0962,0
Caelum-Elysium,263,0.27581,True,Caelum,Elysium,27.58,high,1,3.3058,1
Caelum-Fenix,263,0.02763,False,Caelum,Fenix,2.76,very_low,0,0.3312,0
Dawn-Elysium,263,0.05692,False,Dawn,Elysium,5.69,low,0,0.6822,0
Dawn-Fenix,263,0.09447,False,Dawn,Fenix,9.45,low,0,1.1323,0
Elysium-Fenix,263,0.02692,False,Elysium,Fenix,2.69,very_low,0,0.3227,0
Aegis-Boreas,264,0.0427,False,Aegis,Boreas,4.27,very_low,0,0.5118,0
Aegis-Dawn,264,0.047,False,Aegis,Dawn,4.7,very_low,0,0.5633,0
Aegis-Elysium,264,0.00111,False,Aegis,Elysium,0.11,very_low,0,0.0133,0
Boreas-Dawn,264,0.0834330688935281,False,Boreas,Dawn,8.34,low,0,1.0,0
Boreas-Elysium,264,0.14954,False,Boreas,Elysium,14.95,medium,0,1.7923,0
Boreas-Fenix,264,0.01348,False,Boreas,Fenix,1.35,very_low,0,0.1616,0
Caelum-Dawn,264,0.21705,False,Caelum,Dawn,21.7,high,1,2.6015,0
Caelum-Elysium,264,0.12802,True,Caelum,Elysium,12.8,medium,0,1.5344,1
Caelum-Fenix,264,0.00556,False,Caelum,Fenix,0.56,very_low,0,0.0666,0
Dawn-Elysium,264,0.07349,False,Dawn,Elysium,7.35,low,0,0.8808,0
Dawn-Fenix,264,0.17145,False,Dawn,Fenix,17.14,medium,0,2.0549,0
Elysium-Fenix,264,0.01585,False,Elysium,Fenix,1.58,very_low,0,0.19,0
Aegis-Boreas,265,0.0834330688935281,False,Aegis,Boreas,8.34,low,0,1.0,0
Aegis-Dawn,265,0.01427,False,Aegis,Dawn,1.43,very_low,0,0.171,0
Aegis-Elysium,265,0.21323,False,Aegis,Elysium,21.32,high,1,2.5557,0
Boreas-Dawn,265,0.03205,False,Boreas,Dawn,3.2,very_low,0,0.3841,0
Boreas-Elysium,265,0.02407,False,Boreas,Elysium,2.41,very_low,0,0.2885,0
Boreas-Fenix,265,0.01855,False,Boreas,Fenix,1.86,very_low,0,0.2223,0
Caelum-Dawn,265,0.30498,False,Caelum,Dawn,30.5,high,1,3.6554,0
Caelum-Elysium,265,0.01269,False,Caelum,Elysium,1.27,very_low,0,0.1521,0
Caelum-Fenix,265,0.01268,False,Caelum,Fenix,1.27,very_low,0,0.152,0
Dawn-Elysium,265,0.08071,False,Dawn,Elysium,8.07,low,0,0.9674,0
Dawn-Fenix,265,0.08433,False,Dawn,Fenix,8.43,low,0,1.0108,0
Elysium-Fenix,265,0.18681,False,Elysium,Fenix,18.68,medium,0,2.239,0
Aegis-Boreas,266,0.1243,True,Aegis,Boreas,12.43,medium,0,1.4898,1
Aegis-Dawn,266,0.10574,False,Aegis,Dawn,10.57,medium,0,1.2674,0
Aegis-Elysium,266,0.05448,False,Aegis,Elysium,5.45,low,0,0.653,0
Boreas-Dawn,266,0.0144,False,Boreas,Dawn,1.44,very_low,0,0.1726,0
Boreas-Elysium,266,0.14568,False,Boreas,Elysium,14.57,medium,0,1.7461,0
Boreas-Fenix,266,0.07908,False,Boreas,Fenix,7.91,low,0,0.9478,0
Caelum-Dawn,266,0.14796,False,Caelum,Dawn,14.8,medium,0,1.7734,0
Caelum-Elysium,266,0.03478,False,Caelum,Elysium,3.48,very_low,0,0.4169,0
Caelum-Fenix,266,0.02401,False,Caelum,Fenix,2.4,very_low,0,0.2878,0
Dawn-Elysium,266,0.11818,False,Dawn,Elysium,11.82,medium,0,1.4165,0
Dawn-Fenix,266,0.0834330688935281,False,Dawn,Fenix,8.34,low,0,1.0,0
Elysium-Fenix,266,0.11352,False,Elysium,Fenix,11.35,medium,0,1.3606,0
Aegis-Boreas,267,0.06238,False,Aegis,Boreas,6.24,low,0,0.7477,0
Aegis-Dawn,267,0.07496,False,Aegis,Dawn,7.5,low,0,0.8984,0
Aegis-Elysium,267,0.12276,False,Aegis,Elysium,12.28,medium,0,1.4714,0
Boreas-Dawn,267,0.03443,True,Boreas,Dawn,3.44,very_low,0,0.4127,1
Boreas-Elysium,267,0.09748,False,Boreas,Elysium,9.75,low,0,1.1684,0
Boreas-Fenix,267,0.09791,False,Boreas,Fenix,9.79,low,0,1.1735,0
Caelum-Dawn,267,0.03265,False,Caelum,Dawn,3.26,very_low,0,0.3913,0
Caelum-Elysium,267,0.07501,False,Caelum,Elysium,7.5,low,0,0.899,0
Caelum-Fenix,267,0.07518,False,Caelum,Fenix,7.52,low,0,0.9011,0
Dawn-Elysium,267,0.01452,False,Dawn,Elysium,1.45,very_low,0,0.174,0
Dawn-Fenix,267,0.01658,False,Dawn,Fenix,1.66,very_low,0,0.1987,0
Elysium-Fenix,267,0.29615,False,Elysium,Fenix,29.62,high,1,3.5496,0
Aegis-Boreas,268,0.07012,False,Aegis,Boreas,7.01,low,0,0.8404,0
Aegis-Dawn,268,0.09892,False,Aegis,Dawn,9.89,low,0,1.1856,0
Aegis-Elysium,268,0.35601,False,Aegis,Elysium,35.6,very_high,1,4.267,0
Boreas-Dawn,268,0.00708,False,Boreas,Dawn,0.71,very_low,0,0.0849,0
Boreas-Elysium,268,0.10051,False,Boreas,Elysium,10.05,medium,0,1.2047,0
Boreas-Fenix,268,0.1573,False,Boreas,Fenix,15.73,medium,0,1.8853,0
Caelum-Dawn,268,0.03227,False,Caelum,Dawn,3.23,very_low,0,0.3868,0
Caelum-Elysium,268,0.07965,False,Caelum,Elysium,7.96,low,0,0.9547,0
Caelum-Fenix,268,0.03218,False,Caelum,Fenix,3.22,very_low,0,0.3857,0
Dawn-Elysium,268,0.00334,False,Dawn,Elysium,0.33,very_low,0,0.04,0
Dawn-Fenix,268,0.0124,False,Dawn,Fenix,1.24,very_low,0,0.1486,0
Elysium-Fenix,268,0.05021,False,Elysium,Fenix,5.02,low,0,0.6018,0
Aegis-Boreas,269,0.00156,False,Aegis,Boreas,0.16,very_low,0,0.0187,0
Aegis-Dawn,269,0.04886,False,Aegis,Dawn,4.89,very_low,0,0.5856,0
Aegis-Elysium,269,0.28938,False,Aegis,Elysium,28.94,high,1,3.4684,0
Boreas-Dawn,269,0.04431,False,Boreas,Dawn,4.43,very_low,0,0.5311,0
Boreas-Elysium,269,0.00893,False,Boreas,Elysium,0.89,very_low,0,0.107,0
Boreas-Fenix,269,0.10628,False,Boreas,Fenix,10.63,medium,0,1.2738,0
Caelum-Dawn,269,0.00522,False,Caelum,Dawn,0.52,very_low,0,0.0626,0
Caelum-Elysium,269,0.01645,False,Caelum,Elysium,1.64,very_low,0,0.1972,0
Caelum-Fenix,269,0.11752,False,Caelum,Fenix,11.75,medium,0,1.4086,0
Dawn-Elysium,269,0.09374,True,Dawn,Elysium,9.37,low,0,1.1235,1
Dawn-Fenix,269,0.25358,True,Dawn,Fenix,25.36,high,1,3.0393,1
Elysium-Fenix,269,0.01417,False,Elysium,Fenix,1.42,very_low,0,0.1698,0
Aegis-Boreas,270,0.02344,False,Aegis,Boreas,2.34,very_low,0,0.2809,0
Aegis-Dawn,270,0.03928,False,Aegis,Dawn,3.93,very_low,0,0.4708,0
Aegis-Elysium,270,0.04756,True,Aegis,Elysium,4.76,very_low,0,0.57,1
Boreas-Dawn,270,0.18378,False,Boreas,Dawn,18.38,medium,0,2.2027,0
Boreas-Elysium,270,0.07783,False,Boreas,Elysium,7.78,low,0,0.9328,0
Boreas-Fenix,270,0.00132,False,Boreas,Fenix,0.13,very_low,0,0.0158,0
Caelum-Dawn,270,0.05875,False,Caelum,Dawn,5.88,low,0,0.7042,0
Caelum-Elysium,270,0.22074,False,Caelum,Elysium,22.07,high,1,2.6457,0
Caelum-Fenix,270,0.0776,False,Caelum,Fenix,7.76,low,0,0.9301,0
Dawn-Elysium,270,0.22175,False,Dawn,Elysium,22.18,high,1,2.6578,0
Dawn-Fenix,270,0.00817,False,Dawn,Fenix,0.82,very_low,0,0.0979,0
Elysium-Fenix,270,0.03978,False,Elysium,Fenix,3.98,very_low,0,0.4768,0
Aegis-Boreas,271,0.15732,False,Aegis,Boreas,15.73,medium,0,1.8856,0
Aegis-Dawn,271,0.02605,False,Aegis,Dawn,2.6,very_low,0,0.3122,0
Aegis-Elysium,271,0.017,False,Aegis,Elysium,1.7,very_low,0,0.2038,0
Boreas-Dawn,271,0.0201,False,Boreas,Dawn,2.01,very_low,0,0.2409,0
Boreas-Elysium,271,0.09375,False,Boreas,Elysium,9.38,low,0,1.1237,0
Boreas-Fenix,271,0.10676,True,Boreas,Fenix,10.68,medium,0,1.2796,1
Caelum-Dawn,271,0.07817,False,Caelum,Dawn,7.82,low,0,0.9369,0
Caelum-Elysium,271,0.01435,False,Caelum,Elysium,1.44,very_low,0,0.172,0
Caelum-Fenix,271,0.06865,False,Caelum,Fenix,6.86,low,0,0.8228,0
Dawn-Elysium,271,0.04536,False,Dawn,Elysium,4.54,very_low,0,0.5437,0
Dawn-Fenix,271,0.22032,True,Dawn,Fenix,22.03,high,1,2.6407,1
Elysium-Fenix,271,0.15217,False,Elysium,Fenix,15.22,medium,0,1.8239,0
Aegis-Boreas,272,0.11869,False,Aegis,Boreas,11.87,medium,0,1.4226,0
Aegis-Dawn,272,0.0834330688935281,False,Aegis,Dawn,8.34,low,0,1.0,0
Aegis-Elysium,272,0.17985,True,Aegis,Elysium,17.98,medium,0,2.1556,1
Boreas-Dawn,272,0.04288,False,Boreas,Dawn,4.29,very_low,0,0.5139,0
Boreas-Elysium,272,0.17026,False,Boreas,Elysium,17.03,medium,0,2.0407,0
Boreas-Fenix,272,0.02149,False,Boreas,Fenix,2.15,very_low,0,0.2576,0
Caelum-Dawn,272,0.19047,False,Caelum,Dawn,19.05,medium,0,2.2829,0
Caelum-Elysium,272,0.05364,False,Caelum,Elysium,5.36,low,0,0.6429,0
Caelum-Fenix,272,0.04482,False,Caelum,Fenix,4.48,very_low,0,0.5372,0
Dawn-Elysium,272,0.02559,False,Dawn,Elysium,2.56,very_low,0,0.3067,0
Dawn-Fenix,272,0.12519,False,Dawn,Fenix,12.52,medium,0,1.5005,0
Elysium-Fenix,272,0.02469,False,Elysium,Fenix,2.47,very_low,0,0.2959,0
Aegis-Boreas,273,0.2336,True,Aegis,Boreas,23.36,high,1,2.7998,1
Aegis-Dawn,273,0.0797,False,Aegis,Dawn,7.97,low,0,0.9553,0
Aegis-Elysium,273,0.02823,False,Aegis,Elysium,2.82,very_low,0,0.3384,0
Boreas-Dawn,273,0.02637,False,Boreas,Dawn,2.64,very_low,0,0.3161,0
Boreas-Elysium,273,0.06169,False,Boreas,Elysium,6.17,low,0,0.7394,0
Boreas-Fenix,273,0.14762,False,Boreas,Fenix,14.76,medium,0,1.7693,0
Caelum-Dawn,273,0.17698,False,Caelum,Dawn,17.7,medium,0,2.1212,0
Caelum-Elysium,273,0.11403,True,Caelum,Elysium,11.4,medium,0,1.3667,1
Caelum-Fenix,273,0.05293,True,Caelum,Fenix,5.29,low,0,0.6344,1
Dawn-Elysium,273,0.02385,True,Dawn,Elysium,2.38,very_low,0,0.2859,1
Dawn-Fenix,273,0.01755,False,Dawn,Fenix,1.76,very_low,0,0.2103,0
Elysium-Fenix,273,0.03744,False,Elysium,Fenix,3.74,very_low,0,0.4487,0
Aegis-Boreas,274,0.02792,False,Aegis,Boreas,2.79,very_low,0,0.3346,0
Aegis-Dawn,274,0.13532,False,Aegis,Dawn,13.53,medium,0,1.6219,0
Aegis-Elysium,274,0.0934,False,Aegis,Elysium,9.34,low,0,1.1195,0
Boreas-Dawn,274,0.0515,False,Boreas,Dawn,5.15,low,0,0.6173,0
Boreas-Elysium,274,0.08727,False,Boreas,Elysium,8.73,low,0,1.046,0
Boreas-Fenix,274,0.03557,False,Boreas,Fenix,3.56,very_low,0,0.4263,0
Caelum-Dawn,274,0.0414,False,Caelum,Dawn,4.14,very_low,0,0.4962,0
Caelum-Elysium,274,0.07009,False,Caelum,Elysium,7.01,low,0,0.8401,0
Caelum-Fenix,274,0.12973,False,Caelum,Fenix,12.97,medium,0,1.5549,0
Dawn-Elysium,274,0.07712,False,Dawn,Elysium,7.71,low,0,0.9243,0
Dawn-Fenix,274,0.10847,False,Dawn,Fenix,10.85,medium,0,1.3001,0
Elysium-Fenix,274,0.14221,False,Elysium,Fenix,14.22,medium,0,1.7045,0
Aegis-Boreas,275,0.02276,False,Aegis,Boreas,2.28,very_low,0,0.2728,0
Aegis-Dawn,275,0.06605,True,Aegis,Dawn,6.6,low,0,0.7917,1
Aegis-Elysium,275,0.01884,False,Aegis,Elysium,1.88,very_low,0,0.2258,0
Boreas-Dawn,275,0.17987,False,Boreas,Dawn,17.99,medium,0,2.1559,0
Boreas-Elysium,275,0.07642,False,Boreas,Elysium,7.64,low,0,0.9159,0
Boreas-Fenix,275,0.00125,False,Boreas,Fenix,0.12,very_low,0,0.015,0
Caelum-Dawn,275,0.11113,False,Caelum,Dawn,11.11,medium,0,1.332,0
Caelum-Elysium,275,0.09914,False,Caelum,Elysium,9.91,low,0,1.1883,0
Caelum-Fenix,275,0.01457,False,Caelum,Fenix,1.46,very_low,0,0.1746,0
Dawn-Elysium,275,0.08632,False,Dawn,Elysium,8.63,low,0,1.0346,0
Dawn-Fenix,275,0.01532,False,Dawn,Fenix,1.53,very_low,0,0.1836,0
Elysium-Fenix,275,0.30835,False,Elysium,Fenix,30.84,high,1,3.6958,0
Aegis-Boreas,276,0.09821,False,Aegis,Boreas,9.82,low,0,1.1771,0
Aegis-Dawn,276,0.0316,False,Aegis,Dawn,3.16,very_low,0,0.3787,0
Aegis-Elysium,276,0.04133,False,Aegis,Elysium,4.13,very_low,0,0.4954,0
Boreas-Dawn,276,0.01687,True,Boreas,Dawn,1.69,very_low,0,0.2022,1
Boreas-Elysium,276,0.34384,False,Boreas,Elysium,34.38,high,1,4.1211,0
Boreas-Fenix,276,0.05966,False,Boreas,Fenix,5.97,low,0,0.7151,0
Caelum-Dawn,276,0.08461,False,Caelum,Dawn,8.46,low,0,1.0141,0
Caelum-Elysium,276,0.14009,False,Caelum,Elysium,14.01,medium,0,1.6791,0
Caelum-Fenix,276,0.01072,False,Caelum,Fenix,1.07,very_low,0,0.1285,0
Dawn-Elysium,276,0.06796,False,Dawn,Elysium,6.8,low,0,0.8145,0
Dawn-Fenix,276,0.07651,False,Dawn,Fenix,7.65,low,0,0.917,0
Elysium-Fenix,276,0.0286,False,Elysium,Fenix,2.86,very_low,0,0.3428,0
Aegis-Boreas,277,0.13772,False,Aegis,Boreas,13.77,medium,0,1.6507,0
Aegis-Dawn,277,0.26234,True,Aegis,Dawn,26.23,high,1,3.1443,1
Aegis-Elysium,277,0.07022,False,Aegis,Elysium,7.02,low,0,0.8416,0
Boreas-Dawn,277,0.05019,False,Boreas,Dawn,5.02,low,0,0.6016,0
Boreas-Elysium,277,0.08331,False,Boreas,Elysium,8.33,low,0,0.9985,0
Boreas-Fenix,277,0.00884,False,Boreas,Fenix,0.88,very_low,0,0.106,0
Caelum-Dawn,277,0.19232,False,Caelum,Dawn,19.23,medium,0,2.3051,0
Caelum-Elysium,277,0.06816,False,Caelum,Elysium,6.82,low,0,0.8169,0
Caelum-Fenix,277,0.05762,False,Caelum,Fenix,5.76,low,0,0.6906,0
Dawn-Elysium,277,0.0487,False,Dawn,Elysium,4.87,very_low,0,0.5837,0
Dawn-Fenix,277,0.00111,False,Dawn,Fenix,0.11,very_low,0,0.0133,0
Elysium-Fenix,277,0.01947,False,Elysium,Fenix,1.95,very_low,0,0.2334,0
Aegis-Boreas,278,0.0442,False,Aegis,Boreas,4.42,very_low,0,0.5298,0
Aegis-Dawn,278,0.00225,False,Aegis,Dawn,0.22,very_low,0,0.027,0
Aegis-Elysium,278,0.00876,False,Aegis,Elysium,0.88,very_low,0,0.105,0
Boreas-Dawn,278,0.03509,False,Boreas,Dawn,3.51,very_low,0,0.4206,0
Boreas-Elysium,278,0.07932,False,Boreas,Elysium,7.93,low,0,0.9507,0
Boreas-Fenix,278,0.16854,False,Boreas,Fenix,16.85,medium,0,2.0201,0
Caelum-Dawn,278,0.05242,False,Caelum,Dawn,5.24,low,0,0.6283,0
Caelum-Elysium,278,0.17615,False,Caelum,Elysium,17.61,medium,0,2.1113,0
Caelum-Fenix,278,0.01801,False,Caelum,Fenix,1.8,very_low,0,0.2159,0
Dawn-Elysium,278,0.2026,False,Dawn,Elysium,20.26,high,1,2.4283,0
Dawn-Fenix,278,0.16768,False,Dawn,Fenix,16.77,medium,0,2.0098,0
Elysium-Fenix,278,0.04499,False,Elysium,Fenix,4.5,very_low,0,0.5392,0
Aegis-Boreas,279,0.01269,False,Aegis,Boreas,1.27,very_low,0,0.1521,0
Aegis-Dawn,279,0.00368,False,Aegis,Dawn,0.37,very_low,0,0.0441,0
Aegis-Elysium,279,0.01996,False,Aegis,Elysium,2.0,very_low,0,0.2392,0
Boreas-Dawn,279,0.0555,False,Boreas,Dawn,5.55,low,0,0.6652,0
Boreas-Elysium,279,0.10591,False,Boreas,Elysium,10.59,medium,0,1.2694,0
Boreas-Fenix,279,0.05519,False,Boreas,Fenix,5.52,low,0,0.6615,0
Caelum-Dawn,279,0.22075,False,Caelum,Dawn,22.08,high,1,2.6458,0
Caelum-Elysium,279,0.05823,False,Caelum,Elysium,5.82,low,0,0.6979,0
Caelum-Fenix,279,0.10296,False,Caelum,Fenix,10.3,medium,0,1.234,0
Dawn-Elysium,279,0.10417,False,Dawn,Elysium,10.42,medium,0,1.2485,0
Dawn-Fenix,279,0.1318,False,Dawn,Fenix,13.18,medium,0,1.5797,0
Elysium-Fenix,279,0.12915,False,Elysium,Fenix,12.92,medium,0,1.5479,0
Aegis-Boreas,280,0.19002,False,Aegis,Boreas,19.0,medium,0,2.2775,0
Aegis-Dawn,280,0.2402,False,Aegis,Dawn,24.02,high,1,2.879,0
Aegis-Elysium,280,0.0834330688935281,False,Aegis,Elysium,8.34,low,0,1.0,0
Boreas-Dawn,280,0.0385,False,Boreas,Dawn,3.85,very_low,0,0.4614,0
Boreas-Elysium,280,0.00339,False,Boreas,Elysium,0.34,very_low,0,0.0406,0
Boreas-Fenix,280,0.00345,False,Boreas,Fenix,0.34,very_low,0,0.0414,0
Caelum-Dawn,280,0.04482,False,Caelum,Dawn,4.48,very_low,0,0.5372,0
Caelum-Elysium,280,0.09856,False,Caelum,Elysium,9.86,low,0,1.1813,0
Caelum-Fenix,280,0.08528,False,Caelum,Fenix,8.53,low,0,1.0221,0
Dawn-Elysium,280,0.01796,False,Dawn,Elysium,1.8,very_low,0,0.2153,0
Dawn-Fenix,280,0.22605,False,Dawn,Fenix,22.6,high,1,2.7094,0
Elysium-Fenix,280,0.01025,False,Elysium,Fenix,1.03,very_low,0,0.1229,0
Aegis-Boreas,281,0.01552,False,Aegis,Boreas,1.55,very_low,0,0.186,0
Aegis-Dawn,281,0.09899,False,Aegis,Dawn,9.9,low,0,1.1865,0
Aegis-Elysium,281,0.08464,False,Aegis,Elysium,8.46,low,0,1.0145,0
Boreas-Dawn,281,0.07663,False,Boreas,Dawn,7.66,low,0,0.9185,0
Boreas-Elysium,281,0.00447,False,Boreas,Elysium,0.45,very_low,0,0.0536,0
Boreas-Fenix,281,0.01102,False,Boreas,Fenix,1.1,very_low,0,0.1321,0
Caelum-Dawn,281,0.05214,False,Caelum,Dawn,5.21,low,0,0.6249,0
Caelum-Elysium,281,0.18523,False,Caelum,Elysium,18.52,medium,0,2.2201,0
Caelum-Fenix,281,0.04958,False,Caelum,Fenix,4.96,very_low,0,0.5942,0
Dawn-Elysium,281,0.15701,False,Dawn,Elysium,15.7,medium,0,1.8819,0
Dawn-Fenix,281,0.16151,False,Dawn,Fenix,16.15,medium,0,1.9358,0
Elysium-Fenix,281,0.0834330688935281,False,Elysium,Fenix,8.34,low,0,1.0,0
Aegis-Boreas,282,0.0575,False,Aegis,Boreas,5.75,low,0,0.6892,0
Aegis-Dawn,282,0.23658,True,Aegis,Dawn,23.66,high,1,2.8356,1
Aegis-Elysium,282,0.05348,False,Aegis,Elysium,5.35,low,0,0.641,0
Boreas-Dawn,282,0.07966,True,Boreas,Dawn,7.97,low,0,0.9548,1
Boreas-Elysium,282,0.03676,False,Boreas,Elysium,3.68,very_low,0,0.4406,0
Boreas-Fenix,282,0.10673,False,Boreas,Fenix,10.67,medium,0,1.2792,0
Caelum-Dawn,282,0.09201,False,Caelum,Dawn,9.2,low,0,1.1028,0
Caelum-Elysium,282,0.13709,False,Caelum,Elysium,13.71,medium,0,1.6431,0
Caelum-Fenix,282,0.03825,False,Caelum,Fenix,3.82,very_low,0,0.4585,0
Dawn-Elysium,282,0.03968,False,Dawn,Elysium,3.97,very_low,0,0.4756,0
Dawn-Fenix,282,0.01607,False,Dawn,Fenix,1.61,very_low,0,0.1926,0
Elysium-Fenix,282,0.10619,False,Elysium,Fenix,10.62,medium,0,1.2728,0
Aegis-Boreas,283,0.01716,False,Aegis,Boreas,1.72,very_low,0,0.2057,0
Aegis-Dawn,283,0.02116,False,Aegis,Dawn,2.12,very_low,0,0.2536,0
Aegis-Elysium,283,0.03632,False,Aegis,Elysium,3.63,very_low,0,0.4353,0
Boreas-Dawn,283,0.1859,False,Boreas,Dawn,18.59,medium,0,2.2281,0
Boreas-Elysium,283,0.22644,False,Boreas,Elysium,22.64,high,1,2.714,0
Boreas-Fenix,283,0.06105,False,Boreas,Fenix,6.1,low,0,0.7317,0
Caelum-Dawn,283,0.25969,True,Caelum,Dawn,25.97,high,1,3.1126,1
Caelum-Elysium,283,0.08253,False,Caelum,Elysium,8.25,low,0,0.9892,0
Caelum-Fenix,283,0.06216,False,Caelum,Fenix,6.22,low,0,0.745,0
Dawn-Elysium,283,0.00341,False,Dawn,Elysium,0.34,very_low,0,0.0409,0
Dawn-Fenix,283,0.00838,False,Dawn,Fenix,0.84,very_low,0,0.1004,0
Elysium-Fenix,283,0.03581,False,Elysium,Fenix,3.58,very_low,0,0.4292,0
Aegis-Boreas,284,0.03726,False,Aegis,Boreas,3.73,very_low,0,0.4466,0
Aegis-Dawn,284,0.05834,False,Aegis,Dawn,5.83,low,0,0.6992,0
Aegis-Elysium,284,0.22522,False,Aegis,Elysium,22.52,high,1,2.6994,0
Boreas-Dawn,284,0.26828,False,Boreas,Dawn,26.83,high,1,3.2155,0
Boreas-Elysium,284,0.02449,False,Boreas,Elysium,2.45,very_low,0,0.2935,0
Boreas-Fenix,284,0.02741,False,Boreas,Fenix,2.74,very_low,0,0.3285,0
Caelum-Dawn,284,0.03752,False,Caelum,Dawn,3.75,very_low,0,0.4497,0
Caelum-Elysium,284,0.03596,False,Caelum,Elysium,3.6,very_low,0,0.431,0
Caelum-Fenix,284,0.10556,False,Caelum,Fenix,10.56,medium,0,1.2652,0
Dawn-Elysium,284,0.07293,False,Dawn,Elysium,7.29,low,0,0.8741,0
Dawn-Fenix,284,0.0048,False,Dawn,Fenix,0.48,very_low,0,0.0575,0
Elysium-Fenix,284,0.10224,False,Elysium,Fenix,10.22,medium,0,1.2254,0
Aegis-Boreas,285,0.17235,False,Aegis,Boreas,17.24,medium,0,2.0657,0
Aegis-Dawn,285,0.00686,False,Aegis,Dawn,0.69,very_low,0,0.0822,0
Aegis-Elysium,285,0.05165,False,Aegis,Elysium,5.16,low,0,0.6191,0
Boreas-Dawn,285,0.10974,False,Boreas,Dawn,10.97,medium,0,1.3153,0
Boreas-Elysium,285,0.17469,True,Boreas,Elysium,17.47,medium,0,2.0938,1
Boreas-Fenix,285,0.03864,False,Boreas,Fenix,3.86,very_low,0,0.4631,0
Caelum-Dawn,285,0.02435,False,Caelum,Dawn,2.44,very_low,0,0.2919,0
Caelum-Elysium,285,0.01933,False,Caelum,Elysium,1.93,very_low,0,0.2317,0
Caelum-Fenix,285,0.02162,False,Caelum,Fenix,2.16,very_low,0,0.2591,0
Dawn-Elysium,285,0.23337,False,Dawn,Elysium,23.34,high,1,2.7971,0
Dawn-Fenix,285,0.06216,False,Dawn,Fenix,6.22,low,0,0.745,0
Elysium-Fenix,285,0.08525,False,Elysium,Fenix,8.52,low,0,1.0218,0
Aegis-Boreas,286,0.04865,False,Aegis,Boreas,4.86,very_low,0,0.5831,0
Aegis-Dawn,286,0.03622,False,Aegis,Dawn,3.62,very_low,0,0.4341,0
Aegis-Elysium,286,0.21335,False,Aegis,Elysium,21.34,high,1,2.5571,0
Boreas-Dawn,286,0.04218,False,Boreas,Dawn,4.22,very_low,0,0.5056,0
Boreas-Elysium,286,0.02168,False,Boreas,Elysium,2.17,very_low,0,0.2598,0
Boreas-Fenix,286,0.06809,False,Boreas,Fenix,6.81,low,0,0.8161,0
Caelum-Dawn,286,0.20467,False,Caelum,Dawn,20.47,high,1,2.4531,0
Caelum-Elysium,286,0.10161,False,Caelum,Elysium,10.16,medium,0,1.2179,0
Caelum-Fenix,286,0.06042,False,Caelum,Fenix,6.04,low,0,0.7242,0
Dawn-Elysium,286,0.10298,False,Dawn,Elysium,10.3,medium,0,1.2343,0
Dawn-Fenix,286,0.02302,False,Dawn,Fenix,2.3,very_low,0,0.2759,0
Elysium-Fenix,286,0.07714,False,Elysium,Fenix,7.71,low,0,0.9246,0
Aegis-Boreas,287,0.063,False,Aegis,Boreas,6.3,low,0,0.7551,0
Aegis-Dawn,287,0.00239,False,Aegis,Dawn,0.24,very_low,0,0.0286,0
Aegis-Elysium,287,0.0834330688935281,False,Aegis,Elysium,8.34,low,0,1.0,0
Boreas-Dawn,287,0.15348,False,Boreas,Dawn,15.35,medium,0,1.8396,0
Boreas-Elysium,287,0.05783,False,Boreas,Elysium,5.78,low,0,0.6931,0
Boreas-Fenix,287,0.06504,False,Boreas,Fenix,6.5,low,0,0.7795,0
Caelum-Dawn,287,0.44623,False,Caelum,Dawn,44.62,very_high,1,5.3484,0
Caelum-Elysium,287,0.17418,False,Caelum,Elysium,17.42,medium,0,2.0877,0
Caelum-Fenix,287,0.00491,False,Caelum,Fenix,0.49,very_low,0,0.0588,0
Dawn-Elysium,287,0.01164,False,Dawn,Elysium,1.16,very_low,0,0.1395,0
Dawn-Fenix,287,0.00581,False,Dawn,Fenix,0.58,very_low,0,0.0696,0
Elysium-Fenix,287,0.00338,False,Elysium,Fenix,0.34,very_low,0,0.0405,0
Aegis-Boreas,288,0.19204,False,Aegis,Boreas,19.2,medium,0,2.3017,0
Aegis-Dawn,288,0.00453,False,Aegis,Dawn,0.45,very_low,0,0.0543,0
Aegis-Elysium,288,0.11805,False,Aegis,Elysium,11.8,medium,0,1.4149,0
Boreas-Dawn,288,0.05114,False,Boreas,Dawn,5.11,low,0,0.6129,0
Boreas-Elysium,288,0.15535,True,Boreas,Elysium,15.53,medium,0,1.862,1
Boreas-Fenix,288,0.01759,True,Boreas,Fenix,1.76,very_low,0,0.2108,1
Caelum-Dawn,288,0.00509,False,Caelum,Dawn,0.51,very_low,0,0.061,0
Caelum-Elysium,288,0.0834330688935281,False,Caelum,Elysium,8.34,low,0,1.0,0
Caelum-Fenix,288,0.10355,False,Caelum,Fenix,10.36,medium,0,1.2411,0
Dawn-Elysium,288,0.068,False,Dawn,Elysium,6.8,low,0,0.815,0
Dawn-Fenix,288,0.24726,False,Dawn,Fenix,24.73,high,1,2.9636,0
Elysium-Fenix,288,0.02578,False,Elysium,Fenix,2.58,very_low,0,0.309,0
Aegis-Boreas,289,0.09108,False,Aegis,Boreas,9.11,low,0,1.0917,0
Aegis-Dawn,289,0.02693,False,Aegis,Dawn,2.69,very_low,0,0.3228,0
Aegis-Elysium,289,0.00845,False,Aegis,Elysium,0.84,very_low,0,0.1013,0
Boreas-Dawn,289,0.00533,False,Boreas,Dawn,0.53,very_low,0,0.0639,0
Boreas-Elysium,289,0.001,False,Boreas,Elysium,0.1,very_low,0,0.012,0
Boreas-Fenix,289,0.09046,False,Boreas,Fenix,9.05,low,0,1.0842,0
Caelum-Dawn,289,0.24229,False,Caelum,Dawn,24.23,high,1,2.904,0
Caelum-Elysium,289,0.03616,False,Caelum,Elysium,3.62,very_low,0,0.4334,0
Caelum-Fenix,289,0.028,False,Caelum,Fenix,2.8,very_low,0,0.3356,0
Dawn-Elysium,289,0.0975,False,Dawn,Elysium,9.75,low,0,1.1686,0
Dawn-Fenix,289,0.0834330688935281,False,Dawn,Fenix,8.34,low,0,1.0,0
Elysium-Fenix,289,0.05771,False,Elysium,Fenix,5.77,low,0,0.6917,0
Aegis-Boreas,290,0.04693,False,Aegis,Boreas,4.69,very_low,0,0.5625,0
Aegis-Dawn,290,0.02254,False,Aegis,Dawn,2.25,very_low,0,0.2702,0
Aegis-Elysium,290,0.14076,False,Aegis,Elysium,14.08,medium,0,1.6871,0
Boreas-Dawn,290,0.11931,False,Boreas,Dawn,11.93,medium,0,1.43,0
Boreas-Elysium,290,0.16933,False,Boreas,Elysium,16.93,medium,0,2.0295,0
Boreas-Fenix,290,0.00757,False,Boreas,Fenix,0.76,very_low,0,0.0907,0
Caelum-Dawn,290,0.04777,False,Caelum,Dawn,4.78,very_low,0,0.5726,0
Caelum-Elysium,290,0.017,False,Caelum,Elysium,1.7,very_low,0,0.2038,0
Caelum-Fenix,290,0.22005,False,Caelum,Fenix,22.0,high,1,2.6374,0
Dawn-Elysium,290,0.0834330688935281,False,Dawn,Elysium,8.34,low,0,1.0,0
Dawn-Fenix,290,0.04917,True,Dawn,Fenix,4.92,very_low,0,0.5893,1
Elysium-Fenix,290,0.11891,False,Elysium,Fenix,11.89,medium,0,1.4252,0
Aegis-Boreas,291,0.10873,False,Aegis,Boreas,10.87,medium,0,1.3032,0
Aegis-Dawn,291,0.00084,False,Aegis,Dawn,0.08,very_low,0,0.0101,0
Aegis-Elysium,291,0.10332,False,Aegis,Elysium,10.33,medium,0,1.2384,0
Boreas-Dawn,291,0.02089,False,Boreas,Dawn,2.09,very_low,0,0.2504,0
Boreas-Elysium,291,0.14027,False,Boreas,Elysium,14.03,medium,0,1.6812,0
Boreas-Fenix,291,0.01063,False,Boreas,Fenix,1.06,very_low,0,0.1274,0
Caelum-Dawn,291,0.04607,False,Caelum,Dawn,4.61,very_low,0,0.5522,0
Caelum-Elysium,291,0.14386,False,Caelum,Elysium,14.39,medium,0,1.7243,0
Caelum-Fenix,291,0.11648,False,Caelum,Fenix,11.65,medium,0,1.3961,0
Dawn-Elysium,291,0.08238,False,Dawn,Elysium,8.24,low,0,0.9874,0
Dawn-Fenix,291,0.21756,True,Dawn,Fenix,21.76,high,1,2.6076,1
Elysium-Fenix,291,0.00897,False,Elysium,Fenix,0.9,very_low,0,0.1075,0
Aegis-Boreas,292,0.0701,True,Aegis,Boreas,7.01,low,0,0.8402,1
Aegis-Dawn,292,0.0256,False,Aegis,Dawn,2.56,very_low,0,0.3068,0
Aegis-Elysium,292,0.27274,False,Aegis,Elysium,27.27,high,1,3.269,0
Boreas-Dawn,292,0.01345,True,Boreas,Dawn,1.34,very_low,0,0.1612,1
Boreas-Elysium,292,0.12777,False,Boreas,Elysium,12.78,medium,0,1.5314,0
Boreas-Fenix,292,0.15316,False,Boreas,Fenix,15.32,medium,0,1.8357,0
Caelum-Dawn,292,0.00082,False,Caelum,Dawn,0.08,very_low,0,0.0098,0
Caelum-Elysium,292,0.01476,False,Caelum,Elysium,1.48,very_low,0,0.1769,0
Caelum-Fenix,292,0.04852,False,Caelum,Fenix,4.85,very_low,0,0.5815,0
Dawn-Elysium,292,0.1001,False,Dawn,Elysium,10.01,medium,0,1.1998,0
Dawn-Fenix,292,0.02662,False,Dawn,Fenix,2.66,very_low,0,0.3191,0
Elysium-Fenix,292,0.14635,False,Elysium,Fenix,14.64,medium,0,1.7541,0
Aegis-Boreas,293,0.02882,False,Aegis,Boreas,2.88,very_low,0,0.3454,0
Aegis-Dawn,293,0.0618,False,Aegis,Dawn,6.18,low,0,0.7407,0
Aegis-Elysium,293,0.06553,False,Aegis,Elysium,6.55,low,0,0.7854,0
Boreas-Dawn,293,0.13904,True,Boreas,Dawn,13.9,medium,0,1.6665,1
Boreas-Elysium,293,0.14982,False,Boreas,Elysium,14.98,medium,0,1.7957,0
Boreas-Fenix,293,0.01285,False,Boreas,Fenix,1.28,very_low,0,0.154,0
Caelum-Dawn,293,0.30946,False,Caelum,Dawn,30.95,high,1,3.7091,0
Caelum-Elysium,293,0.02524,False,Caelum,Elysium,2.52,very_low,0,0.3025,0
Caelum-Fenix,293,0.01364,False,Caelum,Fenix,1.36,very_low,0,0.1635,0
Dawn-Elysium,293,0.11023,False,Dawn,Elysium,11.02,medium,0,1.3212,0
Dawn-Fenix,293,0.0199,False,Dawn,Fenix,1.99,very_low,0,0.2385,0
Elysium-Fenix,293,0.06365,False,Elysium,Fenix,6.36,low,0,0.7629,0
Aegis-Boreas,294,0.27142,False,Aegis,Boreas,27.14,high,1,3.2531,0
Aegis-Dawn,294,0.06629,False,Aegis,Dawn,6.63,low,0,0.7945,0
Aegis-Elysium,294,0.15268,True,Aegis,Elysium,15.27,medium,0,1.83,1
Boreas-Dawn,294,0.14013,False,Boreas,Dawn,14.01,medium,0,1.6795,0
Boreas-Elysium,294,0.05543,False,Boreas,Elysium,5.54,low,0,0.6644,0
Boreas-Fenix,294,0.03638,False,Boreas,Fenix,3.64,very_low,0,0.436,0
Caelum-Dawn,294,0.03527,False,Caelum,Dawn,3.53,very_low,0,0.4227,0
Caelum-Elysium,294,0.02689,False,Caelum,Elysium,2.69,very_low,0,0.3223,0
Caelum-Fenix,294,0.1079,False,Caelum,Fenix,10.79,medium,0,1.2933,0
Dawn-Elysium,294,0.06268,False,Dawn,Elysium,6.27,low,0,0.7513,0
Dawn-Fenix,294,0.02829,False,Dawn,Fenix,2.83,very_low,0,0.3391,0
Elysium-Fenix,294,0.01664,False,Elysium,Fenix,1.66,very_low,0,0.1994,0
Aegis-Boreas,295,0.14489,False,Aegis,Boreas,14.49,medium,0,1.7366,0
Aegis-Dawn,295,0.082,False,Aegis,Dawn,8.2,low,0,0.9828,0
Aegis-Elysium,295,0.08009,False,Aegis,Elysium,8.01,low,0,0.9599,0
Boreas-Dawn,295,0.00498,False,Boreas,Dawn,0.5,very_low,0,0.0597,0
Boreas-Elysium,295,0.07575,False,Boreas,Elysium,7.58,low,0,0.9079,0
Boreas-Fenix,295,0.01814,False,Boreas,Fenix,1.81,very_low,0,0.2174,0
Caelum-Dawn,295,0.04758,True,Caelum,Dawn,4.76,very_low,0,0.5703,1
Caelum-Elysium,295,0.1297,False,Caelum,Elysium,12.97,medium,0,1.5545,0
Caelum-Fenix,295,0.08852,False,Caelum,Fenix,8.85,low,0,1.061,0
Dawn-Elysium,295,0.26487,False,Dawn,Elysium,26.49,high,1,3.1746,0
Dawn-Fenix,295,0.04076,True,Dawn,Fenix,4.08,very_low,0,0.4885,1
Elysium-Fenix,295,0.02272,True,Elysium,Fenix,2.27,very_low,0,0.2723,1
Aegis-Boreas,296,0.06709,False,Aegis,Boreas,6.71,low,0,0.8041,0
Aegis-Dawn,296,0.14737,True,Aegis,Dawn,14.74,medium,0,1.7663,1
Aegis-Elysium,296,0.08763,False,Aegis,Elysium,8.76,low,0,1.0503,0
Boreas-Dawn,296,0.06628,False,Boreas,Dawn,6.63,low,0,0.7944,0
Boreas-Elysium,296,0.02322,False,Boreas,Elysium,2.32,very_low,0,0.2783,0
Boreas-Fenix,296,0.08251,False,Boreas,Fenix,8.25,low,0,0.9889,0
Caelum-Dawn,296,0.0482,False,Caelum,Dawn,4.82,very_low,0,0.5777,0
Caelum-Elysium,296,0.00358,False,Caelum,Elysium,0.36,very_low,0,0.0429,0
Caelum-Fenix,296,0.0767,False,Caelum,Fenix,7.67,low,0,0.9193,0
Dawn-Elysium,296,0.05803,False,Dawn,Elysium,5.8,low,0,0.6955,0
Dawn-Fenix,296,0.19124,False,Dawn,Fenix,19.12,medium,0,2.2921,0
Elysium-Fenix,296,0.14816,False,Elysium,Fenix,14.82,medium,0,1.7758,0
Aegis-Boreas,297,0.22976,False,Aegis,Boreas,22.98,high,1,2.7538,0
Aegis-Dawn,297,0.03945,False,Aegis,Dawn,3.94,very_low,0,0.4728,0
Aegis-Elysium,297,0.02575,False,Aegis,Elysium,2.58,very_low,0,0.3086,0
Boreas-Dawn,297,0.0649,False,Boreas,Dawn,6.49,low,0,0.7779,0
Boreas-Elysium,297,0.16516,False,Boreas,Elysium,16.52,medium,0,1.9796,0
Boreas-Fenix,297,0.0465,False,Boreas,Fenix,4.65,very_low,0,0.5573,0
Caelum-Dawn,297,0.0369,False,Caelum,Dawn,3.69,very_low,0,0.4423,0
Caelum-Elysium,297,0.07739,False,Caelum,Elysium,7.74,low,0,0.9276,0
Caelum-Fenix,297,0.23193,False,Caelum,Fenix,23.19,high,1,2.7798,0
Dawn-Elysium,297,0.03537,False,Dawn,Elysium,3.54,very_low,0,0.4239,0
Dawn-Fenix,297,0.01959,False,Dawn,Fenix,1.96,very_low,0,0.2348,0
Elysium-Fenix,297,0.0273,False,Elysium,Fenix,2.73,very_low,0,0.3272,0
Aegis-Boreas,298,0.0834330688935281,False,Aegis,Boreas,8.34,low,0,1.0,0
Aegis-Dawn,298,0.04629,False,Aegis,Dawn,4.63,very_low,0,0.5548,0
Aegis-Elysium,298,0.10123,False,Aegis,Elysium,10.12,medium,0,1.2133,0
Boreas-Dawn,298,0.07271,False,Boreas,Dawn,7.27,low,0,0.8715,0
Boreas-Elysium,298,0.01358,False,Boreas,Elysium,1.36,very_low,0,0.1628,0
Boreas-Fenix,298,0.00104,False,Boreas,Fenix,0.1,very_low,0,0.0125,0
Caelum-Dawn,298,0.00403,False,Caelum,Dawn,0.4,very_low,0,0.0483,0
Caelum-Elysium,298,0.04718,True,Caelum,Elysium,4.72,very_low,0,0.5655,1
Caelum-Fenix,298,0.42915,False,Caelum,Fenix,42.92,very_high,1,5.1436,0
Dawn-Elysium,298,0.06553,False,Dawn,Elysium,6.55,low,0,0.7854,0
Dawn-Fenix,298,0.0834330688935281,False,Dawn,Fenix,8.34,low,0,1.0,0
Elysium-Fenix,298,0.07603,False,Elysium,Fenix,7.6,low,0,0.9113,0
Aegis-Boreas,299,0.01431,False,Aegis,Boreas,1.43,very_low,0,0.1715,0
Aegis-Dawn,299,0.10802,False,Aegis,Dawn,10.8,medium,0,1.2947,0
Aegis-Elysium,299,0.13521,False,Aegis,Elysium,13.52,medium,0,1.6206,0
Boreas-Dawn,299,0.25855,False,Boreas,Dawn,25.86,high,1,3.0989,0
Boreas-Elysium,299,0.02624,False,Boreas,Elysium,2.62,very_low,0,0.3145,0
Boreas-Fenix,299,0.07516,False,Boreas,Fenix,7.52,low,0,0.9008,0
Caelum-Dawn,299,0.01019,False,Caelum,Dawn,1.02,very_low,0,0.1221,0
Caelum-Elysium,299,0.01,False,Caelum,Elysium,1.0,very_low,0,0.1199,0
Caelum-Fenix,299,0.0174,False,Caelum,Fenix,1.74,very_low,0,0.2086,0
Dawn-Elysium,299,0.1498,False,Dawn,Elysium,14.98,medium,0,1.7955,0
Dawn-Fenix,299,0.11306,False,Dawn,Fenix,11.31,medium,0,1.3551,0
Elysium-Fenix,299,0.08207,False,Elysium,Fenix,8.21,low,0,0.9837,0
Aegis-Boreas,300,0.13293,False,Aegis,Boreas,13.29,medium,0,1.5933,0
Aegis-Dawn,300,0.22009,False,Aegis,Dawn,22.01,high,1,2.6379,0
Aegis-Elysium,300,0.13162,False,Aegis,Elysium,13.16,medium,0,1.5776,0
Boreas-Dawn,300,0.04295,False,Boreas,Dawn,4.3,very_low,0,0.5148,0
Boreas-Elysium,300,0.01648,False,Boreas,Elysium,1.65,very_low,0,0.1975,0
Boreas-Fenix,300,0.00664,False,Boreas,Fenix,0.66,very_low,0,0.0796,0
Caelum-Dawn,300,0.1744,False,Caelum,Dawn,17.44,medium,0,2.0903,0
Caelum-Elysium,300,0.0171,False,Caelum,Elysium,1.71,very_low,0,0.205,0
Caelum-Fenix,300,0.06392,False,Caelum,Fenix,6.39,low,0,0.7661,0
Dawn-Elysium,300,0.04274,False,Dawn,Elysium,4.27,very_low,0,0.5123,0
Dawn-Fenix,300,0.08303,False,Dawn,Fenix,8.3,low,0,0.9952,0
Elysium-Fenix,300,0.0681,False,Elysium,Fenix,6.81,low,0,0.8162,0
Aegis-Boreas,301,0.05331,False,Aegis,Boreas,5.33,low,0,0.639,0
Aegis-Dawn,301,0.02106,True,Aegis,Dawn,2.11,very_low,0,0.2524,1
Aegis-Elysium,301,0.18907,False,Aegis,Elysium,18.91,medium,0,2.2661,0
Boreas-Dawn,301,0.01074,False,Boreas,Dawn,1.07,very_low,0,0.1287,0
Boreas-Elysium,301,0.1915,False,Boreas,Elysium,19.15,medium,0,2.2953,0
Boreas-Fenix,301,0.04171,False,Boreas,Fenix,4.17,very_low,0,0.4999,0
Caelum-Dawn,301,0.08153,False,Caelum,Dawn,8.15,low,0,0.9772,0
Caelum-Elysium,301,0.35296,False,Caelum,Elysium,35.3,very_high,1,4.2305,0
Caelum-Fenix,301,0.01775,False,Caelum,Fenix,1.78,very_low,0,0.2127,0
Dawn-Elysium,301,0.00643,False,Dawn,Elysium,0.64,very_low,0,0.0771,0
Dawn-Fenix,301,0.00495,False,Dawn,Fenix,0.5,very_low,0,0.0593,0
Elysium-Fenix,301,0.02899,False,Elysium,Fenix,2.9,very_low,0,0.3475,0
Aegis-Boreas,302,0.02904,False,Aegis,Boreas,2.9,very_low,0,0.3481,0
Aegis-Dawn,302,0.00062,False,Aegis,Dawn,0.06,very_low,0,0.0074,0
Aegis-Elysium,302,0.29398,False,Aegis,Elysium,29.4,high,1,3.5235,0
Boreas-Dawn,302,0.05254,False,Boreas,Dawn,5.25,low,0,0.6297,0
Boreas-Elysium,302,0.10182,False,Boreas,Elysium,10.18,medium,0,1.2204,0
Boreas-Fenix,302,0.02359,False,Boreas,Fenix,2.36,very_low,0,0.2827,0
Caelum-Dawn,302,0.03428,False,Caelum,Dawn,3.43,very_low,0,0.4109,0
Caelum-Elysium,302,0.05805,False,Caelum,Elysium,5.8,low,0,0.6958,0
Caelum-Fenix,302,0.1489,True,Caelum,Fenix,14.89,medium,0,1.7847,1
Dawn-Elysium,302,0.02834,False,Dawn,Elysium,2.83,very_low,0,0.3397,0
Dawn-Fenix,302,0.02856,False,Dawn,Fenix,2.86,very_low,0,0.3423,0
Elysium-Fenix,302,0.2003,False,Elysium,Fenix,20.03,high,1,2.4007,0
Aegis-Boreas,303,0.0834330688935281,False,Aegis,Boreas,8.34,low,0,1.0,0
Aegis-Dawn,303,0.02769,False,Aegis,Dawn,2.77,very_low,0,0.3319,0
Aegis-Elysium,303,0.25248,False,Aegis,Elysium,25.25,high,1,3.0261,0
Boreas-Dawn,303,0.0189,False,Boreas,Dawn,1.89,very_low,0,0.2265,0
Boreas-Elysium,303,0.0834330688935281,False,Boreas,Elysium,8.34,low,0,1.0,0
Boreas-Fenix,303,0.07249,False,Boreas,Fenix,7.25,low,0,0.8688,0
Caelum-Dawn,303,0.1787,False,Caelum,Dawn,17.87,medium,0,2.1418,0
Caelum-Elysium,303,0.20734,False,Caelum,Elysium,20.73,high,1,2.4851,0
Caelum-Fenix,303,0.06083,False,Caelum,Fenix,6.08,low,0,0.7291,0
Dawn-Elysium,303,0.07563,False,Dawn,Elysium,7.56,low,0,0.9065,0
Dawn-Fenix,303,0.0027,False,Dawn,Fenix,0.27,very_low,0,0.0324,0
Elysium-Fenix,303,0.0079,False,Elysium,Fenix,0.79,very_low,0,0.0947,0
Aegis-Boreas,304,0.00119,False,Aegis,Boreas,0.12,very_low,0,0.0143,0
Aegis-Dawn,304,0.09103,False,Aegis,Dawn,9.1,low,0,1.0911,0
Aegis-Elysium,304,0.00065,False,Aegis,Elysium,0.06,very_low,0,0.0078,0
Boreas-Dawn,304,0.01314,False,Boreas,Dawn,1.31,very_low,0,0.1575,0
Boreas-Elysium,304,0.21939,False,Boreas,Elysium,21.94,high,1,2.6295,0
Boreas-Fenix,304,0.02283,False,Boreas,Fenix,2.28,very_low,0,0.2736,0
Caelum-Dawn,304,0.03625,False,Caelum,Dawn,3.62,very_low,0,0.4345,0
Caelum-Elysium,304,0.03224,False,Caelum,Elysium,3.22,very_low,0,0.3864,0
Caelum-Fenix,304,0.13805,False,Caelum,Fenix,13.8,medium,0,1.6546,0
Dawn-Elysium,304,0.03164,False,Dawn,Elysium,3.16,very_low,0,0.3792,0
Dawn-Fenix,304,0.07256,False,Dawn,Fenix,7.26,low,0,0.8697,0
Elysium-Fenix,304,0.34101,False,Elysium,Fenix,34.1,high,1,4.0872,0
Aegis-Boreas,305,0.01296,False,Aegis,Boreas,1.3,very_low,0,0.1553,0
Aegis-Dawn,305,0.01529,False,Aegis,Dawn,1.53,very_low,0,0.1833,0
Aegis-Elysium,305,0.10493,False,Aegis,Elysium,10.49,medium,0,1.2577,0
Boreas-Dawn,305,0.12526,False,Boreas,Dawn,12.53,medium,0,1.5013,0
Boreas-Elysium,305,0.0834330688935281,False,Boreas,Elysium,8.34,low,0,1.0,0
Boreas-Fenix,305,0.0579,False,Boreas,Fenix,5.79,low,0,0.694,0
Caelum-Dawn,305,0.04922,False,Caelum,Dawn,4.92,very_low,0,0.5899,0
Caelum-Elysium,305,0.03551,False,Caelum,Elysium,3.55,very_low,0,0.4256,0
Caelum-Fenix,305,0.06828,False,Caelum,Fenix,6.83,low,0,0.8184,0
Dawn-Elysium,305,0.09291,False,Dawn,Elysium,9.29,low,0,1.1136,0
Dawn-Fenix,305,0.01087,False,Dawn,Fenix,1.09,very_low,0,0.1303,0
Elysium-Fenix,305,0.16652,False,Elysium,Fenix,16.65,medium,0,1.9959,0
Aegis-Boreas,306,0.12436,False,Aegis,Boreas,12.44,medium,0,1.4905,0
Aegis-Dawn,306,0.0834330688935281,False,Aegis,Dawn,8.34,low,0,1.0,0
Aegis-Elysium,306,0.03089,False,Aegis,Elysium,3.09,very_low,0,0.3702,0
Boreas-Dawn,306,0.00895,False,Boreas,Dawn,0.9,very_low,0,0.1073,0
Boreas-Elysium,306,0.03055,False,Boreas,Elysium,3.06,very_low,0,0.3662,0
Boreas-Fenix,306,0.21408,False,Boreas,Fenix,21.41,high,1,2.5659,0
Caelum-Dawn,306,0.0834,False,Caelum,Dawn,8.34,low,0,0.9996,0
Caelum-Elysium,306,0.04675,False,Caelum,Elysium,4.68,very_low,0,0.5603,0
Caelum-Fenix,306,0.01902,False,Caelum,Fenix,1.9,very_low,0,0.228,0
Dawn-Elysium,306,0.07302,False,Dawn,Elysium,7.3,low,0,0.8752,0
Dawn-Fenix,306,0.2286,False,Dawn,Fenix,22.86,high,1,2.7399,0
Elysium-Fenix,306,0.05672,False,Elysium,Fenix,5.67,low,0,0.6798,0
Aegis-Boreas,307,0.05442,False,Aegis,Boreas,5.44,low,0,0.6523,0
Aegis-Dawn,307,0.03013,False,Aegis,Dawn,3.01,very_low,0,0.3611,0
Aegis-Elysium,307,0.14679,False,Aegis,Elysium,14.68,medium,0,1.7594,0
Boreas-Dawn,307,0.10504,False,Boreas,Dawn,10.5,medium,0,1.259,0
Boreas-Elysium,307,0.04435,False,Boreas,Elysium,4.44,very_low,0,0.5316,0
Boreas-Fenix,307,0.0834330688935281,False,Boreas,Fenix,8.34,low,0,1.0,0
Caelum-Dawn,307,0.04196,False,Caelum,Dawn,4.2,very_low,0,0.5029,0
Caelum-Elysium,307,0.0991,False,Caelum,Elysium,9.91,low,0,1.1878,0
Caelum-Fenix,307,0.00548,False,Caelum,Fenix,0.55,very_low,0,0.0657,0
Dawn-Elysium,307,0.083,False,Dawn,Elysium,8.3,low,0,0.9948,0
Dawn-Fenix,307,0.1214,False,Dawn,Fenix,12.14,medium,0,1.4551,0
Elysium-Fenix,307,0.11304,False,Elysium,Fenix,11.3,medium,0,1.3549,0
Aegis-Boreas,308,0.10782,False,Aegis,Boreas,10.78,medium,0,1.2923,0
Aegis-Dawn,308,0.04284,False,Aegis,Dawn,4.28,very_low,0,0.5135,0
Aegis-Elysium,308,0.05335,False,Aegis,Elysium,5.34,low,0,0.6394,0
Boreas-Dawn,308,0.29648,True,Boreas,Dawn,29.65,high,1,3.5535,1
Boreas-Elysium,308,0.04356,False,Boreas,Elysium,4.36,very_low,0,0.5221,0
Boreas-Fenix,308,0.03875,False,Boreas,Fenix,3.88,very_low,0,0.4644,0
Caelum-Dawn,308,0.01413,False,Caelum,Dawn,1.41,very_low,0,0.1694,0
Caelum-Elysium,308,0.05582,False,Caelum,Elysium,5.58,low,0,0.669,0
Caelum-Fenix,308,0.14386,False,Caelum,Fenix,14.39,medium,0,1.7243,0
Dawn-Elysium,308,0.05813,False,Dawn,Elysium,5.81,low,0,0.6967,0
Dawn-Fenix,308,0.03382,False,Dawn,Fenix,3.38,very_low,0,0.4054,0
Elysium-Fenix,308,0.11144,False,Elysium,Fenix,11.14,medium,0,1.3357,0
Aegis-Boreas,309,0.00358,False,Aegis,Boreas,0.36,very_low,0,0.0429,0
Aegis-Dawn,309,0.10524,False,Aegis,Dawn,10.52,medium,0,1.2614,0
Aegis-Elysium,309,0.10849,False,Aegis,Elysium,10.85,medium,0,1.3003,0
Boreas-Dawn,309,0.01811,False,Boreas,Dawn,1.81,very_low,0,0.2171,0
Boreas-Elysium,309,0.13074,False,Boreas,Elysium,13.07,medium,0,1.567,0
Boreas-Fenix,309,0.11929,False,Boreas,Fenix,11.93,medium,0,1.4298,0
Caelum-Dawn,309,0.0834330688935281,False,Caelum,Dawn,8.34,low,0,1.0,0
Caelum-Elysium,309,0.08916,False,Caelum,Elysium,8.92,low,0,1.0686,0
Caelum-Fenix,309,0.01103,False,Caelum,Fenix,1.1,very_low,0,0.1322,0
Dawn-Elysium,309,0.1359,False,Dawn,Elysium,13.59,medium,0,1.6289,0
Dawn-Fenix,309,0.02912,False,Dawn,Fenix,2.91,very_low,0,0.349,0
Elysium-Fenix,309,0.08891,False,Elysium,Fenix,8.89,low,0,1.0656,0
Aegis-Boreas,310,0.02588,False,Aegis,Boreas,2.59,very_low,0,0.3102,0
Aegis-Dawn,310,0.08969,False,Aegis,Dawn,8.97,low,0,1.075,0
Aegis-Elysium,310,0.02251,False,Aegis,Elysium,2.25,very_low,0,0.2698,0
Boreas-Dawn,310,0.12929,False,Boreas,Dawn,12.93,medium,0,1.5496,0
Boreas-Elysium,310,0.14636,True,Boreas,Elysium,14.64,medium,0,1.7542,1
Boreas-Fenix,310,0.12882,False,Boreas,Fenix,12.88,medium,0,1.544,0
Caelum-Dawn,310,0.09049,False,Caelum,Dawn,9.05,low,0,1.0846,0
Caelum-Elysium,310,0.03836,False,Caelum,Elysium,3.84,very_low,0,0.4598,0
Caelum-Fenix,310,0.24408,True,Caelum,Fenix,24.41,high,1,2.9255,1
Dawn-Elysium,310,0.02924,False,Dawn,Elysium,2.92,very_low,0,0.3505,0
Dawn-Fenix,310,0.0834330688935281,False,Dawn,Fenix,8.34,low,0,1.0,0
Elysium-Fenix,310,0.01129,False,Elysium,Fenix,1.13,very_low,0,0.1353,0
Aegis-Boreas,311,0.10465,False,Aegis,Boreas,10.46,medium,0,1.2543,0
Aegis-Dawn,311,0.24569,False,Aegis,Dawn,24.57,high,1,2.9448,0
Aegis-Elysium,311,0.20801,False,Aegis,Elysium,20.8,high,1,2.4931,0
Boreas-Dawn,311,0.09938,False,Boreas,Dawn,9.94,low,0,1.1911,0
Boreas-Elysium,311,0.0509,False,Boreas,Elysium,5.09,low,0,0.6101,0
Boreas-Fenix,311,0.13312,False,Boreas,Fenix,13.31,medium,0,1.5955,0
Caelum-Dawn,311,0.00265,False,Caelum,Dawn,0.26,very_low,0,0.0318,0
Caelum-Elysium,311,0.07965,False,Caelum,Elysium,7.96,low,0,0.9547,0
Caelum-Fenix,311,0.02583,False,Caelum,Fenix,2.58,very_low,0,0.3096,0
Dawn-Elysium,311,0.0834330688935281,False,Dawn,Elysium,8.34,low,0,1.0,0
Dawn-Fenix,311,0.03383,False,Dawn,Fenix,3.38,very_low,0,0.4055,0
Elysium-Fenix,311,0.00188,False,Elysium,Fenix,0.19,very_low,0,0.0225,0
Aegis-Boreas,312,0.01845,False,Aegis,Boreas,1.85,very_low,0,0.2211,0
Aegis-Dawn,312,0.00239,False,Aegis,Dawn,0.24,very_low,0,0.0286,0
Aegis-Elysium,312,0.00726,False,Aegis,Elysium,0.73,very_low,0,0.087,0
Boreas-Dawn,312,0.16287,False,Boreas,Dawn,16.29,medium,0,1.9521,0
Boreas-Elysium,312,0.08386,False,Boreas,Elysium,8.39,low,0,1.0051,0
Boreas-Fenix,312,0.22968,True,Boreas,Fenix,22.97,high,1,2.7529,1
Caelum-Dawn,312,0.11008,False,Caelum,Dawn,11.01,medium,0,1.3194,0
Caelum-Elysium,312,0.00699,False,Caelum,Elysium,0.7,very_low,0,0.0838,0
Caelum-Fenix,312,0.2402,True,Caelum,Fenix,24.02,high,1,2.879,1
Dawn-Elysium,312,0.01763,False,Dawn,Elysium,1.76,very_low,0,0.2113,0
Dawn-Fenix,312,0.07379,False,Dawn,Fenix,7.38,low,0,0.8844,0
Elysium-Fenix,312,0.0468,False,Elysium,Fenix,4.68,very_low,0,0.5609,0
Aegis-Boreas,313,0.09077,False,Aegis,Boreas,9.08,low,0,1.0879,0
Aegis-Dawn,313,0.04863,False,Aegis,Dawn,4.86,very_low,0,0.5829,0
Aegis-Elysium,313,0.0954,False,Aegis,Elysium,9.54,low,0,1.1434,0
Boreas-Dawn,313,0.02149,True,Boreas,Dawn,2.15,very_low,0,0.2576,1
Boreas-Elysium,313,0.03323,False,Boreas,Elysium,3.32,very_low,0,0.3983,0
Boreas-Fenix,313,0.03375,False,Boreas,Fenix,3.38,very_low,0,0.4045,0
Caelum-Dawn,313,0.07991,False,Caelum,Dawn,7.99,low,0,0.9578,0
Caelum-Elysium,313,0.01473,False,Caelum,Elysium,1.47,very_low,0,0.1765,0
Caelum-Fenix,313,0.07907,False,Caelum,Fenix,7.91,low,0,0.9477,0
Dawn-Elysium,313,0.2603,False,Dawn,Elysium,26.03,high,1,3.1199,0
Dawn-Fenix,313,0.11292,False,Dawn,Fenix,11.29,medium,0,1.3534,0
Elysium-Fenix,313,0.1298,False,Elysium,Fenix,12.98,medium,0,1.5557,0
Aegis-Boreas,314,0.04178,False,Aegis,Boreas,4.18,very_low,0,0.5008,0
Aegis-Dawn,314,0.07,False,Aegis,Dawn,7.0,low,0,0.839,0
Aegis-Elysium,314,0.0834330688935281,False,Aegis,Elysium,8.34,low,0,1.0,0
Boreas-Dawn,314,0.07193,False,Boreas,Dawn,7.19,low,0,0.8621,0
Boreas-Elysium,314,0.15334,False,Boreas,Elysium,15.33,medium,0,1.8379,0
Boreas-Fenix,314,0.03052,False,Boreas,Fenix,3.05,very_low,0,0.3658,0
Caelum-Dawn,314,0.13284,False,Caelum,Dawn,13.28,medium,0,1.5922,0
Caelum-Elysium,314,0.07066,False,Caelum,Elysium,7.07,low,0,0.8469,0
Caelum-Fenix,314,0.0293,False,Caelum,Fenix,2.93,very_low,0,0.3512,0
Dawn-Elysium,314,0.08775,False,Dawn,Elysium,8.77,low,0,1.0517,0
Dawn-Fenix,314,0.11209,False,Dawn,Fenix,11.21,medium,0,1.3435,0
Elysium-Fenix,314,0.18445,True,Elysium,Fenix,18.44,medium,0,2.2108,1
Aegis-Boreas,315,0.04757,False,Aegis,Boreas,4.76,very_low,0,0.5702,0
Aegis-Dawn,315,0.01963,False,Aegis,Dawn,1.96,very_low,0,0.2353,0
Aegis-Elysium,315,0.0834330688935281,False,Aegis,Elysium,8.34,low,0,1.0,0
Boreas-Dawn,315,0.0261,False,Boreas,Dawn,2.61,very_low,0,0.3128,0
Boreas-Elysium,315,0.00329,False,Boreas,Elysium,0.33,very_low,0,0.0394,0
Boreas-Fenix,315,0.03894,False,Boreas,Fenix,3.89,very_low,0,0.4667,0
Caelum-Dawn,315,0.10891,False,Caelum,Dawn,10.89,medium,0,1.3054,0
Caelum-Elysium,315,0.0272,False,Caelum,Elysium,2.72,very_low,0,0.326,0
Caelum-Fenix,315,0.02189,False,Caelum,Fenix,2.19,very_low,0,0.2624,0
Dawn-Elysium,315,0.12278,False,Dawn,Elysium,12.28,medium,0,1.4716,0
Dawn-Fenix,315,0.02413,False,Dawn,Fenix,2.41,very_low,0,0.2892,0
Elysium-Fenix,315,0.33824,False,Elysium,Fenix,33.82,high,1,4.054,0
Aegis-Boreas,316,0.0834330688935281,True,Aegis,Boreas,8.34,low,0,1.0,1
Aegis-Dawn,316,0.05627,False,Aegis,Dawn,5.63,low,0,0.6744,0
Aegis-Elysium,316,0.21691,False,Aegis,Elysium,21.69,high,1,2.5998,0
Boreas-Dawn,316,0.01457,False,Boreas,Dawn,1.46,very_low,0,0.1746,0
Boreas-Elysium,316,0.30698,True,Boreas,Elysium,30.7,high,1,3.6794,1
Boreas-Fenix,316,0.08118,False,Boreas,Fenix,8.12,low,0,0.973,0
Caelum-Dawn,316,0.0834330688935281,False,Caelum,Dawn,8.34,low,0,1.0,0
Caelum-Elysium,316,0.10564,False,Caelum,Elysium,10.56,medium,0,1.2662,0
Caelum-Fenix,316,0.0863,False,Caelum,Fenix,8.63,low,0,1.0344,0
Dawn-Elysium,316,0.02114,False,Dawn,Elysium,2.11,very_low,0,0.2534,0
Dawn-Fenix,316,0.06489,False,Dawn,Fenix,6.49,low,0,0.7777,0
Elysium-Fenix,316,0.01353,False,Elysium,Fenix,1.35,very_low,0,0.1622,0
Aegis-Boreas,317,0.0834330688935281,False,Aegis,Boreas,8.34,low,0,1.0,0
Aegis-Dawn,317,0.05959,False,Aegis,Dawn,5.96,low,0,0.7142,0
Aegis-Elysium,317,0.03557,False,Aegis,Elysium,3.56,very_low,0,0.4263,0
Boreas-Dawn,317,0.14908,True,Boreas,Dawn,14.91,medium,0,1.7868,1
Boreas-Elysium,317,0.0213,False,Boreas,Elysium,2.13,very_low,0,0.2553,0
Boreas-Fenix,317,0.24955,False,Boreas,Fenix,24.96,high,1,2.991,0
Caelum-Dawn,317,0.06341,False,Caelum,Dawn,6.34,low,0,0.76,0
Caelum-Elysium,317,0.13279,False,Caelum,Elysium,13.28,medium,0,1.5916,0
Caelum-Fenix,317,0.14748,False,Caelum,Fenix,14.75,medium,0,1.7676,0
Dawn-Elysium,317,0.04355,False,Dawn,Elysium,4.35,very_low,0,0.522,0
Dawn-Fenix,317,0.07026,False,Dawn,Fenix,7.03,low,0,0.8421,0
Elysium-Fenix,317,0.00082,False,Elysium,Fenix,0.08,very_low,0,0.0098,0
Aegis-Boreas,318,0.46017,False,Aegis,Boreas,46.02,very_high,1,5.5154,0
Aegis-Dawn,318,0.01478,False,Aegis,Dawn,1.48,very_low,0,0.1771,0
Aegis-Elysium,318,0.09363,False,Aegis,Elysium,9.36,low,0,1.1222,0
Boreas-Dawn,318,0.106,True,Boreas,Dawn,10.6,medium,0,1.2705,1
Boreas-Elysium,318,0.04881,False,Boreas,Elysium,4.88,very_low,0,0.585,0
Boreas-Fenix,318,0.02846,False,Boreas,Fenix,2.85,very_low,0,0.3411,0
Caelum-Dawn,318,0.0072,False,Caelum,Dawn,0.72,very_low,0,0.0863,0
Caelum-Elysium,318,0.0834330688935281,False,Caelum,Elysium,8.34,low,0,1.0,0
Caelum-Fenix,318,0.0057,False,Caelum,Fenix,0.57,very_low,0,0.0683,0
Dawn-Elysium,318,0.03059,False,Dawn,Elysium,3.06,very_low,0,0.3666,0
Dawn-Fenix,318,0.05317,True,Dawn,Fenix,5.32,low,0,0.6373,1
Elysium-Fenix,318,0.13356,False,Elysium,Fenix,13.36,medium,0,1.6008,0
Aegis-Boreas,319,0.24924,False,Aegis,Boreas,24.92,high,1,2.9873,0
Aegis-Dawn,319,0.06833,False,Aegis,Dawn,6.83,low,0,0.819,0
Aegis-Elysium,319,0.03506,True,Aegis,Elysium,3.51,very_low,0,0.4202,1
Boreas-Dawn,319,0.27319,False,Boreas,Dawn,27.32,high,1,3.2744,0
Boreas-Elysium,319,0.00124,False,Boreas,Elysium,0.12,very_low,0,0.0149,0
Boreas-Fenix,319,0.09463,False,Boreas,Fenix,9.46,low,0,1.1342,0
Caelum-Dawn,319,0.00645,False,Caelum,Dawn,0.64,very_low,0,0.0773,0
Caelum-Elysium,319,0.01091,False,Caelum,Elysium,1.09,very_low,0,0.1308,0
Caelum-Fenix,319,0.03844,False,Caelum,Fenix,3.84,very_low,0,0.4607,0
Dawn-Elysium,319,0.04365,False,Dawn,Elysium,4.36,very_low,0,0.5232,0
Dawn-Fenix,319,0.07587,False,Dawn,Fenix,7.59,low,0,0.9094,0
Elysium-Fenix,319,0.10298,True,Elysium,Fenix,10.3,medium,0,1.2343,1
Aegis-Boreas,320,0.23488,False,Aegis,Boreas,23.49,high,1,2.8152,0
Aegis-Dawn,320,0.09476,False,Aegis,Dawn,9.48,low,0,1.1358,0
Aegis-Elysium,320,0.11507,False,Aegis,Elysium,11.51,medium,0,1.3792,0
Boreas-Dawn,320,0.11622,False,Boreas,Dawn,11.62,medium,0,1.393,0
Boreas-Elysium,320,0.01889,False,Boreas,Elysium,1.89,very_low,0,0.2264,0
Boreas-Fenix,320,0.06812,False,Boreas,Fenix,6.81,low,0,0.8165,0
Caelum-Dawn,320,0.03219,False,Caelum,Dawn,3.22,very_low,0,0.3858,0
Caelum-Elysium,320,0.10543,False,Caelum,Elysium,10.54,medium,0,1.2636,0
Caelum-Fenix,320,0.11551,False,Caelum,Fenix,11.55,medium,0,1.3845,0
Dawn-Elysium,320,0.00701,False,Dawn,Elysium,0.7,very_low,0,0.084,0
Dawn-Fenix,320,0.02451,False,Dawn,Fenix,2.45,very_low,0,0.2938,0
Elysium-Fenix,320,0.06741,False,Elysium,Fenix,6.74,low,0,0.808,0
Aegis-Boreas,321,0.08596,False,Aegis,Boreas,8.6,low,0,1.0303,0
Aegis-Dawn,321,0.05859,False,Aegis,Dawn,5.86,low,0,0.7022,0
Aegis-Elysium,321,0.11932,False,Aegis,Elysium,11.93,medium,0,1.4301,0
Boreas-Dawn,321,0.00622,False,Boreas,Dawn,0.62,very_low,0,0.0746,0
Boreas-Elysium,321,0.0834330688935281,False,Boreas,Elysium,8.34,low,0,1.0,0
Boreas-Fenix,321,0.16216,False,Boreas,Fenix,16.22,medium,0,1.9436,0
Caelum-Dawn,321,0.01121,False,Caelum,Dawn,1.12,very_low,0,0.1344,0
Caelum-Elysium,321,0.04702,False,Caelum,Elysium,4.7,very_low,0,0.5636,0
Caelum-Fenix,321,0.02447,False,Caelum,Fenix,2.45,very_low,0,0.2933,0
Dawn-Elysium,321,0.00373,False,Dawn,Elysium,0.37,very_low,0,0.0447,0
Dawn-Fenix,321,0.262,False,Dawn,Fenix,26.2,high,1,3.1402,0
Elysium-Fenix,321,0.18727,False,Elysium,Fenix,18.73,medium,0,2.2446,0
Aegis-Boreas,322,0.21976,False,Aegis,Boreas,21.98,high,1,2.634,0
Aegis-Dawn,322,0.18389,False,Aegis,Dawn,18.39,medium,0,2.204,0
Aegis-Elysium,322,0.04008,True,Aegis,Elysium,4.01,very_low,0,0.4804,1
Boreas-Dawn,322,0.06675,False,Boreas,Dawn,6.68,low,0,0.8,0
Boreas-Elysium,322,0.07706,False,Boreas,Elysium,7.71,low,0,0.9236,0
Boreas-Fenix,322,0.00346,False,Boreas,Fenix,0.35,very_low,0,0.0415,0
Caelum-Dawn,322,0.03652,False,Caelum,Dawn,3.65,very_low,0,0.4377,0
Caelum-Elysium,322,0.06543,False,Caelum,Elysium,6.54,low,0,0.7842,0
Caelum-Fenix,322,0.0351,False,Caelum,Fenix,3.51,very_low,0,0.4207,0
Dawn-Elysium,322,0.17484,False,Dawn,Elysium,17.48,medium,0,2.0956,0
Dawn-Fenix,322,0.096,False,Dawn,Fenix,9.6,low,0,1.1506,0
Elysium-Fenix,322,0.00111,False,Elysium,Fenix,0.11,very_low,0,0.0133,0
Aegis-Boreas,323,0.1861,False,Aegis,Boreas,18.61,medium,0,2.2305,0
Aegis-Dawn,323,0.00227,False,Aegis,Dawn,0.23,very_low,0,0.0272,0
Aegis-Elysium,323,0.04991,False,Aegis,Elysium,4.99,very_low,0,0.5982,0
Boreas-Dawn,323,0.03104,False,Boreas,Dawn,3.1,very_low,0,0.372,0
Boreas-Elysium,323,0.1469,False,Boreas,Elysium,14.69,medium,0,1.7607,0
Boreas-Fenix,323,0.02241,False,Boreas,Fenix,2.24,very_low,0,0.2686,0
Caelum-Dawn,323,0.03442,False,Caelum,Dawn,3.44,very_low,0,0.4125,0
Caelum-Elysium,323,0.00024,False,Caelum,Elysium,0.02,very_low,0,0.0029,0
Caelum-Fenix,323,0.22576,False,Caelum,Fenix,22.58,high,1,2.7059,0
Dawn-Elysium,323,0.02016,False,Dawn,Elysium,2.02,very_low,0,0.2416,0
Dawn-Fenix,323,0.16277,False,Dawn,Fenix,16.28,medium,0,1.9509,0
Elysium-Fenix,323,0.11803,False,Elysium,Fenix,11.8,medium,0,1.4147,0
Aegis-Boreas,324,0.04354,False,Aegis,Boreas,4.35,very_low,0,0.5219,0
Aegis-Dawn,324,0.15792,False,Aegis,Dawn,15.79,medium,0,1.8928,0
Aegis-Elysium,324,0.08391,False,Aegis,Elysium,8.39,low,0,1.0057,0
Boreas-Dawn,324,0.22083,False,Boreas,Dawn,22.08,high,1,2.6468,0
Boreas-Elysium,324,0.0047,False,Boreas,Elysium,0.47,very_low,0,0.0563,0
Boreas-Fenix,324,0.00524,False,Boreas,Fenix,0.52,very_low,0,0.0628,0
Caelum-Dawn,324,0.12368,False,Caelum,Dawn,12.37,medium,0,1.4824,0
Caelum-Elysium,324,0.15415,False,Caelum,Elysium,15.42,medium,0,1.8476,0
Caelum-Fenix,324,0.03408,False,Caelum,Fenix,3.41,very_low,0,0.4085,0
Dawn-Elysium,324,0.08825,False,Dawn,Elysium,8.82,low,0,1.0577,0
Dawn-Fenix,324,0.04691,True,Dawn,Fenix,4.69,very_low,0,0.5622,1
Elysium-Fenix,324,0.03679,False,Elysium,Fenix,3.68,very_low,0,0.441,0
Aegis-Boreas,325,0.01053,False,Aegis,Boreas,1.05,very_low,0,0.1262,0
Aegis-Dawn,325,0.24093,False,Aegis,Dawn,24.09,high,1,2.8877,0
Aegis-Elysium,325,0.09733,False,Aegis,Elysium,9.73,low,0,1.1666,0
Boreas-Dawn,325,0.0269,False,Boreas,Dawn,2.69,very_low,0,0.3224,0
Boreas-Elysium,325,0.00585,False,Boreas,Elysium,0.58,very_low,0,0.0701,0
Boreas-Fenix,325,0.01645,True,Boreas,Fenix,1.64,very_low,0,0.1972,1
Caelum-Dawn,325,0.12812,False,Caelum,Dawn,12.81,medium,0,1.5356,0
Caelum-Elysium,325,0.15626,False,Caelum,Elysium,15.63,medium,0,1.8729,0
Caelum-Fenix,325,0.03608,False,Caelum,Fenix,3.61,very_low,0,0.4324,0
Dawn-Elysium,325,0.05732,False,Dawn,Elysium,5.73,low,0,0.687,0
Dawn-Fenix,325,0.00884,True,Dawn,Fenix,0.88,very_low,0,0.106,1
Elysium-Fenix,325,0.21539,False,Elysium,Fenix,21.54,high,1,2.5816,0
Aegis-Boreas,326,0.02426,False,Aegis,Boreas,2.43,very_low,0,0.2908,0
Aegis-Dawn,326,0.00196,False,Aegis,Dawn,0.2,very_low,0,0.0235,0
Aegis-Elysium,326,0.03291,False,Aegis,Elysium,3.29,very_low,0,0.3944,0
Boreas-Dawn,326,0.01057,False,Boreas,Dawn,1.06,very_low,0,0.1267,0
Boreas-Elysium,326,0.08871,False,Boreas,Elysium,8.87,low,0,1.0632,0
Boreas-Fenix,326,0.05986,False,Boreas,Fenix,5.99,low,0,0.7175,0
Caelum-Dawn,326,0.1273,False,Caelum,Dawn,12.73,medium,0,1.5258,0
Caelum-Elysium,326,0.0209,False,Caelum,Elysium,2.09,very_low,0,0.2505,0
Caelum-Fenix,326,0.27414,False,Caelum,Fenix,27.41,high,1,3.2857,0
Dawn-Elysium,326,0.11288,False,Dawn,Elysium,11.29,medium,0,1.3529,0
Dawn-Fenix,326,0.04186,False,Dawn,Fenix,4.19,very_low,0,0.5017,0
Elysium-Fenix,326,0.20465,False,Elysium,Fenix,20.46,high,1,2.4529,0
Aegis-Boreas,327,0.12046,False,Aegis,Boreas,12.05,medium,0,1.4438,0
Aegis-Dawn,327,0.02335,False,Aegis,Dawn,2.34,very_low,0,0.2799,0
Aegis-Elysium,327,0.0947,False,Aegis,Elysium,9.47,low,0,1.135,0
Boreas-Dawn,327,0.12408,False,Boreas,Dawn,12.41,medium,0,1.4872,0
Boreas-Elysium,327,0.05131,False,Boreas,Elysium,5.13,low,0,0.615,0
Boreas-Fenix,327,0.16387,False,Boreas,Fenix,16.39,medium,0,1.9641,0
Caelum-Dawn,327,0.02275,False,Caelum,Dawn,2.28,very_low,0,0.2727,0
Caelum-Elysium,327,0.10012,False,Caelum,Elysium,10.01,medium,0,1.2,0
Caelum-Fenix,327,0.00375,False,Caelum,Fenix,0.38,very_low,0,0.0449,0
Dawn-Elysium,327,0.04732,False,Dawn,Elysium,4.73,very_low,0,0.5672,0
Dawn-Fenix,327,0.2136,False,Dawn,Fenix,21.36,high,1,2.5601,0
Elysium-Fenix,327,0.0347,False,Elysium,Fenix,3.47,very_low,0,0.4159,0
Aegis-Boreas,328,0.06113,False,Aegis,Boreas,6.11,low,0,0.7327,0
Aegis-Dawn,328,0.07186,False,Aegis,Dawn,7.19,low,0,0.8613,0
Aegis-Elysium,328,0.12939,False,Aegis,Elysium,12.94,medium,0,1.5508,0
Boreas-Dawn,328,0.08158,False,Boreas,Dawn,8.16,low,0,0.9778,0
Boreas-Elysium,328,0.02821,False,Boreas,Elysium,2.82,very_low,0,0.3381,0
Boreas-Fenix,328,0.19117,False,Boreas,Fenix,19.12,medium,0,2.2913,0
Caelum-Dawn,328,0.16926,False,Caelum,Dawn,16.93,medium,0,2.0287,0
Caelum-Elysium,328,0.05217,True,Caelum,Elysium,5.22,low,0,0.6253,1
Caelum-Fenix,328,0.1019,False,Caelum,Fenix,10.19,medium,0,1.2213,0
Dawn-Elysium,328,0.03529,False,Dawn,Elysium,3.53,very_low,0,0.423,0
Dawn-Fenix,328,0.05204,False,Dawn,Fenix,5.2,low,0,0.6237,0
Elysium-Fenix,328,0.02602,False,Elysium,Fenix,2.6,very_low,0,0.3119,0
Aegis-Boreas,329,0.03128,False,Aegis,Boreas,3.13,very_low,0,0.3749,0
Aegis-Dawn,329,0.06436,False,Aegis,Dawn,6.44,low,0,0.7714,0
Aegis-Elysium,329,0.14974,True,Aegis,Elysium,14.97,medium,0,1.7947,1
Boreas-Dawn,329,0.1085,False,Boreas,Dawn,10.85,medium,0,1.3004,0
Boreas-Elysium,329,0.11331,False,Boreas,Elysium,11.33,medium,0,1.3581,0
Boreas-Fenix,329,0.0913,False,Boreas,Fenix,9.13,low,0,1.0943,0
Caelum-Dawn,329,0.04417,False,Caelum,Dawn,4.42,very_low,0,0.5294,0
Caelum-Elysium,329,0.19318,False,Caelum,Elysium,19.32,medium,0,2.3154,0
Caelum-Fenix,329,0.05401,False,Caelum,Fenix,5.4,low,0,0.6473,0
Dawn-Elysium,329,0.01781,False,Dawn,Elysium,1.78,very_low,0,0.2135,0
Dawn-Fenix,329,0.11937,False,Dawn,Fenix,11.94,medium,0,1.4307,0
Elysium-Fenix,329,0.01298,False,Elysium,Fenix,1.3,very_low,0,0.1556,0
Aegis-Boreas,330,0.17638,False,Aegis,Boreas,17.64,medium,0,2.114,0
Aegis-Dawn,330,0.04352,False,Aegis,Dawn,4.35,very_low,0,0.5216,0
Aegis-Elysium,330,0.10762,False,Aegis,Elysium,10.76,medium,0,1.2899,0
Boreas-Dawn,330,0.00825,False,Boreas,Dawn,0.82,very_low,0,0.0989,0
Boreas-Elysium,330,0.15866,True,Boreas,Elysium,15.87,medium,0,1.9016,1
Boreas-Fenix,330,0.0834330688935281,False,Boreas,Fenix,8.34,low,0,1.0,0
Caelum-Dawn,330,0.01539,False,Caelum,Dawn,1.54,very_low,0,0.1845,0
Caelum-Elysium,330,0.0257,False,Caelum,Elysium,2.57,very_low,0,0.308,0
Caelum-Fenix,330,0.08385,False,Caelum,Fenix,8.38,low,0,1.005,0
Dawn-Elysium,330,0.31696,False,Dawn,Elysium,31.7,high,1,3.799,0
Dawn-Fenix,330,0.04029,False,Dawn,Fenix,4.03,very_low,0,0.4829,0
Elysium-Fenix,330,0.01617,False,Elysium,Fenix,1.62,very_low,0,0.1938,0
Aegis-Boreas,331,0.02563,False,Aegis,Boreas,2.56,very_low,0,0.3072,0
Aegis-Dawn,331,0.07398,False,Aegis,Dawn,7.4,low,0,0.8867,0
Aegis-Elysium,331,0.26009,False,Aegis,Elysium,26.01,high,1,3.1173,0
Boreas-Dawn,331,0.0834330688935281,False,Boreas,Dawn,8.34,low,0,1.0,0
Boreas-Elysium,331,0.08613,False,Boreas,Elysium,8.61,low,0,1.0323,0
Boreas-Fenix,331,0.08673,False,Boreas,Fenix,8.67,low,0,1.0395,0
Caelum-Dawn,331,0.01708,False,Caelum,Dawn,1.71,very_low,0,0.2047,0
Caelum-Elysium,331,0.04194,False,Caelum,Elysium,4.19,very_low,0,0.5027,0
Caelum-Fenix,331,0.11334,False,Caelum,Fenix,11.33,medium,0,1.3585,0
Dawn-Elysium,331,0.07763,False,Dawn,Elysium,7.76,low,0,0.9304,0
Dawn-Fenix,331,0.04433,False,Dawn,Fenix,4.43,very_low,0,0.5313,0
Elysium-Fenix,331,0.03172,False,Elysium,Fenix,3.17,very_low,0,0.3802,0
Aegis-Boreas,332,0.00388,True,Aegis,Boreas,0.39,very_low,0,0.0465,1
Aegis-Dawn,332,0.14933,False,Aegis,Dawn,14.93,medium,0,1.7898,0
Aegis-Elysium,332,0.01569,False,Aegis,Elysium,1.57,very_low,0,0.1881,0
Boreas-Dawn,332,0.11511,False,Boreas,Dawn,11.51,medium,0,1.3797,0
Boreas-Elysium,332,0.01673,False,Boreas,Elysium,1.67,very_low,0,0.2005,0
Boreas-Fenix,332,0.01656,False,Boreas,Fenix,1.66,very_low,0,0.1985,0
Caelum-Dawn,332,0.03193,False,Caelum,Dawn,3.19,very_low,0,0.3827,0
Caelum-Elysium,332,0.0123,False,Caelum,Elysium,1.23,very_low,0,0.1474,0
Caelum-Fenix,332,0.23612,False,Caelum,Fenix,23.61,high,1,2.8301,0
Dawn-Elysium,332,0.17704,False,Dawn,Elysium,17.7,medium,0,2.1219,0
Dawn-Fenix,332,0.0834330688935281,False,Dawn,Fenix,8.34,low,0,1.0,0
Elysium-Fenix,332,0.10121,False,Elysium,Fenix,10.12,medium,0,1.2131,0
Aegis-Boreas,333,0.07233,False,Aegis,Boreas,7.23,low,0,0.8669,0
Aegis-Dawn,333,0.1544,False,Aegis,Dawn,15.44,medium,0,1.8506,0
Aegis-Elysium,333,0.09628,False,Aegis,Elysium,9.63,low,0,1.154,0
Boreas-Dawn,333,0.04122,False,Boreas,Dawn,4.12,very_low,0,0.494,0
Boreas-Elysium,333,0.11976,False,Boreas,Elysium,11.98,medium,0,1.4354,0
Boreas-Fenix,333,0.18037,False,Boreas,Fenix,18.04,medium,0,2.1619,0
Caelum-Dawn,333,0.12244,False,Caelum,Dawn,12.24,medium,0,1.4675,0
Caelum-Elysium,333,0.10647,False,Caelum,Elysium,10.65,medium,0,1.2761,0
Caelum-Fenix,333,0.0039,False,Caelum,Fenix,0.39,very_low,0,0.0467,0
Dawn-Elysium,333,0.02252,False,Dawn,Elysium,2.25,very_low,0,0.2699,0
Dawn-Fenix,333,0.02744,False,Dawn,Fenix,2.74,very_low,0,0.3289,0
Elysium-Fenix,333,0.05287,False,Elysium,Fenix,5.29,low,0,0.6337,0
Aegis-Boreas,334,0.06843,True,Aegis,Boreas,6.84,low,0,0.8202,1
Aegis-Dawn,334,0.10988,True,Aegis,Dawn,10.99,medium,0,1.317,1
Aegis-Elysium,334,0.15786,False,Aegis,Elysium,15.79,medium,0,1.8921,0
Boreas-Dawn,334,0.08782,False,Boreas,Dawn,8.78,low,0,1.0526,0
Boreas-Elysium,334,0.04569,False,Boreas,Elysium,4.57,very_low,0,0.5476,0
Boreas-Fenix,334,0.12867,False,Boreas,Fenix,12.87,medium,0,1.5422,0
Caelum-Dawn,334,0.01893,False,Caelum,Dawn,1.89,very_low,0,0.2269,0
Caelum-Elysium,334,0.00524,False,Caelum,Elysium,0.52,very_low,0,0.0628,0
Caelum-Fenix,334,0.01211,False,Caelum,Fenix,1.21,very_low,0,0.1451,0
Dawn-Elysium,334,0.0279,False,Dawn,Elysium,2.79,very_low,0,0.3344,0
Dawn-Fenix,334,0.07948,False,Dawn,Fenix,7.95,low,0,0.9526,0
Elysium-Fenix,334,0.25799,False,Elysium,Fenix,25.8,high,1,3.0922,0
Aegis-Boreas,335,0.07781,False,Aegis,Boreas,7.78,low,0,0.9326,0
Aegis-Dawn,335,0.05542,False,Aegis,Dawn,5.54,low,0,0.6642,0
Aegis-Elysium,335,0.25624,False,Aegis,Elysium,25.62,high,1,3.0712,0
Boreas-Dawn,335,0.00978,False,Boreas,Dawn,0.98,very_low,0,0.1172,0
Boreas-Elysium,335,0.0521,False,Boreas,Elysium,5.21,low,0,0.6245,0
Boreas-Fenix,335,0.14722,False,Boreas,Fenix,14.72,medium,0,1.7645,0
Caelum-Dawn,335,0.04803,False,Caelum,Dawn,4.8,very_low,0,0.5757,0
Caelum-Elysium,335,0.20709,False,Caelum,Elysium,20.71,high,1,2.4821,0
Caelum-Fenix,335,0.03586,True,Caelum,Fenix,3.59,very_low,0,0.4298,1
Dawn-Elysium,335,0.01045,False,Dawn,Elysium,1.04,very_low,0,0.1253,0
Dawn-Fenix,335,0.02924,False,Dawn,Fenix,2.92,very_low,0,0.3505,0
Elysium-Fenix,335,0.07077,False,Elysium,Fenix,7.08,low,0,0.8482,0
Aegis-Boreas,336,0.03014,False,Aegis,Boreas,3.01,very_low,0,0.3612,0
Aegis-Dawn,336,0.18651,False,Aegis,Dawn,18.65,medium,0,2.2354,0
Aegis-Elysium,336,0.1548,False,Aegis,Elysium,15.48,medium,0,1.8554,0
Boreas-Dawn,336,0.04627,False,Boreas,Dawn,4.63,very_low,0,0.5546,0
Boreas-Elysium,336,0.34211,False,Boreas,Elysium,34.21,high,1,4.1004,0
Boreas-Fenix,336,0.04329,True,Boreas,Fenix,4.33,very_low,0,0.5189,1
Caelum-Dawn,336,0.09827,False,Caelum,Dawn,9.83,low,0,1.1778,0
Caelum-Elysium,336,0.05657,False,Caelum,Elysium,5.66,low,0,0.678,0
Caelum-Fenix,336,0.01699,False,Caelum,Fenix,1.7,very_low,0,0.2036,0
Dawn-Elysium,336,0.01201,False,Dawn,Elysium,1.2,very_low,0,0.1439,0
Dawn-Fenix,336,0.00471,False,Dawn,Fenix,0.47,very_low,0,0.0565,0
Elysium-Fenix,336,0.00832,True,Elysium,Fenix,0.83,very_low,0,0.0997,1
Aegis-Boreas,337,0.08297,False,Aegis,Boreas,8.3,low,0,0.9944,0
Aegis-Dawn,337,0.18553,False,Aegis,Dawn,18.55,medium,0,2.2237,0
Aegis-Elysium,337,0.06122,False,Aegis,Elysium,6.12,low,0,0.7338,0
Boreas-Dawn,337,0.05184,False,Boreas,Dawn,5.18,low,0,0.6213,0
Boreas-Elysium,337,0.17284,True,Boreas,Elysium,17.28,medium,0,2.0716,1
Boreas-Fenix,337,0.11968,False,Boreas,Fenix,11.97,medium,0,1.4344,0
Caelum-Dawn,337,0.0649,True,Caelum,Dawn,6.49,low,0,0.7779,1
Caelum-Elysium,337,0.01956,False,Caelum,Elysium,1.96,very_low,0,0.2344,0
Caelum-Fenix,337,0.03131,False,Caelum,Fenix,3.13,very_low,0,0.3753,0
Dawn-Elysium,337,0.06932,False,Dawn,Elysium,6.93,low,0,0.8308,0
Dawn-Fenix,337,0.06034,False,Dawn,Fenix,6.03,low,0,0.7232,0
Elysium-Fenix,337,0.0834330688935281,True,Elysium,Fenix,8.34,low,0,1.0,1
Aegis-Boreas,338,0.04249,False,Aegis,Boreas,4.25,very_low,0,0.5093,0
Aegis-Dawn,338,0.03208,False,Aegis,Dawn,3.21,very_low,0,0.3845,0
Aegis-Elysium,338,0.08041,False,Aegis,Elysium,8.04,low,0,0.9638,0
Boreas-Dawn,338,0.0834330688935281,False,Boreas,Dawn,8.34,low,0,1.0,0
Boreas-Elysium,338,0.08158,False,Boreas,Elysium,8.16,low,0,0.9778,0
Boreas-Fenix,338,0.13833,False,Boreas,Fenix,13.83,medium,0,1.658,0
Caelum-Dawn,338,0.0834330688935281,False,Caelum,Dawn,8.34,low,0,1.0,0
Caelum-Elysium,338,0.00342,False,Caelum,Elysium,0.34,very_low,0,0.041,0
Caelum-Fenix,338,0.17533,False,Caelum,Fenix,17.53,medium,0,2.1014,0
Dawn-Elysium,338,0.01684,False,Dawn,Elysium,1.68,very_low,0,0.2018,0
Dawn-Fenix,338,0.0828,False,Dawn,Fenix,8.28,low,0,0.9924,0
Elysium-Fenix,338,0.08988,False,Elysium,Fenix,8.99,low,0,1.0773,0
Aegis-Boreas,339,0.1245,True,Aegis,Boreas,12.45,medium,0,1.4922,1
Aegis-Dawn,339,0.1063,False,Aegis,Dawn,10.63,medium,0,1.2741,0
Aegis-Elysium,339,0.03453,False,Aegis,Elysium,3.45,very_low,0,0.4139,0
Boreas-Dawn,339,0.0171,False,Boreas,Dawn,1.71,very_low,0,0.205,0
Boreas-Elysium,339,0.11121,False,Boreas,Elysium,11.12,medium,0,1.3329,0
Boreas-Fenix,339,0.05514,False,Boreas,Fenix,5.51,low,0,0.6609,0
Caelum-Dawn,339,0.0834330688935281,False,Caelum,Dawn,8.34,low,0,1.0,0
Caelum-Elysium,339,0.03012,False,Caelum,Elysium,3.01,very_low,0,0.361,0
Caelum-Fenix,339,0.04947,False,Caelum,Fenix,4.95,very_low,0,0.5929,0
Dawn-Elysium,339,0.12692,True,Dawn,Elysium,12.69,medium,0,1.5212,1
Dawn-Fenix,339,0.09352,False,Dawn,Fenix,9.35,low,0,1.1209,0
Elysium-Fenix,339,0.13338,True,Elysium,Fenix,13.34,medium,0,1.5986,1
Aegis-Boreas,340,0.07455,False,Aegis,Boreas,7.46,low,0,0.8935,0
Aegis-Dawn,340,0.09753,False,Aegis,Dawn,9.75,low,0,1.169,0
Aegis-Elysium,340,0.1022,False,Aegis,Elysium,10.22,medium,0,1.2249,0
Boreas-Dawn,340,0.06911,False,Boreas,Dawn,6.91,low,0,0.8283,0
Boreas-Elysium,340,0.0722,False,Boreas,Elysium,7.22,low,0,0.8654,0
Boreas-Fenix,340,0.02704,False,Boreas,Fenix,2.7,very_low,0,0.3241,0
Caelum-Dawn,340,0.0957,False,Caelum,Dawn,9.57,low,0,1.147,0
Caelum-Elysium,340,0.00153,False,Caelum,Elysium,0.15,very_low,0,0.0183,0
Caelum-Fenix,340,0.28652,False,Caelum,Fenix,28.65,high,1,3.4341,0
Dawn-Elysium,340,0.01553,False,Dawn,Elysium,1.55,very_low,0,0.1861,0
Dawn-Fenix,340,0.00217,False,Dawn,Fenix,0.22,very_low,0,0.026,0
Elysium-Fenix,340,0.15592,True,Elysium,Fenix,15.59,medium,0,1.8688,1
Aegis-Boreas,341,0.05762,False,Aegis,Boreas,5.76,low,0,0.6906,0
Aegis-Dawn,341,0.11427,False,Aegis,Dawn,11.43,medium,0,1.3696,0
Aegis-Elysium,341,0.08131,False,Aegis,Elysium,8.13,low,0,0.9746,0
Boreas-Dawn,341,0.07471,False,Boreas,Dawn,7.47,low,0,0.8954,0
Boreas-Elysium,341,0.05466,False,Boreas,Elysium,5.47,low,0,0.6551,0
Boreas-Fenix,341,0.00992,False,Boreas,Fenix,0.99,very_low,0,0.1189,0
Caelum-Dawn,341,0.00568,False,Caelum,Dawn,0.57,very_low,0,0.0681,0
Caelum-Elysium,341,0.00725,False,Caelum,Elysium,0.73,very_low,0,0.0869,0
Caelum-Fenix,341,0.06157,False,Caelum,Fenix,6.16,low,0,0.738,0
Dawn-Elysium,341,0.05908,False,Dawn,Elysium,5.91,low,0,0.7081,0
Dawn-Fenix,341,0.29277,False,Dawn,Fenix,29.28,high,1,3.509,0
Elysium-Fenix,341,0.18116,False,Elysium,Fenix,18.12,medium,0,2.1713,0
Aegis-Boreas,342,0.05217,False,Aegis,Boreas,5.22,low,0,0.6253,0
Aegis-Dawn,342,0.12153,False,Aegis,Dawn,12.15,medium,0,1.4566,0
Aegis-Elysium,342,0.07642,False,Aegis,Elysium,7.64,low,0,0.9159,0
Boreas-Dawn,342,0.14292,False,Boreas,Dawn,14.29,medium,0,1.713,0
Boreas-Elysium,342,0.0114,False,Boreas,Elysium,1.14,very_low,0,0.1366,0
Boreas-Fenix,342,0.0174,False,Boreas,Fenix,1.74,very_low,0,0.2086,0
Caelum-Dawn,342,0.07892,False,Caelum,Dawn,7.89,low,0,0.9459,0
Caelum-Elysium,342,0.16053,False,Caelum,Elysium,16.05,medium,0,1.9241,0
Caelum-Fenix,342,0.00364,False,Caelum,Fenix,0.36,very_low,0,0.0436,0
Dawn-Elysium,342,0.01467,False,Dawn,Elysium,1.47,very_low,0,0.1758,0
Dawn-Fenix,342,0.12252,False,Dawn,Fenix,12.25,medium,0,1.4685,0
Elysium-Fenix,342,0.19787,False,Elysium,Fenix,19.79,medium,0,2.3716,0
Aegis-Boreas,343,0.03475,False,Aegis,Boreas,3.48,very_low,0,0.4165,0
Aegis-Dawn,343,0.292,False,Aegis,Dawn,29.2,high,1,3.4998,0
Aegis-Elysium,343,0.02619,False,Aegis,Elysium,2.62,very_low,0,0.3139,0
Boreas-Dawn,343,0.06251,False,Boreas,Dawn,6.25,low,0,0.7492,0
Boreas-Elysium,343,0.14632,False,Boreas,Elysium,14.63,medium,0,1.7537,0
Boreas-Fenix,343,0.11475,False,Boreas,Fenix,11.48,medium,0,1.3754,0
Caelum-Dawn,343,0.0042,False,Caelum,Dawn,0.42,very_low,0,0.0503,0
Caelum-Elysium,343,0.00461,False,Caelum,Elysium,0.46,very_low,0,0.0553,0
Caelum-Fenix,343,0.00997,False,Caelum,Fenix,1.0,very_low,0,0.1195,0
Dawn-Elysium,343,0.01791,False,Dawn,Elysium,1.79,very_low,0,0.2147,0
Dawn-Fenix,343,0.15933,False,Dawn,Fenix,15.93,medium,0,1.9097,0
Elysium-Fenix,343,0.12747,True,Elysium,Fenix,12.75,medium,0,1.5278,1
Aegis-Boreas,344,0.11899,False,Aegis,Boreas,11.9,medium,0,1.4262,0
Aegis-Dawn,344,0.03273,False,Aegis,Dawn,3.27,very_low,0,0.3923,0
Aegis-Elysium,344,0.08814,False,Aegis,Elysium,8.81,low,0,1.0564,0
Boreas-Dawn,344,0.01264,False,Boreas,Dawn,1.26,very_low,0,0.1515,0
Boreas-Elysium,344,0.05174,False,Boreas,Elysium,5.17,low,0,0.6201,0
Boreas-Fenix,344,0.24253,False,Boreas,Fenix,24.25,high,1,2.9069,0
Caelum-Dawn,344,0.04123,False,Caelum,Dawn,4.12,very_low,0,0.4942,0
Caelum-Elysium,344,0.00323,False,Caelum,Elysium,0.32,very_low,0,0.0387,0
Caelum-Fenix,344,0.02793,False,Caelum,Fenix,2.79,very_low,0,0.3348,0
Dawn-Elysium,344,0.13636,False,Dawn,Elysium,13.64,medium,0,1.6344,0
Dawn-Fenix,344,0.19902,False,Dawn,Fenix,19.9,medium,0,2.3854,0
Elysium-Fenix,344,0.04545,False,Elysium,Fenix,4.54,very_low,0,0.5447,0
Aegis-Boreas,345,0.07516,False,Aegis,Boreas,7.52,low,0,0.9008,0
Aegis-Dawn,345,0.19766,False,Aegis,Dawn,19.77,medium,0,2.3691,0
Aegis-Elysium,345,0.02622,False,Aegis,Elysium,2.62,very_low,0,0.3143,0
Boreas-Dawn,345,0.21426,False,Boreas,Dawn,21.43,high,1,2.568,0
Boreas-Elysium,345,0.10749,False,Boreas,Elysium,10.75,medium,0,1.2883,0
Boreas-Fenix,345,0.00993,False,Boreas,Fenix,0.99,very_low,0,0.119,0
Caelum-Dawn,345,0.04009,False,Caelum,Dawn,4.01,very_low,0,0.4805,0
Caelum-Elysium,345,0.19407,True,Caelum,Elysium,19.41,medium,0,2.3261,1
Caelum-Fenix,345,0.0357,False,Caelum,Fenix,3.57,very_low,0,0.4279,0
Dawn-Elysium,345,0.03595,False,Dawn,Elysium,3.6,very_low,0,0.4309,0
Dawn-Fenix,345,0.036,False,Dawn,Fenix,3.6,very_low,0,0.4315,0
Elysium-Fenix,345,0.02746,False,Elysium,Fenix,2.75,very_low,0,0.3291,0
Aegis-Boreas,346,0.00033,False,Aegis,Boreas,0.03,very_low,0,0.004,0
Aegis-Dawn,346,0.02846,False,Aegis,Dawn,2.85,very_low,0,0.3411,0
Aegis-Elysium,346,0.04035,False,Aegis,Elysium,4.04,very_low,0,0.4836,0
Boreas-Dawn,346,0.08503,False,Boreas,Dawn,8.5,low,0,1.0191,0
Boreas-Elysium,346,0.12028,False,Boreas,Elysium,12.03,medium,0,1.4416,0
Boreas-Fenix,346,0.14745,False,Boreas,Fenix,14.74,medium,0,1.7673,0
Caelum-Dawn,346,0.09077,False,Caelum,Dawn,9.08,low,0,1.0879,0
Caelum-Elysium,346,0.05011,False,Caelum,Elysium,5.01,low,0,0.6006,0
Caelum-Fenix,346,0.1437,False,Caelum,Fenix,14.37,medium,0,1.7223,0
Dawn-Elysium,346,0.03204,False,Dawn,Elysium,3.2,very_low,0,0.384,0
Dawn-Fenix,346,0.1796,False,Dawn,Fenix,17.96,medium,0,2.1526,0
Elysium-Fenix,346,0.08188,False,Elysium,Fenix,8.19,low,0,0.9814,0
Aegis-Boreas,347,0.00777,True,Aegis,Boreas,0.78,very_low,0,0.0931,1
Aegis-Dawn,347,0.0834330688935281,False,Aegis,Dawn,8.34,low,0,1.0,0
Aegis-Elysium,347,0.19423,False,Aegis,Elysium,19.42,medium,0,2.328,0
Boreas-Dawn,347,0.05673,False,Boreas,Dawn,5.67,low,0,0.6799,0
Boreas-Elysium,347,0.08171,False,Boreas,Elysium,8.17,low,0,0.9793,0
Boreas-Fenix,347,0.05292,False,Boreas,Fenix,5.29,low,0,0.6343,0
Caelum-Dawn,347,0.16987,False,Caelum,Dawn,16.99,medium,0,2.036,0
Caelum-Elysium,347,0.05107,False,Caelum,Elysium,5.11,low,0,0.6121,0
Caelum-Fenix,347,0.0744,False,Caelum,Fenix,7.44,low,0,0.8917,0
Dawn-Elysium,347,0.06617,False,Dawn,Elysium,6.62,low,0,0.7931,0
Dawn-Fenix,347,0.00667,False,Dawn,Fenix,0.67,very_low,0,0.0799,0
Elysium-Fenix,347,0.21524,False,Elysium,Fenix,21.52,high,1,2.5798,0
Aegis-Boreas,348,0.09739,False,Aegis,Boreas,9.74,low,0,1.1673,0
Aegis-Dawn,348,0.07497,False,Aegis,Dawn,7.5,low,0,0.8986,0
Aegis-Elysium,348,0.32282,False,Aegis,Elysium,32.28,high,1,3.8692,0
Boreas-Dawn,348,0.06417,False,Boreas,Dawn,6.42,low,0,0.7691,0
Boreas-Elysium,348,0.02544,False,Boreas,Elysium,2.54,very_low,0,0.3049,0
Boreas-Fenix,348,0.02915,False,Boreas,Fenix,2.92,very_low,0,0.3494,0
Caelum-Dawn,348,0.03645,False,Caelum,Dawn,3.65,very_low,0,0.4369,0
Caelum-Elysium,348,0.19675,True,Caelum,Elysium,19.68,medium,0,2.3582,1
Caelum-Fenix,348,0.01709,False,Caelum,Fenix,1.71,very_low,0,0.2048,0
Dawn-Elysium,348,0.12083,False,Dawn,Elysium,12.08,medium,0,1.4482,0
Dawn-Fenix,348,0.00627,False,Dawn,Fenix,0.63,very_low,0,0.0752,0
Elysium-Fenix,348,0.00867,False,Elysium,Fenix,0.87,very_low,0,0.1039,0
Aegis-Boreas,349,0.06889,False,Aegis,Boreas,6.89,low,0,0.8257,0
Aegis-Dawn,349,0.05297,False,Aegis,Dawn,5.3,low,0,0.6349,0
Aegis-Elysium,349,0.08959,False,Aegis,Elysium,8.96,low,0,1.0738,0
Boreas-Dawn,349,0.00885,False,Boreas,Dawn,0.88,very_low,0,0.1061,0
Boreas-Elysium,349,0.03253,True,Boreas,Elysium,3.25,very_low,0,0.3899,1
Boreas-Fenix,349,0.10801,False,Boreas,Fenix,10.8,medium,0,1.2946,0
Caelum-Dawn,349,0.0785,False,Caelum,Dawn,7.85,low,0,0.9409,0
Caelum-Elysium,349,0.0834330688935281,False,Caelum,Elysium,8.34,low,0,1.0,0
Caelum-Fenix,349,0.04985,False,Caelum,Fenix,4.98,very_low,0,0.5975,0
Dawn-Elysium,349,0.22569,False,Dawn,Elysium,22.57,high,1,2.705,0
Dawn-Fenix,349,0.03523,False,Dawn,Fenix,3.52,very_low,0,0.4223,0
Elysium-Fenix,349,0.20701,False,Elysium,Fenix,20.7,high,1,2.4812,0
Aegis-Boreas,350,0.05635,False,Aegis,Boreas,5.64,low,0,0.6754,0
Aegis-Dawn,350,0.09483,False,Aegis,Dawn,9.48,low,0,1.1366,0
Aegis-Elysium,350,0.05325,False,Aegis,Elysium,5.32,low,0,0.6382,0
Boreas-Dawn,350,0.07921,False,Boreas,Dawn,7.92,low,0,0.9494,0
Boreas-Elysium,350,0.09629,True,Boreas,Elysium,9.63,low,0,1.1541,1
Boreas-Fenix,350,0.2875,True,Boreas,Fenix,28.75,high,1,3.4459,1
Caelum-Dawn,350,0.07845,False,Caelum,Dawn,7.85,low,0,0.9403,0
Caelum-Elysium,350,0.01741,False,Caelum,Elysium,1.74,very_low,0,0.2087,0
Caelum-Fenix,350,0.09045,False,Caelum,Fenix,9.04,low,0,1.0841,0
Dawn-Elysium,350,0.02562,False,Dawn,Elysium,2.56,very_low,0,0.3071,0
Dawn-Fenix,350,0.06173,False,Dawn,Fenix,6.17,low,0,0.7399,0
Elysium-Fenix,350,0.0589,False,Elysium,Fenix,5.89,low,0,0.706,0
Aegis-Boreas,351,0.07379,True,Aegis,Boreas,7.38,low,0,0.8844,1
Aegis-Dawn,351,0.35711,True,Aegis,Dawn,35.71,very_high,1,4.2802,1
Aegis-Elysium,351,0.0049,False,Aegis,Elysium,0.49,very_low,0,0.0587,0
Boreas-Dawn,351,0.04764,False,Boreas,Dawn,4.76,very_low,0,0.571,0
Boreas-Elysium,351,0.01926,False,Boreas,Elysium,1.93,very_low,0,0.2308,0
Boreas-Fenix,351,0.08131,False,Boreas,Fenix,8.13,low,0,0.9746,0
Caelum-Dawn,351,0.25574,False,Caelum,Dawn,25.57,high,1,3.0652,0
Caelum-Elysium,351,0.02805,False,Caelum,Elysium,2.8,very_low,0,0.3362,0
Caelum-Fenix,351,0.08588,False,Caelum,Fenix,8.59,low,0,1.0293,0
Dawn-Elysium,351,0.00797,False,Dawn,Elysium,0.8,very_low,0,0.0955,0
Dawn-Fenix,351,0.00062,False,Dawn,Fenix,0.06,very_low,0,0.0074,0
Elysium-Fenix,351,0.03773,False,Elysium,Fenix,3.77,very_low,0,0.4522,0
Aegis-Boreas,352,0.09535,False,Aegis,Boreas,9.54,low,0,1.1428,0
Aegis-Dawn,352,0.16994,True,Aegis,Dawn,16.99,medium,0,2.0368,1
Aegis-Elysium,352,0.0834330688935281,False,Aegis,Elysium,8.34,low,0,1.0,0
Boreas-Dawn,352,0.06785,False,Boreas,Dawn,6.78,low,0,0.8132,0
Boreas-Elysium,352,0.0404,False,Boreas,Elysium,4.04,very_low,0,0.4842,0
Boreas-Fenix,352,0.15908,True,Boreas,Fenix,15.91,medium,0,1.9067,1
Caelum-Dawn,352,0.12466,False,Caelum,Dawn,12.47,medium,0,1.4941,0
Caelum-Elysium,352,0.02387,False,Caelum,Elysium,2.39,very_low,0,0.2861,0
Caelum-Fenix,352,0.04775,True,Caelum,Fenix,4.78,very_low,0,0.5723,1
Dawn-Elysium,352,0.06451,False,Dawn,Elysium,6.45,low,0,0.7732,0
Dawn-Fenix,352,0.04097,False,Dawn,Fenix,4.1,very_low,0,0.4911,0
Elysium-Fenix,352,0.12077,False,Elysium,Fenix,12.08,medium,0,1.4475,0
Aegis-Boreas,353,0.07295,False,Aegis,Boreas,7.3,low,0,0.8744,0
Aegis-Dawn,353,0.03214,False,Aegis,Dawn,3.21,very_low,0,0.3852,0
Aegis-Elysium,353,0.16566,False,Aegis,Elysium,16.57,medium,0,1.9855,0
Boreas-Dawn,353,0.02752,False,Boreas,Dawn,2.75,very_low,0,0.3298,0
Boreas-Elysium,353,0.04584,False,Boreas,Elysium,4.58,very_low,0,0.5494,0
Boreas-Fenix,353,0.23245,False,Boreas,Fenix,23.24,high,1,2.7861,0
Caelum-Dawn,353,0.04925,False,Caelum,Dawn,4.92,very_low,0,0.5903,0
Caelum-Elysium,353,0.1936,False,Caelum,Elysium,19.36,medium,0,2.3204,0
Caelum-Fenix,353,0.03972,False,Caelum,Fenix,3.97,very_low,0,0.4761,0
Dawn-Elysium,353,0.0834330688935281,False,Dawn,Elysium,8.34,low,0,1.0,0
Dawn-Fenix,353,0.13431,False,Dawn,Fenix,13.43,medium,0,1.6098,0
Elysium-Fenix,353,0.00096,False,Elysium,Fenix,0.1,very_low,0,0.0115,0
Aegis-Boreas,354,0.07541,False,Aegis,Boreas,7.54,low,0,0.9038,0
Aegis-Dawn,354,0.00352,False,Aegis,Dawn,0.35,very_low,0,0.0422,0
Aegis-Elysium,354,0.20556,False,Aegis,Elysium,20.56,high,1,2.4638,0
Boreas-Dawn,354,0.11727,False,Boreas,Dawn,11.73,medium,0,1.4056,0
Boreas-Elysium,354,0.10192,False,Boreas,Elysium,10.19,medium,0,1.2216,0
Boreas-Fenix,354,0.09107,False,Boreas,Fenix,9.11,low,0,1.0915,0
Caelum-Dawn,354,0.0834330688935281,False,Caelum,Dawn,8.34,low,0,1.0,0
Caelum-Elysium,354,0.09335,False,Caelum,Elysium,9.34,low,0,1.1189,0
Caelum-Fenix,354,0.0834330688935281,False,Caelum,Fenix,8.34,low,0,1.0,0
Dawn-Elysium,354,0.15086,True,Dawn,Elysium,15.09,medium,0,1.8082,1
Dawn-Fenix,354,0.08325,False,Dawn,Fenix,8.33,low,0,0.9978,0
Elysium-Fenix,354,0.00379,False,Elysium,Fenix,0.38,very_low,0,0.0454,0
Aegis-Boreas,355,0.02238,False,Aegis,Boreas,2.24,very_low,0,0.2682,0
Aegis-Dawn,355,0.04732,False,Aegis,Dawn,4.73,very_low,0,0.5672,0
Aegis-Elysium,355,0.00533,False,Aegis,Elysium,0.53,very_low,0,0.0639,0
Boreas-Dawn,355,0.0329,False,Boreas,Dawn,3.29,very_low,0,0.3943,0
Boreas-Elysium,355,0.31285,False,Boreas,Elysium,31.28,high,1,3.7497,0
Boreas-Fenix,355,0.02877,False,Boreas,Fenix,2.88,very_low,0,0.3448,0
Caelum-Dawn,355,0.07869,False,Caelum,Dawn,7.87,low,0,0.9432,0
Caelum-Elysium,355,0.05197,False,Caelum,Elysium,5.2,low,0,0.6229,0
Caelum-Fenix,355,0.18344,False,Caelum,Fenix,18.34,medium,0,2.1986,0
Dawn-Elysium,355,0.08861,False,Dawn,Elysium,8.86,low,0,1.062,0
Dawn-Fenix,355,0.0339,False,Dawn,Fenix,3.39,very_low,0,0.4063,0
Elysium-Fenix,355,0.11384,False,Elysium,Fenix,11.38,medium,0,1.3644,0
Aegis-Boreas,356,0.156,False,Aegis,Boreas,15.6,medium,0,1.8698,0
Aegis-Dawn,356,0.00608,False,Aegis,Dawn,0.61,very_low,0,0.0729,0
Aegis-Elysium,356,0.08273,False,Aegis,Elysium,8.27,low,0,0.9916,0
Boreas-Dawn,356,0.11203,False,Boreas,Dawn,11.2,medium,0,1.3428,0
Boreas-Elysium,356,0.04542,False,Boreas,Elysium,4.54,very_low,0,0.5444,0
Boreas-Fenix,356,0.02642,False,Boreas,Fenix,2.64,very_low,0,0.3167,0
Caelum-Dawn,356,0.02062,False,Caelum,Dawn,2.06,very_low,0,0.2471,0
Caelum-Elysium,356,0.14638,False,Caelum,Elysium,14.64,medium,0,1.7545,0
Caelum-Fenix,356,0.06664,False,Caelum,Fenix,6.66,low,0,0.7987,0
Dawn-Elysium,356,0.15015,False,Dawn,Elysium,15.02,medium,0,1.7996,0
Dawn-Fenix,356,0.0834330688935281,False,Dawn,Fenix,8.34,low,0,1.0,0
Elysium-Fenix,356,0.1563,False,Elysium,Fenix,15.63,medium,0,1.8734,0
Aegis-Boreas,357,0.17411,False,Aegis,Boreas,17.41,medium,0,2.0868,0
Aegis-Dawn,357,0.09578,False,Aegis,Dawn,9.58,low,0,1.148,0
Aegis-Elysium,357,0.11392,False,Aegis,Elysium,11.39,medium,0,1.3654,0
Boreas-Dawn,357,0.05359,False,Boreas,Dawn,5.36,low,0,0.6423,0
Boreas-Elysium,357,0.04882,False,Boreas,Elysium,4.88,very_low,0,0.5851,0
Boreas-Fenix,357,0.01003,False,Boreas,Fenix,1.0,very_low,0,0.1202,0
Caelum-Dawn,357,0.02938,False,Caelum,Dawn,2.94,very_low,0,0.3521,0
Caelum-Elysium,357,0.02882,False,Caelum,Elysium,2.88,very_low,0,0.3454,0
Caelum-Fenix,357,0.13667,False,Caelum,Fenix,13.67,medium,0,1.6381,0
Dawn-Elysium,357,0.04016,False,Dawn,Elysium,4.02,very_low,0,0.4813,0
Dawn-Fenix,357,0.22496,False,Dawn,Fenix,22.5,high,1,2.6963,0
Elysium-Fenix,357,0.04377,False,Elysium,Fenix,4.38,very_low,0,0.5246,0
Aegis-Boreas,358,0.01545,False,Aegis,Boreas,1.54,very_low,0,0.1852,0
Aegis-Dawn,358,0.09057,True,Aegis,Dawn,9.06,low,0,1.0855,1
Aegis-Elysium,358,0.27236,False,Aegis,Elysium,27.24,high,1,3.2644,0
Boreas-Dawn,358,0.04431,False,Boreas,Dawn,4.43,very_low,0,0.5311,0
Boreas-Elysium,358,0.03663,False,Boreas,Elysium,3.66,very_low,0,0.439,0
Boreas-Fenix,358,0.0495,False,Boreas,Fenix,4.95,very_low,0,0.5933,0
Caelum-Dawn,358,0.03243,False,Caelum,Dawn,3.24,very_low,0,0.3887,0
Caelum-Elysium,358,0.04898,False,Caelum,Elysium,4.9,very_low,0,0.5871,0
Caelum-Fenix,358,0.09106,False,Caelum,Fenix,9.11,low,0,1.0914,0
Dawn-Elysium,358,0.23699,False,Dawn,Elysium,23.7,high,1,2.8405,0
Dawn-Fenix,358,0.033,False,Dawn,Fenix,3.3,very_low,0,0.3955,0
Elysium-Fenix,358,0.04872,False,Elysium,Fenix,4.87,very_low,0,0.5839,0
Aegis-Boreas,359,0.19982,True,Aegis,Boreas,19.98,medium,0,2.395,1
Aegis-Dawn,359,0.04431,False,Aegis,Dawn,4.43,very_low,0,0.5311,0
Aegis-Elysium,359,0.08043,False,Aegis,Elysium,8.04,low,0,0.964,0
Boreas-Dawn,359,0.08574,False,Boreas,Dawn,8.57,low,0,1.0277,0
Boreas-Elysium,359,0.06463,False,Boreas,Elysium,6.46,low,0,0.7746,0
Boreas-Fenix,359,0.1616,True,Boreas,Fenix,16.16,medium,0,1.9369,1
Caelum-Dawn,359,0.00981,False,Caelum,Dawn,0.98,very_low,0,0.1176,0
Caelum-Elysium,359,0.06353,False,Caelum,Elysium,6.35,low,0,0.7614,0
Caelum-Fenix,359,0.10806,False,Caelum,Fenix,10.81,medium,0,1.2952,0
Dawn-Elysium,359,0.01427,False,Dawn,Elysium,1.43,very_low,0,0.171,0
Dawn-Fenix,359,0.01107,False,Dawn,Fenix,1.11,very_low,0,0.1327,0
Elysium-Fenix,359,0.15673,False,Elysium,Fenix,15.67,medium,0,1.8785,0
Aegis-Boreas,360,0.01842,False,Aegis,Boreas,1.84,very_low,0,0.2208,0
Aegis-Dawn,360,0.01086,False,Aegis,Dawn,1.09,very_low,0,0.1302,0
Aegis-Elysium,360,0.01419,False,Aegis,Elysium,1.42,very_low,0,0.1701,0
Boreas-Dawn,360,0.08212,False,Boreas,Dawn,8.21,low,0,0.9843,0
Boreas-Elysium,360,0.06567,False,Boreas,Elysium,6.57,low,0,0.7871,0
Boreas-Fenix,360,0.03082,False,Boreas,Fenix,3.08,very_low,0,0.3694,0
Caelum-Dawn,360,0.17473,False,Caelum,Dawn,17.47,medium,0,2.0943,0
Caelum-Elysium,360,0.27924,False,Caelum,Elysium,27.92,high,1,3.3469,0
Caelum-Fenix,360,0.13186,False,Caelum,Fenix,13.19,medium,0,1.5804,0
Dawn-Elysium,360,0.04849,False,Dawn,Elysium,4.85,very_low,0,0.5812,0
Dawn-Fenix,360,0.0834330688935281,True,Dawn,Fenix,8.34,low,0,1.0,1
Elysium-Fenix,360,0.003,False,Elysium,Fenix,0.3,very_low,0,0.036,0
Aegis-Boreas,361,0.0834330688935281,False,Aegis,Boreas,8.34,low,0,1.0,0
Aegis-Dawn,361,0.07881,False,Aegis,Dawn,7.88,low,0,0.9446,0
Aegis-Elysium,361,0.06655,False,Aegis,Elysium,6.65,low,0,0.7976,0
Boreas-Dawn,361,0.19895,False,Boreas,Dawn,19.9,medium,0,2.3845,0
Boreas-Elysium,361,0.02828,False,Boreas,Elysium,2.83,very_low,0,0.339,0
Boreas-Fenix,361,0.22051,False,Boreas,Fenix,22.05,high,1,2.643,0
Caelum-Dawn,361,0.02047,False,Caelum,Dawn,2.05,very_low,0,0.2453,0
Caelum-Elysium,361,0.12093,True,Caelum,Elysium,12.09,medium,0,1.4494,1
Caelum-Fenix,361,0.0834330688935281,False,Caelum,Fenix,8.34,low,0,1.0,0
Dawn-Elysium,361,0.00105,False,Dawn,Elysium,0.1,very_low,0,0.0126,0
Dawn-Fenix,361,0.03207,False,Dawn,Fenix,3.21,very_low,0,0.3844,0
Elysium-Fenix,361,0.06791,False,Elysium,Fenix,6.79,low,0,0.8139,0
Aegis-Boreas,362,0.16429,False,Aegis,Boreas,16.43,medium,0,1.9691,0
Aegis-Dawn,362,0.06127,False,Aegis,Dawn,6.13,low,0,0.7344,0
Aegis-Elysium,362,0.22596,True,Aegis,Elysium,22.6,high,1,2.7083,1
Boreas-Dawn,362,0.02803,False,Boreas,Dawn,2.8,very_low,0,0.336,0
Boreas-Elysium,362,0.01853,False,Boreas,Elysium,1.85,very_low,0,0.2221,0
Boreas-Fenix,362,0.10773,False,Boreas,Fenix,10.77,medium,0,1.2912,0
Caelum-Dawn,362,0.06904,False,Caelum,Dawn,6.9,low,0,0.8275,0
Caelum-Elysium,362,0.01108,False,Caelum,Elysium,1.11,very_low,0,0.1328,0
Caelum-Fenix,362,0.00168,False,Caelum,Fenix,0.17,very_low,0,0.0201,0
Dawn-Elysium,362,0.04744,False,Dawn,Elysium,4.74,very_low,0,0.5686,0
Dawn-Fenix,362,0.06365,False,Dawn,Fenix,6.36,low,0,0.7629,0
Elysium-Fenix,362,0.20128,True,Elysium,Fenix,20.13,high,1,2.4125,1
Aegis-Boreas,363,0.0834330688935281,False,Aegis,Boreas,8.34,low,0,1.0,0
Aegis-Dawn,363,0.05128,False,Aegis,Dawn,5.13,low,0,0.6146,0
Aegis-Elysium,363,0.0407,False,Aegis,Elysium,4.07,very_low,0,0.4878,0
Boreas-Dawn,363,0.04303,False,Boreas,Dawn,4.3,very_low,0,0.5157,0
Boreas-Elysium,363,0.02938,False,Boreas,Elysium,2.94,very_low,0,0.3521,0
Boreas-Fenix,363,0.01442,False,Boreas,Fenix,1.44,very_low,0,0.1728,0
Caelum-Dawn,363,0.10351,False,Caelum,Dawn,10.35,medium,0,1.2406,0
Caelum-Elysium,363,0.06995,False,Caelum,Elysium,7.0,low,0,0.8384,0
Caelum-Fenix,363,0.24842,False,Caelum,Fenix,24.84,high,1,2.9775,0
Dawn-Elysium,363,0.05014,False,Dawn,Elysium,5.01,low,0,0.601,0
Dawn-Fenix,363,0.2946,False,Dawn,Fenix,29.46,high,1,3.531,0
Elysium-Fenix,363,0.02226,False,Elysium,Fenix,2.23,very_low,0,0.2668,0
Aegis-Boreas,364,0.02563,False,Aegis,Boreas,2.56,very_low,0,0.3072,0
Aegis-Dawn,364,0.07375,False,Aegis,Dawn,7.38,low,0,0.8839,0
Aegis-Elysium,364,0.17035,False,Aegis,Elysium,17.04,medium,0,2.0418,0
Boreas-Dawn,364,0.05496,False,Boreas,Dawn,5.5,low,0,0.6587,0
Boreas-Elysium,364,0.03516,False,Boreas,Elysium,3.52,very_low,0,0.4214,0
Boreas-Fenix,364,0.05761,False,Boreas,Fenix,5.76,low,0,0.6905,0
Caelum-Dawn,364,0.07575,False,Caelum,Dawn,7.58,low,0,0.9079,0
Caelum-Elysium,364,0.02824,False,Caelum,Elysium,2.82,very_low,0,0.3385,0
Caelum-Fenix,364,0.0816,False,Caelum,Fenix,8.16,low,0,0.978,0
Dawn-Elysium,364,0.04839,False,Dawn,Elysium,4.84,very_low,0,0.58,0
Dawn-Fenix,364,0.13316,False,Dawn,Fenix,13.32,medium,0,1.596,0
Elysium-Fenix,364,0.21541,False,Elysium,Fenix,21.54,high,1,2.5818,0
Aegis-Boreas,365,0.18759,False,Aegis,Boreas,18.76,medium,0,2.2484,0
Aegis-Dawn,365,0.18793,False,Aegis,Dawn,18.79,medium,0,2.2525,0
Aegis-Elysium,365,0.0834330688935281,False,Aegis,Elysium,8.34,low,0,1.0,0
Boreas-Dawn,365,0.04259,False,Boreas,Dawn,4.26,very_low,0,0.5105,0
Boreas-Elysium,365,0.00896,False,Boreas,Elysium,0.9,very_low,0,0.1074,0
Boreas-Fenix,365,0.0472,False,Boreas,Fenix,4.72,very_low,0,0.5657,0
Caelum-Dawn,365,0.04388,False,Caelum,Dawn,4.39,very_low,0,0.5259,0
Caelum-Elysium,365,0.14026,False,Caelum,Elysium,14.03,medium,0,1.6811,0
Caelum-Fenix,365,0.05003,False,Caelum,Fenix,5.0,low,0,0.5996,0
Dawn-Elysium,365,0.04767,False,Dawn,Elysium,4.77,very_low,0,0.5714,0
Dawn-Fenix,365,0.1607,False,Dawn,Fenix,16.07,medium,0,1.9261,0
Elysium-Fenix,365,0.05429,False,Elysium,Fenix,5.43,low,0,0.6507,0
Aegis-Boreas,366,0.00809,False,Aegis,Boreas,0.81,very_low,0,0.097,0
Aegis-Dawn,366,0.13821,True,Aegis,Dawn,13.82,medium,0,1.6565,1
Aegis-Elysium,366,0.02008,False,Aegis,Elysium,2.01,very_low,0,0.2407,0
Boreas-Dawn,366,0.32084,True,Boreas,Dawn,32.08,high,1,3.8455,1
Boreas-Elysium,366,0.07776,False,Boreas,Elysium,7.78,low,0,0.932,0
Boreas-Fenix,366,0.01412,False,Boreas,Fenix,1.41,very_low,0,0.1692,0
Caelum-Dawn,366,0.08504,False,Caelum,Dawn,8.5,low,0,1.0193,0
Caelum-Elysium,366,0.04128,False,Caelum,Elysium,4.13,very_low,0,0.4948,0
Caelum-Fenix,366,0.04577,False,Caelum,Fenix,4.58,very_low,0,0.5486,0
Dawn-Elysium,366,0.11529,True,Dawn,Elysium,11.53,medium,0,1.3818,1
Dawn-Fenix,366,0.057,False,Dawn,Fenix,5.7,low,0,0.6832,0
Elysium-Fenix,366,0.07652,False,Elysium,Fenix,7.65,low,0,0.9171,0
Aegis-Boreas,367,0.36003,False,Aegis,Boreas,36.0,very_high,1,4.3152,0
Aegis-Dawn,367,0.059,False,Aegis,Dawn,5.9,low,0,0.7072,0
Aegis-Elysium,367,0.01738,False,Aegis,Elysium,1.74,very_low,0,0.2083,0
Boreas-Dawn,367,0.00073,False,Boreas,Dawn,0.07,very_low,0,0.0087,0
Boreas-Elysium,367,0.04941,False,Boreas,Elysium,4.94,very_low,0,0.5922,0
Boreas-Fenix,367,0.12505,False,Boreas,Fenix,12.5,medium,0,1.4988,0
Caelum-Dawn,367,0.08014,False,Caelum,Dawn,8.01,low,0,0.9605,0
Caelum-Elysium,367,0.03212,False,Caelum,Elysium,3.21,very_low,0,0.385,0
Caelum-Fenix,367,0.07721,False,Caelum,Fenix,7.72,low,0,0.9254,0
Dawn-Elysium,367,0.05847,False,Dawn,Elysium,5.85,low,0,0.7008,0
Dawn-Fenix,367,0.05497,False,Dawn,Fenix,5.5,low,0,0.6589,0
Elysium-Fenix,367,0.0855,False,Elysium,Fenix,8.55,low,0,1.0248,0
Aegis-Boreas,368,0.01521,False,Aegis,Boreas,1.52,very_low,0,0.1823,0
Aegis-Dawn,368,0.02479,False,Aegis,Dawn,2.48,very_low,0,0.2971,0
Aegis-Elysium,368,0.15285,False,Aegis,Elysium,15.29,medium,0,1.832,0
Boreas-Dawn,368,0.1165,False,Boreas,Dawn,11.65,medium,0,1.3963,0
Boreas-Elysium,368,0.08201,False,Boreas,Elysium,8.2,low,0,0.9829,0
Boreas-Fenix,368,0.00596,False,Boreas,Fenix,0.6,very_low,0,0.0714,0
Caelum-Dawn,368,0.13209,False,Caelum,Dawn,13.21,medium,0,1.5832,0
Caelum-Elysium,368,0.11264,False,Caelum,Elysium,11.26,medium,0,1.3501,0
Caelum-Fenix,368,0.06104,False,Caelum,Fenix,6.1,low,0,0.7316,0
Dawn-Elysium,368,0.13759,True,Dawn,Elysium,13.76,medium,0,1.6491,1
Dawn-Fenix,368,0.02795,False,Dawn,Fenix,2.8,very_low,0,0.335,0
Elysium-Fenix,368,0.13136,False,Elysium,Fenix,13.14,medium,0,1.5744,0
Aegis-Boreas,369,0.0834330688935281,True,Aegis,Boreas,8.34,low,0,1.0,1
Aegis-Dawn,369,0.01489,False,Aegis,Dawn,1.49,very_low,0,0.1785,0
Aegis-Elysium,369,0.05874,False,Aegis,Elysium,5.87,low,0,0.704,0
Boreas-Dawn,369,0.09298,False,Boreas,Dawn,9.3,low,0,1.1144,0
Boreas-Elysium,369,0.03021,False,Boreas,Elysium,3.02,very_low,0,0.3621,0
Boreas-Fenix,369,0.28355,False,Boreas,Fenix,28.36,high,1,3.3985,0
Caelum-Dawn,369,0.19264,False,Caelum,Dawn,19.26,medium,0,2.3089,0
Caelum-Elysium,369,0.03077,False,Caelum,Elysium,3.08,very_low,0,0.3688,0
Caelum-Fenix,369,0.04423,False,Caelum,Fenix,4.42,very_low,0,0.5301,0
Dawn-Elysium,369,0.00933,False,Dawn,Elysium,0.93,very_low,0,0.1118,0
Dawn-Fenix,369,0.08679,False,Dawn,Fenix,8.68,low,0,1.0402,0
Elysium-Fenix,369,0.12736,False,Elysium,Fenix,12.74,medium,0,1.5265,0
Aegis-Boreas,370,0.03688,True,Aegis,Boreas,3.69,very_low,0,0.442,1
Aegis-Dawn,370,0.0078,False,Aegis,Dawn,0.78,very_low,0,0.0935,0
Aegis-Elysium,370,0.27263,False,Aegis,Elysium,27.26,high,1,3.2676,0
Boreas-Dawn,370,0.05328,False,Boreas,Dawn,5.33,low,0,0.6386,0
Boreas-Elysium,370,0.18489,False,Boreas,Elysium,18.49,medium,0,2.216,0
Boreas-Fenix,370,0.02611,True,Boreas,Fenix,2.61,very_low,0,0.3129,1
Caelum-Dawn,370,0.1227,False,Caelum,Dawn,12.27,medium,0,1.4706,0
Caelum-Elysium,370,0.20378,False,Caelum,Elysium,20.38,high,1,2.4424,0
Caelum-Fenix,370,0.02227,False,Caelum,Fenix,2.23,very_low,0,0.2669,0
Dawn-Elysium,370,0.01756,False,Dawn,Elysium,1.76,very_low,0,0.2105,0
Dawn-Fenix,370,0.03348,False,Dawn,Fenix,3.35,very_low,0,0.4013,0
Elysium-Fenix,370,0.01863,False,Elysium,Fenix,1.86,very_low,0,0.2233,0
Aegis-Boreas,371,0.21533,False,Aegis,Boreas,21.53,high,1,2.5809,0
Aegis-Dawn,371,0.06626,False,Aegis,Dawn,6.63,low,0,0.7942,0
Aegis-Elysium,371,0.01223,False,Aegis,Elysium,1.22,very_low,0,0.1466,0
Boreas-Dawn,371,0.03058,False,Boreas,Dawn,3.06,very_low,0,0.3665,0
Boreas-Elysium,371,0.0834330688935281,False,Boreas,Elysium,8.34,low,0,1.0,0
Boreas-Fenix,371,0.0834330688935281,False,Boreas,Fenix,8.34,low,0,1.0,0
Caelum-Dawn,371,0.07774,False,Caelum,Dawn,7.77,low,0,0.9318,0
Caelum-Elysium,371,0.08006,False,Caelum,Elysium,8.01,low,0,0.9596,0
Caelum-Fenix,371,0.02436,False,Caelum,Fenix,2.44,very_low,0,0.292,0
Dawn-Elysium,371,0.02083,False,Dawn,Elysium,2.08,very_low,0,0.2497,0
Dawn-Fenix,371,0.00176,True,Dawn,Fenix,0.18,very_low,0,0.0211,1
Elysium-Fenix,371,0.04632,False,Elysium,Fenix,4.63,very_low,0,0.5552,0
Aegis-Boreas,372,0.1168,False,Aegis,Boreas,11.68,medium,0,1.3999,0
Aegis-Dawn,372,0.00807,False,Aegis,Dawn,0.81,very_low,0,0.0967,0
Aegis-Elysium,372,0.05299,False,Aegis,Elysium,5.3,low,0,0.6351,0
Boreas-Dawn,372,0.10178,False,Boreas,Dawn,10.18,medium,0,1.2199,0
Boreas-Elysium,372,0.02158,False,Boreas,Elysium,2.16,very_low,0,0.2587,0
Boreas-Fenix,372,0.1739,False,Boreas,Fenix,17.39,medium,0,2.0843,0
Caelum-Dawn,372,0.18736,False,Caelum,Dawn,18.74,medium,0,2.2456,0
Caelum-Elysium,372,0.0317,False,Caelum,Elysium,3.17,very_low,0,0.3799,0
Caelum-Fenix,372,0.01281,False,Caelum,Fenix,1.28,very_low,0,0.1535,0
Dawn-Elysium,372,0.28016,False,Dawn,Elysium,28.02,high,1,3.3579,0
Dawn-Fenix,372,0.00237,False,Dawn,Fenix,0.24,very_low,0,0.0284,0
Elysium-Fenix,372,0.01048,False,Elysium,Fenix,1.05,very_low,0,0.1256,0
Aegis-Boreas,373,0.13018,False,Aegis,Boreas,13.02,medium,0,1.5603,0
Aegis-Dawn,373,0.062,True,Aegis,Dawn,6.2,low,0,0.7431,1
Aegis-Elysium,373,0.11925,False,Aegis,Elysium,11.92,medium,0,1.4293,0
Boreas-Dawn,373,0.08113,False,Boreas,Dawn,8.11,low,0,0.9724,0
Boreas-Elysium,373,0.07063,False,Boreas,Elysium,7.06,low,0,0.8465,0
Boreas-Fenix,373,0.03061,False,Boreas,Fenix,3.06,very_low,0,0.3669,0
Caelum-Dawn,373,0.05021,False,Caelum,Dawn,5.02,low,0,0.6018,0
Caelum-Elysium,373,0.08133,False,Caelum,Elysium,8.13,low,0,0.9748,0
Caelum-Fenix,373,0.18382,False,Caelum,Fenix,18.38,medium,0,2.2032,0
Dawn-Elysium,373,0.06236,False,Dawn,Elysium,6.24,low,0,0.7474,0
Dawn-Fenix,373,0.04628,False,Dawn,Fenix,4.63,very_low,0,0.5547,0
Elysium-Fenix,373,0.08219,True,Elysium,Fenix,8.22,low,0,0.9851,1
Aegis-Boreas,374,0.0155,False,Aegis,Boreas,1.55,very_low,0,0.1858,0
Aegis-Dawn,374,0.11628,False,Aegis,Dawn,11.63,medium,0,1.3937,0
Aegis-Elysium,374,0.4369,False,Aegis,Elysium,43.69,very_high,1,5.2365,0
Boreas-Dawn,374,0.00084,False,Boreas,Dawn,0.08,very_low,0,0.0101,0
Boreas-Elysium,374,0.0238,False,Boreas,Elysium,2.38,very_low,0,0.2853,0
Boreas-Fenix,374,0.06628,False,Boreas,Fenix,6.63,low,0,0.7944,0
Caelum-Dawn,374,0.02334,False,Caelum,Dawn,2.33,very_low,0,0.2797,0
Caelum-Elysium,374,0.12001,False,Caelum,Elysium,12.0,medium,0,1.4384,0
Caelum-Fenix,374,0.05943,False,Caelum,Fenix,5.94,low,0,0.7123,0
Dawn-Elysium,374,0.0733,False,Dawn,Elysium,7.33,low,0,0.8785,0
Dawn-Fenix,374,0.04437,False,Dawn,Fenix,4.44,very_low,0,0.5318,0
Elysium-Fenix,374,0.01996,False,Elysium,Fenix,2.0,very_low,0,0.2392,0
Aegis-Boreas,375,0.11186,True,Aegis,Boreas,11.19,medium,0,1.3407,1
Aegis-Dawn,375,0.03552,False,Aegis,Dawn,3.55,very_low,0,0.4257,0
Aegis-Elysium,375,0.06064,False,Aegis,Elysium,6.06,low,0,0.7268,0
Boreas-Dawn,375,0.11657,False,Boreas,Dawn,11.66,medium,0,1.3972,0
Boreas-Elysium,375,0.27497,False,Boreas,Elysium,27.5,high,1,3.2957,0
Boreas-Fenix,375,0.10279,True,Boreas,Fenix,10.28,medium,0,1.232,1
Caelum-Dawn,375,0.09079,False,Caelum,Dawn,9.08,low,0,1.0882,0
Caelum-Elysium,375,0.00857,False,Caelum,Elysium,0.86,very_low,0,0.1027,0
Caelum-Fenix,375,0.0147,False,Caelum,Fenix,1.47,very_low,0,0.1762,0
Dawn-Elysium,375,0.13885,False,Dawn,Elysium,13.88,medium,0,1.6642,0
Dawn-Fenix,375,0.0834330688935281,False,Dawn,Fenix,8.34,low,0,1.0,0
Elysium-Fenix,375,0.00807,False,Elysium,Fenix,0.81,very_low,0,0.0967,0
Aegis-Boreas,376,0.03086,False,Aegis,Boreas,3.09,very_low,0,0.3699,0
Aegis-Dawn,376,0.01516,False,Aegis,Dawn,1.52,very_low,0,0.1817,0
Aegis-Elysium,376,0.01246,False,Aegis,Elysium,1.25,very_low,0,0.1493,0
Boreas-Dawn,376,0.16881,False,Boreas,Dawn,16.88,medium,0,2.0233,0
Boreas-Elysium,376,0.05026,False,Boreas,Elysium,5.03,low,0,0.6024,0
Boreas-Fenix,376,0.03278,False,Boreas,Fenix,3.28,very_low,0,0.3929,0
Caelum-Dawn,376,0.26239,True,Caelum,Dawn,26.24,high,1,3.1449,1
Caelum-Elysium,376,0.13466,False,Caelum,Elysium,13.47,medium,0,1.614,0
Caelum-Fenix,376,0.01039,False,Caelum,Fenix,1.04,very_low,0,0.1245,0
Dawn-Elysium,376,0.04201,False,Dawn,Elysium,4.2,very_low,0,0.5035,0
Dawn-Fenix,376,0.21409,False,Dawn,Fenix,21.41,high,1,2.566,0
Elysium-Fenix,376,0.02613,False,Elysium,Fenix,2.61,very_low,0,0.3132,0
Aegis-Boreas,377,0.33117,False,Aegis,Boreas,33.12,high,1,3.9693,0
Aegis-Dawn,377,0.08754,False,Aegis,Dawn,8.75,low,0,1.0492,0
Aegis-Elysium,377,0.0581,False,Aegis,Elysium,5.81,low,0,0.6964,0
Boreas-Dawn,377,0.04233,False,Boreas,Dawn,4.23,very_low,0,0.5074,0
Boreas-Elysium,377,0.09902,False,Boreas,Elysium,9.9,low,0,1.1868,0
Boreas-Fenix,377,0.03638,False,Boreas,Fenix,3.64,very_low,0,0.436,0
Caelum-Dawn,377,0.03,False,Caelum,Dawn,3.0,very_low,0,0.3596,0
Caelum-Elysium,377,0.14345,False,Caelum,Elysium,14.34,medium,0,1.7193,0
Caelum-Fenix,377,0.01362,False,Caelum,Fenix,1.36,very_low,0,0.1632,0
Dawn-Elysium,377,0.07182,False,Dawn,Elysium,7.18,low,0,0.8608,0
Dawn-Fenix,377,0.04118,False,Dawn,Fenix,4.12,very_low,0,0.4936,0
Elysium-Fenix,377,0.0454,False,Elysium,Fenix,4.54,very_low,0,0.5441,0
Aegis-Boreas,378,0.12675,True,Aegis,Boreas,12.68,medium,0,1.5192,1
Aegis-Dawn,378,0.17869,False,Aegis,Dawn,17.87,medium,0,2.1417,0
Aegis-Elysium,378,0.14957,True,Aegis,Elysium,14.96,medium,0,1.7927,1
Boreas-Dawn,378,0.15354,False,Boreas,Dawn,15.35,medium,0,1.8403,0
Boreas-Elysium,378,0.12331,False,Boreas,Elysium,12.33,medium,0,1.478,0
Boreas-Fenix,378,0.02517,False,Boreas,Fenix,2.52,very_low,0,0.3017,0
Caelum-Dawn,378,0.0192,False,Caelum,Dawn,1.92,very_low,0,0.2301,0
Caelum-Elysium,378,0.01138,False,Caelum,Elysium,1.14,very_low,0,0.1364,0
Caelum-Fenix,378,0.00205,False,Caelum,Fenix,0.2,very_low,0,0.0246,0
Dawn-Elysium,378,0.06566,False,Dawn,Elysium,6.57,low,0,0.787,0
Dawn-Fenix,378,0.00329,False,Dawn,Fenix,0.33,very_low,0,0.0394,0
Elysium-Fenix,378,0.14139,False,Elysium,Fenix,14.14,medium,0,1.6947,0
Aegis-Boreas,379,0.08423,True,Aegis,Boreas,8.42,low,0,1.0096,1
Aegis-Dawn,379,0.11364,False,Aegis,Dawn,11.36,medium,0,1.362,0
Aegis-Elysium,379,0.04064,False,Aegis,Elysium,4.06,very_low,0,0.4871,0
Boreas-Dawn,379,0.0738,False,Boreas,Dawn,7.38,low,0,0.8845,0
Boreas-Elysium,379,0.01234,True,Boreas,Elysium,1.23,very_low,0,0.1479,1
Boreas-Fenix,379,0.22426,True,Boreas,Fenix,22.43,high,1,2.6879,1
Caelum-Dawn,379,0.0169,False,Caelum,Dawn,1.69,very_low,0,0.2026,0
Caelum-Elysium,379,0.01723,False,Caelum,Elysium,1.72,very_low,0,0.2065,0
Caelum-Fenix,379,0.03739,True,Caelum,Fenix,3.74,very_low,0,0.4481,1
Dawn-Elysium,379,0.26847,False,Dawn,Elysium,26.85,high,1,3.2178,0
Dawn-Fenix,379,0.0962,False,Dawn,Fenix,9.62,low,0,1.153,0
Elysium-Fenix,379,0.01491,False,Elysium,Fenix,1.49,very_low,0,0.1787,0
Aegis-Boreas,380,0.03253,False,Aegis,Boreas,3.25,very_low,0,0.3899,0
Aegis-Dawn,380,0.02678,False,Aegis,Dawn,2.68,very_low,0,0.321,0
Aegis-Elysium,380,0.00415,False,Aegis,Elysium,0.42,very_low,0,0.0497,0
Boreas-Dawn,380,0.0834330688935281,False,Boreas,Dawn,8.34,low,0,1.0,0
Boreas-Elysium,380,0.19471,True,Boreas,Elysium,19.47,medium,0,2.3337,1
Boreas-Fenix,380,0.2629,False,Boreas,Fenix,26.29,high,1,3.151,0
Caelum-Dawn,380,0.06352,False,Caelum,Dawn,6.35,low,0,0.7613,0
Caelum-Elysium,380,0.00851,False,Caelum,Elysium,0.85,very_low,0,0.102,0
Caelum-Fenix,380,0.05524,False,Caelum,Fenix,5.52,low,0,0.6621,0
Dawn-Elysium,380,0.03138,False,Dawn,Elysium,3.14,very_low,0,0.3761,0
Dawn-Fenix,380,0.24754,False,Dawn,Fenix,24.75,high,1,2.9669,0
Elysium-Fenix,380,0.01201,False,Elysium,Fenix,1.2,very_low,0,0.1439,0
Aegis-Boreas,381,0.05615,False,Aegis,Boreas,5.62,low,0,0.673,0
Aegis-Dawn,381,0.00546,False,Aegis,Dawn,0.55,very_low,0,0.0654,0
Aegis-Elysium,381,0.0703,False,Aegis,Elysium,7.03,low,0,0.8426,0
Boreas-Dawn,381,0.02709,False,Boreas,Dawn,2.71,very_low,0,0.3247,0
Boreas-Elysium,381,0.057,False,Boreas,Elysium,5.7,low,0,0.6832,0
Boreas-Fenix,381,0.00954,False,Boreas,Fenix,0.95,very_low,0,0.1143,0
Caelum-Dawn,381,0.00869,False,Caelum,Dawn,0.87,very_low,0,0.1042,0
Caelum-Elysium,381,0.03279,False,Caelum,Elysium,3.28,very_low,0,0.393,0
Caelum-Fenix,381,0.06957,False,Caelum,Fenix,6.96,low,0,0.8338,0
Dawn-Elysium,381,0.0834330688935281,False,Dawn,Elysium,8.34,low,0,1.0,0
Dawn-Fenix,381,0.14358,False,Dawn,Fenix,14.36,medium,0,1.7209,0
Elysium-Fenix,381,0.42363,False,Elysium,Fenix,42.36,very_high,1,5.0775,0
Aegis-Boreas,382,0.0623,False,Aegis,Boreas,6.23,low,0,0.7467,0
Aegis-Dawn,382,0.11651,False,Aegis,Dawn,11.65,medium,0,1.3964,0
Aegis-Elysium,382,0.04207,False,Aegis,Elysium,4.21,very_low,0,0.5042,0
Boreas-Dawn,382,0.12076,False,Boreas,Dawn,12.08,medium,0,1.4474,0
Boreas-Elysium,382,0.09552,False,Boreas,Elysium,9.55,low,0,1.1449,0
Boreas-Fenix,382,0.11161,False,Boreas,Fenix,11.16,medium,0,1.3377,0
Caelum-Dawn,382,0.01293,False,Caelum,Dawn,1.29,very_low,0,0.155,0
Caelum-Elysium,382,0.20031,False,Caelum,Elysium,20.03,high,1,2.4008,0
Caelum-Fenix,382,0.00292,False,Caelum,Fenix,0.29,very_low,0,0.035,0
Dawn-Elysium,382,0.03959,False,Dawn,Elysium,3.96,very_low,0,0.4745,0
Dawn-Fenix,382,0.18003,False,Dawn,Fenix,18.0,medium,0,2.1578,0
Elysium-Fenix,382,0.01545,False,Elysium,Fenix,1.54,very_low,0,0.1852,0
Aegis-Boreas,383,0.00613,True,Aegis,Boreas,0.61,very_low,0,0.0735,1
Aegis-Dawn,383,0.22443,False,Aegis,Dawn,22.44,high,1,2.6899,0
Aegis-Elysium,383,0.00776,False,Aegis,Elysium,0.78,very_low,0,0.093,0
Boreas-Dawn,383,0.10241,False,Boreas,Dawn,10.24,medium,0,1.2275,0
Boreas-Elysium,383,0.17834,False,Boreas,Elysium,17.83,medium,0,2.1375,0
Boreas-Fenix,383,0.05113,False,Boreas,Fenix,5.11,low,0,0.6128,0
Caelum-Dawn,383,0.0834330688935281,False,Caelum,Dawn,8.34,low,0,1.0,0
Caelum-Elysium,383,0.02325,False,Caelum,Elysium,2.33,very_low,0,0.2787,0
Caelum-Fenix,383,0.0534,False,Caelum,Fenix,5.34,low,0,0.64,0
Dawn-Elysium,383,0.03875,False,Dawn,Elysium,3.88,very_low,0,0.4644,0
Dawn-Fenix,383,0.1609,False,Dawn,Fenix,16.09,medium,0,1.9285,0
Elysium-Fenix,383,0.14997,False,Elysium,Fenix,15.0,medium,0,1.7975,0
Aegis-Boreas,384,0.05563,False,Aegis,Boreas,5.56,low,0,0.6668,0
Aegis-Dawn,384,0.06487,False,Aegis,Dawn,6.49,low,0,0.7775,0
Aegis-Elysium,384,0.0834330688935281,False,Aegis,Elysium,8.34,low,0,1.0,0
Boreas-Dawn,384,0.02012,False,Boreas,Dawn,2.01,very_low,0,0.2412,0
Boreas-Elysium,384,0.07974,False,Boreas,Elysium,7.97,low,0,0.9557,0
Boreas-Fenix,384,0.01878,False,Boreas,Fenix,1.88,very_low,0,0.2251,0
Caelum-Dawn,384,0.08551,False,Caelum,Dawn,8.55,low,0,1.0249,0
Caelum-Elysium,384,0.16071,False,Caelum,Elysium,16.07,medium,0,1.9262,0
Caelum-Fenix,384,0.04651,False,Caelum,Fenix,4.65,very_low,0,0.5575,0
Dawn-Elysium,384,0.10106,False,Dawn,Elysium,10.11,medium,0,1.2113,0
Dawn-Fenix,384,0.07356,False,Dawn,Fenix,7.36,low,0,0.8817,0
Elysium-Fenix,384,0.1728,False,Elysium,Fenix,17.28,medium,0,2.0711,0
Aegis-Boreas,385,0.09821,False,Aegis,Boreas,9.82,low,0,1.1771,0
Aegis-Dawn,385,0.01212,True,Aegis,Dawn,1.21,very_low,0,0.1453,1
Aegis-Elysium,385,0.12557,False,Aegis,Elysium,12.56,medium,0,1.505,0
Boreas-Dawn,385,0.19645,False,Boreas,Dawn,19.65,medium,0,2.3546,0
Boreas-Elysium,385,0.0403,False,Boreas,Elysium,4.03,very_low,0,0.483,0
Boreas-Fenix,385,0.13245,False,Boreas,Fenix,13.24,medium,0,1.5875,0
Caelum-Dawn,385,0.15898,False,Caelum,Dawn,15.9,medium,0,1.9055,0
Caelum-Elysium,385,0.00205,False,Caelum,Elysium,0.2,very_low,0,0.0246,0
Caelum-Fenix,385,0.03233,False,Caelum,Fenix,3.23,very_low,0,0.3875,0
Dawn-Elysium,385,0.02015,False,Dawn,Elysium,2.02,very_low,0,0.2415,0
Dawn-Fenix,385,0.0834330688935281,False,Dawn,Fenix,8.34,low,0,1.0,0
Elysium-Fenix,385,0.12092,False,Elysium,Fenix,12.09,medium,0,1.4493,0
Aegis-Boreas,386,0.02353,False,Aegis,Boreas,2.35,very_low,0,0.282,0
Aegis-Dawn,386,0.07062,False,Aegis,Dawn,7.06,low,0,0.8464,0
Aegis-Elysium,386,0.07117,False,Aegis,Elysium,7.12,low,0,0.853,0
Boreas-Dawn,386,0.16427,False,Boreas,Dawn,16.43,medium,0,1.9689,0
Boreas-Elysium,386,0.01287,False,Boreas,Elysium,1.29,very_low,0,0.1543,0
Boreas-Fenix,386,0.0001,False,Boreas,Fenix,0.01,very_low,0,0.0012,0
Caelum-Dawn,386,0.16625,False,Caelum,Dawn,16.62,medium,0,1.9926,0
Caelum-Elysium,386,0.02802,False,Caelum,Elysium,2.8,very_low,0,0.3358,0
Caelum-Fenix,386,0.08596,True,Caelum,Fenix,8.6,low,0,1.0303,1
Dawn-Elysium,386,0.0105,False,Dawn,Elysium,1.05,very_low,0,0.1258,0
Dawn-Fenix,386,0.22456,True,Dawn,Fenix,22.46,high,1,2.6915,1
Elysium-Fenix,386,0.14214,False,Elysium,Fenix,14.21,medium,0,1.7036,0
Aegis-Boreas,387,0.04404,False,Aegis,Boreas,4.4,very_low,0,0.5278,0
Aegis-Dawn,387,0.15016,False,Aegis,Dawn,15.02,medium,0,1.7998,0
Aegis-Elysium,387,0.05427,False,Aegis,Elysium,5.43,low,0,0.6505,0
Boreas-Dawn,387,0.03526,False,Boreas,Dawn,3.53,very_low,0,0.4226,0
Boreas-Elysium,387,0.06134,False,Boreas,Elysium,6.13,low,0,0.7352,0
Boreas-Fenix,387,0.01225,True,Boreas,Fenix,1.23,very_low,0,0.1468,1
Caelum-Dawn,387,0.05029,False,Caelum,Dawn,5.03,low,0,0.6028,0
Caelum-Elysium,387,0.15557,True,Caelum,Elysium,15.56,medium,0,1.8646,1
Caelum-Fenix,387,0.06101,False,Caelum,Fenix,6.1,low,0,0.7312,0
Dawn-Elysium,387,0.03928,False,Dawn,Elysium,3.93,very_low,0,0.4708,0
Dawn-Fenix,387,0.07521,False,Dawn,Fenix,7.52,low,0,0.9014,0
Elysium-Fenix,387,0.26132,False,Elysium,Fenix,26.13,high,1,3.1321,0
Aegis-Boreas,388,0.06189,False,Aegis,Boreas,6.19,low,0,0.7418,0
Aegis-Dawn,388,0.06781,False,Aegis,Dawn,6.78,low,0,0.8127,0
Aegis-Elysium,388,0.15206,True,Aegis,Elysium,15.21,medium,0,1.8225,1
Boreas-Dawn,388,0.15662,False,Boreas,Dawn,15.66,medium,0,1.8772,0
Boreas-Elysium,388,0.07193,False,Boreas,Elysium,7.19,low,0,0.8621,0
Boreas-Fenix,388,0.01593,False,Boreas,Fenix,1.59,very_low,0,0.1909,0
Caelum-Dawn,388,0.11066,False,Caelum,Dawn,11.07,medium,0,1.3263,0
Caelum-Elysium,388,0.03266,False,Caelum,Elysium,3.27,very_low,0,0.3915,0
Caelum-Fenix,388,0.01633,False,Caelum,Fenix,1.63,very_low,0,0.1957,0
Dawn-Elysium,388,0.18085,False,Dawn,Elysium,18.08,medium,0,2.1676,0
Dawn-Fenix,388,0.06009,False,Dawn,Fenix,6.01,low,0,0.7202,0
Elysium-Fenix,388,0.07318,False,Elysium,Fenix,7.32,low,0,0.8771,0
Aegis-Boreas,389,0.09166,False,Aegis,Boreas,9.17,low,0,1.0986,0
Aegis-Dawn,389,0.22388,False,Aegis,Dawn,22.39,high,1,2.6833,0
Aegis-Elysium,389,0.03968,False,Aegis,Elysium,3.97,very_low,0,0.4756,0
Boreas-Dawn,389,0.07759,False,Boreas,Dawn,7.76,low,0,0.93,0
Boreas-Elysium,389,0.0882,False,Boreas,Elysium,8.82,low,0,1.0571,0
Boreas-Fenix,389,0.00823,False,Boreas,Fenix,0.82,very_low,0,0.0986,0
Caelum-Dawn,389,0.00467,False,Caelum,Dawn,0.47,very_low,0,0.056,0
Caelum-Elysium,389,0.18789,False,Caelum,Elysium,18.79,medium,0,2.252,0
Caelum-Fenix,389,0.02244,False,Caelum,Fenix,2.24,very_low,0,0.269,0
Dawn-Elysium,389,0.1268,False,Dawn,Elysium,12.68,medium,0,1.5198,0
Dawn-Fenix,389,0.0642,False,Dawn,Fenix,6.42,low,0,0.7695,0
Elysium-Fenix,389,0.06475,False,Elysium,Fenix,6.48,low,0,0.7761,0
Aegis-Boreas,390,0.07844,False,Aegis,Boreas,7.84,low,0,0.9402,0
Aegis-Dawn,390,0.18286,True,Aegis,Dawn,18.29,medium,0,2.1917,1
Aegis-Elysium,390,0.18424,False,Aegis,Elysium,18.42,medium,0,2.2082,0
Boreas-Dawn,390,0.06971,False,Boreas,Dawn,6.97,low,0,0.8355,0
Boreas-Elysium,390,0.05816,False,Boreas,Elysium,5.82,low,0,0.6971,0
Boreas-Fenix,390,0.12444,False,Boreas,Fenix,12.44,medium,0,1.4915,0
Caelum-Dawn,390,0.01251,False,Caelum,Dawn,1.25,very_low,0,0.1499,0
Caelum-Elysium,390,0.02525,False,Caelum,Elysium,2.53,very_low,0,0.3026,0
Caelum-Fenix,390,0.02187,False,Caelum,Fenix,2.19,very_low,0,0.2621,0
Dawn-Elysium,390,0.08557,False,Dawn,Elysium,8.56,low,0,1.0256,0
Dawn-Fenix,390,0.00861,False,Dawn,Fenix,0.86,very_low,0,0.1032,0
Elysium-Fenix,390,0.0834330688935281,False,Elysium,Fenix,8.34,low,0,1.0,0
Aegis-Boreas,391,0.07589,False,Aegis,Boreas,7.59,low,0,0.9096,0
Aegis-Dawn,391,0.07687,False,Aegis,Dawn,7.69,low,0,0.9213,0
Aegis-Elysium,391,0.01978,False,Aegis,Elysium,1.98,very_low,0,0.2371,0
Boreas-Dawn,391,0.14718,False,Boreas,Dawn,14.72,medium,0,1.764,0
Boreas-Elysium,391,0.04759,False,Boreas,Elysium,4.76,very_low,0,0.5704,0
Boreas-Fenix,391,0.06811,True,Boreas,Fenix,6.81,low,0,0.8163,1
Caelum-Dawn,391,0.08005,True,Caelum,Dawn,8.0,low,0,0.9595,1
Caelum-Elysium,391,0.24489,False,Caelum,Elysium,24.49,high,1,2.9352,0
Caelum-Fenix,391,0.19437,False,Caelum,Fenix,19.44,medium,0,2.3297,0
Dawn-Elysium,391,0.02474,False,Dawn,Elysium,2.47,very_low,0,0.2965,0
Dawn-Fenix,391,0.01776,True,Dawn,Fenix,1.78,very_low,0,0.2129,1
Elysium-Fenix,391,0.00278,False,Elysium,Fenix,0.28,very_low,0,0.0333,0
Aegis-Boreas,392,0.03494,False,Aegis,Boreas,3.49,very_low,0,0.4188,0
Aegis-Dawn,392,0.01398,False,Aegis,Dawn,1.4,very_low,0,0.1676,0
Aegis-Elysium,392,0.13886,False,Aegis,Elysium,13.89,medium,0,1.6643,0
Boreas-Dawn,392,0.05754,False,Boreas,Dawn,5.75,low,0,0.6897,0
Boreas-Elysium,392,0.02368,False,Boreas,Elysium,2.37,very_low,0,0.2838,0
Boreas-Fenix,392,0.06103,False,Boreas,Fenix,6.1,low,0,0.7315,0
Caelum-Dawn,392,0.16954,False,Caelum,Dawn,16.95,medium,0,2.032,0
Caelum-Elysium,392,0.13611,False,Caelum,Elysium,13.61,medium,0,1.6314,0
Caelum-Fenix,392,0.04117,False,Caelum,Fenix,4.12,very_low,0,0.4934,0
Dawn-Elysium,392,0.07599,False,Dawn,Elysium,7.6,low,0,0.9108,0
Dawn-Fenix,392,0.11988,False,Dawn,Fenix,11.99,medium,0,1.4368,0
Elysium-Fenix,392,0.12729,False,Elysium,Fenix,12.73,medium,0,1.5257,0
Aegis-Boreas,393,0.10956,True,Aegis,Boreas,10.96,medium,0,1.3131,1
Aegis-Dawn,393,0.04636,False,Aegis,Dawn,4.64,very_low,0,0.5557,0
Aegis-Elysium,393,0.09979,False,Aegis,Elysium,9.98,low,0,1.196,0
Boreas-Dawn,393,0.21277,False,Boreas,Dawn,21.28,high,1,2.5502,0
Boreas-Elysium,393,0.142,False,Boreas,Elysium,14.2,medium,0,1.702,0
Boreas-Fenix,393,0.01441,False,Boreas,Fenix,1.44,very_low,0,0.1727,0
Caelum-Dawn,393,0.01223,False,Caelum,Dawn,1.22,very_low,0,0.1466,0
Caelum-Elysium,393,0.0561,False,Caelum,Elysium,5.61,low,0,0.6724,0
Caelum-Fenix,393,0.07179,False,Caelum,Fenix,7.18,low,0,0.8605,0
Dawn-Elysium,393,0.10081,True,Dawn,Elysium,10.08,medium,0,1.2083,1
Dawn-Fenix,393,0.07764,False,Dawn,Fenix,7.76,low,0,0.9306,0
Elysium-Fenix,393,0.05654,False,Elysium,Fenix,5.65,low,0,0.6777,0
Aegis-Boreas,394,0.22476,True,Aegis,Boreas,22.48,high,1,2.6939,1
Aegis-Dawn,394,0.05757,False,Aegis,Dawn,5.76,low,0,0.69,0
Aegis-Elysium,394,0.0008,True,Aegis,Elysium,0.08,very_low,0,0.0096,1
Boreas-Dawn,394,0.08807,False,Boreas,Dawn,8.81,low,0,1.0556,0
Boreas-Elysium,394,0.00719,False,Boreas,Elysium,0.72,very_low,0,0.0862,0
Boreas-Fenix,394,0.13209,False,Boreas,Fenix,13.21,medium,0,1.5832,0
Caelum-Dawn,394,0.02892,False,Caelum,Dawn,2.89,very_low,0,0.3466,0
Caelum-Elysium,394,0.01151,False,Caelum,Elysium,1.15,very_low,0,0.138,0
Caelum-Fenix,394,0.02501,False,Caelum,Fenix,2.5,very_low,0,0.2998,0
Dawn-Elysium,394,0.28507,False,Dawn,Elysium,28.51,high,1,3.4168,0
Dawn-Fenix,394,0.07433,False,Dawn,Fenix,7.43,low,0,0.8909,0
Elysium-Fenix,394,0.0834330688935281,False,Elysium,Fenix,8.34,low,0,1.0,0
Aegis-Boreas,395,0.01457,False,Aegis,Boreas,1.46,very_low,0,0.1746,0
Aegis-Dawn,395,0.26552,False,Aegis,Dawn,26.55,high,1,3.1824,0
Aegis-Elysium,395,0.07713,False,Aegis,Elysium,7.71,low,0,0.9245,0
Boreas-Dawn,395,0.215,False,Boreas,Dawn,21.5,high,1,2.5769,0
Boreas-Elysium,395,0.04712,False,Boreas,Elysium,4.71,very_low,0,0.5648,0
Boreas-Fenix,395,0.01901,False,Boreas,Fenix,1.9,very_low,0,0.2278,0
Caelum-Dawn,395,0.01387,False,Caelum,Dawn,1.39,very_low,0,0.1662,0
Caelum-Elysium,395,0.1176,False,Caelum,Elysium,11.76,medium,0,1.4095,0
Caelum-Fenix,395,0.00417,True,Caelum,Fenix,0.42,very_low,0,0.05,1
Dawn-Elysium,395,0.09212,False,Dawn,Elysium,9.21,low,0,1.1041,0
Dawn-Fenix,395,0.01255,False,Dawn,Fenix,1.26,very_low,0,0.1504,0
Elysium-Fenix,395,0.12133,False,Elysium,Fenix,12.13,medium,0,1.4542,0
Aegis-Boreas,396,0.01732,False,Aegis,Boreas,1.73,very_low,0,0.2076,0
Aegis-Dawn,396,0.14287,False,Aegis,Dawn,14.29,medium,0,1.7124,0
Aegis-Elysium,396,0.01904,False,Aegis,Elysium,1.9,very_low,0,0.2282,0
Boreas-Dawn,396,0.04395,False,Boreas,Dawn,4.4,very_low,0,0.5268,0
Boreas-Elysium,396,0.09732,False,Boreas,Elysium,9.73,low,0,1.1664,0
Boreas-Fenix,396,0.02942,False,Boreas,Fenix,2.94,very_low,0,0.3526,0
Caelum-Dawn,396,0.09801,False,Caelum,Dawn,9.8,low,0,1.1747,0
Caelum-Elysium,396,0.38361,False,Caelum,Elysium,38.36,very_high,1,4.5978,0
Caelum-Fenix,396,0.02598,False,Caelum,Fenix,2.6,very_low,0,0.3114,0
Dawn-Elysium,396,0.0298,False,Dawn,Elysium,2.98,very_low,0,0.3572,0
Dawn-Fenix,396,0.0834330688935281,True,Dawn,Fenix,8.34,low,0,1.0,1
Elysium-Fenix,396,0.08448,False,Elysium,Fenix,8.45,low,0,1.0125,0
Aegis-Boreas,397,0.02808,False,Aegis,Boreas,2.81,very_low,0,0.3366,0
Aegis-Dawn,397,0.11527,False,Aegis,Dawn,11.53,medium,0,1.3816,0
Aegis-Elysium,397,0.02704,False,Aegis,Elysium,2.7,very_low,0,0.3241,0
Boreas-Dawn,397,0.11795,False,Boreas,Dawn,11.8,medium,0,1.4137,0
Boreas-Elysium,397,0.14936,True,Boreas,Elysium,14.94,medium,0,1.7902,1
Boreas-Fenix,397,0.00453,False,Boreas,Fenix,0.45,very_low,0,0.0543,0
Caelum-Dawn,397,0.0834330688935281,False,Caelum,Dawn,8.34,low,0,1.0,0
Caelum-Elysium,397,0.00646,False,Caelum,Elysium,0.65,very_low,0,0.0774,0
Caelum-Fenix,397,0.08517,False,Caelum,Fenix,8.52,low,0,1.0208,0
Dawn-Elysium,397,0.02348,False,Dawn,Elysium,2.35,very_low,0,0.2814,0
Dawn-Fenix,397,0.03067,False,Dawn,Fenix,3.07,very_low,0,0.3676,0
Elysium-Fenix,397,0.17469,False,Elysium,Fenix,17.47,medium,0,2.0938,0
Aegis-Boreas,398,0.06222,False,Aegis,Boreas,6.22,low,0,0.7457,0
Aegis-Dawn,398,0.0618,False,Aegis,Dawn,6.18,low,0,0.7407,0
Aegis-Elysium,398,0.02737,False,Aegis,Elysium,2.74,very_low,0,0.328,0
Boreas-Dawn,398,0.04974,False,Boreas,Dawn,4.97,very_low,0,0.5962,0
Boreas-Elysium,398,0.01886,True,Boreas,Elysium,1.89,very_low,0,0.226,1
Boreas-Fenix,398,0.13355,False,Boreas,Fenix,13.36,medium,0,1.6007,0
Caelum-Dawn,398,0.07295,False,Caelum,Dawn,7.3,low,0,0.8744,0
Caelum-Elysium,398,0.22576,False,Caelum,Elysium,22.58,high,1,2.7059,0
Caelum-Fenix,398,0.05925,False,Caelum,Fenix,5.92,low,0,0.7102,0
Dawn-Elysium,398,0.10451,False,Dawn,Elysium,10.45,medium,0,1.2526,0
Dawn-Fenix,398,0.15662,False,Dawn,Fenix,15.66,medium,0,1.8772,0
Elysium-Fenix,398,0.02738,False,Elysium,Fenix,2.74,very_low,0,0.3282,0
Aegis-Boreas,399,0.20985,False,Aegis,Boreas,20.98,high,1,2.5152,0
Aegis-Dawn,399,0.09659,False,Aegis,Dawn,9.66,low,0,1.1577,0
Aegis-Elysium,399,0.05135,False,Aegis,Elysium,5.14,low,0,0.6155,0
Boreas-Dawn,399,0.02718,False,Boreas,Dawn,2.72,very_low,0,0.3258,0
Boreas-Elysium,399,0.03605,False,Boreas,Elysium,3.6,very_low,0,0.4321,0
Boreas-Fenix,399,0.05732,False,Boreas,Fenix,5.73,low,0,0.687,0
Caelum-Dawn,399,0.1782,False,Caelum,Dawn,17.82,medium,0,2.1358,0
Caelum-Elysium,399,0.0297,False,Caelum,Elysium,2.97,very_low,0,0.356,0
Caelum-Fenix,399,0.03061,False,Caelum,Fenix,3.06,very_low,0,0.3669,0
Dawn-Elysium,399,0.04575,False,Dawn,Elysium,4.58,very_low,0,0.5483,0
Dawn-Fenix,399,0.11436,False,Dawn,Fenix,11.44,medium,0,1.3707,0
Elysium-Fenix,399,0.12304,False,Elysium,Fenix,12.3,medium,0,1.4747,0
Aegis-Boreas,400,0.0547,False,Aegis,Boreas,5.47,low,0,0.6556,0
Aegis-Dawn,400,0.06449,False,Aegis,Dawn,6.45,low,0,0.773,0
Aegis-Elysium,400,0.04137,False,Aegis,Elysium,4.14,very_low,0,0.4958,0
Boreas-Dawn,400,0.01753,False,Boreas,Dawn,1.75,very_low,0,0.2101,0
Boreas-Elysium,400,0.14919,False,Boreas,Elysium,14.92,medium,0,1.7881,0
Boreas-Fenix,400,0.05181,False,Boreas,Fenix,5.18,low,0,0.621,0
Caelum-Dawn,400,0.0232,False,Caelum,Dawn,2.32,very_low,0,0.2781,0
Caelum-Elysium,400,0.05122,False,Caelum,Elysium,5.12,low,0,0.6139,0
Caelum-Fenix,400,0.03786,False,Caelum,Fenix,3.79,very_low,0,0.4538,0
Dawn-Elysium,400,0.01674,False,Dawn,Elysium,1.67,very_low,0,0.2006,0
Dawn-Fenix,400,0.0834330688935281,False,Dawn,Fenix,8.34,low,0,1.0,0
Elysium-Fenix,400,0.4622,False,Elysium,Fenix,46.22,very_high,1,5.5398,0
Aegis-Boreas,401,0.11984,False,Aegis,Boreas,11.98,medium,0,1.4364,0
Aegis-Dawn,401,0.02406,False,Aegis,Dawn,2.41,very_low,0,0.2884,0
Aegis-Elysium,401,0.22598,False,Aegis,Elysium,22.6,high,1,2.7085,0
Boreas-Dawn,401,0.0045,False,Boreas,Dawn,0.45,very_low,0,0.0539,0
Boreas-Elysium,401,0.15746,False,Boreas,Elysium,15.75,medium,0,1.8873,0
Boreas-Fenix,401,0.08735,False,Boreas,Fenix,8.74,low,0,1.0469,0
Caelum-Dawn,401,0.20441,True,Caelum,Dawn,20.44,high,1,2.45,1
Caelum-Elysium,401,0.06863,False,Caelum,Elysium,6.86,low,0,0.8226,0
Caelum-Fenix,401,0.01825,False,Caelum,Fenix,1.82,very_low,0,0.2187,0
Dawn-Elysium,401,0.03824,False,Dawn,Elysium,3.82,very_low,0,0.4583,0
Dawn-Fenix,401,0.01926,False,Dawn,Fenix,1.93,very_low,0,0.2308,0
Elysium-Fenix,401,0.03202,False,Elysium,Fenix,3.2,very_low,0,0.3838,0
Aegis-Boreas,402,0.05869,False,Aegis,Boreas,5.87,low,0,0.7034,0
Aegis-Dawn,402,0.12838,False,Aegis,Dawn,12.84,medium,0,1.5387,0
Aegis-Elysium,402,0.12017,False,Aegis,Elysium,12.02,medium,0,1.4403,0
Boreas-Dawn,402,0.03071,False,Boreas,Dawn,3.07,very_low,0,0.3681,0
Boreas-Elysium,402,0.10824,False,Boreas,Elysium,10.82,medium,0,1.2973,0
Boreas-Fenix,402,0.20344,False,Boreas,Fenix,20.34,high,1,2.4384,0
Caelum-Dawn,402,0.04259,False,Caelum,Dawn,4.26,very_low,0,0.5105,0
Caelum-Elysium,402,0.04113,False,Caelum,Elysium,4.11,very_low,0,0.493,0
Caelum-Fenix,402,0.07434,False,Caelum,Fenix,7.43,low,0,0.891,0
Dawn-Elysium,402,0.00852,True,Dawn,Elysium,0.85,very_low,0,0.1021,1
Dawn-Fenix,402,0.13406,False,Dawn,Fenix,13.41,medium,0,1.6068,0
Elysium-Fenix,402,0.04974,False,Elysium,Fenix,4.97,very_low,0,0.5962,0
Aegis-Boreas,403,0.04433,False,Aegis,Boreas,4.43,very_low,0,0.5313,0
Aegis-Dawn,403,0.37907,True,Aegis,Dawn,37.91,very_high,1,4.5434,1
Aegis-Elysium,403,0.05364,False,Aegis,Elysium,5.36,low,0,0.6429,0
Boreas-Dawn,403,0.0162,False,Boreas,Dawn,1.62,very_low,0,0.1942,0
Boreas-Elysium,403,0.09784,False,Boreas,Elysium,9.78,low,0,1.1727,0
Boreas-Fenix,403,0.0084,False,Boreas,Fenix,0.84,very_low,0,0.1007,0
Caelum-Dawn,403,0.08375,False,Caelum,Dawn,8.38,low,0,1.0038,0
Caelum-Elysium,403,0.05563,False,Caelum,Elysium,5.56,low,0,0.6668,0
Caelum-Fenix,403,0.0242,False,Caelum,Fenix,2.42,very_low,0,0.2901,0
Dawn-Elysium,403,0.0391,False,Dawn,Elysium,3.91,very_low,0,0.4686,0
Dawn-Fenix,403,0.14857,False,Dawn,Fenix,14.86,medium,0,1.7807,0
Elysium-Fenix,403,0.0834330688935281,False,Elysium,Fenix,8.34,low,0,1.0,0
Aegis-Boreas,404,0.0804,False,Aegis,Boreas,8.04,low,0,0.9636,0
Aegis-Dawn,404,0.08923,False,Aegis,Dawn,8.92,low,0,1.0695,0
Aegis-Elysium,404,0.1191,False,Aegis,Elysium,11.91,medium,0,1.4275,0
Boreas-Dawn,404,0.09877,False,Boreas,Dawn,9.88,low,0,1.1838,0
Boreas-Elysium,404,0.05434,False,Boreas,Elysium,5.43,low,0,0.6513,0
Boreas-Fenix,404,0.15039,False,Boreas,Fenix,15.04,medium,0,1.8025,0
Caelum-Dawn,404,0.00948,False,Caelum,Dawn,0.95,very_low,0,0.1136,0
Caelum-Elysium,404,0.19442,False,Caelum,Elysium,19.44,medium,0,2.3303,0
Caelum-Fenix,404,0.02537,False,Caelum,Fenix,2.54,very_low,0,0.3041,0
Dawn-Elysium,404,0.01427,False,Dawn,Elysium,1.43,very_low,0,0.171,0
Dawn-Fenix,404,0.03789,False,Dawn,Fenix,3.79,very_low,0,0.4541,0
Elysium-Fenix,404,0.12635,False,Elysium,Fenix,12.64,medium,0,1.5144,0
Aegis-Boreas,405,0.03262,False,Aegis,Boreas,3.26,very_low,0,0.391,0
Aegis-Dawn,405,0.00212,False,Aegis,Dawn,0.21,very_low,0,0.0254,0
Aegis-Elysium,405,0.03898,False,Aegis,Elysium,3.9,very_low,0,0.4672,0
Boreas-Dawn,405,0.13346,False,Boreas,Dawn,13.35,medium,0,1.5996,0
Boreas-Elysium,405,0.01569,False,Boreas,Elysium,1.57,very_low,0,0.1881,0
Boreas-Fenix,405,0.13806,False,Boreas,Fenix,13.81,medium,0,1.6547,0
Caelum-Dawn,405,0.05986,False,Caelum,Dawn,5.99,low,0,0.7175,0
Caelum-Elysium,405,0.20764,False,Caelum,Elysium,20.76,high,1,2.4887,0
Caelum-Fenix,405,0.0834330688935281,False,Caelum,Fenix,8.34,low,0,1.0,0
Dawn-Elysium,405,0.0962,False,Dawn,Elysium,9.62,low,0,1.153,0
Dawn-Fenix,405,0.01311,False,Dawn,Fenix,1.31,very_low,0,0.1571,0
Elysium-Fenix,405,0.21908,False,Elysium,Fenix,21.91,high,1,2.6258,0
Aegis-Boreas,406,0.08139,False,Aegis,Boreas,8.14,low,0,0.9755,0
Aegis-Dawn,406,0.12674,True,Aegis,Dawn,12.67,medium,0,1.5191,1
Aegis-Elysium,406,0.02945,False,Aegis,Elysium,2.94,very_low,0,0.353,0
Boreas-Dawn,406,0.12833,False,Boreas,Dawn,12.83,medium,0,1.5381,0
Boreas-Elysium,406,0.09947,False,Boreas,Elysium,9.95,low,0,1.1922,0
Boreas-Fenix,406,0.05071,False,Boreas,Fenix,5.07,low,0,0.6078,0
Caelum-Dawn,406,0.11673,False,Caelum,Dawn,11.67,medium,0,1.3991,0
Caelum-Elysium,406,0.09485,False,Caelum,Elysium,9.49,low,0,1.1368,0
Caelum-Fenix,406,0.07044,False,Caelum,Fenix,7.04,low,0,0.8443,0
Dawn-Elysium,406,0.11197,False,Dawn,Elysium,11.2,medium,0,1.342,0
Dawn-Fenix,406,0.0734,False,Dawn,Fenix,7.34,low,0,0.8797,0
Elysium-Fenix,406,0.01651,False,Elysium,Fenix,1.65,very_low,0,0.1979,0
Aegis-Boreas,407,0.00892,False,Aegis,Boreas,0.89,very_low,0,0.1069,0
Aegis-Dawn,407,0.15686,False,Aegis,Dawn,15.69,medium,0,1.8801,0
Aegis-Elysium,407,0.12843,True,Aegis,Elysium,12.84,medium,0,1.5393,1
Boreas-Dawn,407,0.05113,False,Boreas,Dawn,5.11,low,0,0.6128,0
Boreas-Elysium,407,0.1421,False,Boreas,Elysium,14.21,medium,0,1.7032,0
Boreas-Fenix,407,0.00594,False,Boreas,Fenix,0.59,very_low,0,0.0712,0
Caelum-Dawn,407,0.07498,False,Caelum,Dawn,7.5,low,0,0.8987,0
Caelum-Elysium,407,0.09199,True,Caelum,Elysium,9.2,low,0,1.1026,1
Caelum-Fenix,407,0.03161,False,Caelum,Fenix,3.16,very_low,0,0.3789,0
Dawn-Elysium,407,0.0423,False,Dawn,Elysium,4.23,very_low,0,0.507,0
Dawn-Fenix,407,0.11038,False,Dawn,Fenix,11.04,medium,0,1.323,0
Elysium-Fenix,407,0.15536,False,Elysium,Fenix,15.54,medium,0,1.8621,0
Aegis-Boreas,408,0.01328,False,Aegis,Boreas,1.33,very_low,0,0.1592,0
Aegis-Dawn,408,0.03098,False,Aegis,Dawn,3.1,very_low,0,0.3713,0
Aegis-Elysium,408,0.12174,False,Aegis,Elysium,12.17,medium,0,1.4591,0
Boreas-Dawn,408,0.03918,True,Boreas,Dawn,3.92,very_low,0,0.4696,1
Boreas-Elysium,408,0.22032,False,Boreas,Elysium,22.03,high,1,2.6407,0
Boreas-Fenix,408,0.03454,False,Boreas,Fenix,3.45,very_low,0,0.414,0
Caelum-Dawn,408,0.09881,False,Caelum,Dawn,9.88,low,0,1.1843,0
Caelum-Elysium,408,0.0834330688935281,False,Caelum,Elysium,8.34,low,0,1.0,0
Caelum-Fenix,408,0.17806,False,Caelum,Fenix,17.81,medium,0,2.1342,0
Dawn-Elysium,408,0.13527,True,Dawn,Elysium,13.53,medium,0,1.6213,1
Dawn-Fenix,408,0.0834330688935281,False,Dawn,Fenix,8.34,low,0,1.0,0
Elysium-Fenix,408,0.02397,False,Elysium,Fenix,2.4,very_low,0,0.2873,0
Aegis-Boreas,409,0.11104,False,Aegis,Boreas,11.1,medium,0,1.3309,0
Aegis-Dawn,409,0.00774,False,Aegis,Dawn,0.77,very_low,0,0.0928,0
Aegis-Elysium,409,0.04178,False,Aegis,Elysium,4.18,very_low,0,0.5008,0
Boreas-Dawn,409,0.07348,False,Boreas,Dawn,7.35,low,0,0.8807,0
Boreas-Elysium,409,0.01939,False,Boreas,Elysium,1.94,very_low,0,0.2324,0
Boreas-Fenix,409,0.0834330688935281,False,Boreas,Fenix,8.34,low,0,1.0,0
Caelum-Dawn,409,0.04532,False,Caelum,Dawn,4.53,very_low,0,0.5432,0
Caelum-Elysium,409,0.09044,False,Caelum,Elysium,9.04,low,0,1.084,0
Caelum-Fenix,409,0.24828,False,Caelum,Fenix,24.83,high,1,2.9758,0
Dawn-Elysium,409,0.20837,False,Dawn,Elysium,20.84,high,1,2.4975,0
Dawn-Fenix,409,0.03775,False,Dawn,Fenix,3.78,very_low,0,0.4525,0
Elysium-Fenix,409,0.0387,False,Elysium,Fenix,3.87,very_low,0,0.4638,0
Aegis-Boreas,410,0.07792,False,Aegis,Boreas,7.79,low,0,0.9339,0
Aegis-Dawn,410,0.03491,False,Aegis,Dawn,3.49,very_low,0,0.4184,0
Aegis-Elysium,410,0.02412,False,Aegis,Elysium,2.41,very_low,0,0.2891,0
Boreas-Dawn,410,0.09338,False,Boreas,Dawn,9.34,low,0,1.1192,0
Boreas-Elysium,410,0.0296,False,Boreas,Elysium,2.96,very_low,0,0.3548,0
Boreas-Fenix,410,0.15559,False,Boreas,Fenix,15.56,medium,0,1.8648,0
Caelum-Dawn,410,0.00574,False,Caelum,Dawn,0.57,very_low,0,0.0688,0
Caelum-Elysium,410,0.03563,False,Caelum,Elysium,3.56,very_low,0,0.427,0
Caelum-Fenix,410,0.05401,False,Caelum,Fenix,5.4,low,0,0.6473,0
Dawn-Elysium,410,0.12612,False,Dawn,Elysium,12.61,medium,0,1.5116,0
Dawn-Fenix,410,0.14275,False,Dawn,Fenix,14.27,medium,0,1.711,0
Elysium-Fenix,410,0.22022,False,Elysium,Fenix,22.02,high,1,2.6395,0
Aegis-Boreas,411,0.03943,False,Aegis,Boreas,3.94,very_low,0,0.4726,0
Aegis-Dawn,411,0.0834330688935281,False,Aegis,Dawn,8.34,low,0,1.0,0
Aegis-Elysium,411,0.20168,False,Aegis,Elysium,20.17,high,1,2.4173,0
Boreas-Dawn,411,0.03161,False,Boreas,Dawn,3.16,very_low,0,0.3789,0
Boreas-Elysium,411,0.06993,False,Boreas,Elysium,6.99,low,0,0.8382,0
Boreas-Fenix,411,0.12628,False,Boreas,Fenix,12.63,medium,0,1.5135,0
Caelum-Dawn,411,0.0056,False,Caelum,Dawn,0.56,very_low,0,0.0671,0
Caelum-Elysium,411,0.05566,False,Caelum,Elysium,5.57,low,0,0.6671,0
Caelum-Fenix,411,0.15276,False,Caelum,Fenix,15.28,medium,0,1.8309,0
Dawn-Elysium,411,0.15819,True,Dawn,Elysium,15.82,medium,0,1.896,1
Dawn-Fenix,411,0.09559,False,Dawn,Fenix,9.56,low,0,1.1457,0
Elysium-Fenix,411,0.02005,False,Elysium,Fenix,2.0,very_low,0,0.2403,0
Aegis-Boreas,412,0.01574,False,Aegis,Boreas,1.57,very_low,0,0.1887,0
Aegis-Dawn,412,0.00196,False,Aegis,Dawn,0.2,very_low,0,0.0235,0
Aegis-Elysium,412,0.04503,False,Aegis,Elysium,4.5,very_low,0,0.5397,0
Boreas-Dawn,412,0.03355,False,Boreas,Dawn,3.36,very_low,0,0.4021,0
Boreas-Elysium,412,0.01616,False,Boreas,Elysium,1.62,very_low,0,0.1937,0
Boreas-Fenix,412,0.05903,False,Boreas,Fenix,5.9,low,0,0.7075,0
Caelum-Dawn,412,0.43848,False,Caelum,Dawn,43.85,very_high,1,5.2555,0
Caelum-Elysium,412,0.0305,False,Caelum,Elysium,3.05,very_low,0,0.3656,0
Caelum-Fenix,412,0.02337,False,Caelum,Fenix,2.34,very_low,0,0.2801,0
Dawn-Elysium,412,0.12963,False,Dawn,Elysium,12.96,medium,0,1.5537,0
Dawn-Fenix,412,0.17084,False,Dawn,Fenix,17.08,medium,0,2.0476,0
Elysium-Fenix,412,0.0357,False,Elysium,Fenix,3.57,very_low,0,0.4279,0
Aegis-Boreas,413,0.09343,False,Aegis,Boreas,9.34,low,0,1.1198,0
Aegis-Dawn,413,0.11495,False,Aegis,Dawn,11.5,medium,0,1.3778,0
Aegis-Elysium,413,0.00154,False,Aegis,Elysium,0.15,very_low,0,0.0185,0
Boreas-Dawn,413,0.00709,False,Boreas,Dawn,0.71,very_low,0,0.085,0
Boreas-Elysium,413,0.04107,False,Boreas,Elysium,4.11,very_low,0,0.4923,0
Boreas-Fenix,413,0.13821,False,Boreas,Fenix,13.82,medium,0,1.6565,0
Caelum-Dawn,413,0.05772,False,Caelum,Dawn,5.77,low,0,0.6918,0
Caelum-Elysium,413,0.19851,False,Caelum,Elysium,19.85,medium,0,2.3793,0
Caelum-Fenix,413,0.13422,False,Caelum,Fenix,13.42,medium,0,1.6087,0
Dawn-Elysium,413,0.00333,False,Dawn,Elysium,0.33,very_low,0,0.0399,0
Dawn-Fenix,413,0.03732,False,Dawn,Fenix,3.73,very_low,0,0.4473,0
Elysium-Fenix,413,0.1726,False,Elysium,Fenix,17.26,medium,0,2.0687,0
Aegis-Boreas,414,0.08627,False,Aegis,Boreas,8.63,low,0,1.034,0
Aegis-Dawn,414,0.03266,False,Aegis,Dawn,3.27,very_low,0,0.3915,0
Aegis-Elysium,414,0.16423,True,Aegis,Elysium,16.42,medium,0,1.9684,1
Boreas-Dawn,414,0.14793,False,Boreas,Dawn,14.79,medium,0,1.773,0
Boreas-Elysium,414,0.0033,False,Boreas,Elysium,0.33,very_low,0,0.0396,0
Boreas-Fenix,414,0.0275,False,Boreas,Fenix,2.75,very_low,0,0.3296,0
Caelum-Dawn,414,0.0834330688935281,False,Caelum,Dawn,8.34,low,0,1.0,0
Caelum-Elysium,414,0.13281,False,Caelum,Elysium,13.28,medium,0,1.5918,0
Caelum-Fenix,414,0.17474,False,Caelum,Fenix,17.47,medium,0,2.0944,0
Dawn-Elysium,414,0.0834330688935281,False,Dawn,Elysium,8.34,low,0,1.0,0
Dawn-Fenix,414,0.01103,False,Dawn,Fenix,1.1,very_low,0,0.1322,0
Elysium-Fenix,414,0.02481,False,Elysium,Fenix,2.48,very_low,0,0.2974,0
Aegis-Boreas,415,0.00934,False,Aegis,Boreas,0.93,very_low,0,0.1119,0
Aegis-Dawn,415,0.2801,True,Aegis,Dawn,28.01,high,1,3.3572,1
Aegis-Elysium,415,0.06708,False,Aegis,Elysium,6.71,low,0,0.804,0
Boreas-Dawn,415,0.01576,False,Boreas,Dawn,1.58,very_low,0,0.1889,0
Boreas-Elysium,415,0.12771,False,Boreas,Elysium,12.77,medium,0,1.5307,0
Boreas-Fenix,415,0.02447,False,Boreas,Fenix,2.45,very_low,0,0.2933,0
Caelum-Dawn,415,0.16642,False,Caelum,Dawn,16.64,medium,0,1.9947,0
Caelum-Elysium,415,0.02592,False,Caelum,Elysium,2.59,very_low,0,0.3107,0
Caelum-Fenix,415,0.10729,False,Caelum,Fenix,10.73,medium,0,1.2859,0
Dawn-Elysium,415,0.01479,False,Dawn,Elysium,1.48,very_low,0,0.1773,0
Dawn-Fenix,415,0.02498,False,Dawn,Fenix,2.5,very_low,0,0.2994,0
Elysium-Fenix,415,0.13614,True,Elysium,Fenix,13.61,medium,0,1.6317,1
Aegis-Boreas,416,0.14367,False,Aegis,Boreas,14.37,medium,0,1.722,0
Aegis-Dawn,416,0.02144,True,Aegis,Dawn,2.14,very_low,0,0.257,1
Aegis-Elysium,416,0.01251,False,Aegis,Elysium,1.25,very_low,0,0.1499,0
Boreas-Dawn,416,0.01717,False,Boreas,Dawn,1.72,very_low,0,0.2058,0
Boreas-Elysium,416,0.01242,False,Boreas,Elysium,1.24,very_low,0,0.1489,0
Boreas-Fenix,416,0.00675,False,Boreas,Fenix,0.68,very_low,0,0.0809,0
Caelum-Dawn,416,0.03276,False,Caelum,Dawn,3.28,very_low,0,0.3927,0
Caelum-Elysium,416,0.04064,False,Caelum,Elysium,4.06,very_low,0,0.4871,0
Caelum-Fenix,416,0.20974,False,Caelum,Fenix,20.97,high,1,2.5139,0
Dawn-Elysium,416,0.15325,False,Dawn,Elysium,15.32,medium,0,1.8368,0
Dawn-Fenix,416,0.30043,False,Dawn,Fenix,30.04,high,1,3.6009,0
Elysium-Fenix,416,0.04921,True,Elysium,Fenix,4.92,very_low,0,0.5898,1
Aegis-Boreas,417,0.02388,False,Aegis,Boreas,2.39,very_low,0,0.2862,0
Aegis-Dawn,417,0.04936,False,Aegis,Dawn,4.94,very_low,0,0.5916,0
Aegis-Elysium,417,0.00152,False,Aegis,Elysium,0.15,very_low,0,0.0182,0
Boreas-Dawn,417,0.02762,False,Boreas,Dawn,2.76,very_low,0,0.331,0
Boreas-Elysium,417,0.03053,False,Boreas,Elysium,3.05,very_low,0,0.3659,0
Boreas-Fenix,417,0.17258,False,Boreas,Fenix,17.26,medium,0,2.0685,0
Caelum-Dawn,417,0.12932,False,Caelum,Dawn,12.93,medium,0,1.55,0
Caelum-Elysium,417,0.0068,False,Caelum,Elysium,0.68,very_low,0,0.0815,0
Caelum-Fenix,417,0.28077,False,Caelum,Fenix,28.08,high,1,3.3652,0
Dawn-Elysium,417,0.00118,False,Dawn,Elysium,0.12,very_low,0,0.0141,0
Dawn-Fenix,417,0.18089,False,Dawn,Fenix,18.09,medium,0,2.1681,0
Elysium-Fenix,417,0.0834330688935281,False,Elysium,Fenix,8.34,low,0,1.0,0
Aegis-Boreas,418,0.44522,False,Aegis,Boreas,44.52,very_high,1,5.3363,0
Aegis-Dawn,418,0.0537,False,Aegis,Dawn,5.37,low,0,0.6436,0
Aegis-Elysium,418,0.15338,False,Aegis,Elysium,15.34,medium,0,1.8384,0
Boreas-Dawn,418,0.10672,False,Boreas,Dawn,10.67,medium,0,1.2791,0
Boreas-Elysium,418,0.00527,False,Boreas,Elysium,0.53,very_low,0,0.0632,0
Boreas-Fenix,418,0.01324,False,Boreas,Fenix,1.32,very_low,0,0.1587,0
Caelum-Dawn,418,0.0834330688935281,False,Caelum,Dawn,8.34,low,0,1.0,0
Caelum-Elysium,418,0.04184,False,Caelum,Elysium,4.18,very_low,0,0.5015,0
Caelum-Fenix,418,0.02546,False,Caelum,Fenix,2.55,very_low,0,0.3052,0
Dawn-Elysium,418,0.10562,False,Dawn,Elysium,10.56,medium,0,1.2659,0
Dawn-Fenix,418,0.00869,False,Dawn,Fenix,0.87,very_low,0,0.1042,0
Elysium-Fenix,418,0.02525,False,Elysium,Fenix,2.53,very_low,0,0.3026,0
Aegis-Boreas,419,0.08748,False,Aegis,Boreas,8.75,low,0,1.0485,0
Aegis-Dawn,419,0.08329,False,Aegis,Dawn,8.33,low,0,0.9983,0
Aegis-Elysium,419,0.06308,False,Aegis,Elysium,6.31,low,0,0.7561,0
Boreas-Dawn,419,0.0834330688935281,False,Boreas,Dawn,8.34,low,0,1.0,0
Boreas-Elysium,419,0.02823,False,Boreas,Elysium,2.82,very_low,0,0.3384,0
Boreas-Fenix,419,0.0834330688935281,False,Boreas,Fenix,8.34,low,0,1.0,0
Caelum-Dawn,419,0.07399,False,Caelum,Dawn,7.4,low,0,0.8868,0
Caelum-Elysium,419,0.17522,False,Caelum,Elysium,17.52,medium,0,2.1001,0
Caelum-Fenix,419,0.27035,False,Caelum,Fenix,27.03,high,1,3.2403,0
Dawn-Elysium,419,0.06083,False,Dawn,Elysium,6.08,low,0,0.7291,0
Dawn-Fenix,419,0.0058,False,Dawn,Fenix,0.58,very_low,0,0.0695,0
Elysium-Fenix,419,0.02195,False,Elysium,Fenix,2.2,very_low,0,0.2631,0
Aegis-Boreas,420,0.06656,False,Aegis,Boreas,6.66,low,0,0.7978,0
Aegis-Dawn,420,0.05124,False,Aegis,Dawn,5.12,low,0,0.6141,0
Aegis-Elysium,420,0.0834330688935281,False,Aegis,Elysium,8.34,low,0,1.0,0
Boreas-Dawn,420,0.02322,False,Boreas,Dawn,2.32,very_low,0,0.2783,0
Boreas-Elysium,420,0.13461,True,Boreas,Elysium,13.46,medium,0,1.6134,1
Boreas-Fenix,420,0.03839,False,Boreas,Fenix,3.84,very_low,0,0.4601,0
Caelum-Dawn,420,0.05771,False,Caelum,Dawn,5.77,low,0,0.6917,0
Caelum-Elysium,420,0.20992,False,Caelum,Elysium,20.99,high,1,2.516,0
Caelum-Fenix,420,0.07121,False,Caelum,Fenix,7.12,low,0,0.8535,0
Dawn-Elysium,420,0.00938,False,Dawn,Elysium,0.94,very_low,0,0.1124,0
Dawn-Fenix,420,0.17573,False,Dawn,Fenix,17.57,medium,0,2.1062,0
Elysium-Fenix,420,0.05492,False,Elysium,Fenix,5.49,low,0,0.6583,0
Aegis-Boreas,421,0.09724,False,Aegis,Boreas,9.72,low,0,1.1655,0
Aegis-Dawn,421,0.18214,False,Aegis,Dawn,18.21,medium,0,2.1831,0
Aegis-Elysium,421,0.01047,False,Aegis,Elysium,1.05,very_low,0,0.1255,0
Boreas-Dawn,421,0.01009,False,Boreas,Dawn,1.01,very_low,0,0.1209,0
Boreas-Elysium,421,0.03659,True,Boreas,Elysium,3.66,very_low,0,0.4386,1
Boreas-Fenix,421,0.04421,False,Boreas,Fenix,4.42,very_low,0,0.5299,0
Caelum-Dawn,421,0.13998,False,Caelum,Dawn,14.0,medium,0,1.6778,0
Caelum-Elysium,421,0.08647,False,Caelum,Elysium,8.65,low,0,1.0364,0
Caelum-Fenix,421,0.20955,False,Caelum,Fenix,20.96,high,1,2.5116,0
Dawn-Elysium,421,0.02833,False,Dawn,Elysium,2.83,very_low,0,0.3396,0
Dawn-Fenix,421,0.13058,False,Dawn,Fenix,13.06,medium,0,1.5651,0
Elysium-Fenix,421,0.02435,False,Elysium,Fenix,2.44,very_low,0,0.2919,0
Aegis-Boreas,422,0.04305,False,Aegis,Boreas,4.3,very_low,0,0.516,0
Aegis-Dawn,422,0.0014,False,Aegis,Dawn,0.14,very_low,0,0.0168,0
Aegis-Elysium,422,0.17213,False,Aegis,Elysium,17.21,medium,0,2.0631,0
Boreas-Dawn,422,0.01091,False,Boreas,Dawn,1.09,very_low,0,0.1308,0
Boreas-Elysium,422,0.08889,False,Boreas,Elysium,8.89,low,0,1.0654,0
Boreas-Fenix,422,0.04496,False,Boreas,Fenix,4.5,very_low,0,0.5389,0
Caelum-Dawn,422,0.00253,False,Caelum,Dawn,0.25,very_low,0,0.0303,0
Caelum-Elysium,422,0.00393,False,Caelum,Elysium,0.39,very_low,0,0.0471,0
Caelum-Fenix,422,0.15151,False,Caelum,Fenix,15.15,medium,0,1.8159,0
Dawn-Elysium,422,0.23836,False,Dawn,Elysium,23.84,high,1,2.8569,0
Dawn-Fenix,422,0.0448,False,Dawn,Fenix,4.48,very_low,0,0.537,0
Elysium-Fenix,422,0.19753,False,Elysium,Fenix,19.75,medium,0,2.3675,0
Aegis-Boreas,423,0.0414,False,Aegis,Boreas,4.14,very_low,0,0.4962,0
Aegis-Dawn,423,0.03335,False,Aegis,Dawn,3.34,very_low,0,0.3997,0
Aegis-Elysium,423,0.04397,False,Aegis,Elysium,4.4,very_low,0,0.527,0
Boreas-Dawn,423,0.09869,False,Boreas,Dawn,9.87,low,0,1.1829,0
Boreas-Elysium,423,0.15687,False,Boreas,Elysium,15.69,medium,0,1.8802,0
Boreas-Fenix,423,0.17487,False,Boreas,Fenix,17.49,medium,0,2.0959,0
Caelum-Dawn,423,0.09035,True,Caelum,Dawn,9.04,low,0,1.0829,1
Caelum-Elysium,423,0.04419,False,Caelum,Elysium,4.42,very_low,0,0.5296,0
Caelum-Fenix,423,0.02196,False,Caelum,Fenix,2.2,very_low,0,0.2632,0
Dawn-Elysium,423,0.05226,False,Dawn,Elysium,5.23,low,0,0.6264,0
Dawn-Fenix,423,0.07759,False,Dawn,Fenix,7.76,low,0,0.93,0
Elysium-Fenix,423,0.16449,False,Elysium,Fenix,16.45,medium,0,1.9715,0
Aegis-Boreas,424,0.05985,False,Aegis,Boreas,5.98,low,0,0.7173,0
Aegis-Dawn,424,0.1496,False,Aegis,Dawn,14.96,medium,0,1.7931,0
Aegis-Elysium,424,0.0663,False,Aegis,Elysium,6.63,low,0,0.7946,0
Boreas-Dawn,424,0.08287,False,Boreas,Dawn,8.29,low,0,0.9933,0
Boreas-Elysium,424,0.05932,False,Boreas,Elysium,5.93,low,0,0.711,0
Boreas-Fenix,424,0.13959,False,Boreas,Fenix,13.96,medium,0,1.6731,0
Caelum-Dawn,424,0.2115,False,Caelum,Dawn,21.15,high,1,2.535,0
Caelum-Elysium,424,0.00296,False,Caelum,Elysium,0.3,very_low,0,0.0355,0
Caelum-Fenix,424,0.06291,False,Caelum,Fenix,6.29,low,0,0.754,0
Dawn-Elysium,424,0.0834330688935281,False,Dawn,Elysium,8.34,low,0,1.0,0
Dawn-Fenix,424,0.0544,False,Dawn,Fenix,5.44,low,0,0.652,0
Elysium-Fenix,424,0.10918,False,Elysium,Fenix,10.92,medium,0,1.3086,0
Aegis-Boreas,425,0.0495,False,Aegis,Boreas,4.95,very_low,0,0.5933,0
Aegis-Dawn,425,0.04059,False,Aegis,Dawn,4.06,very_low,0,0.4865,0
Aegis-Elysium,425,0.04971,False,Aegis,Elysium,4.97,very_low,0,0.5958,0
Boreas-Dawn,425,0.21172,False,Boreas,Dawn,21.17,high,1,2.5376,0
Boreas-Elysium,425,0.11948,False,Boreas,Elysium,11.95,medium,0,1.432,0
Boreas-Fenix,425,0.21647,False,Boreas,Fenix,21.65,high,1,2.5945,0
Caelum-Dawn,425,0.00698,False,Caelum,Dawn,0.7,very_low,0,0.0837,0
Caelum-Elysium,425,0.04514,False,Caelum,Elysium,4.51,very_low,0,0.541,0
Caelum-Fenix,425,0.03261,False,Caelum,Fenix,3.26,very_low,0,0.3909,0
Dawn-Elysium,425,0.19241,False,Dawn,Elysium,19.24,medium,0,2.3062,0
Dawn-Fenix,425,0.01891,False,Dawn,Fenix,1.89,very_low,0,0.2266,0
Elysium-Fenix,425,0.01649,False,Elysium,Fenix,1.65,very_low,0,0.1976,0
Aegis-Boreas,426,0.05335,True,Aegis,Boreas,5.34,low,0,0.6394,1
Aegis-Dawn,426,0.01607,True,Aegis,Dawn,1.61,very_low,0,0.1926,1
Aegis-Elysium,426,0.0834330688935281,False,Aegis,Elysium,8.34,low,0,1.0,0
Boreas-Dawn,426,0.12171,False,Boreas,Dawn,12.17,medium,0,1.4588,0
Boreas-Elysium,426,0.07122,False,Boreas,Elysium,7.12,low,0,0.8536,0
Boreas-Fenix,426,0.10111,False,Boreas,Fenix,10.11,medium,0,1.2119,0
Caelum-Dawn,426,0.16767,False,Caelum,Dawn,16.77,medium,0,2.0096,0
Caelum-Elysium,426,0.15494,True,Caelum,Elysium,15.49,medium,0,1.8571,1
Caelum-Fenix,426,0.00989,True,Caelum,Fenix,0.99,very_low,0,0.1185,1
Dawn-Elysium,426,0.0834330688935281,False,Dawn,Elysium,8.34,low,0,1.0,0
Dawn-Fenix,426,0.22162,True,Dawn,Fenix,22.16,high,1,2.6563,1
Elysium-Fenix,426,0.04282,False,Elysium,Fenix,4.28,very_low,0,0.5132,0
Aegis-Boreas,427,0.0834330688935281,False,Aegis,Boreas,8.34,low,0,1.0,0
Aegis-Dawn,427,0.0834330688935281,False,Aegis,Dawn,8.34,low,0,1.0,0
Aegis-Elysium,427,0.15913,True,Aegis,Elysium,15.91,medium,0,1.9073,1
Boreas-Dawn,427,0.19464,True,Boreas,Dawn,19.46,medium,0,2.3329,1
Boreas-Elysium,427,0.06119,False,Boreas,Elysium,6.12,low,0,0.7334,0
Boreas-Fenix,427,0.05397,False,Boreas,Fenix,5.4,low,0,0.6469,0
Caelum-Dawn,427,0.09888,False,Caelum,Dawn,9.89,low,0,1.1851,0
Caelum-Elysium,427,0.08724,False,Caelum,Elysium,8.72,low,0,1.0456,0
Caelum-Fenix,427,0.0134,False,Caelum,Fenix,1.34,very_low,0,0.1606,0
Dawn-Elysium,427,0.05946,False,Dawn,Elysium,5.95,low,0,0.7127,0
Dawn-Fenix,427,0.19962,False,Dawn,Fenix,19.96,medium,0,2.3926,0
Elysium-Fenix,427,0.00115,False,Elysium,Fenix,0.12,very_low,0,0.0138,0
Aegis-Boreas,428,0.10329,False,Aegis,Boreas,10.33,medium,0,1.238,0
Aegis-Dawn,428,0.13363,False,Aegis,Dawn,13.36,medium,0,1.6016,0
Aegis-Elysium,428,0.11072,False,Aegis,Elysium,11.07,medium,0,1.3271,0
Boreas-Dawn,428,0.05584,False,Boreas,Dawn,5.58,low,0,0.6693,0
Boreas-Elysium,428,0.06542,False,Boreas,Elysium,6.54,low,0,0.7841,0
Boreas-Fenix,428,0.17178,False,Boreas,Fenix,17.18,medium,0,2.0589,0
Caelum-Dawn,428,0.0834330688935281,False,Caelum,Dawn,8.34,low,0,1.0,0
Caelum-Elysium,428,0.05471,False,Caelum,Elysium,5.47,low,0,0.6557,0
Caelum-Fenix,428,0.01558,False,Caelum,Fenix,1.56,very_low,0,0.1867,0
Dawn-Elysium,428,0.14776,False,Dawn,Elysium,14.78,medium,0,1.771,0
Dawn-Fenix,428,0.01962,False,Dawn,Fenix,1.96,very_low,0,0.2352,0
Elysium-Fenix,428,0.0508,True,Elysium,Fenix,5.08,low,0,0.6089,1
Aegis-Boreas,429,0.21236,False,Aegis,Boreas,21.24,high,1,2.5453,0
Aegis-Dawn,429,0.0186,True,Aegis,Dawn,1.86,very_low,0,0.2229,1
Aegis-Elysium,429,0.00225,False,Aegis,Elysium,0.22,very_low,0,0.027,0
Boreas-Dawn,429,0.00666,True,Boreas,Dawn,0.67,very_low,0,0.0798,1
Boreas-Elysium,429,0.00202,False,Boreas,Elysium,0.2,very_low,0,0.0242,0
Boreas-Fenix,429,0.0834330688935281,False,Boreas,Fenix,8.34,low,0,1.0,0
Caelum-Dawn,429,0.09224,False,Caelum,Dawn,9.22,low,0,1.1056,0
Caelum-Elysium,429,0.0468,False,Caelum,Elysium,4.68,very_low,0,0.5609,0
Caelum-Fenix,429,0.08288,False,Caelum,Fenix,8.29,low,0,0.9934,0
Dawn-Elysium,429,0.04218,False,Dawn,Elysium,4.22,very_low,0,0.5056,0
Dawn-Fenix,429,0.14729,False,Dawn,Fenix,14.73,medium,0,1.7654,0
Elysium-Fenix,429,0.03634,False,Elysium,Fenix,3.63,very_low,0,0.4356,0
Aegis-Boreas,430,0.18086,False,Aegis,Boreas,18.09,medium,0,2.1677,0
Aegis-Dawn,430,0.16505,False,Aegis,Dawn,16.5,medium,0,1.9782,0
Aegis-Elysium,430,0.00875,False,Aegis,Elysium,0.88,very_low,0,0.1049,0
Boreas-Dawn,430,0.06081,True,Boreas,Dawn,6.08,low,0,0.7288,1
Boreas-Elysium,430,0.0834330688935281,False,Boreas,Elysium,8.34,low,0,1.0,0
Boreas-Fenix,430,0.05749,False,Boreas,Fenix,5.75,low,0,0.6891,0
Caelum-Dawn,430,0.10049,False,Caelum,Dawn,10.05,medium,0,1.2044,0
Caelum-Elysium,430,0.14107,False,Caelum,Elysium,14.11,medium,0,1.6908,0
Caelum-Fenix,430,0.04207,False,Caelum,Fenix,4.21,very_low,0,0.5042,0
Dawn-Elysium,430,0.13205,False,Dawn,Elysium,13.2,medium,0,1.5827,0
Dawn-Fenix,430,0.04091,False,Dawn,Fenix,4.09,very_low,0,0.4903,0
Elysium-Fenix,430,0.02139,False,Elysium,Fenix,2.14,very_low,0,0.2564,0
Aegis-Boreas,431,0.0834330688935281,False,Aegis,Boreas,8.34,low,0,1.0,0
Aegis-Dawn,431,0.11827,False,Aegis,Dawn,11.83,medium,0,1.4175,0
Aegis-Elysium,431,0.00668,False,Aegis,Elysium,0.67,very_low,0,0.0801,0
Boreas-Dawn,431,0.06785,False,Boreas,Dawn,6.78,low,0,0.8132,0
Boreas-Elysium,431,0.22532,False,Boreas,Elysium,22.53,high,1,2.7006,0
Boreas-Fenix,431,0.09181,False,Boreas,Fenix,9.18,low,0,1.1004,0
Caelum-Dawn,431,0.00925,False,Caelum,Dawn,0.92,very_low,0,0.1109,0
Caelum-Elysium,431,0.00745,False,Caelum,Elysium,0.74,very_low,0,0.0893,0
Caelum-Fenix,431,0.02464,False,Caelum,Fenix,2.46,very_low,0,0.2953,0
Dawn-Elysium,431,0.31777,True,Dawn,Elysium,31.78,high,1,3.8087,1
Dawn-Fenix,431,0.05728,False,Dawn,Fenix,5.73,low,0,0.6865,0
Elysium-Fenix,431,0.05572,False,Elysium,Fenix,5.57,low,0,0.6678,0
Aegis-Boreas,432,0.03398,False,Aegis,Boreas,3.4,very_low,0,0.4073,0
Aegis-Dawn,432,0.03206,False,Aegis,Dawn,3.21,very_low,0,0.3843,0
Aegis-Elysium,432,0.12597,False,Aegis,Elysium,12.6,medium,0,1.5098,0
Boreas-Dawn,432,0.05814,False,Boreas,Dawn,5.81,low,0,0.6968,0
Boreas-Elysium,432,0.01356,False,Boreas,Elysium,1.36,very_low,0,0.1625,0
Boreas-Fenix,432,0.00631,False,Boreas,Fenix,0.63,very_low,0,0.0756,0
Caelum-Dawn,432,0.43287,False,Caelum,Dawn,43.29,very_high,1,5.1882,0
Caelum-Elysium,432,0.11779,False,Caelum,Elysium,11.78,medium,0,1.4118,0
Caelum-Fenix,432,0.1206,False,Caelum,Fenix,12.06,medium,0,1.4455,0
Dawn-Elysium,432,0.01761,False,Dawn,Elysium,1.76,very_low,0,0.2111,0
Dawn-Fenix,432,0.03315,False,Dawn,Fenix,3.32,very_low,0,0.3973,0
Elysium-Fenix,432,0.00795,False,Elysium,Fenix,0.8,very_low,0,0.0953,0
Aegis-Boreas,433,0.10201,False,Aegis,Boreas,10.2,medium,0,1.2227,0
Aegis-Dawn,433,0.03686,False,Aegis,Dawn,3.69,very_low,0,0.4418,0
Aegis-Elysium,433,0.11559,False,Aegis,Elysium,11.56,medium,0,1.3854,0
Boreas-Dawn,433,0.12826,False,Boreas,Dawn,12.83,medium,0,1.5373,0
Boreas-Elysium,433,0.01868,True,Boreas,Elysium,1.87,very_low,0,0.2239,1
Boreas-Fenix,433,0.20467,True,Boreas,Fenix,20.47,high,1,2.4531,1
Caelum-Dawn,433,0.06998,False,Caelum,Dawn,7.0,low,0,0.8388,0
Caelum-Elysium,433,0.00977,False,Caelum,Elysium,0.98,very_low,0,0.1171,0
Caelum-Fenix,433,0.10603,False,Caelum,Fenix,10.6,medium,0,1.2708,0
Dawn-Elysium,433,0.1074,False,Dawn,Elysium,10.74,medium,0,1.2873,0
Dawn-Fenix,433,0.03948,False,Dawn,Fenix,3.95,very_low,0,0.4732,0
Elysium-Fenix,433,0.06125,False,Elysium,Fenix,6.12,low,0,0.7341,0
Aegis-Boreas,434,0.02985,False,Aegis,Boreas,2.99,very_low,0,0.3578,0
Aegis-Dawn,434,0.07357,False,Aegis,Dawn,7.36,low,0,0.8818,0
Aegis-Elysium,434,0.04991,False,Aegis,Elysium,4.99,very_low,0,0.5982,0
Boreas-Dawn,434,0.01527,False,Boreas,Dawn,1.53,very_low,0,0.183,0
Boreas-Elysium,434,0.05521,False,Boreas,Elysium,5.52,low,0,0.6617,0
Boreas-Fenix,434,0.00272,False,Boreas,Fenix,0.27,very_low,0,0.0326,0
Caelum-Dawn,434,0.22204,False,Caelum,Dawn,22.2,high,1,2.6613,0
Caelum-Elysium,434,0.02494,False,Caelum,Elysium,2.49,very_low,0,0.2989,0
Caelum-Fenix,434,0.20443,False,Caelum,Fenix,20.44,high,1,2.4502,0
Dawn-Elysium,434,0.16682,False,Dawn,Elysium,16.68,medium,0,1.9994,0
Dawn-Fenix,434,0.02907,False,Dawn,Fenix,2.91,very_low,0,0.3484,0
Elysium-Fenix,434,0.12617,False,Elysium,Fenix,12.62,medium,0,1.5122,0
Aegis-Boreas,435,0.11173,True,Aegis,Boreas,11.17,medium,0,1.3392,1
Aegis-Dawn,435,0.13541,False,Aegis,Dawn,13.54,medium,0,1.623,0
Aegis-Elysium,435,0.0824,False,Aegis,Elysium,8.24,low,0,0.9876,0
Boreas-Dawn,435,0.00264,False,Boreas,Dawn,0.26,very_low,0,0.0316,0
Boreas-Elysium,435,0.01753,False,Boreas,Elysium,1.75,very_low,0,0.2101,0
Boreas-Fenix,435,0.10659,False,Boreas,Fenix,10.66,medium,0,1.2776,0
Caelum-Dawn,435,0.03526,False,Caelum,Dawn,3.53,very_low,0,0.4226,0
Caelum-Elysium,435,0.01993,False,Caelum,Elysium,1.99,very_low,0,0.2389,0
Caelum-Fenix,435,0.00333,False,Caelum,Fenix,0.33,very_low,0,0.0399,0
Dawn-Elysium,435,0.2333,True,Dawn,Elysium,23.33,high,1,2.7963,1
Dawn-Fenix,435,0.02338,True,Dawn,Fenix,2.34,very_low,0,0.2802,1
Elysium-Fenix,435,0.22851,False,Elysium,Fenix,22.85,high,1,2.7388,0
Aegis-Boreas,436,0.06851,False,Aegis,Boreas,6.85,low,0,0.8211,0
Aegis-Dawn,436,0.07436,False,Aegis,Dawn,7.44,low,0,0.8913,0
Aegis-Elysium,436,0.21361,False,Aegis,Elysium,21.36,high,1,2.5603,0
Boreas-Dawn,436,0.20843,False,Boreas,Dawn,20.84,high,1,2.4982,0
Boreas-Elysium,436,0.11551,False,Boreas,Elysium,11.55,medium,0,1.3845,0
Boreas-Fenix,436,0.0202,False,Boreas,Fenix,2.02,very_low,0,0.2421,0
Caelum-Dawn,436,0.02259,False,Caelum,Dawn,2.26,very_low,0,0.2708,0
Caelum-Elysium,436,0.02706,False,Caelum,Elysium,2.71,very_low,0,0.3243,0
Caelum-Fenix,436,0.18792,False,Caelum,Fenix,18.79,medium,0,2.2523,0
Dawn-Elysium,436,0.03476,False,Dawn,Elysium,3.48,very_low,0,0.4166,0
Dawn-Fenix,436,0.00405,False,Dawn,Fenix,0.4,very_low,0,0.0485,0
Elysium-Fenix,436,0.023,False,Elysium,Fenix,2.3,very_low,0,0.2757,0
Aegis-Boreas,437,0.02383,False,Aegis,Boreas,2.38,very_low,0,0.2856,0
Aegis-Dawn,437,0.12522,False,Aegis,Dawn,12.52,medium,0,1.5008,0
Aegis-Elysium,437,0.11949,False,Aegis,Elysium,11.95,medium,0,1.4322,0
Boreas-Dawn,437,0.13432,False,Boreas,Dawn,13.43,medium,0,1.6099,0
Boreas-Elysium,437,0.04764,False,Boreas,Elysium,4.76,very_low,0,0.571,0
Boreas-Fenix,437,0.00306,False,Boreas,Fenix,0.31,very_low,0,0.0367,0
Caelum-Dawn,437,0.02452,False,Caelum,Dawn,2.45,very_low,0,0.2939,0
Caelum-Elysium,437,0.00745,False,Caelum,Elysium,0.74,very_low,0,0.0893,0
Caelum-Fenix,437,0.16467,False,Caelum,Fenix,16.47,medium,0,1.9737,0
Dawn-Elysium,437,0.11128,False,Dawn,Elysium,11.13,medium,0,1.3338,0
Dawn-Fenix,437,0.13978,False,Dawn,Fenix,13.98,medium,0,1.6754,0
Elysium-Fenix,437,0.09874,False,Elysium,Fenix,9.87,low,0,1.1835,0
Aegis-Boreas,438,0.03859,False,Aegis,Boreas,3.86,very_low,0,0.4625,0
Aegis-Dawn,438,0.05604,False,Aegis,Dawn,5.6,low,0,0.6717,0
Aegis-Elysium,438,0.05157,False,Aegis,Elysium,5.16,low,0,0.6181,0
Boreas-Dawn,438,0.01943,False,Boreas,Dawn,1.94,very_low,0,0.2329,0
Boreas-Elysium,438,0.1947,False,Boreas,Elysium,19.47,medium,0,2.3336,0
Boreas-Fenix,438,0.08356,False,Boreas,Fenix,8.36,low,0,1.0015,0
Caelum-Dawn,438,0.1286,False,Caelum,Dawn,12.86,medium,0,1.5414,0
Caelum-Elysium,438,0.04764,False,Caelum,Elysium,4.76,very_low,0,0.571,0
Caelum-Fenix,438,0.05644,False,Caelum,Fenix,5.64,low,0,0.6765,0
Dawn-Elysium,438,0.23715,False,Dawn,Elysium,23.72,high,1,2.8424,0
Dawn-Fenix,438,0.05411,False,Dawn,Fenix,5.41,low,0,0.6485,0
Elysium-Fenix,438,0.0834330688935281,False,Elysium,Fenix,8.34,low,0,1.0,0
Aegis-Boreas,439,0.11823,True,Aegis,Boreas,11.82,medium,0,1.4171,1
Aegis-Dawn,439,0.05942,False,Aegis,Dawn,5.94,low,0,0.7122,0
Aegis-Elysium,439,0.07893,True,Aegis,Elysium,7.89,low,0,0.946,1
Boreas-Dawn,439,0.00739,False,Boreas,Dawn,0.74,very_low,0,0.0886,0
Boreas-Elysium,439,0.0407,False,Boreas,Elysium,4.07,very_low,0,0.4878,0
Boreas-Fenix,439,0.03574,False,Boreas,Fenix,3.57,very_low,0,0.4284,0
Caelum-Dawn,439,0.07044,False,Caelum,Dawn,7.04,low,0,0.8443,0
Caelum-Elysium,439,0.19978,False,Caelum,Elysium,19.98,medium,0,2.3945,0
Caelum-Fenix,439,0.27294,True,Caelum,Fenix,27.29,high,1,3.2714,1
Dawn-Elysium,439,0.01168,False,Dawn,Elysium,1.17,very_low,0,0.14,0
Dawn-Fenix,439,0.04445,False,Dawn,Fenix,4.44,very_low,0,0.5328,0
Elysium-Fenix,439,0.0603,False,Elysium,Fenix,6.03,low,0,0.7227,0
Aegis-Boreas,440,0.01277,False,Aegis,Boreas,1.28,very_low,0,0.1531,0
Aegis-Dawn,440,0.0655,False,Aegis,Dawn,6.55,low,0,0.7851,0
Aegis-Elysium,440,0.03524,False,Aegis,Elysium,3.52,very_low,0,0.4224,0
Boreas-Dawn,440,0.14366,False,Boreas,Dawn,14.37,medium,0,1.7219,0
Boreas-Elysium,440,0.08224,False,Boreas,Elysium,8.22,low,0,0.9857,0
Boreas-Fenix,440,0.15298,False,Boreas,Fenix,15.3,medium,0,1.8336,0
Caelum-Dawn,440,0.0834330688935281,True,Caelum,Dawn,8.34,low,0,1.0,1
Caelum-Elysium,440,0.016,False,Caelum,Elysium,1.6,very_low,0,0.1918,0
Caelum-Fenix,440,0.08499,False,Caelum,Fenix,8.5,low,0,1.0187,0
Dawn-Elysium,440,0.25454,False,Dawn,Elysium,25.45,high,1,3.0508,0
Dawn-Fenix,440,0.0834330688935281,False,Dawn,Fenix,8.34,low,0,1.0,0
Elysium-Fenix,440,0.07892,False,Elysium,Fenix,7.89,low,0,0.9459,0
Aegis-Boreas,441,0.02165,True,Aegis,Boreas,2.16,very_low,0,0.2595,1
Aegis-Dawn,441,0.09969,False,Aegis,Dawn,9.97,low,0,1.1948,0
Aegis-Elysium,441,0.0872,False,Aegis,Elysium,8.72,low,0,1.0451,0
Boreas-Dawn,441,0.07548,False,Boreas,Dawn,7.55,low,0,0.9047,0
Boreas-Elysium,441,0.20249,False,Boreas,Elysium,20.25,high,1,2.427,0
Boreas-Fenix,441,0.06083,False,Boreas,Fenix,6.08,low,0,0.7291,0
Caelum-Dawn,441,0.15301,True,Caelum,Dawn,15.3,medium,0,1.8339,1
Caelum-Elysium,441,0.00245,False,Caelum,Elysium,0.24,very_low,0,0.0294,0
Caelum-Fenix,441,0.09098,False,Caelum,Fenix,9.1,low,0,1.0905,0
Dawn-Elysium,441,0.11437,True,Dawn,Elysium,11.44,medium,0,1.3708,1
Dawn-Fenix,441,0.073,False,Dawn,Fenix,7.3,low,0,0.875,0
Elysium-Fenix,441,0.01887,False,Elysium,Fenix,1.89,very_low,0,0.2262,0
Aegis-Boreas,442,0.13998,False,Aegis,Boreas,14.0,medium,0,1.6778,0
Aegis-Dawn,442,0.13913,False,Aegis,Dawn,13.91,medium,0,1.6676,0
Aegis-Elysium,442,0.03718,False,Aegis,Elysium,3.72,very_low,0,0.4456,0
Boreas-Dawn,442,0.04274,False,Boreas,Dawn,4.27,very_low,0,0.5123,0
Boreas-Elysium,442,0.11759,False,Boreas,Elysium,11.76,medium,0,1.4094,0
Boreas-Fenix,442,0.14832,True,Boreas,Fenix,14.83,medium,0,1.7777,1
Caelum-Dawn,442,0.17674,False,Caelum,Dawn,17.67,medium,0,2.1183,0
Caelum-Elysium,442,0.00639,False,Caelum,Elysium,0.64,very_low,0,0.0766,0
Caelum-Fenix,442,0.03364,False,Caelum,Fenix,3.36,very_low,0,0.4032,0
Dawn-Elysium,442,0.0834330688935281,False,Dawn,Elysium,8.34,low,0,1.0,0
Dawn-Fenix,442,0.0067,False,Dawn,Fenix,0.67,very_low,0,0.0803,0
Elysium-Fenix,442,0.04678,False,Elysium,Fenix,4.68,very_low,0,0.5607,0
Aegis-Boreas,443,0.01546,False,Aegis,Boreas,1.55,very_low,0,0.1853,0
Aegis-Dawn,443,0.03196,False,Aegis,Dawn,3.2,very_low,0,0.3831,0
Aegis-Elysium,443,0.15266,False,Aegis,Elysium,15.27,medium,0,1.8297,0
Boreas-Dawn,443,0.04709,False,Boreas,Dawn,4.71,very_low,0,0.5644,0
Boreas-Elysium,443,0.0783,False,Boreas,Elysium,7.83,low,0,0.9385,0
Boreas-Fenix,443,0.03544,False,Boreas,Fenix,3.54,very_low,0,0.4248,0
Caelum-Dawn,443,0.13372,False,Caelum,Dawn,13.37,medium,0,1.6027,0
Caelum-Elysium,443,0.01788,False,Caelum,Elysium,1.79,very_low,0,0.2143,0
Caelum-Fenix,443,0.0834330688935281,False,Caelum,Fenix,8.34,low,0,1.0,0
Dawn-Elysium,443,0.04172,False,Dawn,Elysium,4.17,very_low,0,0.5,0
Dawn-Fenix,443,0.00773,False,Dawn,Fenix,0.77,very_low,0,0.0926,0
Elysium-Fenix,443,0.36642,False,Elysium,Fenix,36.64,very_high,1,4.3918,0
Aegis-Boreas,444,0.07763,False,Aegis,Boreas,7.76,low,0,0.9304,0
Aegis-Dawn,444,0.0834330688935281,False,Aegis,Dawn,8.34,low,0,1.0,0
Aegis-Elysium,444,0.13725,False,Aegis,Elysium,13.73,medium,0,1.645,0
Boreas-Dawn,444,0.20365,False,Boreas,Dawn,20.36,high,1,2.4409,0
Boreas-Elysium,444,0.04883,False,Boreas,Elysium,4.88,very_low,0,0.5853,0
Boreas-Fenix,444,0.05218,False,Boreas,Fenix,5.22,low,0,0.6254,0
Caelum-Dawn,444,0.21095,False,Caelum,Dawn,21.1,high,1,2.5284,0
Caelum-Elysium,444,0.11979,False,Caelum,Elysium,11.98,medium,0,1.4358,0
Caelum-Fenix,444,0.0019,False,Caelum,Fenix,0.19,very_low,0,0.0228,0
Dawn-Elysium,444,0.02774,False,Dawn,Elysium,2.77,very_low,0,0.3325,0
Dawn-Fenix,444,0.05047,False,Dawn,Fenix,5.05,low,0,0.6049,0
Elysium-Fenix,444,0.01968,False,Elysium,Fenix,1.97,very_low,0,0.2359,0
Aegis-Boreas,445,0.06245,False,Aegis,Boreas,6.24,low,0,0.7485,0
Aegis-Dawn,445,0.01917,False,Aegis,Dawn,1.92,very_low,0,0.2298,0
Aegis-Elysium,445,0.44736,False,Aegis,Elysium,44.74,very_high,1,5.3619,0
Boreas-Dawn,445,0.04914,False,Boreas,Dawn,4.91,very_low,0,0.589,0
Boreas-Elysium,445,0.01765,False,Boreas,Elysium,1.76,very_low,0,0.2115,0
Boreas-Fenix,445,0.00331,False,Boreas,Fenix,0.33,very_low,0,0.0397,0
Caelum-Dawn,445,0.00987,False,Caelum,Dawn,0.99,very_low,0,0.1183,0
Caelum-Elysium,445,0.19746,False,Caelum,Elysium,19.75,medium,0,2.3667,0
Caelum-Fenix,445,0.1048,False,Caelum,Fenix,10.48,medium,0,1.2561,0
Dawn-Elysium,445,0.03083,False,Dawn,Elysium,3.08,very_low,0,0.3695,0
Dawn-Fenix,445,0.01049,False,Dawn,Fenix,1.05,very_low,0,0.1257,0
Elysium-Fenix,445,0.04746,False,Elysium,Fenix,4.75,very_low,0,0.5688,0
Aegis-Boreas,446,0.01058,False,Aegis,Boreas,1.06,very_low,0,0.1268,0
Aegis-Dawn,446,0.21936,False,Aegis,Dawn,21.94,high,1,2.6292,0
Aegis-Elysium,446,0.08686,False,Aegis,Elysium,8.69,low,0,1.0411,0
Boreas-Dawn,446,0.2049,False,Boreas,Dawn,20.49,high,1,2.4559,0
Boreas-Elysium,446,0.18101,False,Boreas,Elysium,18.1,medium,0,2.1695,0
Boreas-Fenix,446,0.03194,False,Boreas,Fenix,3.19,very_low,0,0.3828,0
Caelum-Dawn,446,0.00759,False,Caelum,Dawn,0.76,very_low,0,0.091,0
Caelum-Elysium,446,0.03297,False,Caelum,Elysium,3.3,very_low,0,0.3952,0
Caelum-Fenix,446,0.16172,False,Caelum,Fenix,16.17,medium,0,1.9383,0
Dawn-Elysium,446,0.01999,False,Dawn,Elysium,2.0,very_low,0,0.2396,0
Dawn-Fenix,446,0.00891,False,Dawn,Fenix,0.89,very_low,0,0.1068,0
Elysium-Fenix,446,0.03416,False,Elysium,Fenix,3.42,very_low,0,0.4094,0
Aegis-Boreas,447,0.28248,False,Aegis,Boreas,28.25,high,1,3.3857,0
Aegis-Dawn,447,0.13121,False,Aegis,Dawn,13.12,medium,0,1.5726,0
Aegis-Elysium,447,0.03295,False,Aegis,Elysium,3.3,very_low,0,0.3949,0
Boreas-Dawn,447,0.16867,False,Boreas,Dawn,16.87,medium,0,2.0216,0
Boreas-Elysium,447,0.01499,False,Boreas,Elysium,1.5,very_low,0,0.1797,0
Boreas-Fenix,447,0.13799,True,Boreas,Fenix,13.8,medium,0,1.6539,1
Caelum-Dawn,447,0.05876,False,Caelum,Dawn,5.88,low,0,0.7043,0
Caelum-Elysium,447,0.01475,False,Caelum,Elysium,1.48,very_low,0,0.1768,0
Caelum-Fenix,447,0.01508,False,Caelum,Fenix,1.51,very_low,0,0.1807,0
Dawn-Elysium,447,0.03121,False,Dawn,Elysium,3.12,very_low,0,0.3741,0
Dawn-Fenix,447,0.01968,False,Dawn,Fenix,1.97,very_low,0,0.2359,0
Elysium-Fenix,447,0.09222,False,Elysium,Fenix,9.22,low,0,1.1053,0
Aegis-Boreas,448,0.30619,False,Aegis,Boreas,30.62,high,1,3.6699,0
Aegis-Dawn,448,0.0834330688935281,False,Aegis,Dawn,8.34,low,0,1.0,0
Aegis-Elysium,448,0.02478,False,Aegis,Elysium,2.48,very_low,0,0.297,0
Boreas-Dawn,448,0.05354,False,Boreas,Dawn,5.35,low,0,0.6417,0
Boreas-Elysium,448,0.02558,False,Boreas,Elysium,2.56,very_low,0,0.3066,0
Boreas-Fenix,448,0.03575,False,Boreas,Fenix,3.58,very_low,0,0.4285,0
Caelum-Dawn,448,0.12909,False,Caelum,Dawn,12.91,medium,0,1.5472,0
Caelum-Elysium,448,0.03084,False,Caelum,Elysium,3.08,very_low,0,0.3696,0
Caelum-Fenix,448,0.07942,False,Caelum,Fenix,7.94,low,0,0.9519,0
Dawn-Elysium,448,0.18999,False,Dawn,Elysium,19.0,medium,0,2.2772,0
Dawn-Fenix,448,0.01581,False,Dawn,Fenix,1.58,very_low,0,0.1895,0
Elysium-Fenix,448,0.07067,False,Elysium,Fenix,7.07,low,0,0.847,0
Aegis-Boreas,449,0.12581,False,Aegis,Boreas,12.58,medium,0,1.5079,0
Aegis-Dawn,449,0.0246,False,Aegis,Dawn,2.46,very_low,0,0.2948,0
Aegis-Elysium,449,0.12176,True,Aegis,Elysium,12.18,medium,0,1.4594,1
Boreas-Dawn,449,0.01285,False,Boreas,Dawn,1.28,very_low,0,0.154,0
Boreas-Elysium,449,0.02135,False,Boreas,Elysium,2.14,very_low,0,0.2559,0
Boreas-Fenix,449,0.03419,False,Boreas,Fenix,3.42,very_low,0,0.4098,0
Caelum-Dawn,449,0.07416,False,Caelum,Dawn,7.42,low,0,0.8889,0
Caelum-Elysium,449,0.37592,False,Caelum,Elysium,37.59,very_high,1,4.5056,0
Caelum-Fenix,449,0.11005,False,Caelum,Fenix,11.0,medium,0,1.319,0
Dawn-Elysium,449,0.0834330688935281,False,Dawn,Elysium,8.34,low,0,1.0,0
Dawn-Fenix,449,0.05016,False,Dawn,Fenix,5.02,low,0,0.6012,0
Elysium-Fenix,449,0.03892,False,Elysium,Fenix,3.89,very_low,0,0.4665,0
Aegis-Boreas,450,0.02411,False,Aegis,Boreas,2.41,very_low,0,0.289,0
Aegis-Dawn,450,0.03304,False,Aegis,Dawn,3.3,very_low,0,0.396,0
Aegis-Elysium,450,0.07505,False,Aegis,Elysium,7.51,low,0,0.8995,0
Boreas-Dawn,450,0.14392,False,Boreas,Dawn,14.39,medium,0,1.725,0
Boreas-Elysium,450,0.01719,False,Boreas,Elysium,1.72,very_low,0,0.206,0
Boreas-Fenix,450,0.08751,False,Boreas,Fenix,8.75,low,0,1.0489,0
Caelum-Dawn,450,0.17303,False,Caelum,Dawn,17.3,medium,0,2.0739,0
Caelum-Elysium,450,0.12545,False,Caelum,Elysium,12.54,medium,0,1.5036,0
Caelum-Fenix,450,0.0511,False,Caelum,Fenix,5.11,low,0,0.6125,0
Dawn-Elysium,450,0.11283,False,Dawn,Elysium,11.28,medium,0,1.3523,0
Dawn-Fenix,450,0.10839,False,Dawn,Fenix,10.84,medium,0,1.2991,0
Elysium-Fenix,450,0.04839,False,Elysium,Fenix,4.84,very_low,0,0.58,0
Aegis-Boreas,451,0.08985,False,Aegis,Boreas,8.98,low,0,1.0769,0
Aegis-Dawn,451,0.08308,False,Aegis,Dawn,8.31,low,0,0.9958,0
Aegis-Elysium,451,0.0834330688935281,False,Aegis,Elysium,8.34,low,0,1.0,0
Boreas-Dawn,451,0.03011,False,Boreas,Dawn,3.01,very_low,0,0.3609,0
Boreas-Elysium,451,0.0612,False,Boreas,Elysium,6.12,low,0,0.7335,0
Boreas-Fenix,451,0.0718,False,Boreas,Fenix,7.18,low,0,0.8606,0
Caelum-Dawn,451,0.31849,False,Caelum,Dawn,31.85,high,1,3.8173,0
Caelum-Elysium,451,0.05057,False,Caelum,Elysium,5.06,low,0,0.6061,0
Caelum-Fenix,451,0.07706,False,Caelum,Fenix,7.71,low,0,0.9236,0
Dawn-Elysium,451,0.00359,False,Dawn,Elysium,0.36,very_low,0,0.043,0
Dawn-Fenix,451,0.02047,False,Dawn,Fenix,2.05,very_low,0,0.2453,0
Elysium-Fenix,451,0.08772,False,Elysium,Fenix,8.77,low,0,1.0514,0
Aegis-Boreas,452,0.03546,False,Aegis,Boreas,3.55,very_low,0,0.425,0
Aegis-Dawn,452,0.12088,False,Aegis,Dawn,12.09,medium,0,1.4488,0
Aegis-Elysium,452,0.17337,False,Aegis,Elysium,17.34,medium,0,2.078,0
Boreas-Dawn,452,0.16533,False,Boreas,Dawn,16.53,medium,0,1.9816,0
Boreas-Elysium,452,0.04336,True,Boreas,Elysium,4.34,very_low,0,0.5197,1
Boreas-Fenix,452,0.16155,True,Boreas,Fenix,16.16,medium,0,1.9363,1
Caelum-Dawn,452,0.03063,False,Caelum,Dawn,3.06,very_low,0,0.3671,0
Caelum-Elysium,452,0.06183,False,Caelum,Elysium,6.18,low,0,0.7411,0
Caelum-Fenix,452,0.02171,False,Caelum,Fenix,2.17,very_low,0,0.2602,0
Dawn-Elysium,452,0.0834330688935281,False,Dawn,Elysium,8.34,low,0,1.0,0
Dawn-Fenix,452,0.0834330688935281,False,Dawn,Fenix,8.34,low,0,1.0,0
Elysium-Fenix,452,0.03593,False,Elysium,Fenix,3.59,very_low,0,0.4306,0
Aegis-Boreas,453,0.01136,False,Aegis,Boreas,1.14,very_low,0,0.1362,0
Aegis-Dawn,453,0.07989,False,Aegis,Dawn,7.99,low,0,0.9575,0
Aegis-Elysium,453,0.03322,True,Aegis,Elysium,3.32,very_low,0,0.3982,1
Boreas-Dawn,453,0.0117,False,Boreas,Dawn,1.17,very_low,0,0.1402,0
Boreas-Elysium,453,0.05059,False,Boreas,Elysium,5.06,low,0,0.6064,0
Boreas-Fenix,453,0.09329,False,Boreas,Fenix,9.33,low,0,1.1181,0
Caelum-Dawn,453,0.0004,False,Caelum,Dawn,0.04,very_low,0,0.0048,0
Caelum-Elysium,453,0.03513,False,Caelum,Elysium,3.51,very_low,0,0.4211,0
Caelum-Fenix,453,0.20514,False,Caelum,Fenix,20.51,high,1,2.4587,0
Dawn-Elysium,453,0.19519,False,Dawn,Elysium,19.52,medium,0,2.3395,0
Dawn-Fenix,453,0.06802,False,Dawn,Fenix,6.8,low,0,0.8153,0
Elysium-Fenix,453,0.21607,False,Elysium,Fenix,21.61,high,1,2.5897,0
Aegis-Boreas,454,0.0834330688935281,False,Aegis,Boreas,8.34,low,0,1.0,0
Aegis-Dawn,454,0.07921,False,Aegis,Dawn,7.92,low,0,0.9494,0
Aegis-Elysium,454,0.03625,False,Aegis,Elysium,3.62,very_low,0,0.4345,0
Boreas-Dawn,454,0.02947,False,Boreas,Dawn,2.95,very_low,0,0.3532,0
Boreas-Elysium,454,0.14656,False,Boreas,Elysium,14.66,medium,0,1.7566,0
Boreas-Fenix,454,0.1226,False,Boreas,Fenix,12.26,medium,0,1.4694,0
Caelum-Dawn,454,0.18909,True,Caelum,Dawn,18.91,medium,0,2.2664,1
Caelum-Elysium,454,0.00016,False,Caelum,Elysium,0.02,very_low,0,0.0019,0
Caelum-Fenix,454,0.00912,False,Caelum,Fenix,0.91,very_low,0,0.1093,0
Dawn-Elysium,454,0.09311,False,Dawn,Elysium,9.31,low,0,1.116,0
Dawn-Fenix,454,0.0168,False,Dawn,Fenix,1.68,very_low,0,0.2014,0
Elysium-Fenix,454,0.16262,False,Elysium,Fenix,16.26,medium,0,1.9491,0
Aegis-Boreas,455,0.15835,False,Aegis,Boreas,15.84,medium,0,1.8979,0
Aegis-Dawn,455,0.31333,False,Aegis,Dawn,31.33,high,1,3.7555,0
Aegis-Elysium,455,0.01103,False,Aegis,Elysium,1.1,very_low,0,0.1322,0
Boreas-Dawn,455,0.03448,False,Boreas,Dawn,3.45,very_low,0,0.4133,0
Boreas-Elysium,455,0.00616,False,Boreas,Elysium,0.62,very_low,0,0.0738,0
Boreas-Fenix,455,0.16156,False,Boreas,Fenix,16.16,medium,0,1.9364,0
Caelum-Dawn,455,0.01074,False,Caelum,Dawn,1.07,very_low,0,0.1287,0
Caelum-Elysium,455,0.04619,False,Caelum,Elysium,4.62,very_low,0,0.5536,0
Caelum-Fenix,455,0.08222,False,Caelum,Fenix,8.22,low,0,0.9855,0
Dawn-Elysium,455,0.09654,False,Dawn,Elysium,9.65,low,0,1.1571,0
Dawn-Fenix,455,0.0834330688935281,False,Dawn,Fenix,8.34,low,0,1.0,0
Elysium-Fenix,455,0.06088,False,Elysium,Fenix,6.09,low,0,0.7297,0
Aegis-Boreas,456,0.03721,False,Aegis,Boreas,3.72,very_low,0,0.446,0
Aegis-Dawn,456,0.25026,False,Aegis,Dawn,25.03,high,1,2.9995,0
Aegis-Elysium,456,0.03344,False,Aegis,Elysium,3.34,very_low,0,0.4008,0
Boreas-Dawn,456,0.04085,False,Boreas,Dawn,4.08,very_low,0,0.4896,0
Boreas-Elysium,456,0.00423,False,Boreas,Elysium,0.42,very_low,0,0.0507,0
Boreas-Fenix,456,0.0834330688935281,False,Boreas,Fenix,8.34,low,0,1.0,0
Caelum-Dawn,456,0.30702,True,Caelum,Dawn,30.7,high,1,3.6798,1
Caelum-Elysium,456,0.03309,False,Caelum,Elysium,3.31,very_low,0,0.3966,0
Caelum-Fenix,456,0.03192,False,Caelum,Fenix,3.19,very_low,0,0.3826,0
Dawn-Elysium,456,0.09984,False,Dawn,Elysium,9.98,low,0,1.1966,0
Dawn-Fenix,456,0.01903,False,Dawn,Fenix,1.9,very_low,0,0.2281,0
Elysium-Fenix,456,0.02453,False,Elysium,Fenix,2.45,very_low,0,0.294,0
Aegis-Boreas,457,0.1457,False,Aegis,Boreas,14.57,medium,0,1.7463,0
Aegis-Dawn,457,0.07517,False,Aegis,Dawn,7.52,low,0,0.901,0
Aegis-Elysium,457,0.02593,False,Aegis,Elysium,2.59,very_low,0,0.3108,0
Boreas-Dawn,457,0.15573,False,Boreas,Dawn,15.57,medium,0,1.8665,0
Boreas-Elysium,457,0.00156,False,Boreas,Elysium,0.16,very_low,0,0.0187,0
Boreas-Fenix,457,0.01483,False,Boreas,Fenix,1.48,very_low,0,0.1777,0
Caelum-Dawn,457,0.01589,False,Caelum,Dawn,1.59,very_low,0,0.1905,0
Caelum-Elysium,457,0.17906,True,Caelum,Elysium,17.91,medium,0,2.1462,1
Caelum-Fenix,457,0.01312,False,Caelum,Fenix,1.31,very_low,0,0.1573,0
Dawn-Elysium,457,0.21951,True,Dawn,Elysium,21.95,high,1,2.631,1
Dawn-Fenix,457,0.1019,False,Dawn,Fenix,10.19,medium,0,1.2213,0
Elysium-Fenix,457,0.05158,False,Elysium,Fenix,5.16,low,0,0.6182,0
Aegis-Boreas,458,0.04588,False,Aegis,Boreas,4.59,very_low,0,0.5499,0
Aegis-Dawn,458,0.02459,False,Aegis,Dawn,2.46,very_low,0,0.2947,0
Aegis-Elysium,458,0.03586,False,Aegis,Elysium,3.59,very_low,0,0.4298,0
Boreas-Dawn,458,0.25179,False,Boreas,Dawn,25.18,high,1,3.0179,0
Boreas-Elysium,458,0.01309,False,Boreas,Elysium,1.31,very_low,0,0.1569,0
Boreas-Fenix,458,0.0834330688935281,False,Boreas,Fenix,8.34,low,0,1.0,0
Caelum-Dawn,458,0.10811,False,Caelum,Dawn,10.81,medium,0,1.2958,0
Caelum-Elysium,458,0.1086,False,Caelum,Elysium,10.86,medium,0,1.3016,0
Caelum-Fenix,458,0.13745,False,Caelum,Fenix,13.74,medium,0,1.6474,0
Dawn-Elysium,458,0.03897,False,Dawn,Elysium,3.9,very_low,0,0.4671,0
Dawn-Fenix,458,0.13123,False,Dawn,Fenix,13.12,medium,0,1.5729,0
Elysium-Fenix,458,0.02011,False,Elysium,Fenix,2.01,very_low,0,0.241,0
Aegis-Boreas,459,0.14702,False,Aegis,Boreas,14.7,medium,0,1.7621,0
Aegis-Dawn,459,0.21849,False,Aegis,Dawn,21.85,high,1,2.6187,0
Aegis-Elysium,459,0.15908,False,Aegis,Elysium,15.91,medium,0,1.9067,0
Boreas-Dawn,459,0.13473,False,Boreas,Dawn,13.47,medium,0,1.6148,0
Boreas-Elysium,459,0.02129,False,Boreas,Elysium,2.13,very_low,0,0.2552,0
Boreas-Fenix,459,0.02382,False,Boreas,Fenix,2.38,very_low,0,0.2855,0
Caelum-Dawn,459,0.02606,False,Caelum,Dawn,2.61,very_low,0,0.3123,0
Caelum-Elysium,459,0.01187,False,Caelum,Elysium,1.19,very_low,0,0.1423,0
Caelum-Fenix,459,0.08064,False,Caelum,Fenix,8.06,low,0,0.9665,0
Dawn-Elysium,459,0.04633,False,Dawn,Elysium,4.63,very_low,0,0.5553,0
Dawn-Fenix,459,0.0834330688935281,False,Dawn,Fenix,8.34,low,0,1.0,0
Elysium-Fenix,459,0.02706,False,Elysium,Fenix,2.71,very_low,0,0.3243,0
Aegis-Boreas,460,0.0155,False,Aegis,Boreas,1.55,very_low,0,0.1858,0
Aegis-Dawn,460,0.00688,False,Aegis,Dawn,0.69,very_low,0,0.0825,0
Aegis-Elysium,460,0.1207,False,Aegis,Elysium,12.07,medium,0,1.4467,0
Boreas-Dawn,460,0.15607,False,Boreas,Dawn,15.61,medium,0,1.8706,0
Boreas-Elysium,460,0.03041,False,Boreas,Elysium,3.04,very_low,0,0.3645,0
Boreas-Fenix,460,0.03726,False,Boreas,Fenix,3.73,very_low,0,0.4466,0
Caelum-Dawn,460,0.03958,False,Caelum,Dawn,3.96,very_low,0,0.4744,0
Caelum-Elysium,460,0.06286,False,Caelum,Elysium,6.29,low,0,0.7534,0
Caelum-Fenix,460,0.08855,False,Caelum,Fenix,8.86,low,0,1.0613,0
Dawn-Elysium,460,0.12613,True,Dawn,Elysium,12.61,medium,0,1.5118,1
Dawn-Fenix,460,0.26914,False,Dawn,Fenix,26.91,high,1,3.2258,0
Elysium-Fenix,460,0.0834330688935281,False,Elysium,Fenix,8.34,low,0,1.0,0
Aegis-Boreas,461,0.06947,False,Aegis,Boreas,6.95,low,0,0.8326,0
Aegis-Dawn,461,0.0967,False,Aegis,Dawn,9.67,low,0,1.159,0
Aegis-Elysium,461,0.13372,False,Aegis,Elysium,13.37,medium,0,1.6027,0
Boreas-Dawn,461,0.03173,False,Boreas,Dawn,3.17,very_low,0,0.3803,0
Boreas-Elysium,461,0.02197,False,Boreas,Elysium,2.2,very_low,0,0.2633,0
Boreas-Fenix,461,0.0391,False,Boreas,Fenix,3.91,very_low,0,0.4686,0
Caelum-Dawn,461,0.08405,False,Caelum,Dawn,8.4,low,0,1.0074,0
Caelum-Elysium,461,0.08916,False,Caelum,Elysium,8.92,low,0,1.0686,0
Caelum-Fenix,461,0.2277,False,Caelum,Fenix,22.77,high,1,2.7291,0
Dawn-Elysium,461,0.15952,False,Dawn,Elysium,15.95,medium,0,1.912,0
Dawn-Fenix,461,0.01033,True,Dawn,Fenix,1.03,very_low,0,0.1238,1
Elysium-Fenix,461,0.03656,False,Elysium,Fenix,3.66,very_low,0,0.4382,0
Aegis-Boreas,462,0.06441,False,Aegis,Boreas,6.44,low,0,0.772,0
Aegis-Dawn,462,0.07318,False,Aegis,Dawn,7.32,low,0,0.8771,0
Aegis-Elysium,462,0.05431,True,Aegis,Elysium,5.43,low,0,0.6509,1
Boreas-Dawn,462,0.12943,False,Boreas,Dawn,12.94,medium,0,1.5513,0
Boreas-Elysium,462,0.02671,False,Boreas,Elysium,2.67,very_low,0,0.3201,0
Boreas-Fenix,462,0.08918,False,Boreas,Fenix,8.92,low,0,1.0689,0
Caelum-Dawn,462,0.0552,False,Caelum,Dawn,5.52,low,0,0.6616,0
Caelum-Elysium,462,0.03578,False,Caelum,Elysium,3.58,very_low,0,0.4288,0
Caelum-Fenix,462,0.04645,False,Caelum,Fenix,4.64,very_low,0,0.5567,0
Dawn-Elysium,462,0.0834330688935281,False,Dawn,Elysium,8.34,low,0,1.0,0
Dawn-Fenix,462,0.07661,False,Dawn,Fenix,7.66,low,0,0.9182,0
Elysium-Fenix,462,0.01244,False,Elysium,Fenix,1.24,very_low,0,0.1491,0
Aegis-Boreas,463,0.08799,False,Aegis,Boreas,8.8,low,0,1.0546,0
Aegis-Dawn,463,0.0532,False,Aegis,Dawn,5.32,low,0,0.6376,0
Aegis-Elysium,463,0.14266,True,Aegis,Elysium,14.27,medium,0,1.7099,1
Boreas-Dawn,463,0.02919,False,Boreas,Dawn,2.92,very_low,0,0.3499,0
Boreas-Elysium,463,0.09737,False,Boreas,Elysium,9.74,low,0,1.167,0
Boreas-Fenix,463,0.0267,False,Boreas,Fenix,2.67,very_low,0,0.32,0
Caelum-Dawn,463,0.207,False,Caelum,Dawn,20.7,high,1,2.481,0
Caelum-Elysium,463,0.00502,False,Caelum,Elysium,0.5,very_low,0,0.0602,0
Caelum-Fenix,463,0.0834330688935281,False,Caelum,Fenix,8.34,low,0,1.0,0
Dawn-Elysium,463,0.18045,False,Dawn,Elysium,18.05,medium,0,2.1628,0
Dawn-Fenix,463,0.03889,False,Dawn,Fenix,3.89,very_low,0,0.4661,0
Elysium-Fenix,463,0.01814,False,Elysium,Fenix,1.81,very_low,0,0.2174,0
Aegis-Boreas,464,0.0315,False,Aegis,Boreas,3.15,very_low,0,0.3775,0
Aegis-Dawn,464,0.00072,False,Aegis,Dawn,0.07,very_low,0,0.0086,0
Aegis-Elysium,464,0.15613,False,Aegis,Elysium,15.61,medium,0,1.8713,0
Boreas-Dawn,464,0.0198,False,Boreas,Dawn,1.98,very_low,0,0.2373,0
Boreas-Elysium,464,0.09259,False,Boreas,Elysium,9.26,low,0,1.1098,0
Boreas-Fenix,464,0.20096,False,Boreas,Fenix,20.1,high,1,2.4086,0
Caelum-Dawn,464,0.03657,False,Caelum,Dawn,3.66,very_low,0,0.4383,0
Caelum-Elysium,464,0.09631,False,Caelum,Elysium,9.63,low,0,1.1543,0
Caelum-Fenix,464,0.02315,False,Caelum,Fenix,2.32,very_low,0,0.2775,0
Dawn-Elysium,464,0.0834330688935281,False,Dawn,Elysium,8.34,low,0,1.0,0
Dawn-Fenix,464,0.05212,False,Dawn,Fenix,5.21,low,0,0.6247,0
Elysium-Fenix,464,0.0095,False,Elysium,Fenix,0.95,very_low,0,0.1139,0
Aegis-Boreas,465,0.05772,False,Aegis,Boreas,5.77,low,0,0.6918,0
Aegis-Dawn,465,0.2169,False,Aegis,Dawn,21.69,high,1,2.5997,0
Aegis-Elysium,465,0.03166,False,Aegis,Elysium,3.17,very_low,0,0.3795,0
Boreas-Dawn,465,0.20135,True,Boreas,Dawn,20.14,high,1,2.4133,1
Boreas-Elysium,465,0.09226,False,Boreas,Elysium,9.23,low,0,1.1058,0
Boreas-Fenix,465,0.0834330688935281,False,Boreas,Fenix,8.34,low,0,1.0,0
Caelum-Dawn,465,0.09844,False,Caelum,Dawn,9.84,low,0,1.1799,0
Caelum-Elysium,465,0.07887,False,Caelum,Elysium,7.89,low,0,0.9453,0
Caelum-Fenix,465,0.0405,False,Caelum,Fenix,4.05,very_low,0,0.4854,0
Dawn-Elysium,465,0.02633,False,Dawn,Elysium,2.63,very_low,0,0.3156,0
Dawn-Fenix,465,0.09682,False,Dawn,Fenix,9.68,low,0,1.1605,0
Elysium-Fenix,465,0.02934,False,Elysium,Fenix,2.93,very_low,0,0.3517,0
Aegis-Boreas,466,0.02073,False,Aegis,Boreas,2.07,very_low,0,0.2485,0
Aegis-Dawn,466,0.07972,True,Aegis,Dawn,7.97,low,0,0.9555,1
Aegis-Elysium,466,0.02316,False,Aegis,Elysium,2.32,very_low,0,0.2776,0
Boreas-Dawn,466,0.08842,False,Boreas,Dawn,8.84,low,0,1.0598,0
Boreas-Elysium,466,0.00861,False,Boreas,Elysium,0.86,very_low,0,0.1032,0
Boreas-Fenix,466,0.12869,False,Boreas,Fenix,12.87,medium,0,1.5424,0
Caelum-Dawn,466,0.01208,False,Caelum,Dawn,1.21,very_low,0,0.1448,0
Caelum-Elysium,466,0.24528,True,Caelum,Elysium,24.53,high,1,2.9398,1
Caelum-Fenix,466,0.2128,False,Caelum,Fenix,21.28,high,1,2.5505,0
Dawn-Elysium,466,0.05543,False,Dawn,Elysium,5.54,low,0,0.6644,0
Dawn-Fenix,466,0.09608,False,Dawn,Fenix,9.61,low,0,1.1516,0
Elysium-Fenix,466,0.029,False,Elysium,Fenix,2.9,very_low,0,0.3476,0
Aegis-Boreas,467,0.0995,False,Aegis,Boreas,9.95,low,0,1.1926,0
Aegis-Dawn,467,0.20662,False,Aegis,Dawn,20.66,high,1,2.4765,0
Aegis-Elysium,467,0.03088,False,Aegis,Elysium,3.09,very_low,0,0.3701,0
Boreas-Dawn,467,0.06426,False,Boreas,Dawn,6.43,low,0,0.7702,0
Boreas-Elysium,467,0.13071,False,Boreas,Elysium,13.07,medium,0,1.5666,0
Boreas-Fenix,467,0.04554,False,Boreas,Fenix,4.55,very_low,0,0.5458,0
Caelum-Dawn,467,0.02805,False,Caelum,Dawn,2.8,very_low,0,0.3362,0
Caelum-Elysium,467,0.04845,False,Caelum,Elysium,4.84,very_low,0,0.5807,0
Caelum-Fenix,467,0.14965,False,Caelum,Fenix,14.96,medium,0,1.7937,0
Dawn-Elysium,467,0.12563,False,Dawn,Elysium,12.56,medium,0,1.5058,0
Dawn-Fenix,467,0.01674,False,Dawn,Fenix,1.67,very_low,0,0.2006,0
Elysium-Fenix,467,0.05396,False,Elysium,Fenix,5.4,low,0,0.6467,0
Aegis-Boreas,468,0.0834330688935281,False,Aegis,Boreas,8.34,low,0,1.0,0
Aegis-Dawn,468,0.02163,False,Aegis,Dawn,2.16,very_low,0,0.2592,0
Aegis-Elysium,468,0.00747,False,Aegis,Elysium,0.75,very_low,0,0.0895,0
Boreas-Dawn,468,0.10262,False,Boreas,Dawn,10.26,medium,0,1.23,0
Boreas-Elysium,468,0.04902,False,Boreas,Elysium,4.9,very_low,0,0.5875,0
Boreas-Fenix,468,0.2578,False,Boreas,Fenix,25.78,high,1,3.0899,0
Caelum-Dawn,468,0.01534,False,Caelum,Dawn,1.53,very_low,0,0.1839,0
Caelum-Elysium,468,0.1013,False,Caelum,Elysium,10.13,medium,0,1.2141,0
Caelum-Fenix,468,0.10508,False,Caelum,Fenix,10.51,medium,0,1.2595,0
Dawn-Elysium,468,0.14393,False,Dawn,Elysium,14.39,medium,0,1.7251,0
Dawn-Fenix,468,0.10011,False,Dawn,Fenix,10.01,medium,0,1.1999,0
Elysium-Fenix,468,0.01254,False,Elysium,Fenix,1.25,very_low,0,0.1503,0
Aegis-Boreas,469,0.01031,False,Aegis,Boreas,1.03,very_low,0,0.1236,0
Aegis-Dawn,469,0.1496,False,Aegis,Dawn,14.96,medium,0,1.7931,0
Aegis-Elysium,469,0.12767,False,Aegis,Elysium,12.77,medium,0,1.5302,0
Boreas-Dawn,469,0.04534,False,Boreas,Dawn,4.53,very_low,0,0.5434,0
Boreas-Elysium,469,0.11625,False,Boreas,Elysium,11.62,medium,0,1.3933,0
Boreas-Fenix,469,0.1801,True,Boreas,Fenix,18.01,medium,0,2.1586,1
Caelum-Dawn,469,0.02313,False,Caelum,Dawn,2.31,very_low,0,0.2772,0
Caelum-Elysium,469,0.1011,False,Caelum,Elysium,10.11,medium,0,1.2117,0
Caelum-Fenix,469,0.0834330688935281,False,Caelum,Fenix,8.34,low,0,1.0,0
Dawn-Elysium,469,0.13891,False,Dawn,Elysium,13.89,medium,0,1.6649,0
Dawn-Fenix,469,0.03113,False,Dawn,Fenix,3.11,very_low,0,0.3731,0
Elysium-Fenix,469,0.03447,False,Elysium,Fenix,3.45,very_low,0,0.4131,0
Aegis-Boreas,470,0.09001,False,Aegis,Boreas,9.0,low,0,1.0788,0
Aegis-Dawn,470,0.00373,False,Aegis,Dawn,0.37,very_low,0,0.0447,0
Aegis-Elysium,470,0.01175,False,Aegis,Elysium,1.18,very_low,0,0.1408,0
Boreas-Dawn,470,0.04387,False,Boreas,Dawn,4.39,very_low,0,0.5258,0
Boreas-Elysium,470,0.12607,False,Boreas,Elysium,12.61,medium,0,1.511,0
Boreas-Fenix,470,0.13909,True,Boreas,Fenix,13.91,medium,0,1.6671,1
Caelum-Dawn,470,0.03529,False,Caelum,Dawn,3.53,very_low,0,0.423,0
Caelum-Elysium,470,0.03689,False,Caelum,Elysium,3.69,very_low,0,0.4422,0
Caelum-Fenix,470,0.01513,False,Caelum,Fenix,1.51,very_low,0,0.1813,0
Dawn-Elysium,470,0.26678,False,Dawn,Elysium,26.68,high,1,3.1975,0
Dawn-Fenix,470,0.12598,False,Dawn,Fenix,12.6,medium,0,1.51,0
Elysium-Fenix,470,0.10541,False,Elysium,Fenix,10.54,medium,0,1.2634,0
Aegis-Boreas,471,0.03391,False,Aegis,Boreas,3.39,very_low,0,0.4064,0
Aegis-Dawn,471,0.02943,False,Aegis,Dawn,2.94,very_low,0,0.3527,0
Aegis-Elysium,471,0.00858,False,Aegis,Elysium,0.86,very_low,0,0.1028,0
Boreas-Dawn,471,0.21411,False,Boreas,Dawn,21.41,high,1,2.5662,0
Boreas-Elysium,471,0.0526,False,Boreas,Elysium,5.26,low,0,0.6304,0
Boreas-Fenix,471,0.0704,False,Boreas,Fenix,7.04,low,0,0.8438,0
Caelum-Dawn,471,0.1047,False,Caelum,Dawn,10.47,medium,0,1.2549,0
Caelum-Elysium,471,0.20944,False,Caelum,Elysium,20.94,high,1,2.5103,0
Caelum-Fenix,471,0.24452,False,Caelum,Fenix,24.45,high,1,2.9307,0
Dawn-Elysium,471,0.02474,False,Dawn,Elysium,2.47,very_low,0,0.2965,0
Dawn-Fenix,471,0.0014,True,Dawn,Fenix,0.14,very_low,0,0.0168,1
Elysium-Fenix,471,0.00617,False,Elysium,Fenix,0.62,very_low,0,0.074,0
Aegis-Boreas,472,0.12079,False,Aegis,Boreas,12.08,medium,0,1.4477,0
Aegis-Dawn,472,0.07523,False,Aegis,Dawn,7.52,low,0,0.9017,0
Aegis-Elysium,472,0.02184,False,Aegis,Elysium,2.18,very_low,0,0.2618,0
Boreas-Dawn,472,0.01884,False,Boreas,Dawn,1.88,very_low,0,0.2258,0
Boreas-Elysium,472,0.10778,False,Boreas,Elysium,10.78,medium,0,1.2918,0
Boreas-Fenix,472,0.05888,False,Boreas,Fenix,5.89,low,0,0.7057,0
Caelum-Dawn,472,0.05734,False,Caelum,Dawn,5.73,low,0,0.6873,0
Caelum-Elysium,472,0.19908,True,Caelum,Elysium,19.91,medium,0,2.3861,1
Caelum-Fenix,472,0.05421,False,Caelum,Fenix,5.42,low,0,0.6497,0
Dawn-Elysium,472,0.01132,False,Dawn,Elysium,1.13,very_low,0,0.1357,0
Dawn-Fenix,472,0.26333,False,Dawn,Fenix,26.33,high,1,3.1562,0
Elysium-Fenix,472,0.01136,True,Elysium,Fenix,1.14,very_low,0,0.1362,1
Aegis-Boreas,473,0.01898,False,Aegis,Boreas,1.9,very_low,0,0.2275,0
Aegis-Dawn,473,0.08364,False,Aegis,Dawn,8.36,low,0,1.0025,0
Aegis-Elysium,473,0.10436,True,Aegis,Elysium,10.44,medium,0,1.2508,1
Boreas-Dawn,473,0.00012,False,Boreas,Dawn,0.01,very_low,0,0.0014,0
Boreas-Elysium,473,0.01966,False,Boreas,Elysium,1.97,very_low,0,0.2356,0
Boreas-Fenix,473,0.31039,False,Boreas,Fenix,31.04,high,1,3.7202,0
Caelum-Dawn,473,0.096,False,Caelum,Dawn,9.6,low,0,1.1506,0
Caelum-Elysium,473,0.12862,True,Caelum,Elysium,12.86,medium,0,1.5416,1
Caelum-Fenix,473,0.1021,False,Caelum,Fenix,10.21,medium,0,1.2237,0
Dawn-Elysium,473,0.01009,False,Dawn,Elysium,1.01,very_low,0,0.1209,0
Dawn-Fenix,473,0.07915,False,Dawn,Fenix,7.92,low,0,0.9487,0
Elysium-Fenix,473,0.04688,False,Elysium,Fenix,4.69,very_low,0,0.5619,0
Aegis-Boreas,474,0.11055,False,Aegis,Boreas,11.06,medium,0,1.325,0
Aegis-Dawn,474,0.00732,False,Aegis,Dawn,0.73,very_low,0,0.0877,0
Aegis-Elysium,474,0.1344,False,Aegis,Elysium,13.44,medium,0,1.6109,0
Boreas-Dawn,474,0.08114,False,Boreas,Dawn,8.11,low,0,0.9725,0
Boreas-Elysium,474,0.26321,False,Boreas,Elysium,26.32,high,1,3.1547,0
Boreas-Fenix,474,0.08025,False,Boreas,Fenix,8.02,low,0,0.9618,0
Caelum-Dawn,474,0.14387,False,Caelum,Dawn,14.39,medium,0,1.7244,0
Caelum-Elysium,474,0.00766,False,Caelum,Elysium,0.77,very_low,0,0.0918,0
Caelum-Fenix,474,0.12591,False,Caelum,Fenix,12.59,medium,0,1.5091,0
Dawn-Elysium,474,0.00239,False,Dawn,Elysium,0.24,very_low,0,0.0286,0
Dawn-Fenix,474,0.00254,False,Dawn,Fenix,0.25,very_low,0,0.0304,0
Elysium-Fenix,474,0.04075,False,Elysium,Fenix,4.08,very_low,0,0.4884,0
Aegis-Boreas,475,0.13678,True,Aegis,Boreas,13.68,medium,0,1.6394,1
Aegis-Dawn,475,0.08608,False,Aegis,Dawn,8.61,low,0,1.0317,0
Aegis-Elysium,475,0.0171,False,Aegis,Elysium,1.71,very_low,0,0.205,0
Boreas-Dawn,475,0.0142,False,Boreas,Dawn,1.42,very_low,0,0.1702,0
Boreas-Elysium,475,0.0551,False,Boreas,Elysium,5.51,low,0,0.6604,0
Boreas-Fenix,475,0.11662,False,Boreas,Fenix,11.66,medium,0,1.3978,0
Caelum-Dawn,475,0.02443,False,Caelum,Dawn,2.44,very_low,0,0.2928,0
Caelum-Elysium,475,0.08146,False,Caelum,Elysium,8.15,low,0,0.9764,0
Caelum-Fenix,475,0.35498,False,Caelum,Fenix,35.5,very_high,1,4.2547,0
Dawn-Elysium,475,0.0834330688935281,False,Dawn,Elysium,8.34,low,0,1.0,0
Dawn-Fenix,475,0.02636,False,Dawn,Fenix,2.64,very_low,0,0.3159,0
Elysium-Fenix,475,0.0834330688935281,False,Elysium,Fenix,8.34,low,0,1.0,0
Aegis-Boreas,476,0.0395,False,Aegis,Boreas,3.95,very_low,0,0.4734,0
Aegis-Dawn,476,0.00529,False,Aegis,Dawn,0.53,very_low,0,0.0634,0
Aegis-Elysium,476,0.05773,False,Aegis,Elysium,5.77,low,0,0.6919,0
Boreas-Dawn,476,0.02859,False,Boreas,Dawn,2.86,very_low,0,0.3427,0
Boreas-Elysium,476,0.02391,False,Boreas,Elysium,2.39,very_low,0,0.2866,0
Boreas-Fenix,476,0.06245,False,Boreas,Fenix,6.24,low,0,0.7485,0
Caelum-Dawn,476,0.06124,False,Caelum,Dawn,6.12,low,0,0.734,0
Caelum-Elysium,476,0.07165,False,Caelum,Elysium,7.17,low,0,0.8588,0
Caelum-Fenix,476,0.30783,False,Caelum,Fenix,30.78,high,1,3.6895,0
Dawn-Elysium,476,0.06322,False,Dawn,Elysium,6.32,low,0,0.7577,0
Dawn-Fenix,476,0.2257,False,Dawn,Fenix,22.57,high,1,2.7052,0
Elysium-Fenix,476,0.05288,False,Elysium,Fenix,5.29,low,0,0.6338,0
Aegis-Boreas,477,0.01269,False,Aegis,Boreas,1.27,very_low,0,0.1521,0
Aegis-Dawn,477,0.04142,False,Aegis,Dawn,4.14,very_low,0,0.4964,0
Aegis-Elysium,477,0.13666,False,Aegis,Elysium,13.67,medium,0,1.638,0
Boreas-Dawn,477,0.27344,False,Boreas,Dawn,27.34,high,1,3.2774,0
Boreas-Elysium,477,0.2165,False,Boreas,Elysium,21.65,high,1,2.5949,0
Boreas-Fenix,477,0.03773,False,Boreas,Fenix,3.77,very_low,0,0.4522,0
Caelum-Dawn,477,0.00717,False,Caelum,Dawn,0.72,very_low,0,0.0859,0
Caelum-Elysium,477,0.0439,False,Caelum,Elysium,4.39,very_low,0,0.5262,0
Caelum-Fenix,477,0.14752,False,Caelum,Fenix,14.75,medium,0,1.7681,0
Dawn-Elysium,477,0.04507,False,Dawn,Elysium,4.51,very_low,0,0.5402,0
Dawn-Fenix,477,0.0834330688935281,False,Dawn,Fenix,8.34,low,0,1.0,0
Elysium-Fenix,477,0.00765,False,Elysium,Fenix,0.76,very_low,0,0.0917,0
Aegis-Boreas,478,0.02927,False,Aegis,Boreas,2.93,very_low,0,0.3508,0
Aegis-Dawn,478,0.14719,False,Aegis,Dawn,14.72,medium,0,1.7642,0
Aegis-Elysium,478,0.08461,False,Aegis,Elysium,8.46,low,0,1.0141,0
Boreas-Dawn,478,0.02843,False,Boreas,Dawn,2.84,very_low,0,0.3408,0
Boreas-Elysium,478,0.0602,False,Boreas,Elysium,6.02,low,0,0.7215,0
Boreas-Fenix,478,0.05267,False,Boreas,Fenix,5.27,low,0,0.6313,0
Caelum-Dawn,478,0.23676,False,Caelum,Dawn,23.68,high,1,2.8377,0
Caelum-Elysium,478,0.03614,False,Caelum,Elysium,3.61,very_low,0,0.4332,0
Caelum-Fenix,478,0.28608,False,Caelum,Fenix,28.61,high,1,3.4289,0
Dawn-Elysium,478,0.01934,False,Dawn,Elysium,1.93,very_low,0,0.2318,0
Dawn-Fenix,478,0.00155,True,Dawn,Fenix,0.16,very_low,0,0.0186,1
Elysium-Fenix,478,0.01776,False,Elysium,Fenix,1.78,very_low,0,0.2129,0
Aegis-Boreas,479,0.04391,True,Aegis,Boreas,4.39,very_low,0,0.5263,1
Aegis-Dawn,479,0.10998,False,Aegis,Dawn,11.0,medium,0,1.3182,0
Aegis-Elysium,479,0.0654,False,Aegis,Elysium,6.54,low,0,0.7839,0
Boreas-Dawn,479,0.22594,False,Boreas,Dawn,22.59,high,1,2.708,0
Boreas-Elysium,479,0.04613,False,Boreas,Elysium,4.61,very_low,0,0.5529,0
Boreas-Fenix,479,0.00396,False,Boreas,Fenix,0.4,very_low,0,0.0475,0
Caelum-Dawn,479,0.02943,False,Caelum,Dawn,2.94,very_low,0,0.3527,0
Caelum-Elysium,479,0.06524,False,Caelum,Elysium,6.52,low,0,0.7819,0
Caelum-Fenix,479,0.28713,False,Caelum,Fenix,28.71,high,1,3.4414,0
Dawn-Elysium,479,0.06653,False,Dawn,Elysium,6.65,low,0,0.7974,0
Dawn-Fenix,479,0.04277,False,Dawn,Fenix,4.28,very_low,0,0.5126,0
Elysium-Fenix,479,0.01357,True,Elysium,Fenix,1.36,very_low,0,0.1626,1
Aegis-Boreas,480,0.00116,True,Aegis,Boreas,0.12,very_low,0,0.0139,1
Aegis-Dawn,480,0.01254,False,Aegis,Dawn,1.25,very_low,0,0.1503,0
Aegis-Elysium,480,0.02566,False,Aegis,Elysium,2.57,very_low,0,0.3076,0
Boreas-Dawn,480,0.11812,False,Boreas,Dawn,11.81,medium,0,1.4157,0
Boreas-Elysium,480,0.2749,False,Boreas,Elysium,27.49,high,1,3.2949,0
Boreas-Fenix,480,0.00256,False,Boreas,Fenix,0.26,very_low,0,0.0307,0
Caelum-Dawn,480,0.24031,False,Caelum,Dawn,24.03,high,1,2.8803,0
Caelum-Elysium,480,0.01592,False,Caelum,Elysium,1.59,very_low,0,0.1908,0
Caelum-Fenix,480,0.06708,False,Caelum,Fenix,6.71,low,0,0.804,0
Dawn-Elysium,480,0.01098,False,Dawn,Elysium,1.1,very_low,0,0.1316,0
Dawn-Fenix,480,0.02991,False,Dawn,Fenix,2.99,very_low,0,0.3585,0
Elysium-Fenix,480,0.20085,False,Elysium,Fenix,20.08,high,1,2.4073,0
Aegis-Boreas,481,0.07669,False,Aegis,Boreas,7.67,low,0,0.9192,0
Aegis-Dawn,481,0.03128,False,Aegis,Dawn,3.13,very_low,0,0.3749,0
Aegis-Elysium,481,0.19073,False,Aegis,Elysium,19.07,medium,0,2.286,0
Boreas-Dawn,481,0.09551,False,Boreas,Dawn,9.55,low,0,1.1447,0
Boreas-Elysium,481,0.02506,False,Boreas,Elysium,2.51,very_low,0,0.3004,0
Boreas-Fenix,481,0.00465,False,Boreas,Fenix,0.46,very_low,0,0.0557,0
Caelum-Dawn,481,0.03442,False,Caelum,Dawn,3.44,very_low,0,0.4125,0
Caelum-Elysium,481,0.06619,False,Caelum,Elysium,6.62,low,0,0.7933,0
Caelum-Fenix,481,0.14585,False,Caelum,Fenix,14.58,medium,0,1.7481,0
Dawn-Elysium,481,0.02718,False,Dawn,Elysium,2.72,very_low,0,0.3258,0
Dawn-Fenix,481,0.11646,False,Dawn,Fenix,11.65,medium,0,1.3958,0
Elysium-Fenix,481,0.18598,False,Elysium,Fenix,18.6,medium,0,2.2291,0
Aegis-Boreas,482,0.1177,False,Aegis,Boreas,11.77,medium,0,1.4107,0
Aegis-Dawn,482,0.04989,False,Aegis,Dawn,4.99,very_low,0,0.598,0
Aegis-Elysium,482,0.08181,False,Aegis,Elysium,8.18,low,0,0.9805,0
Boreas-Dawn,482,0.05474,False,Boreas,Dawn,5.47,low,0,0.6561,0
Boreas-Elysium,482,0.28466,False,Boreas,Elysium,28.47,high,1,3.4118,0
Boreas-Fenix,482,0.06151,False,Boreas,Fenix,6.15,low,0,0.7372,0
Caelum-Dawn,482,0.0834330688935281,False,Caelum,Dawn,8.34,low,0,1.0,0
Caelum-Elysium,482,0.12593,False,Caelum,Elysium,12.59,medium,0,1.5094,0
Caelum-Fenix,482,0.01664,False,Caelum,Fenix,1.66,very_low,0,0.1994,0
Dawn-Elysium,482,0.18599,False,Dawn,Elysium,18.6,medium,0,2.2292,0
Dawn-Fenix,482,0.00543,False,Dawn,Fenix,0.54,very_low,0,0.0651,0
Elysium-Fenix,482,0.01023,False,Elysium,Fenix,1.02,very_low,0,0.1226,0
Aegis-Boreas,483,0.0068,False,Aegis,Boreas,0.68,very_low,0,0.0815,0
Aegis-Dawn,483,0.05662,False,Aegis,Dawn,5.66,low,0,0.6786,0
Aegis-Elysium,483,0.01435,False,Aegis,Elysium,1.44,very_low,0,0.172,0
Boreas-Dawn,483,0.21582,False,Boreas,Dawn,21.58,high,1,2.5867,0
Boreas-Elysium,483,0.0834330688935281,False,Boreas,Elysium,8.34,low,0,1.0,0
Boreas-Fenix,483,0.09868,False,Boreas,Fenix,9.87,low,0,1.1827,0
Caelum-Dawn,483,0.08152,False,Caelum,Dawn,8.15,low,0,0.9771,0
Caelum-Elysium,483,0.01839,False,Caelum,Elysium,1.84,very_low,0,0.2204,0
Caelum-Fenix,483,0.12217,False,Caelum,Fenix,12.22,medium,0,1.4643,0
Dawn-Elysium,483,0.05529,True,Dawn,Elysium,5.53,low,0,0.6627,1
Dawn-Fenix,483,0.0833,False,Dawn,Fenix,8.33,low,0,0.9984,0
Elysium-Fenix,483,0.24081,False,Elysium,Fenix,24.08,high,1,2.8863,0
Aegis-Boreas,484,0.04433,False,Aegis,Boreas,4.43,very_low,0,0.5313,0
Aegis-Dawn,484,0.003,False,Aegis,Dawn,0.3,very_low,0,0.036,0
Aegis-Elysium,484,0.00199,False,Aegis,Elysium,0.2,very_low,0,0.0239,0
Boreas-Dawn,484,0.31767,False,Boreas,Dawn,31.77,high,1,3.8075,0
Boreas-Elysium,484,0.0164,False,Boreas,Elysium,1.64,very_low,0,0.1966,0
Boreas-Fenix,484,0.0815,False,Boreas,Fenix,8.15,low,0,0.9768,0
Caelum-Dawn,484,0.08242,False,Caelum,Dawn,8.24,low,0,0.9879,0
Caelum-Elysium,484,0.07987,False,Caelum,Elysium,7.99,low,0,0.9573,0
Caelum-Fenix,484,0.06221,False,Caelum,Fenix,6.22,low,0,0.7456,0
Dawn-Elysium,484,0.28852,False,Dawn,Elysium,28.85,high,1,3.4581,0
Dawn-Fenix,484,0.01475,False,Dawn,Fenix,1.48,very_low,0,0.1768,0
Elysium-Fenix,484,0.00733,True,Elysium,Fenix,0.73,very_low,0,0.0879,1
Aegis-Boreas,485,0.0834330688935281,False,Aegis,Boreas,8.34,low,0,1.0,0
Aegis-Dawn,485,0.01539,False,Aegis,Dawn,1.54,very_low,0,0.1845,0
Aegis-Elysium,485,0.01967,False,Aegis,Elysium,1.97,very_low,0,0.2358,0
Boreas-Dawn,485,0.08328,False,Boreas,Dawn,8.33,low,0,0.9982,0
Boreas-Elysium,485,0.0477,False,Boreas,Elysium,4.77,very_low,0,0.5717,0
Boreas-Fenix,485,0.02402,False,Boreas,Fenix,2.4,very_low,0,0.2879,0
Caelum-Dawn,485,0.22296,False,Caelum,Dawn,22.3,high,1,2.6723,0
Caelum-Elysium,485,0.06762,False,Caelum,Elysium,6.76,low,0,0.8105,0
Caelum-Fenix,485,0.0624,False,Caelum,Fenix,6.24,low,0,0.7479,0
Dawn-Elysium,485,0.09439,False,Dawn,Elysium,9.44,low,0,1.1313,0
Dawn-Fenix,485,0.23337,False,Dawn,Fenix,23.34,high,1,2.7971,0
Elysium-Fenix,485,0.1055,False,Elysium,Fenix,10.55,medium,0,1.2645,0
Aegis-Boreas,486,0.20631,True,Aegis,Boreas,20.63,high,1,2.4728,1
Aegis-Dawn,486,0.04394,False,Aegis,Dawn,4.39,very_low,0,0.5266,0
Aegis-Elysium,486,0.03406,False,Aegis,Elysium,3.41,very_low,0,0.4082,0
Boreas-Dawn,486,0.00745,False,Boreas,Dawn,0.74,very_low,0,0.0893,0
Boreas-Elysium,486,0.07646,False,Boreas,Elysium,7.65,low,0,0.9164,0
Boreas-Fenix,486,0.13335,False,Boreas,Fenix,13.34,medium,0,1.5983,0
Caelum-Dawn,486,0.02978,False,Caelum,Dawn,2.98,very_low,0,0.3569,0
Caelum-Elysium,486,0.0834330688935281,True,Caelum,Elysium,8.34,low,0,1.0,1
Caelum-Fenix,486,0.17034,False,Caelum,Fenix,17.03,medium,0,2.0416,0
Dawn-Elysium,486,0.01455,False,Dawn,Elysium,1.46,very_low,0,0.1744,0
Dawn-Fenix,486,0.03836,True,Dawn,Fenix,3.84,very_low,0,0.4598,1
Elysium-Fenix,486,0.1288,False,Elysium,Fenix,12.88,medium,0,1.5438,0
Aegis-Boreas,487,0.03871,False,Aegis,Boreas,3.87,very_low,0,0.464,0
Aegis-Dawn,487,0.07026,False,Aegis,Dawn,7.03,low,0,0.8421,0
Aegis-Elysium,487,0.16453,False,Aegis,Elysium,16.45,medium,0,1.972,0
Boreas-Dawn,487,0.00378,True,Boreas,Dawn,0.38,very_low,0,0.0453,1
Boreas-Elysium,487,0.05415,False,Boreas,Elysium,5.42,low,0,0.649,0
Boreas-Fenix,487,0.08226,False,Boreas,Fenix,8.23,low,0,0.9859,0
Caelum-Dawn,487,0.26152,True,Caelum,Dawn,26.15,high,1,3.1345,1
Caelum-Elysium,487,0.00857,True,Caelum,Elysium,0.86,very_low,0,0.1027,1
Caelum-Fenix,487,0.16558,False,Caelum,Fenix,16.56,medium,0,1.9846,0
Dawn-Elysium,487,0.03403,False,Dawn,Elysium,3.4,very_low,0,0.4079,0
Dawn-Fenix,487,0.05157,False,Dawn,Fenix,5.16,low,0,0.6181,0
Elysium-Fenix,487,0.06504,False,Elysium,Fenix,6.5,low,0,0.7795,0
Aegis-Boreas,488,0.02533,False,Aegis,Boreas,2.53,very_low,0,0.3036,0
Aegis-Dawn,488,0.01477,False,Aegis,Dawn,1.48,very_low,0,0.177,0
Aegis-Elysium,488,0.02956,False,Aegis,Elysium,2.96,very_low,0,0.3543,0
Boreas-Dawn,488,0.04888,False,Boreas,Dawn,4.89,very_low,0,0.5859,0
Boreas-Elysium,488,0.0834330688935281,False,Boreas,Elysium,8.34,low,0,1.0,0
Boreas-Fenix,488,0.14133,False,Boreas,Fenix,14.13,medium,0,1.6939,0
Caelum-Dawn,488,0.15094,False,Caelum,Dawn,15.09,medium,0,1.8091,0
Caelum-Elysium,488,0.00509,False,Caelum,Elysium,0.51,very_low,0,0.061,0
Caelum-Fenix,488,0.23047,False,Caelum,Fenix,23.05,high,1,2.7623,0
Dawn-Elysium,488,0.02098,False,Dawn,Elysium,2.1,very_low,0,0.2515,0
Dawn-Fenix,488,0.15867,False,Dawn,Fenix,15.87,medium,0,1.9018,0
Elysium-Fenix,488,0.13732,False,Elysium,Fenix,13.73,medium,0,1.6459,0
Aegis-Boreas,489,0.00091,False,Aegis,Boreas,0.09,very_low,0,0.0109,0
Aegis-Dawn,489,0.17056,False,Aegis,Dawn,17.06,medium,0,2.0443,0
Aegis-Elysium,489,0.08072,False,Aegis,Elysium,8.07,low,0,0.9675,0
Boreas-Dawn,489,0.08436,False,Boreas,Dawn,8.44,low,0,1.0111,0
Boreas-Elysium,489,0.11637,False,Boreas,Elysium,11.64,medium,0,1.3948,0
Boreas-Fenix,489,0.09869,False,Boreas,Fenix,9.87,low,0,1.1829,0
Caelum-Dawn,489,0.00684,False,Caelum,Dawn,0.68,very_low,0,0.082,0
Caelum-Elysium,489,0.06814,False,Caelum,Elysium,6.81,low,0,0.8167,0
Caelum-Fenix,489,0.04787,False,Caelum,Fenix,4.79,very_low,0,0.5738,0
Dawn-Elysium,489,0.06219,False,Dawn,Elysium,6.22,low,0,0.7454,0
Dawn-Fenix,489,0.03753,False,Dawn,Fenix,3.75,very_low,0,0.4498,0
Elysium-Fenix,489,0.22584,False,Elysium,Fenix,22.58,high,1,2.7068,0
Aegis-Boreas,490,0.02019,False,Aegis,Boreas,2.02,very_low,0,0.242,0
Aegis-Dawn,490,0.05095,False,Aegis,Dawn,5.1,low,0,0.6107,0
Aegis-Elysium,490,0.09953,False,Aegis,Elysium,9.95,low,0,1.1929,0
Boreas-Dawn,490,0.05683,False,Boreas,Dawn,5.68,low,0,0.6811,0
Boreas-Elysium,490,0.01244,False,Boreas,Elysium,1.24,very_low,0,0.1491,0
Boreas-Fenix,490,0.17941,False,Boreas,Fenix,17.94,medium,0,2.1503,0
Caelum-Dawn,490,0.09227,False,Caelum,Dawn,9.23,low,0,1.1059,0
Caelum-Elysium,490,0.00603,False,Caelum,Elysium,0.6,very_low,0,0.0723,0
Caelum-Fenix,490,0.23556,False,Caelum,Fenix,23.56,high,1,2.8233,0
Dawn-Elysium,490,0.00712,False,Dawn,Elysium,0.71,very_low,0,0.0853,0
Dawn-Fenix,490,0.20228,False,Dawn,Fenix,20.23,high,1,2.4245,0
Elysium-Fenix,490,0.0374,False,Elysium,Fenix,3.74,very_low,0,0.4483,0
Aegis-Boreas,491,0.0834330688935281,False,Aegis,Boreas,8.34,low,0,1.0,0
Aegis-Dawn,491,0.02954,False,Aegis,Dawn,2.95,very_low,0,0.3541,0
Aegis-Elysium,491,0.12054,False,Aegis,Elysium,12.05,medium,0,1.4448,0
Boreas-Dawn,491,0.0834330688935281,False,Boreas,Dawn,8.34,low,0,1.0,0
Boreas-Elysium,491,0.01941,False,Boreas,Elysium,1.94,very_low,0,0.2326,0
Boreas-Fenix,491,0.20576,False,Boreas,Fenix,20.58,high,1,2.4662,0
Caelum-Dawn,491,0.04306,False,Caelum,Dawn,4.31,very_low,0,0.5161,0
Caelum-Elysium,491,0.0539,False,Caelum,Elysium,5.39,low,0,0.646,0
Caelum-Fenix,491,0.10853,False,Caelum,Fenix,10.85,medium,0,1.3008,0
Dawn-Elysium,491,0.2111,False,Dawn,Elysium,21.11,high,1,2.5302,0
Dawn-Fenix,491,0.00214,False,Dawn,Fenix,0.21,very_low,0,0.0256,0
Elysium-Fenix,491,0.00562,False,Elysium,Fenix,0.56,very_low,0,0.0674,0
Aegis-Boreas,492,0.07157,False,Aegis,Boreas,7.16,low,0,0.8578,0
Aegis-Dawn,492,0.0308,True,Aegis,Dawn,3.08,very_low,0,0.3692,1
Aegis-Elysium,492,0.0128,False,Aegis,Elysium,1.28,very_low,0,0.1534,0
Boreas-Dawn,492,0.25304,False,Boreas,Dawn,25.3,high,1,3.0329,0
Boreas-Elysium,492,0.12255,False,Boreas,Elysium,12.26,medium,0,1.4688,0
Boreas-Fenix,492,0.04855,False,Boreas,Fenix,4.86,very_low,0,0.5819,0
Caelum-Dawn,492,0.02096,True,Caelum,Dawn,2.1,very_low,0,0.2512,1
Caelum-Elysium,492,0.02215,False,Caelum,Elysium,2.22,very_low,0,0.2655,0
Caelum-Fenix,492,0.12763,False,Caelum,Fenix,12.76,medium,0,1.5297,0
Dawn-Elysium,492,0.27734,False,Dawn,Elysium,27.73,high,1,3.3241,0
Dawn-Fenix,492,0.01015,False,Dawn,Fenix,1.01,very_low,0,0.1217,0
Elysium-Fenix,492,0.00246,False,Elysium,Fenix,0.25,very_low,0,0.0295,0
Aegis-Boreas,493,0.08988,False,Aegis,Boreas,8.99,low,0,1.0773,0
Aegis-Dawn,493,0.0746,False,Aegis,Dawn,7.46,low,0,0.8941,0
Aegis-Elysium,493,0.10833,False,Aegis,Elysium,10.83,medium,0,1.2984,0
Boreas-Dawn,493,0.05232,False,Boreas,Dawn,5.23,low,0,0.6271,0
Boreas-Elysium,493,0.05061,False,Boreas,Elysium,5.06,low,0,0.6066,0
Boreas-Fenix,493,0.05981,True,Boreas,Fenix,5.98,low,0,0.7169,1
Caelum-Dawn,493,0.01416,True,Caelum,Dawn,1.42,very_low,0,0.1697,1
Caelum-Elysium,493,0.0284,False,Caelum,Elysium,2.84,very_low,0,0.3404,0
Caelum-Fenix,493,0.023,False,Caelum,Fenix,2.3,very_low,0,0.2757,0
Dawn-Elysium,493,0.09802,False,Dawn,Elysium,9.8,low,0,1.1748,0
Dawn-Fenix,493,0.07284,False,Dawn,Fenix,7.28,low,0,0.873,0
Elysium-Fenix,493,0.32803,False,Elysium,Fenix,32.8,high,1,3.9317,0
Aegis-Boreas,494,0.03204,False,Aegis,Boreas,3.2,very_low,0,0.384,0
Aegis-Dawn,494,0.00987,False,Aegis,Dawn,0.99,very_low,0,0.1183,0
Aegis-Elysium,494,0.00412,False,Aegis,Elysium,0.41,very_low,0,0.0494,0
Boreas-Dawn,494,0.22356,False,Boreas,Dawn,22.36,high,1,2.6795,0
Boreas-Elysium,494,0.0615,False,Boreas,Elysium,6.15,low,0,0.7371,0
Boreas-Fenix,494,0.0834330688935281,True,Boreas,Fenix,8.34,low,0,1.0,1
Caelum-Dawn,494,0.02419,False,Caelum,Dawn,2.42,very_low,0,0.2899,0
Caelum-Elysium,494,0.03532,True,Caelum,Elysium,3.53,very_low,0,0.4233,1
Caelum-Fenix,494,0.03052,False,Caelum,Fenix,3.05,very_low,0,0.3658,0
Dawn-Elysium,494,0.04073,False,Dawn,Elysium,4.07,very_low,0,0.4882,0
Dawn-Fenix,494,0.08759,False,Dawn,Fenix,8.76,low,0,1.0498,0
Elysium-Fenix,494,0.29447,True,Elysium,Fenix,29.45,high,1,3.5294,1
Aegis-Boreas,495,0.23553,False,Aegis,Boreas,23.55,high,1,2.823,0
Aegis-Dawn,495,0.18651,True,Aegis,Dawn,18.65,medium,0,2.2354,1
Aegis-Elysium,495,0.04948,True,Aegis,Elysium,4.95,very_low,0,0.5931,1
Boreas-Dawn,495,0.1429,False,Boreas,Dawn,14.29,medium,0,1.7128,0
Boreas-Elysium,495,0.00985,False,Boreas,Elysium,0.98,very_low,0,0.1181,0
Boreas-Fenix,495,0.03536,False,Boreas,Fenix,3.54,very_low,0,0.4238,0
Caelum-Dawn,495,0.20027,True,Caelum,Dawn,20.03,high,1,2.4004,1
Caelum-Elysium,495,0.01529,False,Caelum,Elysium,1.53,very_low,0,0.1833,0
Caelum-Fenix,495,0.02534,False,Caelum,Fenix,2.53,very_low,0,0.3037,0
Dawn-Elysium,495,0.07097,False,Dawn,Elysium,7.1,low,0,0.8506,0
Dawn-Fenix,495,0.01317,False,Dawn,Fenix,1.32,very_low,0,0.1579,0
Elysium-Fenix,495,0.01532,False,Elysium,Fenix,1.53,very_low,0,0.1836,0
Aegis-Boreas,496,0.02179,True,Aegis,Boreas,2.18,very_low,0,0.2612,1
Aegis-Dawn,496,0.02866,False,Aegis,Dawn,2.87,very_low,0,0.3435,0
Aegis-Elysium,496,0.03569,False,Aegis,Elysium,3.57,very_low,0,0.4278,0
Boreas-Dawn,496,0.00889,False,Boreas,Dawn,0.89,very_low,0,0.1066,0
Boreas-Elysium,496,0.13769,False,Boreas,Elysium,13.77,medium,0,1.6503,0
Boreas-Fenix,496,0.23685,False,Boreas,Fenix,23.68,high,1,2.8388,0
Caelum-Dawn,496,0.0567,False,Caelum,Dawn,5.67,low,0,0.6796,0
Caelum-Elysium,496,0.01986,False,Caelum,Elysium,1.99,very_low,0,0.238,0
Caelum-Fenix,496,0.19914,False,Caelum,Fenix,19.91,medium,0,2.3868,0
Dawn-Elysium,496,0.06227,False,Dawn,Elysium,6.23,low,0,0.7463,0
Dawn-Fenix,496,0.17925,False,Dawn,Fenix,17.92,medium,0,2.1484,0
Elysium-Fenix,496,0.01319,False,Elysium,Fenix,1.32,very_low,0,0.1581,0
Aegis-Boreas,497,0.02825,False,Aegis,Boreas,2.82,very_low,0,0.3386,0
Aegis-Dawn,497,0.06731,False,Aegis,Dawn,6.73,low,0,0.8068,0
Aegis-Elysium,497,0.11126,False,Aegis,Elysium,11.13,medium,0,1.3335,0
Boreas-Dawn,497,0.04919,False,Boreas,Dawn,4.92,very_low,0,0.5896,0
Boreas-Elysium,497,0.00056,False,Boreas,Elysium,0.06,very_low,0,0.0067,0
Boreas-Fenix,497,0.02762,False,Boreas,Fenix,2.76,very_low,0,0.331,0
Caelum-Dawn,497,0.1034,True,Caelum,Dawn,10.34,medium,0,1.2393,1
Caelum-Elysium,497,0.07627,False,Caelum,Elysium,7.63,low,0,0.9141,0
Caelum-Fenix,497,0.15038,True,Caelum,Fenix,15.04,medium,0,1.8024,1
Dawn-Elysium,497,0.06228,False,Dawn,Elysium,6.23,low,0,0.7465,0
Dawn-Fenix,497,0.30255,False,Dawn,Fenix,30.26,high,1,3.6263,0
Elysium-Fenix,497,0.02092,False,Elysium,Fenix,2.09,very_low,0,0.2507,0
Aegis-Boreas,498,0.01826,True,Aegis,Boreas,1.83,very_low,0,0.2189,1
Aegis-Dawn,498,0.15993,False,Aegis,Dawn,15.99,medium,0,1.9169,0
Aegis-Elysium,498,0.01922,False,Aegis,Elysium,1.92,very_low,0,0.2304,0
Boreas-Dawn,498,0.0956,False,Boreas,Dawn,9.56,low,0,1.1458,0
Boreas-Elysium,498,0.00934,False,Boreas,Elysium,0.93,very_low,0,0.1119,0
Boreas-Fenix,498,0.04784,False,Boreas,Fenix,4.78,very_low,0,0.5734,0
Caelum-Dawn,498,0.07155,False,Caelum,Dawn,7.16,low,0,0.8576,0
Caelum-Elysium,498,0.14587,False,Caelum,Elysium,14.59,medium,0,1.7483,0
Caelum-Fenix,498,0.04549,False,Caelum,Fenix,4.55,very_low,0,0.5452,0
Dawn-Elysium,498,0.04465,False,Dawn,Elysium,4.46,very_low,0,0.5352,0
Dawn-Fenix,498,0.337,False,Dawn,Fenix,33.7,high,1,4.0392,0
Elysium-Fenix,498,0.00527,False,Elysium,Fenix,0.53,very_low,0,0.0632,0
Aegis-Boreas,499,0.06558,False,Aegis,Boreas,6.56,low,0,0.786,0
Aegis-Dawn,499,0.0441,False,Aegis,Dawn,4.41,very_low,0,0.5286,0
Aegis-Elysium,499,0.12048,False,Aegis,Elysium,12.05,medium,0,1.444,0
Boreas-Dawn,499,0.0006,False,Boreas,Dawn,0.06,very_low,0,0.0072,0
Boreas-Elysium,499,0.10073,False,Boreas,Elysium,10.07,medium,0,1.2073,0
Boreas-Fenix,499,0.01472,False,Boreas,Fenix,1.47,very_low,0,0.1764,0
Caelum-Dawn,499,0.23725,True,Caelum,Dawn,23.72,high,1,2.8436,1
Caelum-Elysium,499,0.11625,False,Caelum,Elysium,11.62,medium,0,1.3933,0
Caelum-Fenix,499,0.04459,False,Caelum,Fenix,4.46,very_low,0,0.5344,0
Dawn-Elysium,499,0.0724,True,Dawn,Elysium,7.24,low,0,0.8678,1
Dawn-Fenix,499,0.18099,False,Dawn,Fenix,18.1,medium,0,2.1693,0
Elysium-Fenix,499,0.0023,False,Elysium,Fenix,0.23,very_low,0,0.0276,0
