link_id,tick,self_reported_latency_ms,measured_latency_ms,planet_a,planet_b,latency_difference,absolute_difference,latency_ratio,percentage_error,trust_score,hist_mean_trust,hist_std_trust,hist_mean_latency_diff
Caelum-Elysium,397,183862.399,182816.31,Caelum,Elysium,-1046.0890000000072,1046.0890000000072,0.9943104788924243,0.57,1.0,0.9780398457583547,0.06003094589396874,1753.5802267796134
Elysium-Fenix,128,179505.912,179889.251,Elysium,Fenix,383.3389999999781,383.3389999999781,1.002135522979321,0.21,0.9979,0.9777570719602977,0.055399164086247815,4312.254361379141
Boreas-Dawn,256,121235.96,127423.096,Boreas,Dawn,6187.135999999999,6187.135999999999,1.051033835175636,4.86,0.9537,0.9791679389312977,0.052929740107363066,-992.1216852668913
Boreas-Elysium,346,881302.149,873954.798,Boreas,Elysium,-7347.351000000024,7347.351000000024,0.9916630737728973,0.84,1.0,0.9804581280788177,0.05527648369623914,-1839.5134922540726
Boreas-Fenix,496,73594.614,136726.663,Boreas,Fenix,63132.049,63132.049,1.857835180710371,46.17,0.6841,0.8068014354066986,0.13514659878591953,61601.108196475456
Boreas-Dawn,95,119017.52,119974.646,Boreas,Dawn,957.1259999999893,957.1259999999893,1.0080418916475489,0.8,0.9921,0.9791679389312977,0.052929740107363066,-992.1216852668913
Elysium-Fenix,466,167205.576,168159.459,Elysium,Fenix,953.8830000000016,953.8830000000016,1.0057048516133218,0.57,0.9944,0.9777570719602977,0.055399164086247815,4312.254361379141
Caelum-Dawn,252,113761.65,109138.012,Caelum,Dawn,-4623.637999999992,4623.637999999992,0.9593567955457749,4.24,1.0,0.9804744471744471,0.05446466415035868,-6484.057433327288
Aegis-Dawn,329,111604.342,116523.176,Aegis,Dawn,4918.834000000003,4918.834000000003,1.0440738587034544,4.22,0.9595,0.9844383292383293,0.0367757216063089,-2180.4743005156975
Elysium-Fenix,364,194971.815,195759.021,Elysium,Fenix,787.2060000000056,787.2060000000056,1.0040375374256019,0.4,0.996,0.9777570719602977,0.055399164086247815,4312.254361379141
Boreas-Dawn,358,108486.605,110789.338,Boreas,Dawn,2302.7330000000075,2302.7330000000075,1.0212259660996859,2.08,0.9796,0.9791679389312977,0.052929740107363066,-992.1216852668913
Aegis-Boreas,438,76412.955,73672.495,Aegis,Boreas,-2740.4600000000064,2740.4600000000064,0.9641361860694956,3.72,1.0,0.9849621693121693,0.03408513950102227,-4121.568080328588
Aegis-Dawn,127,136137.71,130396.071,Aegis,Dawn,-5741.638999999996,5741.638999999996,0.9578247716962479,4.4,1.0,0.9844383292383293,0.0367757216063089,-2180.4743005156975
Elysium-Fenix,478,315491.206,170982.991,Elysium,Fenix,-144508.215,144508.215,0.5419580252896178,84.52,1.0,0.9777570719602977,0.055399164086247815,4312.254361379141
Boreas-Fenix,379,350622.605,535534.237,Boreas,Fenix,184911.63199999998,184911.63199999998,1.5273808059237937,34.53,0.7433,0.8068014354066986,0.13514659878591953,61601.108196475456
Aegis-Dawn,425,123206.721,126396.546,Aegis,Dawn,3189.824999999997,3189.824999999997,1.025890024295022,2.52,0.9754,0.9844383292383293,0.0367757216063089,-2180.4743005156975
Caelum-Fenix,121,143905.089,143983.053,Caelum,Fenix,77.96400000000722,77.96400000000722,1.0005417737520041,0.05,0.9995,0.9796862650602409,0.04873557984945812,1731.907948738127
Dawn-Elysium,374,179842.973,187556.425,Dawn,Elysium,7713.45199999999,7713.45199999999,1.0428899270921193,4.11,0.9605,0.9839219696969698,0.04028966443660543,-3087.7173304880284
Elysium-Fenix,236,299248.71,309284.876,Elysium,Fenix,10036.165999999968,10036.165999999968,1.0335378755684526,3.24,0.9686,0.9777570719602977,0.055399164086247815,4312.254361379141
Boreas-Fenix,365,167812.63,287381.31,Boreas,Fenix,119568.68,119568.68,1.7125129973828548,41.61,0.7062,0.8068014354066986,0.13514659878591953,61601.108196475456
Elysium-Fenix,451,165052.852,163723.494,Elysium,Fenix,-1329.3580000000075,1329.3580000000075,0.9919458647100505,0.81,1.0,0.9777570719602977,0.055399164086247815,4312.254361379141
Aegis-Elysium,173,120828.459,243638.901,Aegis,Elysium,122810.44200000001,122810.44200000001,2.016403279628022,50.41,0.6649,0.7958968831168831,0.13151929136319288,77214.95699135585
Caelum-Dawn,360,203499.382,213508.647,Caelum,Dawn,10009.264999999985,10009.264999999985,1.0491857267654994,4.69,0.9552,0.9804744471744471,0.05446466415035868,-6484.057433327288
Caelum-Dawn,197,123951.635,120631.953,Caelum,Dawn,-3319.6820000000007,3319.6820000000007,0.9732179248785222,2.75,1.0,0.9804744471744471,0.05446466415035868,-6484.057433327288
Aegis-Dawn,444,126084.772,125444.436,Aegis,Dawn,-640.3359999999957,640.3359999999957,0.9949213851138186,0.51,1.0,0.9844383292383293,0.0367757216063089,-2180.4743005156975
Dawn-Elysium,269,132029.608,131469.78,Dawn,Elysium,-559.8280000000086,559.8280000000086,0.9957598298708877,0.43,1.0,0.9839219696969698,0.04028966443660543,-3087.7173304880284
Boreas-Elysium,288,147212.009,142746.66,Boreas,Elysium,-4465.348999999987,4465.348999999987,0.9696672232766012,3.13,1.0,0.9804581280788177,0.05527648369623914,-1839.5134922540726
Aegis-Boreas,12,96747.892,93310.275,Aegis,Boreas,-3437.617000000013,3437.617000000013,0.9644683007666978,3.68,1.0,0.9849621693121693,0.03408513950102227,-4121.568080328588
Aegis-Elysium,117,95484.664,170617.143,Aegis,Elysium,75132.479,75132.479,1.7868538868189345,44.04,0.6943,0.7958968831168831,0.13151929136319288,77214.95699135585
Caelum-Fenix,365,155703.191,151577.593,Caelum,Fenix,-4125.597999999998,4125.597999999998,0.9735034460533311,2.72,1.0,0.9796862650602409,0.04873557984945812,1731.907948738127
Caelum-Elysium,155,139353.84,135546.409,Caelum,Elysium,-3807.4309999999823,3807.4309999999823,0.9726779613679826,2.81,1.0,0.9780398457583547,0.06003094589396874,1753.5802267796134
Elysium-Fenix,195,515600.013,505186.441,Elysium,Fenix,-10413.571999999986,10413.571999999986,0.9798030028366195,2.06,1.0,0.9777570719602977,0.055399164086247815,4312.254361379141
Aegis-Dawn,142,323510.066,339732.082,Aegis,Dawn,16222.016000000003,16222.016000000003,1.05014377512445,4.77,0.9544,0.9844383292383293,0.0367757216063089,-2180.4743005156975
Boreas-Fenix,89,197950.173,190357.497,Boreas,Fenix,-7592.676000000007,7592.676000000007,0.9616434990435699,3.99,1.0,0.8068014354066986,0.13514659878591953,61601.108196475456
Dawn-Elysium,207,258966.324,272503.579,Dawn,Elysium,13537.255000000034,13537.255000000034,1.0522741906781672,4.97,0.9527,0.9839219696969698,0.04028966443660543,-3087.7173304880284
Boreas-Fenix,178,1044128.958,1028256.816,Boreas,Fenix,-15872.141999999993,15872.141999999993,0.9847986765634749,1.54,1.0,0.8068014354066986,0.13514659878591953,61601.108196475456
Caelum-Fenix,292,125153.583,122630.247,Caelum,Fenix,-2523.3359999999957,2523.3359999999957,0.9798380842200899,2.06,1.0,0.9796862650602409,0.04873557984945812,1731.907948738127
Dawn-Fenix,79,446904.417,469964.59,Dawn,Fenix,23060.17300000001,23060.17300000001,1.0515997876118552,4.91,0.9532,0.9823136476426799,0.04646098172906777,-362.5543768567232
Dawn-Fenix,487,75952.454,73580.28,Dawn,Fenix,-2372.173999999999,2372.173999999999,0.9687676450849106,3.22,1.0,0.9823136476426799,0.04646098172906777,-362.5543768567232
Boreas-Fenix,422,134852.982,139297.713,Boreas,Fenix,4444.731,4444.731,1.032959827317723,3.19,0.9691,0.8068014354066986,0.13514659878591953,61601.108196475456
Boreas-Fenix,35,211974.128,212571.71,Boreas,Fenix,597.5819999999949,597.5819999999949,1.0028191270587512,0.28,0.9972,0.8068014354066986,0.13514659878591953,61601.108196475456
Dawn-Elysium,265,273781.147,264034.045,Dawn,Elysium,-9747.102000000014,9747.102000000014,0.964398198682395,3.69,1.0,0.9839219696969698,0.04028966443660543,-3087.7173304880284
Boreas-Elysium,264,93460.224,98125.745,Boreas,Elysium,4665.520999999993,4665.520999999993,1.0499198568152373,4.75,0.9546,0.9804581280788177,0.05527648369623914,-1839.5134922540726
Aegis-Dawn,153,137377.536,133637.17,Aegis,Dawn,-3740.36599999998,3740.36599999998,0.9727730886074417,2.8,1.0,0.9844383292383293,0.0367757216063089,-2180.4743005156975
Aegis-Boreas,429,83538.68,84724.854,Aegis,Boreas,1186.1740000000136,1186.1740000000136,1.014199099147844,1.4,0.9862,0.9849621693121693,0.03408513950102227,-4121.568080328588
Caelum-Elysium,250,364825.305,348470.666,Caelum,Elysium,-16354.638999999966,16354.638999999966,0.9551713141170403,4.69,1.0,0.9780398457583547,0.06003094589396874,1753.5802267796134
Caelum-Dawn,315,263471.03,159854.315,Caelum,Dawn,-103616.71500000003,103616.71500000003,0.6067244470862697,64.82,1.0,0.9804744471744471,0.05446466415035868,-6484.057433327288
Boreas-Fenix,17,191526.241,142139.11,Boreas,Fenix,-49387.13100000002,49387.13100000002,0.7421390889199354,34.75,1.0,0.8068014354066986,0.13514659878591953,61601.108196475456
Caelum-Fenix,11,130021.572,124894.461,Caelum,Fenix,-5127.111000000004,5127.111000000004,0.9605672280288997,4.11,1.0,0.9796862650602409,0.04873557984945812,1731.907948738127
Caelum-Dawn,162,126634.308,125773.241,Caelum,Dawn,-861.06700000001,861.06700000001,0.9932003655754963,0.68,1.0,0.9804744471744471,0.05446466415035868,-6484.057433327288
Caelum-Elysium,105,410313.088,415953.147,Caelum,Elysium,5640.059000000008,5640.059000000008,1.013745744810363,1.36,0.9866,0.9780398457583547,0.06003094589396874,1753.5802267796134
Aegis-Dawn,338,151099.288,155810.804,Aegis,Dawn,4711.516000000003,4711.516000000003,1.031181589684261,3.02,0.9706,0.9844383292383293,0.0367757216063089,-2180.4743005156975
Aegis-Elysium,87,149417.014,156930.715,Aegis,Elysium,7513.701000000001,7513.701000000001,1.0502867832708798,4.79,0.9543,0.7958968831168831,0.13151929136319288,77214.95699135585
Boreas-Dawn,228,93642.168,94946.407,Boreas,Dawn,1304.2390000000014,1304.2390000000014,1.0139279026517198,1.37,0.9864,0.9791679389312977,0.052929740107363066,-992.1216852668913
Elysium-Fenix,307,189067.165,181728.52,Elysium,Fenix,-7338.645000000019,7338.645000000019,0.9611849841827373,4.04,1.0,0.9777570719602977,0.055399164086247815,4312.254361379141
Aegis-Elysium,319,105509.442,221866.687,Aegis,Elysium,116357.24500000001,116357.24500000001,2.1028135756797957,52.44,0.656,0.7958968831168831,0.13151929136319288,77214.95699135585
Aegis-Elysium,330,110356.138,165107.764,Aegis,Elysium,54751.62599999999,54751.62599999999,1.496135756399884,33.16,0.751,0.7958968831168831,0.13151929136319288,77214.95699135585
Caelum-Fenix,154,218750.206,218572.734,Caelum,Fenix,-177.47200000000885,177.47200000000885,0.999188700192584,0.08,1.0,0.9796862650602409,0.04873557984945812,1731.907948738127
Aegis-Dawn,356,127869.124,128290.402,Aegis,Dawn,421.2780000000057,421.2780000000057,1.003294603003615,0.33,0.9967,0.9844383292383293,0.0367757216063089,-2180.4743005156975
Aegis-Elysium,419,187969.566,186874.302,Aegis,Elysium,-1095.2639999999956,1095.2639999999956,0.9941731843973083,0.59,1.0,0.7958968831168831,0.13151929136319288,77214.95699135585
Boreas-Fenix,15,219480.095,220340.723,Boreas,Fenix,860.627999999997,860.627999999997,1.0039212120807584,0.39,0.9961,0.8068014354066986,0.13514659878591953,61601.108196475456
Boreas-Elysium,299,115406.645,114190.092,Boreas,Elysium,-1216.5529999999999,1216.5529999999999,0.9894585532748136,1.07,1.0,0.9804581280788177,0.05527648369623914,-1839.5134922540726
Caelum-Elysium,36,127248.301,123540.202,Caelum,Elysium,-3708.099000000002,3708.099000000002,0.9708593437330059,3.0,1.0,0.9780398457583547,0.06003094589396874,1753.5802267796134
Boreas-Dawn,108,116030.369,119910.424,Boreas,Dawn,3880.054999999993,3880.054999999993,1.0334399953515618,3.24,0.9687,0.9791679389312977,0.052929740107363066,-992.1216852668913
Dawn-Fenix,198,132608.447,130936.761,Dawn,Fenix,-1671.685999999987,1671.685999999987,0.9873938196410672,1.28,1.0,0.9823136476426799,0.04646098172906777,-362.5543768567232
Aegis-Dawn,193,194851.067,202552.578,Aegis,Dawn,7701.510999999999,7701.510999999999,1.0395251158670842,3.8,0.9634,0.9844383292383293,0.0367757216063089,-2180.4743005156975
Caelum-Fenix,140,164161.282,166027.569,Caelum,Fenix,1866.286999999982,1866.286999999982,1.0113686185759683,1.12,0.9889,0.9796862650602409,0.04873557984945812,1731.907948738127
Boreas-Fenix,166,60778.498,140762.864,Boreas,Fenix,79984.36600000001,79984.36600000001,2.315997739858593,56.82,0.6377,0.8068014354066986,0.13514659878591953,61601.108196475456
Aegis-Boreas,188,86110.696,90230.068,Aegis,Boreas,4119.372000000003,4119.372000000003,1.0478380989975973,4.57,0.9563,0.9849621693121693,0.03408513950102227,-4121.568080328588
Aegis-Boreas,287,115937.279,112927.228,Aegis,Boreas,-3010.050999999992,3010.050999999992,0.9740372464666865,2.67,1.0,0.9849621693121693,0.03408513950102227,-4121.568080328588
Caelum-Dawn,410,174686.312,177880.453,Caelum,Dawn,3194.1410000000033,3194.1410000000033,1.0182850102187744,1.8,0.9824,0.9804744471744471,0.05446466415035868,-6484.057433327288
Elysium-Fenix,36,287647.753,297320.821,Elysium,Fenix,9673.06799999997,9673.06799999997,1.033628171606124,3.25,0.9685,0.9777570719602977,0.055399164086247815,4312.254361379141
Caelum-Fenix,205,148616.005,144456.0,Caelum,Fenix,-4160.005000000005,4160.005000000005,0.9720083647787464,2.88,1.0,0.9796862650602409,0.04873557984945812,1731.907948738127
Caelum-Elysium,466,263722.123,253631.253,Caelum,Elysium,-10090.870000000024,10090.870000000024,0.9617367330233421,3.98,1.0,0.9780398457583547,0.06003094589396874,1753.5802267796134
Caelum-Elysium,271,220649.905,219760.16,Caelum,Elysium,-889.7449999999953,889.7449999999953,0.9959676166640543,0.4,1.0,0.9780398457583547,0.06003094589396874,1753.5802267796134
Caelum-Dawn,215,375261.873,212417.936,Caelum,Dawn,-162843.93700000003,162843.93700000003,0.5660525389958814,76.66,1.0,0.9804744471744471,0.05446466415035868,-6484.057433327288
Boreas-Elysium,333,96498.257,99364.67,Boreas,Elysium,2866.4130000000005,2866.4130000000005,1.0297042981822977,2.88,0.972,0.9804581280788177,0.05527648369623914,-1839.5134922540726
Elysium-Fenix,481,208817.095,205341.482,Elysium,Fenix,-3475.613000000012,3475.613000000012,0.9833557065813984,1.69,1.0,0.9777570719602977,0.055399164086247815,4312.254361379141
Caelum-Fenix,94,119094.432,117631.723,Caelum,Fenix,-1462.7090000000026,1462.7090000000026,0.9877180740070199,1.24,1.0,0.9796862650602409,0.04873557984945812,1731.907948738127
Boreas-Elysium,144,135293.671,140206.253,Boreas,Elysium,4912.581999999995,4912.581999999995,1.036310508567692,3.5,0.9661,0.9804581280788177,0.05527648369623914,-1839.5134922540726
Boreas-Fenix,480,49238.309,156425.143,Boreas,Fenix,107186.834,107186.834,3.176899170115692,68.52,0.5934,0.8068014354066986,0.13514659878591953,61601.108196475456
Aegis-Boreas,210,103828.557,101120.025,Aegis,Boreas,-2708.5320000000065,2708.5320000000065,0.973913419599966,2.68,1.0,0.9849621693121693,0.03408513950102227,-4121.568080328588
Elysium-Fenix,107,178191.368,176418.693,Elysium,Fenix,-1772.6749999999884,1772.6749999999884,0.9900518469559088,1.0,1.0,0.9777570719602977,0.055399164086247815,4312.254361379141
Dawn-Elysium,496,137692.69,142309.297,Dawn,Elysium,4616.606999999989,4616.606999999989,1.03352833763361,3.24,0.9686,0.9839219696969698,0.04028966443660543,-3087.7173304880284
Caelum-Dawn,106,148948.903,143327.366,Caelum,Dawn,-5621.536999999982,5621.536999999982,0.9622586209983702,3.92,1.0,0.9804744471744471,0.05446466415035868,-6484.057433327288
Aegis-Boreas,73,139129.77,135308.907,Aegis,Boreas,-3820.862999999983,3820.862999999983,0.9725374159678408,2.82,1.0,0.9849621693121693,0.03408513950102227,-4121.568080328588
Elysium-Fenix,265,312750.625,301700.139,Elysium,Fenix,-11050.485999999975,11050.485999999975,0.9646667820408034,3.66,1.0,0.9777570719602977,0.055399164086247815,4312.254361379141
Boreas-Fenix,328,162478.972,157435.225,Boreas,Fenix,-5043.747000000003,5043.747000000003,0.968957539933229,3.2,1.0,0.8068014354066986,0.13514659878591953,61601.108196475456
Dawn-Elysium,282,200991.321,200044.107,Dawn,Elysium,-947.2140000000072,947.2140000000072,0.9952872890466747,0.47,1.0,0.9839219696969698,0.04028966443660543,-3087.7173304880284
Elysium-Fenix,444,217036.477,212855.668,Elysium,Fenix,-4180.809000000008,4180.809000000008,0.9807368371538762,1.96,1.0,0.9777570719602977,0.055399164086247815,4312.254361379141
Caelum-Fenix,246,181051.24749094708,113329.395,Caelum,Fenix,-67721.85249094707,67721.85249094707,0.6259520250235597,59.76,1.0,0.9796862650602409,0.04873557984945812,1731.907948738127
Boreas-Fenix,321,121702.541,328708.621,Boreas,Fenix,207006.08,207006.08,2.70091830703847,62.98,0.6136,0.8068014354066986,0.13514659878591953,61601.108196475456
Caelum-Dawn,305,674267.617,231600.68,Caelum,Dawn,-442666.937,442666.937,0.343484803601357,191.13,1.0,0.9804744471744471,0.05446466415035868,-6484.057433327288
Elysium-Fenix,94,188749.41,183625.65,Elysium,Fenix,-5123.760000000009,5123.760000000009,0.9728541668024286,2.79,1.0,0.9777570719602977,0.055399164086247815,4312.254361379141
Boreas-Elysium,145,104744.117,100615.135,Boreas,Elysium,-4128.982000000004,4128.982000000004,0.96058029683901,4.1,1.0,0.9804581280788177,0.05527648369623914,-1839.5134922540726
Aegis-Elysium,231,117863.041,167404.867,Aegis,Elysium,49541.826,49541.826,1.4203338517288044,29.59,0.7716,0.7958968831168831,0.13151929136319288,77214.95699135585
Dawn-Fenix,352,198528.441,208408.137,Dawn,Fenix,9879.695999999996,9879.695999999996,1.0497646380046877,4.74,0.9547,0.9823136476426799,0.04646098172906777,-362.5543768567232
Caelum-Dawn,340,124558.319,127643.042,Caelum,Dawn,3084.722999999998,3084.722999999998,1.0247652908674851,2.42,0.9764,0.9804744471744471,0.05446466415035868,-6484.057433327288
Elysium-Fenix,366,173067.493,170760.445,Elysium,Fenix,-2307.0479999999807,2307.0479999999807,0.9866696630314049,1.35,1.0,0.9777570719602977,0.055399164086247815,4312.254361379141
Caelum-Fenix,391,226104.966,229062.378,Caelum,Fenix,2957.412000000011,2957.412000000011,1.0130798188660748,1.29,0.9873,0.9796862650602409,0.04873557984945812,1731.907948738127
Aegis-Boreas,113,67326.068,66307.531,Aegis,Boreas,-1018.5369999999966,1018.5369999999966,0.9848715804998445,1.54,1.0,0.9849621693121693,0.03408513950102227,-4121.568080328588
Dawn-Fenix,86,125787.629,124853.636,Dawn,Fenix,-933.9930000000022,933.9930000000022,0.9925748421571727,0.75,1.0,0.9823136476426799,0.04646098172906777,-362.5543768567232
Caelum-Fenix,259,123741.312,119552.489,Caelum,Fenix,-4188.823000000004,4188.823000000004,0.9661485486754819,3.5,1.0,0.9796862650602409,0.04873557984945812,1731.907948738127
Dawn-Fenix,441,84514.084,80591.5,Dawn,Fenix,-3922.5840000000026,3922.5840000000026,0.9535866235028945,4.87,1.0,0.9823136476426799,0.04646098172906777,-362.5543768567232
Caelum-Dawn,195,134141.199,135671.3,Caelum,Dawn,1530.100999999995,1530.100999999995,1.01140664472516,1.13,0.9888,0.9804744471744471,0.05446466415035868,-6484.057433327288
Boreas-Elysium,456,102814.403,102214.05,Boreas,Elysium,-600.3530000000028,600.3530000000028,0.994160808384016,0.59,1.0,0.9804581280788177,0.05527648369623914,-1839.5134922540726
Boreas-Fenix,448,181051.24749094708,193456.589,Boreas,Fenix,12405.34150905293,12405.34150905293,1.0685183984146436,6.41,0.9397,0.8068014354066986,0.13514659878591953,61601.108196475456
Boreas-Dawn,339,76874.489,75912.59,Boreas,Dawn,-961.8990000000049,961.8990000000049,0.987487409509805,1.27,1.0,0.9791679389312977,0.052929740107363066,-992.1216852668913
Boreas-Dawn,462,220623.633,227757.983,Boreas,Dawn,7134.350000000006,7134.350000000006,1.032337197529514,3.13,0.9696,0.9791679389312977,0.052929740107363066,-992.1216852668913
Boreas-Dawn,392,90020.94,90903.606,Boreas,Dawn,882.6659999999974,882.6659999999974,1.0098051186757213,0.97,0.9904,0.9791679389312977,0.052929740107363066,-992.1216852668913
Boreas-Dawn,325,77396.016,75443.566,Boreas,Dawn,-1952.449999999997,1952.449999999997,0.9747732493104038,2.59,1.0,0.9791679389312977,0.052929740107363066,-992.1216852668913
Caelum-Fenix,339,133145.423,139980.013,Caelum,Fenix,6834.5899999999965,6834.5899999999965,1.0513317682726502,4.88,0.9534,0.9796862650602409,0.04873557984945812,1731.907948738127
Caelum-Fenix,446,158249.898,153674.564,Caelum,Fenix,-4575.3339999999735,4575.3339999999735,0.9710879181735714,2.98,1.0,0.9796862650602409,0.04873557984945812,1731.907948738127
Caelum-Dawn,458,47983.994,126615.57,Caelum,Dawn,78631.576,78631.576,2.6387042729290107,62.1,0.6169,0.9804744471744471,0.05446466415035868,-6484.057433327288
Caelum-Elysium,35,181051.24749094708,205225.996,Caelum,Elysium,24174.748509052937,24174.748509052937,1.1335243410032936,11.78,0.8946,0.9780398457583547,0.06003094589396874,1753.5802267796134
Aegis-Boreas,252,106363.735,104605.868,Aegis,Boreas,-1757.8669999999984,1757.8669999999984,0.9834730606254096,1.68,1.0,0.9849621693121693,0.03408513950102227,-4121.568080328588
Aegis-Boreas,350,61856.867,61474.732,Aegis,Boreas,-382.13499999999476,382.13499999999476,0.9938222703713722,0.62,1.0,0.9849621693121693,0.03408513950102227,-4121.568080328588
Boreas-Fenix,258,205920.027,204232.274,Boreas,Fenix,-1687.752999999997,1687.752999999997,0.9918038423722624,0.83,1.0,0.8068014354066986,0.13514659878591953,61601.108196475456
Dawn-Elysium,52,126817.247,129683.909,Dawn,Elysium,2866.6619999999966,2866.6619999999966,1.0226046698522007,2.21,0.9784,0.9839219696969698,0.04028966443660543,-3087.7173304880284
Aegis-Boreas,457,76561.295,77906.364,Aegis,Boreas,1345.0690000000031,1345.0690000000031,1.0175685246703312,1.73,0.983,0.9849621693121693,0.03408513950102227,-4121.568080328588
Elysium-Fenix,344,165950.323,174311.982,Elysium,Fenix,8361.658999999985,8361.658999999985,1.0503865183799612,4.8,0.9542,0.9777570719602977,0.055399164086247815,4312.254361379141
Aegis-Boreas,479,73723.855,76225.293,Aegis,Boreas,2501.438000000009,2501.438000000009,1.0339298318027457,3.28,0.9682,0.9849621693121693,0.03408513950102227,-4121.568080328588
Aegis-Elysium,114,156489.011,259677.184,Aegis,Elysium,103188.17300000001,103188.17300000001,1.65939564919354,39.74,0.7156,0.7958968831168831,0.13151929136319288,77214.95699135585
Aegis-Dawn,298,131375.312,127214.076,Aegis,Dawn,-4161.236000000004,4161.236000000004,0.9683255861649257,3.27,1.0,0.9844383292383293,0.0367757216063089,-2180.4743005156975
Caelum-Fenix,221,115425.884,112907.122,Caelum,Fenix,-2518.7620000000024,2518.7620000000024,0.9781785340279482,2.23,1.0,0.9796862650602409,0.04873557984945812,1731.907948738127
Boreas-Fenix,173,352442.346,662720.079,Boreas,Fenix,310277.733,310277.733,1.8803645093203414,46.82,0.6811,0.8068014354066986,0.13514659878591953,61601.108196475456
Caelum-Dawn,95,162973.021,157388.39,Caelum,Dawn,-5584.630999999994,5584.630999999994,0.9657327883736045,3.55,1.0,0.9804744471744471,0.05446466415035868,-6484.057433327288
Aegis-Boreas,26,88562.487,92736.079,Aegis,Boreas,4173.592000000004,4173.592000000004,1.0471259575174308,4.5,0.9569,0.9849621693121693,0.03408513950102227,-4121.568080328588
Caelum-Dawn,75,126620.702,124045.588,Caelum,Dawn,-2575.1140000000014,2575.1140000000014,0.9796627726799366,2.08,1.0,0.9804744471744471,0.05446466415035868,-6484.057433327288
Boreas-Fenix,250,90154.615,188164.364,Boreas,Fenix,98009.749,98009.749,2.0871295828838043,52.09,0.6575,0.8068014354066986,0.13514659878591953,61601.108196475456
Caelum-Dawn,270,121020.49,126564.38,Caelum,Dawn,5543.889999999999,5543.889999999999,1.0458095153969382,4.38,0.958,0.9804744471744471,0.05446466415035868,-6484.057433327288
Boreas-Dawn,247,149308.412,156926.838,Boreas,Dawn,7618.425999999978,7618.425999999978,1.0510247607482421,4.85,0.9537,0.9791679389312977,0.052929740107363066,-992.1216852668913
Aegis-Elysium,287,135313.743,215115.192,Aegis,Elysium,79801.44900000002,79801.44900000002,1.589751249435174,37.1,0.7294,0.7958968831168831,0.13151929136319288,77214.95699135585
Aegis-Elysium,281,333248.357,347531.36,Aegis,Elysium,14283.002999999968,14283.002999999968,1.0428599352404309,4.11,0.9605,0.7958968831168831,0.13151929136319288,77214.95699135585
Dawn-Elysium,434,101662.518,103725.949,Dawn,Elysium,2063.430999999997,2063.430999999997,1.0202968708683764,1.99,0.9805,0.9839219696969698,0.04028966443660543,-3087.7173304880284
Boreas-Fenix,119,145327.471,223142.853,Boreas,Fenix,77815.38200000001,77815.38200000001,1.535448538838194,34.87,0.7414,0.8068014354066986,0.13514659878591953,61601.108196475456
Boreas-Elysium,63,101589.606,102398.552,Boreas,Elysium,808.9459999999963,808.9459999999963,1.007962881556997,0.79,0.9922,0.9804581280788177,0.05527648369623914,-1839.5134922540726
Boreas-Elysium,191,112986.138,113028.526,Boreas,Elysium,42.387999999991735,42.387999999991735,1.0003751610662186,0.04,0.9996,0.9804581280788177,0.05527648369623914,-1839.5134922540726
Dawn-Elysium,149,235635.389,236582.548,Dawn,Elysium,947.1590000000142,947.1590000000142,1.0040195957153109,0.4,0.996,0.9839219696969698,0.04028966443660543,-3087.7173304880284
Dawn-Fenix,154,487959.298,487238.624,Dawn,Fenix,-720.6739999999991,720.6739999999991,0.9985230858332779,0.15,1.0,0.9823136476426799,0.04646098172906777,-362.5543768567232
Dawn-Elysium,217,137923.567,132273.349,Dawn,Elysium,-5650.218000000023,5650.218000000023,0.95903370161533,4.27,1.0,0.9839219696969698,0.04028966443660543,-3087.7173304880284
Boreas-Dawn,451,66037.452,69418.27,Boreas,Dawn,3380.8179999999993,3380.8179999999993,1.0511954640527317,4.87,0.9536,0.9791679389312977,0.052929740107363066,-992.1216852668913
Dawn-Elysium,78,259756.74,254047.687,Dawn,Elysium,-5709.052999999985,5709.052999999985,0.9780215404612793,2.25,1.0,0.9839219696969698,0.04028966443660543,-3087.7173304880284
Boreas-Fenix,417,233414.18,340409.172,Boreas,Fenix,106994.99200000003,106994.99200000003,1.4583911397328133,31.43,0.7609,0.8068014354066986,0.13514659878591953,61601.108196475456
Dawn-Elysium,435,106473.572,102352.715,Dawn,Elysium,-4120.857000000004,4120.857000000004,0.9612969028596129,4.03,1.0,0.9839219696969698,0.04028966443660543,-3087.7173304880284
Aegis-Dawn,107,122765.41,123403.278,Aegis,Dawn,637.8680000000022,637.8680000000022,1.0051958283689193,0.52,0.9949,0.9844383292383293,0.0367757216063089,-2180.4743005156975
Caelum-Fenix,93,121663.821,121785.882,Caelum,Fenix,122.06100000000151,122.06100000000151,1.0010032645612865,0.1,0.999,0.9796862650602409,0.04873557984945812,1731.907948738127
Dawn-Elysium,303,109675.748,113392.559,Dawn,Elysium,3716.810999999987,3716.810999999987,1.033889087312174,3.28,0.9683,0.9839219696969698,0.04028966443660543,-3087.7173304880284
Caelum-Dawn,404,123994.563,130200.635,Caelum,Dawn,6206.072,6206.072,1.0500511623239481,4.77,0.9545,0.9804744471744471,0.05446466415035868,-6484.057433327288
Elysium-Fenix,356,332406.907,344379.716,Elysium,Fenix,11972.809000000008,11972.809000000008,1.0360185325511302,3.48,0.9664,0.9777570719602977,0.055399164086247815,4312.254361379141
Caelum-Elysium,441,167449.523,164414.304,Caelum,Elysium,-3035.2189999999828,3035.2189999999828,0.9818738271353572,1.85,1.0,0.9780398457583547,0.06003094589396874,1753.5802267796134
Dawn-Elysium,352,130028.149,135825.614,Dawn,Elysium,5797.4649999999965,5797.4649999999965,1.0445862303246354,4.27,0.9591,0.9839219696969698,0.04028966443660543,-3087.7173304880284
Elysium-Fenix,393,181051.24749094708,215998.681,Elysium,Fenix,34947.433509052935,34947.433509052935,1.1930250909251559,16.18,0.8607,0.9777570719602977,0.055399164086247815,4312.254361379141
Dawn-Elysium,6,99562.427,103213.731,Dawn,Elysium,3651.3040000000037,3651.3040000000037,1.036673513392758,3.54,0.9658,0.9839219696969698,0.04028966443660543,-3087.7173304880284
Aegis-Boreas,203,197203.935,201852.598,Aegis,Boreas,4648.6630000000005,4648.6630000000005,1.0235728714034027,2.3,0.9775,0.9849621693121693,0.03408513950102227,-4121.568080328588
Aegis-Boreas,339,66004.723,65286.3,Aegis,Boreas,-718.4229999999952,718.4229999999952,0.9891155819258571,1.1,1.0,0.9849621693121693,0.03408513950102227,-4121.568080328588
Aegis-Dawn,337,173218.049,168766.288,Aegis,Dawn,-4451.760999999999,4451.760999999999,0.9742996701227133,2.64,1.0,0.9844383292383293,0.0367757216063089,-2180.4743005156975
Caelum-Fenix,359,121863.548,123870.162,Caelum,Fenix,2006.6140000000014,2006.6140000000014,1.016466072364806,1.62,0.9841,0.9796862650602409,0.04873557984945812,1731.907948738127
Aegis-Boreas,387,65713.531,66858.023,Aegis,Boreas,1144.4919999999984,1144.4919999999984,1.017416382632064,1.71,0.9832,0.9849621693121693,0.03408513950102227,-4121.568080328588
Caelum-Fenix,152,83026.7,187375.669,Caelum,Fenix,104348.969,104348.969,2.256812194149593,55.69,0.6423,0.9796862650602409,0.04873557984945812,1731.907948738127
Dawn-Elysium,322,220945.782,212281.297,Dawn,Elysium,-8664.485000000015,8664.485000000015,0.9607845647852195,4.08,1.0,0.9839219696969698,0.04028966443660543,-3087.7173304880284
Boreas-Fenix,76,135784.32,196436.843,Boreas,Fenix,60652.52299999999,60652.52299999999,1.4466828202254869,30.88,0.7641,0.8068014354066986,0.13514659878591953,61601.108196475456
Caelum-Elysium,283,143086.626,142557.73,Caelum,Elysium,-528.8959999999788,528.8959999999788,0.9963036657248457,0.37,1.0,0.9780398457583547,0.06003094589396874,1753.5802267796134
Caelum-Dawn,23,208424.395,207702.232,Caelum,Dawn,-722.1630000000005,722.1630000000005,0.9965351320799084,0.35,1.0,0.9804744471744471,0.05446466415035868,-6484.057433327288
Caelum-Dawn,426,1596899.386,1678624.317,Caelum,Dawn,81724.9310000001,81724.9310000001,1.051177257450583,4.87,0.9536,0.9804744471744471,0.05446466415035868,-6484.057433327288
Caelum-Dawn,383,181051.24749094708,117280.561,Caelum,Dawn,-63770.686490947075,63770.686490947075,0.6477754924382074,54.37,1.0,0.9804744471744471,0.05446466415035868,-6484.057433327288
Dawn-Elysium,165,312365.167,320668.491,Dawn,Elysium,8303.323999999964,8303.323999999964,1.0265821060643423,2.59,0.9748,0.9839219696969698,0.04028966443660543,-3087.7173304880284
Boreas-Elysium,233,426468.091,412762.592,Boreas,Elysium,-13705.49900000001,13705.49900000001,0.9678627796798049,3.32,1.0,0.9804581280788177,0.05527648369623914,-1839.5134922540726
Boreas-Dawn,150,67108.9,70172.332,Boreas,Dawn,3063.4320000000007,3063.4320000000007,1.0456486695505365,4.37,0.9582,0.9791679389312977,0.052929740107363066,-992.1216852668913
Caelum-Dawn,247,331846.226,338195.692,Caelum,Dawn,6349.465999999957,6349.465999999957,1.019133759863823,1.88,0.9816,0.9804744471744471,0.05446466415035868,-6484.057433327288
Dawn-Elysium,406,111652.445,108475.004,Dawn,Elysium,-3177.441000000006,3177.441000000006,0.9715416800769566,2.93,1.0,0.9839219696969698,0.04028966443660543,-3087.7173304880284
Aegis-Dawn,177,293454.826,291470.244,Aegis,Dawn,-1984.5819999999949,1984.5819999999949,0.9932371805669333,0.68,1.0,0.9844383292383293,0.0367757216063089,-2180.4743005156975
Caelum-Elysium,361,124920.983,127428.858,Caelum,Elysium,2507.875,2507.875,1.020075690566732,1.97,0.9807,0.9780398457583547,0.06003094589396874,1753.5802267796134
Boreas-Dawn,39,263608.936,253082.507,Boreas,Dawn,-10526.428999999975,10526.428999999975,0.9600680115032216,4.16,1.0,0.9791679389312977,0.052929740107363066,-992.1216852668913
Boreas-Dawn,416,83238.905,87142.773,Boreas,Dawn,3903.868000000002,3903.868000000002,1.0468995597671547,4.48,0.9571,0.9791679389312977,0.052929740107363066,-992.1216852668913
Aegis-Boreas,61,171094.543,167567.139,Aegis,Boreas,-3527.4040000000095,3527.4040000000095,0.9793833050537444,2.11,1.0,0.9849621693121693,0.03408513950102227,-4121.568080328588
Caelum-Elysium,159,132807.752,138408.142,Caelum,Elysium,5600.389999999985,5600.389999999985,1.0421691498851662,4.05,0.9611,0.9780398457583547,0.06003094589396874,1753.5802267796134
Caelum-Fenix,137,118834.916,119351.632,Caelum,Fenix,516.7160000000003,516.7160000000003,1.004348183323494,0.43,0.9957,0.9796862650602409,0.04873557984945812,1731.907948738127
Caelum-Fenix,357,118786.372,115783.394,Caelum,Fenix,-3002.978000000003,3002.978000000003,0.9747195073859146,2.59,1.0,0.9796862650602409,0.04873557984945812,1731.907948738127
Aegis-Elysium,480,212161.842,289057.011,Aegis,Elysium,76895.169,76895.169,1.3624363753402933,26.6,0.7899,0.7958968831168831,0.13151929136319288,77214.95699135585
Aegis-Dawn,290,127245.975,125492.778,Aegis,Dawn,-1753.1970000000001,1753.1970000000001,0.986221984624661,1.4,1.0,0.9844383292383293,0.0367757216063089,-2180.4743005156975
Boreas-Dawn,170,120765.526,115591.049,Boreas,Dawn,-5174.476999999999,5174.476999999999,0.9571526976995074,4.48,1.0,0.9791679389312977,0.052929740107363066,-992.1216852668913
Caelum-Dawn,208,292464.913,289594.406,Caelum,Dawn,-2870.5069999999832,2870.5069999999832,0.9901851235057383,0.99,1.0,0.9804744471744471,0.05446466415035868,-6484.057433327288
Dawn-Fenix,434,125130.903,123811.764,Dawn,Fenix,-1319.1390000000101,1319.1390000000101,0.9894579279109014,1.07,1.0,0.9823136476426799,0.04646098172906777,-362.5543768567232
Caelum-Dawn,116,115996.694,111678.684,Caelum,Dawn,-4318.010000000009,4318.010000000009,0.9627747149414447,3.87,1.0,0.9804744471744471,0.05446466415035868,-6484.057433327288
Dawn-Elysium,447,267266.797,259732.207,Dawn,Elysium,-7534.590000000026,7534.590000000026,0.9718087316323096,2.9,1.0,0.9839219696969698,0.04028966443660543,-3087.7173304880284
Caelum-Fenix,235,127693.514,127415.637,Caelum,Fenix,-277.87699999999313,277.87699999999313,0.9978238753771003,0.22,1.0,0.9796862650602409,0.04873557984945812,1731.907948738127
Dawn-Fenix,341,77319.412,76873.934,Dawn,Fenix,-445.4780000000028,445.4780000000028,0.9942384714462132,0.58,1.0,0.9823136476426799,0.04646098172906777,-362.5543768567232
Caelum-Elysium,249,144314.003,143564.926,Caelum,Elysium,-749.0769999999902,749.0769999999902,0.9948093948998145,0.52,1.0,0.9780398457583547,0.06003094589396874,1753.5802267796134
Caelum-Fenix,399,109337.154,114530.798,Caelum,Fenix,5193.644,5193.644,1.0475011815288333,4.53,0.9566,0.9796862650602409,0.04873557984945812,1731.907948738127
Boreas-Fenix,96,162245.749,242973.125,Boreas,Fenix,80727.37599999999,80727.37599999999,1.4975623490757837,33.22,0.7506,0.8068014354066986,0.13514659878591953,61601.108196475456
Caelum-Fenix,4,130491.228,136685.172,Caelum,Fenix,6193.943999999989,6193.943999999989,1.047466363026333,4.53,0.9566,0.9796862650602409,0.04873557984945812,1731.907948738127
Boreas-Elysium,93,209393.121,200315.692,Boreas,Elysium,-9077.429000000004,9077.429000000004,0.956648867180312,4.53,1.0,0.9804581280788177,0.05527648369623914,-1839.5134922540726
Aegis-Dawn,233,128553.117,133461.536,Aegis,Dawn,4908.418999999994,4908.418999999994,1.0381820302342415,3.68,0.9645,0.9844383292383293,0.0367757216063089,-2180.4743005156975
Caelum-Elysium,190,141828.425,141980.578,Caelum,Elysium,152.15300000002026,152.15300000002026,1.0010727962324901,0.11,0.9989,0.9780398457583547,0.06003094589396874,1753.5802267796134
Dawn-Elysium,49,106611.09,106429.595,Dawn,Elysium,-181.49499999999534,181.49499999999534,0.9982975973700298,0.17,1.0,0.9839219696969698,0.04028966443660543,-3087.7173304880284
Caelum-Elysium,456,126715.12,133364.711,Caelum,Elysium,6649.591000000015,6649.591000000015,1.0524766973349353,4.99,0.9525,0.9780398457583547,0.06003094589396874,1753.5802267796134
Dawn-Fenix,89,90954.577,88513.134,Dawn,Fenix,-2441.4429999999993,2441.4429999999993,0.9731575575355598,2.76,1.0,0.9823136476426799,0.04646098172906777,-362.5543768567232
Boreas-Dawn,340,85744.92,87254.096,Boreas,Dawn,1509.1760000000068,1509.1760000000068,1.0176007628207013,1.73,0.983,0.9791679389312977,0.052929740107363066,-992.1216852668913
Boreas-Fenix,351,144073.164,150518.932,Boreas,Fenix,6445.768000000011,6445.768000000011,1.0447395463599314,4.28,0.9589,0.8068014354066986,0.13514659878591953,61601.108196475456
Aegis-Dawn,27,145899.409,140151.421,Aegis,Dawn,-5747.988000000012,5747.988000000012,0.960603075506632,4.1,1.0,0.9844383292383293,0.0367757216063089,-2180.4743005156975
Caelum-Dawn,303,141240.814,137328.757,Caelum,Dawn,-3912.0570000000007,3912.0570000000007,0.9723022199518051,2.85,1.0,0.9804744471744471,0.05446466415035868,-6484.057433327288
Elysium-Fenix,159,190389.203,184048.937,Elysium,Fenix,-6340.266000000003,6340.266000000003,0.9666983951815797,3.44,1.0,0.9777570719602977,0.055399164086247815,4312.254361379141
Boreas-Fenix,9,77328.352,132004.267,Boreas,Fenix,54675.91499999999,54675.91499999999,1.707061686766582,41.42,0.7071,0.8068014354066986,0.13514659878591953,61601.108196475456
Boreas-Elysium,228,178200.966,173519.275,Boreas,Elysium,-4681.690999999992,4681.690999999992,0.9737280268166448,2.7,1.0,0.9804581280788177,0.05527648369623914,-1839.5134922540726
Boreas-Elysium,94,342589.081,355215.604,Boreas,Elysium,12626.522999999986,12626.522999999986,1.0368561746426472,3.55,0.9657,0.9804581280788177,0.05527648369623914,-1839.5134922540726
Caelum-Fenix,335,187855.146,181433.533,Caelum,Fenix,-6421.613000000012,6421.613000000012,0.9658161453825704,3.54,1.0,0.9796862650602409,0.04873557984945812,1731.907948738127
Aegis-Dawn,303,224995.881,218449.708,Aegis,Dawn,-6546.172999999981,6546.172999999981,0.9709053651519959,3.0,1.0,0.9844383292383293,0.0367757216063089,-2180.4743005156975
Aegis-Dawn,357,197321.399,199649.303,Aegis,Dawn,2327.9040000000095,2327.9040000000095,1.011797524301964,1.17,0.9885,0.9844383292383293,0.0367757216063089,-2180.4743005156975
Caelum-Dawn,470,115305.208,120021.833,Caelum,Dawn,4716.625,4716.625,1.040905567769324,3.93,0.9622,0.9804744471744471,0.05446466415035868,-6484.057433327288
Boreas-Elysium,418,106523.568,105380.514,Boreas,Elysium,-1143.0540000000037,1143.0540000000037,0.9892694732117873,1.08,1.0,0.9804581280788177,0.05527648369623914,-1839.5134922540726
Boreas-Fenix,254,162729.614,260454.97,Boreas,Fenix,97725.356,97725.356,1.6005382400771873,37.52,0.7272,0.8068014354066986,0.13514659878591953,61601.108196475456
Dawn-Elysium,179,104496.519,103429.528,Dawn,Elysium,-1066.9909999999945,1066.9909999999945,0.9897892196772603,1.03,1.0,0.9839219696969698,0.04028966443660543,-3087.7173304880284
Boreas-Dawn,143,72253.804,71746.75,Boreas,Dawn,-507.0540000000037,507.0540000000037,0.992982321041533,0.71,1.0,0.9791679389312977,0.052929740107363066,-992.1216852668913
Aegis-Boreas,219,144835.077,148822.128,Aegis,Boreas,3987.0510000000068,3987.0510000000068,1.0275282140389237,2.68,0.9739,0.9849621693121693,0.03408513950102227,-4121.568080328588
Dawn-Fenix,174,68077.575,69811.094,Dawn,Fenix,1733.5190000000002,1733.5190000000002,1.0254638770549627,2.48,0.9758,0.9823136476426799,0.04646098172906777,-362.5543768567232
Aegis-Elysium,288,100687.059,152983.433,Aegis,Elysium,52296.373999999996,52296.373999999996,1.5193951886110806,34.18,0.7452,0.7958968831168831,0.13151929136319288,77214.95699135585
Aegis-Elysium,115,80453.397,157288.008,Aegis,Elysium,76834.611,76834.611,1.9550200969139937,48.85,0.6718,0.7958968831168831,0.13151929136319288,77214.95699135585
Aegis-Dawn,82,136561.358,142145.327,Aegis,Dawn,5583.968999999983,5583.968999999983,1.040889817454803,3.93,0.9622,0.9844383292383293,0.0367757216063089,-2180.4743005156975
Caelum-Dawn,161,135851.242,133728.892,Caelum,Dawn,-2122.350000000006,2122.350000000006,0.9843773971532773,1.59,1.0,0.9804744471744471,0.05446466415035868,-6484.057433327288
Aegis-Boreas,43,77266.637,74020.05,Aegis,Boreas,-3246.5869999999995,3246.5869999999995,0.9579820330474588,4.39,1.0,0.9849621693121693,0.03408513950102227,-4121.568080328588
Elysium-Fenix,271,337332.426,342609.967,Elysium,Fenix,5277.5410000000265,5277.5410000000265,1.0156449264678755,1.54,0.9848,0.9777570719602977,0.055399164086247815,4312.254361379141
Boreas-Elysium,451,145497.29,141274.565,Boreas,Elysium,-4222.725000000006,4222.725000000006,0.9709772944911894,2.99,1.0,0.9804581280788177,0.05527648369623914,-1839.5134922540726
Elysium-Fenix,449,205428.452,208551.491,Elysium,Fenix,3123.039000000019,3123.039000000019,1.0152025630802106,1.5,0.9852,0.9777570719602977,0.055399164086247815,4312.254361379141
Boreas-Dawn,20,67779.087,70369.038,Boreas,Dawn,2589.951000000001,2589.951000000001,1.038211653691942,3.68,0.9645,0.9791679389312977,0.052929740107363066,-992.1216852668913
Caelum-Dawn,128,165445.98,165232.007,Caelum,Dawn,-213.97299999999814,213.97299999999814,0.9987066896397241,0.13,1.0,0.9804744471744471,0.05446466415035868,-6484.057433327288
Boreas-Elysium,131,112092.696,108379.512,Boreas,Elysium,-3713.183999999994,3713.183999999994,0.966873987935842,3.43,1.0,0.9804581280788177,0.05527648369623914,-1839.5134922540726
Boreas-Dawn,244,91636.482,87896.546,Boreas,Dawn,-3739.9360000000015,3739.9360000000015,0.9591872590656634,4.25,1.0,0.9791679389312977,0.052929740107363066,-992.1216852668913
Elysium-Fenix,289,840952.59,877006.835,Elysium,Fenix,36054.244999999995,36054.244999999995,1.0428731006108205,4.11,0.9605,0.9777570719602977,0.055399164086247815,4312.254361379141
Aegis-Elysium,224,157975.745,251876.771,Aegis,Elysium,93901.02600000001,93901.02600000001,1.5944015392995932,37.28,0.7284,0.7958968831168831,0.13151929136319288,77214.95699135585
Boreas-Fenix,299,156997.117,234232.585,Boreas,Fenix,77235.468,77235.468,1.4919546898431262,32.97,0.752,0.8068014354066986,0.13514659878591953,61601.108196475456
Aegis-Elysium,71,183868.959,296732.474,Aegis,Elysium,112863.51499999998,112863.51499999998,1.6138258225522448,38.04,0.7245,0.7958968831168831,0.13151929136319288,77214.95699135585
Aegis-Dawn,218,295185.558,288753.768,Aegis,Dawn,-6431.790000000037,6431.790000000037,0.9782110275191714,2.23,1.0,0.9844383292383293,0.0367757216063089,-2180.4743005156975
Caelum-Fenix,356,181051.24749094708,119161.161,Caelum,Fenix,-61890.086490947084,61890.086490947084,0.658162606728011,51.94,1.0,0.9796862650602409,0.04873557984945812,1731.907948738127
Boreas-Dawn,461,113541.122,111128.285,Boreas,Dawn,-2412.8369999999995,2412.8369999999995,0.9787492235632479,2.17,1.0,0.9791679389312977,0.052929740107363066,-992.1216852668913
Aegis-Dawn,170,169769.122,166066.628,Aegis,Dawn,-3702.494000000006,3702.494000000006,0.9781910046044768,2.23,1.0,0.9844383292383293,0.0367757216063089,-2180.4743005156975
Caelum-Elysium,393,135975.217,132509.649,Caelum,Elysium,-3465.5679999999993,3465.5679999999993,0.974513237952766,2.62,1.0,0.9780398457583547,0.06003094589396874,1753.5802267796134
Caelum-Dawn,102,130666.408,126759.466,Caelum,Dawn,-3906.9419999999955,3906.9419999999955,0.970099874483425,3.08,1.0,0.9804744471744471,0.05446466415035868,-6484.057433327288
Boreas-Elysium,45,267770.739,263235.112,Boreas,Elysium,-4535.626999999979,4535.626999999979,0.9830615286160899,1.72,1.0,0.9804581280788177,0.05527648369623914,-1839.5134922540726
Dawn-Elysium,297,833934.011,799985.502,Dawn,Elysium,-33948.50900000008,33948.50900000008,0.9592911326889147,4.24,1.0,0.9839219696969698,0.04028966443660543,-3087.7173304880284
Elysium-Fenix,453,561231.884,554534.375,Elysium,Fenix,-6697.508999999962,6697.508999999962,0.9880664139174247,1.21,1.0,0.9777570719602977,0.055399164086247815,4312.254361379141
Aegis-Dawn,397,124051.635,127592.961,Aegis,Dawn,3541.326000000001,3541.326000000001,1.028547193271576,2.78,0.973,0.9844383292383293,0.0367757216063089,-2180.4743005156975
Aegis-Elysium,258,95173.569,154553.581,Aegis,Elysium,59380.012,59380.012,1.6239128428608156,38.42,0.7224,0.7958968831168831,0.13151929136319288,77214.95699135585
Boreas-Fenix,355,874138.699,836177.228,Boreas,Fenix,-37961.47100000002,37961.47100000002,0.9565727143261964,4.54,1.0,0.8068014354066986,0.13514659878591953,61601.108196475456
Aegis-Boreas,95,63307.828,63552.617,Aegis,Boreas,244.78899999999703,244.78899999999703,1.0038666466333357,0.39,0.9962,0.9849621693121693,0.03408513950102227,-4121.568080328588
Caelum-Dawn,21,121637.189,127729.229,Caelum,Dawn,6092.040000000008,6092.040000000008,1.0500836960314828,4.77,0.9545,0.9804744471744471,0.05446466415035868,-6484.057433327288
Caelum-Dawn,276,205000.98,110695.647,Caelum,Dawn,-94305.33300000001,94305.33300000001,0.5399761845040936,85.19,1.0,0.9804744471744471,0.05446466415035868,-6484.057433327288
Aegis-Dawn,342,117910.161,120308.819,Aegis,Dawn,2398.6580000000104,2398.6580000000104,1.0203430983356898,1.99,0.9805,0.9844383292383293,0.0367757216063089,-2180.4743005156975
Caelum-Fenix,34,179576.542,175601.231,Caelum,Fenix,-3975.310999999987,3975.310999999987,0.9778628602838338,2.26,1.0,0.9796862650602409,0.04873557984945812,1731.907948738127
Boreas-Fenix,205,154446.314,148212.33,Boreas,Fenix,-6233.984000000026,6233.984000000026,0.9596365634209955,4.21,1.0,0.8068014354066986,0.13514659878591953,61601.108196475456
Dawn-Elysium,475,191235.684,198011.012,Dawn,Elysium,6775.3279999999795,6775.3279999999795,1.035429203683555,3.42,0.9669,0.9839219696969698,0.04028966443660543,-3087.7173304880284
Boreas-Fenix,118,112184.646,211132.587,Boreas,Fenix,98947.941,98947.941,1.8820096557598445,46.87,0.6809,0.8068014354066986,0.13514659878591953,61601.108196475456
Caelum-Dawn,418,152933.274,153415.133,Caelum,Dawn,481.85899999999674,481.85899999999674,1.00315077933923,0.31,0.9969,0.9804744471744471,0.05446466415035868,-6484.057433327288
Dawn-Elysium,131,144718.789,139228.078,Dawn,Elysium,-5490.710999999981,5490.710999999981,0.9620594461994842,3.94,1.0,0.9839219696969698,0.04028966443660543,-3087.7173304880284
Dawn-Fenix,151,244343.981,246136.223,Dawn,Fenix,1792.2419999999984,1792.2419999999984,1.007334913643729,0.73,0.9928,0.9823136476426799,0.04646098172906777,-362.5543768567232
Aegis-Boreas,322,160454.999,158935.289,Aegis,Boreas,-1519.710000000021,1519.710000000021,0.9905287463184614,0.96,1.0,0.9849621693121693,0.03408513950102227,-4121.568080328588
Caelum-Fenix,355,156277.143,156889.699,Caelum,Fenix,612.5559999999823,612.5559999999823,1.0039196774924404,0.39,0.9961,0.9796862650602409,0.04873557984945812,1731.907948738127
Boreas-Elysium,132,100013.271,96174.348,Boreas,Elysium,-3838.922999999995,3838.922999999995,0.9616158639586941,3.99,1.0,0.9804581280788177,0.05527648369623914,-1839.5134922540726
Caelum-Elysium,227,322968.291,311512.106,Caelum,Elysium,-11456.184999999998,11456.184999999998,0.9645284527328412,3.68,1.0,0.9780398457583547,0.06003094589396874,1753.5802267796134
Aegis-Boreas,334,104760.466,102150.086,Aegis,Boreas,-2610.3800000000047,2610.3800000000047,0.9750823941542985,2.56,1.0,0.9849621693121693,0.03408513950102227,-4121.568080328588
Boreas-Fenix,144,154697.155,151188.596,Boreas,Fenix,-3508.5590000000084,3508.5590000000084,0.9773198220742974,2.32,1.0,0.8068014354066986,0.13514659878591953,61601.108196475456
Aegis-Boreas,332,283460.925,120308.241,Aegis,Boreas,-163152.684,163152.684,0.4244261920756803,135.61,1.0,0.9849621693121693,0.03408513950102227,-4121.568080328588
Aegis-Dawn,333,116775.34,117863.88,Aegis,Dawn,1088.5400000000081,1088.5400000000081,1.0093216598641461,0.92,0.9908,0.9844383292383293,0.0367757216063089,-2180.4743005156975
Boreas-Fenix,34,181051.24749094708,194997.289,Boreas,Fenix,13946.041509052913,13946.041509052913,1.0770281437014138,7.15,0.9333,0.8068014354066986,0.13514659878591953,61601.108196475456
Boreas-Elysium,167,107805.432,105024.031,Boreas,Elysium,-2781.400999999998,2781.400999999998,0.9741998065552022,2.65,1.0,0.9804581280788177,0.05527648369623914,-1839.5134922540726
Boreas-Elysium,251,331426.88,324465.601,Boreas,Elysium,-6961.27899999998,6961.27899999998,0.9789960337556206,2.15,1.0,0.9804581280788177,0.05527648369623914,-1839.5134922540726
Boreas-Dawn,386,181051.24749094708,223058.455,Boreas,Dawn,42007.20750905291,42007.20750905291,1.2320183268063556,18.83,0.8415,0.9791679389312977,0.052929740107363066,-992.1216852668913
Boreas-Elysium,166,113480.178,117258.641,Boreas,Elysium,3778.4630000000034,3778.4630000000034,1.0332962378680794,3.22,0.9688,0.9804581280788177,0.05527648369623914,-1839.5134922540726
Aegis-Dawn,231,132075.194,128843.829,Aegis,Dawn,-3231.3649999999907,3231.3649999999907,0.9755338992725614,2.51,1.0,0.9844383292383293,0.0367757216063089,-2180.4743005156975
Boreas-Dawn,195,111146.923,114009.914,Boreas,Dawn,2862.991000000009,2862.991000000009,1.0257586168174895,2.51,0.9755,0.9791679389312977,0.052929740107363066,-992.1216852668913
Aegis-Boreas,291,63350.085,66030.527,Aegis,Boreas,2680.4420000000027,2680.4420000000027,1.0423115770089337,4.06,0.961,0.9849621693121693,0.03408513950102227,-4121.568080328588
Aegis-Boreas,184,66314.671,67301.387,Aegis,Boreas,986.7160000000003,986.7160000000003,1.0148793017460647,1.47,0.9856,0.9849621693121693,0.03408513950102227,-4121.568080328588
Dawn-Elysium,226,118273.734,115634.852,Dawn,Elysium,-2638.881999999998,2638.881999999998,0.9776883513291295,2.28,1.0,0.9839219696969698,0.04028966443660543,-3087.7173304880284
Dawn-Elysium,263,141883.897,146425.626,Dawn,Elysium,4541.728999999992,4541.728999999992,1.032010179421559,3.1,0.9699,0.9839219696969698,0.04028966443660543,-3087.7173304880284
Caelum-Dawn,211,54951.5,134592.315,Caelum,Dawn,79640.815,79640.815,2.4492928309509296,59.17,0.6283,0.9804744471744471,0.05446466415035868,-6484.057433327288
Aegis-Dawn,33,198906.427,195197.271,Aegis,Dawn,-3709.155999999988,3709.155999999988,0.981352256656845,1.9,1.0,0.9844383292383293,0.0367757216063089,-2180.4743005156975
Boreas-Fenix,335,92022.991,201921.259,Boreas,Fenix,109898.268,109898.268,2.194247946146415,54.43,0.6476,0.8068014354066986,0.13514659878591953,61601.108196475456
Boreas-Fenix,215,86237.794,146261.09,Boreas,Fenix,60023.296,60023.296,1.6960207725165142,41.04,0.709,0.8068014354066986,0.13514659878591953,61601.108196475456
Caelum-Elysium,398,156836.2,157631.521,Caelum,Elysium,795.3209999999963,795.3209999999963,1.0050710295199705,0.5,0.995,0.9780398457583547,0.06003094589396874,1753.5802267796134
Caelum-Dawn,168,214721.167,210609.042,Caelum,Dawn,-4112.125,4112.125,0.9808490003223576,1.95,1.0,0.9804744471744471,0.05446466415035868,-6484.057433327288
Aegis-Dawn,157,409350.534,394145.334,Aegis,Dawn,-15205.200000000012,15205.200000000012,0.9628553067919047,3.86,1.0,0.9844383292383293,0.0367757216063089,-2180.4743005156975
Aegis-Elysium,255,174735.389,181276.984,Aegis,Elysium,6541.595000000001,6541.595000000001,1.0374371501814095,3.61,0.9652,0.7958968831168831,0.13151929136319288,77214.95699135585
Boreas-Fenix,222,94869.481,174696.555,Boreas,Fenix,79827.074,79827.074,1.8414410320216676,45.69,0.6864,0.8068014354066986,0.13514659878591953,61601.108196475456
Boreas-Fenix,232,151999.32,151086.971,Boreas,Fenix,-912.3490000000165,912.3490000000165,0.9939976770948711,0.6,1.0,0.8068014354066986,0.13514659878591953,61601.108196475456
Boreas-Elysium,481,98332.576,101657.442,Boreas,Elysium,3324.8659999999945,3324.8659999999945,1.0338124570233977,3.27,0.9683,0.9804581280788177,0.05527648369623914,-1839.5134922540726
Dawn-Fenix,87,220507.408,213428.418,Dawn,Fenix,-7078.989999999991,7078.989999999991,0.9678968155119759,3.32,1.0,0.9823136476426799,0.04646098172906777,-362.5543768567232
Aegis-Dawn,398,276591.323,285081.67,Aegis,Dawn,8490.347000000009,8490.347000000009,1.0306963606374593,2.98,0.9711,0.9844383292383293,0.0367757216063089,-2180.4743005156975
Aegis-Boreas,428,61747.017,62288.702,Aegis,Boreas,541.6849999999977,541.6849999999977,1.0087726505071493,0.87,0.9914,0.9849621693121693,0.03408513950102227,-4121.568080328588
Dawn-Fenix,448,76269.448,79244.614,Dawn,Fenix,2975.1659999999974,2975.1659999999974,1.039008621119167,3.75,0.9638,0.9823136476426799,0.04646098172906777,-362.5543768567232
Boreas-Dawn,492,70188.68,70278.483,Boreas,Dawn,89.80299999999988,89.80299999999988,1.0012794513303285,0.13,0.9987,0.9791679389312977,0.052929740107363066,-992.1216852668913
Boreas-Elysium,4,105343.842,106854.061,Boreas,Elysium,1510.2189999999973,1510.2189999999973,1.0143360918998947,1.41,0.9861,0.9804581280788177,0.05527648369623914,-1839.5134922540726
Aegis-Elysium,436,131812.003,165957.804,Aegis,Elysium,34145.80100000001,34145.80100000001,1.2590492536556022,20.57,0.8294,0.7958968831168831,0.13151929136319288,77214.95699135585
Dawn-Fenix,429,77372.066,80624.613,Dawn,Fenix,3252.5469999999914,3252.5469999999914,1.0420377426654213,4.03,0.9612,0.9823136476426799,0.04646098172906777,-362.5543768567232
Aegis-Elysium,222,181051.24749094708,165603.082,Aegis,Elysium,-15448.165490947082,15448.165490947082,0.9146751778569241,9.33,1.0,0.7958968831168831,0.13151929136319288,77214.95699135585
Boreas-Fenix,387,364622.416,370996.99,Boreas,Fenix,6374.573999999964,6374.573999999964,1.0174826717181316,1.72,0.9831,0.8068014354066986,0.13514659878591953,61601.108196475456
Boreas-Elysium,337,276134.531,283039.248,Boreas,Elysium,6904.717000000004,6904.717000000004,1.0250049024111367,2.44,0.9762,0.9804581280788177,0.05527648369623914,-1839.5134922540726
Caelum-Elysium,15,152611.696,154913.011,Caelum,Elysium,2301.3150000000023,2301.3150000000023,1.0150795454104644,1.49,0.9854,0.9780398457583547,0.06003094589396874,1753.5802267796134
Dawn-Elysium,19,176185.06,183430.591,Dawn,Elysium,7245.530999999988,7245.530999999988,1.0411245482448965,3.95,0.962,0.9839219696969698,0.04028966443660543,-3087.7173304880284
Elysium-Fenix,410,181051.24749094708,182518.042,Elysium,Fenix,1466.7945090529101,1466.7945090529101,1.008101543233643,0.8,0.992,0.9777570719602977,0.055399164086247815,4312.254361379141
Dawn-Elysium,213,103580.142,107724.126,Dawn,Elysium,4143.983999999997,4143.983999999997,1.0400075141816276,3.85,0.963,0.9839219696969698,0.04028966443660543,-3087.7173304880284
Boreas-Fenix,347,174665.477,181123.92,Boreas,Fenix,6458.442999999999,6458.442999999999,1.0369760705488469,3.57,0.9656,0.8068014354066986,0.13514659878591953,61601.108196475456
Caelum-Fenix,336,114209.376,112614.662,Caelum,Fenix,-1594.7140000000072,1594.7140000000072,0.9860369257249072,1.42,1.0,0.9796862650602409,0.04873557984945812,1731.907948738127
Caelum-Dawn,386,127224.889,128149.737,Caelum,Dawn,924.8479999999981,924.8479999999981,1.0072693952203016,0.72,0.9928,0.9804744471744471,0.05446466415035868,-6484.057433327288
Boreas-Dawn,221,98082.781,98496.939,Boreas,Dawn,414.1579999999958,414.1579999999958,1.0042225352480574,0.42,0.9958,0.9791679389312977,0.052929740107363066,-992.1216852668913
Boreas-Elysium,404,119128.649,122370.637,Boreas,Elysium,3241.9879999999976,3241.9879999999976,1.0272141758276803,2.65,0.9742,0.9804581280788177,0.05527648369623914,-1839.5134922540726
Boreas-Dawn,318,70573.898,70270.932,Boreas,Dawn,-302.96600000000035,302.96600000000035,0.9957071097305692,0.43,1.0,0.9791679389312977,0.052929740107363066,-992.1216852668913
Dawn-Fenix,418,103121.286,101349.606,Dawn,Fenix,-1771.679999999993,1771.679999999993,0.9828194539777172,1.75,1.0,0.9823136476426799,0.04646098172906777,-362.5543768567232
Boreas-Fenix,176,129318.485,185496.426,Boreas,Fenix,56177.941000000006,56177.941000000006,1.4344153969944824,30.29,0.7675,0.8068014354066986,0.13514659878591953,61601.108196475456
Dawn-Elysium,455,235562.618,229635.05,Dawn,Elysium,-5927.567999999999,5927.567999999999,0.9748365506788518,2.58,1.0,0.9839219696969698,0.04028966443660543,-3087.7173304880284
Caelum-Elysium,112,201427.205,472378.939,Caelum,Elysium,270951.73400000005,270951.73400000005,2.345159577625078,57.36,0.6355,0.9780398457583547,0.06003094589396874,1753.5802267796134
Caelum-Elysium,228,168354.437,173788.627,Caelum,Elysium,5434.190000000002,5434.190000000002,1.032278270159283,3.13,0.9697,0.9780398457583547,0.06003094589396874,1753.5802267796134
Boreas-Fenix,405,166836.237,164337.158,Boreas,Fenix,-2499.078999999998,2499.078999999998,0.9850207662020092,1.52,1.0,0.8068014354066986,0.13514659878591953,61601.108196475456
Aegis-Elysium,410,169469.772,277826.383,Aegis,Elysium,108356.61099999998,108356.61099999998,1.6393860670326503,39.0,0.7194,0.7958968831168831,0.13151929136319288,77214.95699135585
Caelum-Fenix,342,148864.84,148401.307,Caelum,Fenix,-463.5329999999958,463.5329999999958,0.9968862157108421,0.31,1.0,0.9796862650602409,0.04873557984945812,1731.907948738127
Caelum-Fenix,2,223752.209,233947.59,Caelum,Fenix,10195.380999999994,10195.380999999994,1.045565498752238,4.36,0.9582,0.9796862650602409,0.04873557984945812,1731.907948738127
Elysium-Fenix,213,261120.547,249361.206,Elysium,Fenix,-11759.340999999986,11759.340999999986,0.9549658533765251,4.72,1.0,0.9777570719602977,0.055399164086247815,4312.254361379141
Boreas-Elysium,164,97694.42,98462.437,Boreas,Elysium,768.0170000000071,768.0170000000071,1.0078614213585588,0.78,0.9923,0.9804581280788177,0.05527648369623914,-1839.5134922540726
Boreas-Dawn,331,81203.304,85210.507,Boreas,Dawn,4007.202999999994,4007.202999999994,1.0493477826961326,4.7,0.9551,0.9791679389312977,0.052929740107363066,-992.1216852668913
Aegis-Elysium,126,173524.878,228978.274,Aegis,Elysium,55453.39600000001,55453.39600000001,1.3195702923934631,24.22,0.805,0.7958968831168831,0.13151929136319288,77214.95699135585
Caelum-Fenix,371,118290.652,118929.57,Caelum,Fenix,638.9180000000051,638.9180000000051,1.00540125520654,0.54,0.9947,0.9796862650602409,0.04873557984945812,1731.907948738127
Elysium-Fenix,137,262744.135,275892.826,Elysium,Fenix,13148.690999999992,13148.690999999992,1.0500437088728927,4.77,0.9545,0.9777570719602977,0.055399164086247815,4312.254361379141
Elysium-Fenix,422,183253.154,192801.115,Elysium,Fenix,9547.960999999981,9547.960999999981,1.0521025739071317,4.95,0.9528,0.9777570719602977,0.055399164086247815,4312.254361379141
Caelum-Elysium,280,2114996.77,2213252.857,Caelum,Elysium,98256.08699999982,98256.08699999982,1.04645684967169,4.44,0.9575,0.9780398457583547,0.06003094589396874,1753.5802267796134
Aegis-Boreas,304,267502.208,276429.158,Aegis,Boreas,8926.950000000012,8926.950000000012,1.0333715002457102,3.23,0.9687,0.9849621693121693,0.03408513950102227,-4121.568080328588
Boreas-Dawn,397,112937.718,108955.1,Boreas,Dawn,-3982.6179999999877,3982.6179999999877,0.9647361566133292,3.66,1.0,0.9791679389312977,0.052929740107363066,-992.1216852668913
Aegis-Elysium,292,1018447.175,989937.629,Aegis,Elysium,-28509.54600000009,28509.54600000009,0.9720068485633533,2.88,1.0,0.7958968831168831,0.13151929136319288,77214.95699135585
Aegis-Boreas,70,333546.291,138586.708,Aegis,Boreas,-194959.583,194959.583,0.41549467567007065,140.68,1.0,0.9849621693121693,0.03408513950102227,-4121.568080328588
Caelum-Fenix,144,185158.418,189688.498,Caelum,Fenix,4530.079999999987,4530.079999999987,1.0244659683795743,2.39,0.9767,0.9796862650602409,0.04873557984945812,1731.907948738127
Aegis-Elysium,305,109477.553,193931.131,Aegis,Elysium,84453.578,84453.578,1.7714236908455563,43.55,0.6966,0.7958968831168831,0.13151929136319288,77214.95699135585
Boreas-Fenix,280,108384.352,155925.833,Boreas,Fenix,47541.481000000014,47541.481000000014,1.4386378672079898,30.49,0.7663,0.8068014354066986,0.13514659878591953,61601.108196475456
Dawn-Fenix,251,78475.165,75496.629,Dawn,Fenix,-2978.535999999993,2978.535999999993,0.9620448583956467,3.95,1.0,0.9823136476426799,0.04646098172906777,-362.5543768567232
Caelum-Fenix,224,196379.574,204269.702,Caelum,Fenix,7890.127999999997,7890.127999999997,1.0401779464090293,3.86,0.9628,0.9796862650602409,0.04873557984945812,1731.907948738127
Boreas-Dawn,165,73722.023,77329.788,Boreas,Dawn,3607.7649999999994,3607.7649999999994,1.04893741182333,4.67,0.9554,0.9791679389312977,0.052929740107363066,-992.1216852668913
Aegis-Elysium,340,139743.596,228341.593,Aegis,Elysium,88597.997,88597.997,1.6340039868445921,38.8,0.7205,0.7958968831168831,0.13151929136319288,77214.95699135585
Aegis-Dawn,331,173254.688,173661.282,Aegis,Dawn,406.5940000000119,406.5940000000119,1.002346799412435,0.23,0.9977,0.9844383292383293,0.0367757216063089,-2180.4743005156975
Boreas-Fenix,71,66443.787,139824.806,Boreas,Fenix,73381.01900000001,73381.01900000001,2.1044075347481326,52.48,0.6558,0.8068014354066986,0.13514659878591953,61601.108196475456
Aegis-Elysium,456,93612.117,192219.863,Aegis,Elysium,98607.74600000001,98607.74600000001,2.0533651963025257,51.3,0.6609,0.7958968831168831,0.13151929136319288,77214.95699135585
Caelum-Dawn,207,162529.852,156991.375,Caelum,Dawn,-5538.4770000000135,5538.4770000000135,0.9659233246579219,3.53,1.0,0.9804744471744471,0.05446466415035868,-6484.057433327288
Caelum-Dawn,246,125760.344,120456.708,Caelum,Dawn,-5303.635999999999,5303.635999999999,0.9578274372404707,4.4,1.0,0.9804744471744471,0.05446466415035868,-6484.057433327288
Aegis-Boreas,238,87714.054,89679.101,Aegis,Boreas,1965.0469999999914,1965.0469999999914,1.0224028751424485,2.19,0.9786,0.9849621693121693,0.03408513950102227,-4121.568080328588
Aegis-Boreas,92,116689.691,116817.403,Aegis,Boreas,127.71199999999953,127.71199999999953,1.0010944582928067,0.11,0.9989,0.9849621693121693,0.03408513950102227,-4121.568080328588
Elysium-Fenix,209,404234.378,414166.374,Elysium,Fenix,9931.995999999985,9931.995999999985,1.02456989444871,2.4,0.9766,0.9777570719602977,0.055399164086247815,4312.254361379141
Boreas-Fenix,444,128419.524,134424.459,Boreas,Fenix,6004.934999999998,6004.934999999998,1.0467602963549374,4.47,0.9572,0.8068014354066986,0.13514659878591953,61601.108196475456
Boreas-Fenix,19,181051.24749094708,188600.695,Boreas,Fenix,7549.44750905293,7549.44750905293,1.041697848612893,4.0,0.9615,0.8068014354066986,0.13514659878591953,61601.108196475456
Boreas-Fenix,271,462569.839,452689.854,Boreas,Fenix,-9879.984999999986,9879.984999999986,0.9786410955341168,2.18,1.0,0.8068014354066986,0.13514659878591953,61601.108196475456
Boreas-Fenix,103,270479.566,518166.677,Boreas,Fenix,247687.11100000003,247687.11100000003,1.9157331722426678,47.8,0.6766,0.8068014354066986,0.13514659878591953,61601.108196475456
Dawn-Fenix,306,84973.49,83009.788,Dawn,Fenix,-1963.7020000000048,1963.7020000000048,0.9768904160579964,2.37,1.0,0.9823136476426799,0.04646098172906777,-362.5543768567232
Caelum-Dawn,439,116482.874,114994.009,Caelum,Dawn,-1488.8649999999907,1488.8649999999907,0.9872181639336957,1.29,1.0,0.9804744471744471,0.05446466415035868,-6484.057433327288
Aegis-Elysium,1,175618.875,178458.136,Aegis,Elysium,2839.2609999999986,2839.2609999999986,1.0161671745135596,1.59,0.9843,0.7958968831168831,0.13151929136319288,77214.95699135585
Boreas-Elysium,42,132825.504,127926.424,Boreas,Elysium,-4899.079999999987,4899.079999999987,0.963116420774131,3.83,1.0,0.9804581280788177,0.05527648369623914,-1839.5134922540726
Dawn-Fenix,178,74947.011,76745.19,Dawn,Fenix,1798.1790000000037,1798.1790000000037,1.0239926713021283,2.34,0.9771,0.9823136476426799,0.04646098172906777,-362.5543768567232
Caelum-Dawn,428,115583.608,117438.741,Caelum,Dawn,1855.1330000000016,1855.1330000000016,1.0160501392204335,1.58,0.9844,0.9804744471744471,0.05446466415035868,-6484.057433327288
Boreas-Fenix,115,96608.85,157844.876,Boreas,Fenix,61236.02599999998,61236.02599999998,1.6338552420404546,38.8,0.7205,0.8068014354066986,0.13514659878591953,61601.108196475456
Boreas-Dawn,4,346966.615,364813.858,Boreas,Dawn,17847.243000000017,17847.243000000017,1.0514379258073576,4.89,0.9534,0.9791679389312977,0.052929740107363066,-992.1216852668913
Aegis-Dawn,457,165080.155,167249.76,Aegis,Dawn,2169.6050000000105,2169.6050000000105,1.0131427366299723,1.3,0.9872,0.9844383292383293,0.0367757216063089,-2180.4743005156975
Caelum-Elysium,301,185202.685,178541.394,Caelum,Elysium,-6661.290999999997,6661.290999999997,0.9640324274996337,3.73,1.0,0.9780398457583547,0.06003094589396874,1753.5802267796134
Dawn-Fenix,312,88162.967,90211.342,Dawn,Fenix,2048.375,2048.375,1.0232339617154673,2.27,0.9778,0.9823136476426799,0.04646098172906777,-362.5543768567232
Dawn-Elysium,261,112887.363,110797.995,Dawn,Elysium,-2089.368000000002,2089.368000000002,0.9814915687241272,1.89,1.0,0.9839219696969698,0.04028966443660543,-3087.7173304880284
Boreas-Dawn,32,70786.873,74398.632,Boreas,Dawn,3611.758999999991,3611.758999999991,1.0510230053529839,4.85,0.9537,0.9791679389312977,0.052929740107363066,-992.1216852668913
Boreas-Elysium,302,94543.228,97682.227,Boreas,Elysium,3138.998999999996,3138.998999999996,1.0332017328623473,3.21,0.9689,0.9804581280788177,0.05527648369623914,-1839.5134922540726
Aegis-Boreas,411,80357.551,77056.076,Aegis,Boreas,-3301.475000000006,3301.475000000006,0.9589151864521107,4.28,1.0,0.9849621693121693,0.03408513950102227,-4121.568080328588
Aegis-Elysium,405,224515.386,222483.378,Aegis,Elysium,-2032.0080000000016,2032.0080000000016,0.9909493597022344,0.91,1.0,0.7958968831168831,0.13151929136319288,77214.95699135585
Caelum-Dawn,347,130032.642,132257.977,Caelum,Dawn,2225.3350000000064,2225.3350000000064,1.0171136644289671,1.68,0.9835,0.9804744471744471,0.05446466415035868,-6484.057433327288
Elysium-Fenix,258,396730.488,393068.851,Elysium,Fenix,-3661.636999999988,3661.636999999988,0.9907704673304564,0.93,1.0,0.9777570719602977,0.055399164086247815,4312.254361379141
Boreas-Dawn,288,95963.049,100829.284,Boreas,Dawn,4866.235000000001,4866.235000000001,1.0507094663071825,4.83,0.954,0.9791679389312977,0.052929740107363066,-992.1216852668913
Boreas-Fenix,381,204591.985,208816.17,Boreas,Fenix,4224.185000000027,4224.185000000027,1.0206468743142603,2.02,0.9802,0.8068014354066986,0.13514659878591953,61601.108196475456
Caelum-Dawn,50,126440.783,121200.49,Caelum,Dawn,-5240.292999999991,5240.292999999991,0.9585553578863871,4.32,1.0,0.9804744471744471,0.05446466415035868,-6484.057433327288
Boreas-Elysium,87,134889.602,135547.57,Boreas,Elysium,657.9679999999935,657.9679999999935,1.0048778259424325,0.49,0.9952,0.9804581280788177,0.05527648369623914,-1839.5134922540726
Aegis-Elysium,34,232432.39,225561.764,Aegis,Elysium,-6870.626000000018,6870.626000000018,0.9704403246036406,3.05,1.0,0.7958968831168831,0.13151929136319288,77214.95699135585
Dawn-Fenix,263,206708.539,204350.645,Dawn,Fenix,-2357.8940000000002,2357.8940000000002,0.9885931466043597,1.15,1.0,0.9823136476426799,0.04646098172906777,-362.5543768567232
Elysium-Fenix,385,226731.969,235396.549,Elysium,Fenix,8664.579999999987,8664.579999999987,1.038215078527369,3.68,0.9645,0.9777570719602977,0.055399164086247815,4312.254361379141
Dawn-Fenix,220,70895.256,69653.582,Dawn,Fenix,-1241.673999999999,1241.673999999999,0.9824857956645223,1.78,1.0,0.9823136476426799,0.04646098172906777,-362.5543768567232
Aegis-Dawn,431,129250.015,126406.316,Aegis,Dawn,-2843.6989999999932,2843.6989999999932,0.9779984629015324,2.25,1.0,0.9844383292383293,0.0367757216063089,-2180.4743005156975
Dawn-Fenix,471,171619.117,180448.032,Dawn,Fenix,8828.915000000008,8828.915000000008,1.0514448224319906,4.89,0.9534,0.9823136476426799,0.04646098172906777,-362.5543768567232
Caelum-Dawn,328,159268.476,166837.023,Caelum,Dawn,7568.546999999991,7568.546999999991,1.0475206845075857,4.54,0.9566,0.9804744471744471,0.05446466415035868,-6484.057433327288
Aegis-Dawn,133,128155.446,127167.218,Aegis,Dawn,-988.2280000000028,988.2280000000028,0.9922888333594501,0.78,1.0,0.9844383292383293,0.0367757216063089,-2180.4743005156975
Boreas-Dawn,241,76613.051,74163.692,Boreas,Dawn,-2449.3590000000113,2449.3590000000113,0.968029481034504,3.3,1.0,0.9791679389312977,0.052929740107363066,-992.1216852668913
Aegis-Boreas,498,75350.923,76429.61,Aegis,Boreas,1078.6870000000054,1078.6870000000054,1.0143155114370663,1.41,0.9861,0.9849621693121693,0.03408513950102227,-4121.568080328588
Aegis-Dawn,437,142667.386,136024.701,Aegis,Dawn,-6642.684999999998,6642.684999999998,0.9534393585931406,4.88,1.0,0.9844383292383293,0.0367757216063089,-2180.4743005156975
Aegis-Boreas,415,302711.332,318074.063,Aegis,Boreas,15362.731000000029,15362.731000000029,1.0507504324284762,4.83,0.9539,0.9849621693121693,0.03408513950102227,-4121.568080328588
Boreas-Elysium,328,100037.709,97860.044,Boreas,Elysium,-2177.665000000008,2177.665000000008,0.9782315586615442,2.23,1.0,0.9804581280788177,0.05527648369623914,-1839.5134922540726
Caelum-Dawn,279,117579.698,117626.042,Caelum,Dawn,46.34399999999732,46.34399999999732,1.000394149677098,0.04,0.9996,0.9804744471744471,0.05446466415035868,-6484.057433327288
Caelum-Elysium,86,304766.415,313779.678,Caelum,Elysium,9013.263000000035,9013.263000000035,1.0295743315417483,2.87,0.9721,0.9780398457583547,0.06003094589396874,1753.5802267796134
Caelum-Fenix,367,219237.963,228727.796,Caelum,Fenix,9489.833000000013,9489.833000000013,1.0432855371859115,4.15,0.9602,0.9796862650602409,0.04873557984945812,1731.907948738127
Dawn-Elysium,412,94553.46,97553.291,Dawn,Elysium,2999.830999999991,2999.830999999991,1.0317262953677209,3.08,0.9702,0.9839219696969698,0.04028966443660543,-3087.7173304880284
Aegis-Dawn,257,122611.34,120874.361,Aegis,Dawn,-1736.978999999992,1736.978999999992,0.9858334555351895,1.44,1.0,0.9844383292383293,0.0367757216063089,-2180.4743005156975
Boreas-Dawn,116,113563.503,108409.96,Boreas,Dawn,-5153.542999999991,5153.542999999991,0.9546197249656874,4.75,1.0,0.9791679389312977,0.052929740107363066,-992.1216852668913
Aegis-Elysium,41,174125.529,317396.84,Aegis,Elysium,143271.31100000002,143271.31100000002,1.8228047422041143,45.14,0.689,0.7958968831168831,0.13151929136319288,77214.95699135585
Caelum-Elysium,131,175579.782,182753.904,Caelum,Elysium,7174.122000000003,7174.122000000003,1.0408596133238166,3.93,0.9622,0.9780398457583547,0.06003094589396874,1753.5802267796134
Dawn-Elysium,153,181051.24749094708,186261.549,Dawn,Elysium,5210.3015090529225,5210.3015090529225,1.0287780481010684,2.8,0.9728,0.9839219696969698,0.04028966443660543,-3087.7173304880284
Caelum-Fenix,464,149848.73,147382.953,Caelum,Fenix,-2465.777000000002,2465.777000000002,0.9835448922389932,1.67,1.0,0.9796862650602409,0.04873557984945812,1731.907948738127
Boreas-Elysium,462,227451.369,226429.732,Boreas,Elysium,-1021.637000000017,1021.637000000017,0.9955083277603838,0.45,1.0,0.9804581280788177,0.05527648369623914,-1839.5134922540726
Aegis-Dawn,96,131513.96,129346.856,Aegis,Dawn,-2167.103999999992,2167.103999999992,0.9835218709861676,1.68,1.0,0.9844383292383293,0.0367757216063089,-2180.4743005156975
Caelum-Fenix,43,292819.553,297726.116,Caelum,Fenix,4906.5629999999655,4906.5629999999655,1.0167562683220133,1.65,0.9838,0.9796862650602409,0.04873557984945812,1731.907948738127
Boreas-Fenix,263,141183.478,209890.987,Boreas,Fenix,68707.50899999999,68707.50899999999,1.4866540332715135,32.73,0.7534,0.8068014354066986,0.13514659878591953,61601.108196475456
Aegis-Elysium,68,70305.203,170206.18,Aegis,Elysium,99900.977,99900.977,2.4209613618497055,58.69,0.6301,0.7958968831168831,0.13151929136319288,77214.95699135585
Boreas-Elysium,195,139682.536,136437.258,Boreas,Elysium,-3245.277999999991,3245.277999999991,0.9767667591602146,2.38,1.0,0.9804581280788177,0.05527648369623914,-1839.5134922540726
Caelum-Dawn,39,215375.516,210311.884,Caelum,Dawn,-5063.632000000012,5063.632000000012,0.9764892867395382,2.41,1.0,0.9804744471744471,0.05446466415035868,-6484.057433327288
Elysium-Fenix,104,226792.371,232762.919,Elysium,Fenix,5970.547999999981,5970.547999999981,1.0263260530928529,2.57,0.975,0.9777570719602977,0.055399164086247815,4312.254361379141
Caelum-Dawn,227,122096.913,128202.419,Caelum,Dawn,6105.505999999994,6105.505999999994,1.0500054084086465,4.76,0.9545,0.9804744471744471,0.05446466415035868,-6484.057433327288
Aegis-Dawn,152,199255.021,194074.938,Aegis,Dawn,-5180.083000000013,5180.083000000013,0.9740027479658843,2.67,1.0,0.9844383292383293,0.0367757216063089,-2180.4743005156975
Dawn-Elysium,124,181051.24749094708,110224.133,Dawn,Elysium,-70827.11449094707,70827.11449094707,0.6088007375122418,64.26,1.0,0.9839219696969698,0.04028966443660543,-3087.7173304880284
Dawn-Fenix,331,151248.755,154847.191,Dawn,Fenix,3598.435999999987,3598.435999999987,1.023791508234233,2.32,0.9773,0.9823136476426799,0.04646098172906777,-362.5543768567232
Dawn-Fenix,167,120194.792,116495.187,Dawn,Fenix,-3699.604999999996,3699.604999999996,0.9692199226069629,3.18,1.0,0.9823136476426799,0.04646098172906777,-362.5543768567232
Boreas-Fenix,216,103095.04,157881.872,Boreas,Fenix,54786.83200000001,54786.83200000001,1.531420638665061,34.7,0.7424,0.8068014354066986,0.13514659878591953,61601.108196475456
Dawn-Elysium,353,400319.086,402189.643,Dawn,Elysium,1870.5569999999716,1870.5569999999716,1.0046726650450035,0.47,0.9954,0.9839219696969698,0.04028966443660543,-3087.7173304880284
Elysium-Fenix,401,177938.016,171362.755,Elysium,Fenix,-6575.260999999999,6575.260999999999,0.963047463674092,3.84,1.0,0.9777570719602977,0.055399164086247815,4312.254361379141
Boreas-Fenix,199,156120.269,156731.394,Boreas,Fenix,611.125,611.125,1.0039144500833521,0.39,0.9961,0.8068014354066986,0.13514659878591953,61601.108196475456
Dawn-Elysium,45,467067.557,475777.926,Dawn,Elysium,8710.369000000006,8710.369000000006,1.0186490559437422,1.83,0.982,0.9839219696969698,0.04028966443660543,-3087.7173304880284
Aegis-Boreas,75,159661.05,154546.154,Aegis,Boreas,-5114.895999999979,5114.895999999979,0.96796403380787,3.31,1.0,0.9849621693121693,0.03408513950102227,-4121.568080328588
Caelum-Elysium,166,189322.428,180488.706,Caelum,Elysium,-8833.722000000009,8833.722000000009,0.9533403300743639,4.89,1.0,0.9780398457583547,0.06003094589396874,1753.5802267796134
Elysium-Fenix,424,158967.168,163438.419,Elysium,Fenix,4471.250999999989,4471.250999999989,1.0281268834077737,2.74,0.9734,0.9777570719602977,0.055399164086247815,4312.254361379141
Boreas-Fenix,429,116165.219,196224.302,Boreas,Fenix,80059.083,80059.083,1.68918290422196,40.8,0.7102,0.8068014354066986,0.13514659878591953,61601.108196475456
Elysium-Fenix,28,758922.277,790007.643,Elysium,Fenix,31085.36600000004,31085.36600000004,1.040959880796858,3.93,0.9621,0.9777570719602977,0.055399164086247815,4312.254361379141
Elysium-Fenix,455,273367.816,276949.761,Elysium,Fenix,3581.945000000007,3581.945000000007,1.013103023802919,1.29,0.9872,0.9777570719602977,0.055399164086247815,4312.254361379141
Caelum-Elysium,303,185563.431,186370.144,Caelum,Elysium,806.7129999999888,806.7129999999888,1.0043473705764796,0.43,0.9957,0.9780398457583547,0.06003094589396874,1753.5802267796134
Dawn-Fenix,25,119839.393,117303.778,Dawn,Fenix,-2535.6149999999907,2535.6149999999907,0.978841556715829,2.16,1.0,0.9823136476426799,0.04646098172906777,-362.5543768567232
Dawn-Fenix,282,93169.798,89723.469,Dawn,Fenix,-3446.328999999998,3446.328999999998,0.9630102342821437,3.84,1.0,0.9823136476426799,0.04646098172906777,-362.5543768567232
Boreas-Elysium,484,160070.147,164963.602,Boreas,Elysium,4893.455000000016,4893.455000000016,1.0305706909858714,2.97,0.9712,0.9804581280788177,0.05527648369623914,-1839.5134922540726
Dawn-Elysium,291,101370.669,106656.217,Dawn,Elysium,5285.54800000001,5285.54800000001,1.0521408021880572,4.96,0.9528,0.9839219696969698,0.04028966443660543,-3087.7173304880284
Aegis-Elysium,10,235751.796,236941.128,Aegis,Elysium,1189.3319999999949,1189.3319999999949,1.0050448480994816,0.5,0.995,0.7958968831168831,0.13151929136319288,77214.95699135585
Aegis-Elysium,29,187548.743,182153.56,Aegis,Elysium,-5395.18299999999,5395.18299999999,0.9712331689687731,2.96,1.0,0.7958968831168831,0.13151929136319288,77214.95699135585
Boreas-Fenix,342,102056.27,163851.296,Boreas,Fenix,61795.026,61795.026,1.6054995543144972,37.71,0.7261,0.8068014354066986,0.13514659878591953,61601.108196475456
Aegis-Dawn,328,121571.983,121516.374,Aegis,Dawn,-55.60899999999674,55.60899999999674,0.9995425837546797,0.05,1.0,0.9844383292383293,0.0367757216063089,-2180.4743005156975
Boreas-Fenix,206,181051.24749094708,146758.43,Boreas,Fenix,-34292.81749094708,34292.81749094708,0.8105905484431318,23.37,1.0,0.8068014354066986,0.13514659878591953,61601.108196475456
Boreas-Dawn,376,148881.611,146191.9,Boreas,Dawn,-2689.7110000000102,2689.7110000000102,0.9819338937701312,1.84,1.0,0.9791679389312977,0.052929740107363066,-992.1216852668913
Aegis-Boreas,96,118305.543,119217.517,Aegis,Boreas,911.974000000002,911.974000000002,1.00770863289136,0.76,0.9924,0.9849621693121693,0.03408513950102227,-4121.568080328588
Caelum-Dawn,378,159893.268,155949.187,Caelum,Dawn,-3944.0810000000056,3944.0810000000056,0.9753330390370156,2.53,1.0,0.9804744471744471,0.05446466415035868,-6484.057433327288
Dawn-Elysium,97,107923.523,106002.476,Dawn,Elysium,-1921.047000000006,1921.047000000006,0.9821999231807879,1.81,1.0,0.9839219696969698,0.04028966443660543,-3087.7173304880284
Dawn-Elysium,95,162645.546,163188.0,Dawn,Elysium,542.4539999999979,542.4539999999979,1.0033351912384985,0.33,0.9967,0.9839219696969698,0.04028966443660543,-3087.7173304880284
Dawn-Elysium,341,270722.778,268798.799,Dawn,Elysium,-1923.978999999992,1923.978999999992,0.9928931765024959,0.72,1.0,0.9839219696969698,0.04028966443660543,-3087.7173304880284
Aegis-Elysium,200,89708.736,165904.108,Aegis,Elysium,76195.372,76195.372,1.8493640128872175,45.93,0.6853,0.7958968831168831,0.13151929136319288,77214.95699135585
Aegis-Dawn,121,141990.494,137305.27,Aegis,Dawn,-4685.2240000000165,4685.2240000000165,0.9670032558658468,3.41,1.0,0.9844383292383293,0.0367757216063089,-2180.4743005156975
Dawn-Fenix,453,155965.334,161304.258,Dawn,Fenix,5338.923999999999,5338.923999999999,1.0342314786438376,3.31,0.968,0.9823136476426799,0.04646098172906777,-362.5543768567232
Aegis-Elysium,412,83804.559,169493.807,Aegis,Elysium,85689.248,85689.248,2.0224890987135917,50.56,0.6642,0.7958968831168831,0.13151929136319288,77214.95699135585
Aegis-Dawn,66,134154.992,140193.255,Aegis,Dawn,6038.263000000006,6038.263000000006,1.0450096035188912,4.31,0.9587,0.9844383292383293,0.0367757216063089,-2180.4743005156975
Aegis-Dawn,43,181051.24749094708,119554.828,Aegis,Dawn,-61496.41949094708,61496.41949094708,0.6603369468966402,51.44,1.0,0.9844383292383293,0.0367757216063089,-2180.4743005156975
Aegis-Elysium,334,121395.903,187446.441,Aegis,Elysium,66050.53799999999,66050.53799999999,1.5440919863662943,35.24,0.7394,0.7958968831168831,0.13151929136319288,77214.95699135585
Caelum-Fenix,299,163761.216,163280.292,Caelum,Fenix,-480.92399999999907,480.92399999999907,0.9970632606929348,0.29,1.0,0.9796862650602409,0.04873557984945812,1731.907948738127
Aegis-Boreas,51,181051.24749094708,79285.332,Aegis,Boreas,-101765.91549094708,101765.91549094708,0.4379165186584225,128.35,1.0,0.9849621693121693,0.03408513950102227,-4121.568080328588
Dawn-Fenix,46,159917.88,162119.57,Dawn,Fenix,2201.6900000000023,2201.6900000000023,1.0137676287354485,1.36,0.9866,0.9823136476426799,0.04646098172906777,-362.5543768567232
Boreas-Elysium,67,101430.391,99569.531,Boreas,Elysium,-1860.8600000000006,1860.8600000000006,0.9816538220778426,1.87,1.0,0.9804581280788177,0.05527648369623914,-1839.5134922540726
Caelum-Elysium,372,257918.912,258168.669,Caelum,Elysium,249.75699999998324,249.75699999998324,1.0009683547362358,0.1,0.999,0.9780398457583547,0.06003094589396874,1753.5802267796134
Boreas-Dawn,58,119522.639,115869.699,Boreas,Dawn,-3652.9400000000023,3652.9400000000023,0.9694372544769531,3.15,1.0,0.9791679389312977,0.052929740107363066,-992.1216852668913
Aegis-Dawn,245,181051.24749094708,172342.868,Aegis,Dawn,-8708.379490947089,8708.379490947089,0.9519010246456185,5.05,1.0,0.9844383292383293,0.0367757216063089,-2180.4743005156975
Dawn-Elysium,25,142174.47,148461.587,Dawn,Elysium,6287.116999999998,6287.116999999998,1.0442211389991467,4.23,0.9594,0.9839219696969698,0.04028966443660543,-3087.7173304880284
Dawn-Elysium,171,119214.671,119236.042,Dawn,Elysium,21.370999999999185,21.370999999999185,1.0001792648490386,0.02,0.9998,0.9839219696969698,0.04028966443660543,-3087.7173304880284
Aegis-Elysium,467,213002.141,210662.032,Aegis,Elysium,-2340.1089999999967,2340.1089999999967,0.9890136832004895,1.11,1.0,0.7958968831168831,0.13151929136319288,77214.95699135585
Caelum-Fenix,462,181051.24749094708,116829.17,Caelum,Fenix,-64222.07749094708,64222.07749094708,0.6452823254136467,54.97,1.0,0.9796862650602409,0.04873557984945812,1731.907948738127
Aegis-Boreas,195,85472.772,81626.65,Aegis,Boreas,-3846.122000000003,3846.122000000003,0.9550017870018302,4.71,1.0,0.9849621693121693,0.03408513950102227,-4121.568080328588
Caelum-Dawn,400,117978.736,116280.565,Caelum,Dawn,-1698.171000000002,1698.171000000002,0.9856061265141881,1.46,1.0,0.9804744471744471,0.05446466415035868,-6484.057433327288
Caelum-Fenix,267,176375.809,183995.332,Caelum,Fenix,7619.5229999999865,7619.5229999999865,1.0432004992249249,4.14,0.9602,0.9796862650602409,0.04873557984945812,1731.907948738127
Caelum-Elysium,279,216640.156,221473.846,Caelum,Elysium,4833.690000000002,4833.690000000002,1.0223120684975873,2.18,0.9786,0.9780398457583547,0.06003094589396874,1753.5802267796134
Aegis-Dawn,302,142986.554,142061.112,Aegis,Dawn,-925.44200000001,925.44200000001,0.993527769051627,0.65,1.0,0.9844383292383293,0.0367757216063089,-2180.4743005156975
Boreas-Dawn,118,86610.153,83940.827,Boreas,Dawn,-2669.326000000001,2669.326000000001,0.9691799874779115,3.18,1.0,0.9791679389312977,0.052929740107363066,-992.1216852668913
Dawn-Fenix,186,74200.528,78076.244,Dawn,Fenix,3875.7160000000003,3875.7160000000003,1.0522329975872948,4.96,0.9527,0.9823136476426799,0.04646098172906777,-362.5543768567232
Caelum-Fenix,437,150314.17,147554.279,Caelum,Fenix,-2759.8910000000033,2759.8910000000033,0.9816391827862935,1.87,1.0,0.9796862650602409,0.04873557984945812,1731.907948738127
Aegis-Dawn,120,181051.24749094708,121841.012,Aegis,Dawn,-59210.235490947074,59210.235490947074,0.6729642224977892,48.6,1.0,0.9844383292383293,0.0367757216063089,-2180.4743005156975
Dawn-Fenix,339,105245.811,109391.788,Dawn,Fenix,4145.976999999999,4145.976999999999,1.0393932733341757,3.79,0.9635,0.9823136476426799,0.04646098172906777,-362.5543768567232
Caelum-Fenix,148,157526.571,157399.681,Caelum,Fenix,-126.88999999998487,126.88999999998487,0.9991944851005486,0.08,1.0,0.9796862650602409,0.04873557984945812,1731.907948738127
Caelum-Elysium,126,181051.24749094708,248464.519,Caelum,Elysium,67413.27150905292,67413.27150905292,1.3723435902446555,27.13,0.7866,0.9780398457583547,0.06003094589396874,1753.5802267796134
Caelum-Fenix,112,185462.025,191259.974,Caelum,Fenix,5797.948999999993,5797.948999999993,1.0312621896585028,3.03,0.9706,0.9796862650602409,0.04873557984945812,1731.907948738127
Caelum-Dawn,406,112830.392,114711.522,Caelum,Dawn,1881.12999999999,1881.12999999999,1.0166721923646245,1.64,0.9839,0.9804744471744471,0.05446466415035868,-6484.057433327288
Caelum-Dawn,384,848873.72,839215.141,Caelum,Dawn,-9658.579000000027,9658.579000000027,0.9886218894843393,1.15,1.0,0.9804744471744471,0.05446466415035868,-6484.057433327288
Aegis-Dawn,144,216355.628,222776.751,Aegis,Dawn,6421.122999999992,6421.122999999992,1.0296785577493737,2.88,0.972,0.9844383292383293,0.0367757216063089,-2180.4743005156975
Boreas-Fenix,289,120024.481,180030.23,Boreas,Fenix,60005.74900000001,60005.74900000001,1.4999459152004166,33.33,0.75,0.8068014354066986,0.13514659878591953,61601.108196475456
Dawn-Fenix,436,70537.01,70925.372,Dawn,Fenix,388.36200000000827,388.36200000000827,1.005505790506289,0.55,0.9946,0.9823136476426799,0.04646098172906777,-362.5543768567232
Boreas-Dawn,289,129366.354,134100.607,Boreas,Dawn,4734.252999999982,4734.252999999982,1.0365957055572579,3.53,0.9659,0.9791679389312977,0.052929740107363066,-992.1216852668913
Aegis-Elysium,61,126674.333,251036.048,Aegis,Elysium,124361.71500000001,124361.71500000001,1.9817435944186106,49.54,0.6687,0.7958968831168831,0.13151929136319288,77214.95699135585
Caelum-Fenix,157,128173.542,125009.692,Caelum,Fenix,-3163.850000000006,3163.850000000006,0.9753158885162119,2.53,1.0,0.9796862650602409,0.04873557984945812,1731.907948738127
Dawn-Elysium,99,97947.651,99802.789,Dawn,Elysium,1855.1380000000063,1855.1380000000063,1.0189400968891027,1.86,0.9818,0.9839219696969698,0.04028966443660543,-3087.7173304880284
Aegis-Boreas,120,59206.983,60532.451,Aegis,Boreas,1325.4680000000008,1325.4680000000008,1.0223870214768418,2.19,0.9786,0.9849621693121693,0.03408513950102227,-4121.568080328588
Boreas-Fenix,416,136528.347,141146.707,Boreas,Fenix,4618.359999999986,4618.359999999986,1.0338271143061593,3.27,0.9683,0.8068014354066986,0.13514659878591953,61601.108196475456
Caelum-Elysium,380,220606.129,228480.764,Caelum,Elysium,7874.635000000009,7874.635000000009,1.0356954497850783,3.45,0.9667,0.9780398457583547,0.06003094589396874,1753.5802267796134
Caelum-Fenix,129,181051.24749094708,113298.27,Caelum,Fenix,-67752.97749094707,67752.97749094707,0.6257801123721345,59.8,1.0,0.9796862650602409,0.04873557984945812,1731.907948738127
Dawn-Elysium,319,151368.381,146738.23,Dawn,Elysium,-4630.1509999999835,4630.1509999999835,0.9694113726432736,3.16,1.0,0.9839219696969698,0.04028966443660543,-3087.7173304880284
Caelum-Dawn,194,262971.009,258860.06,Caelum,Dawn,-4110.949000000022,4110.949000000022,0.9843672919854065,1.59,1.0,0.9804744471744471,0.05446466415035868,-6484.057433327288
Aegis-Elysium,230,105067.249,190056.774,Aegis,Elysium,84989.52500000001,84989.52500000001,1.8089059703085975,44.72,0.691,0.7958968831168831,0.13151929136319288,77214.95699135585
Boreas-Fenix,260,201983.432,208144.051,Boreas,Fenix,6160.619000000006,6160.619000000006,1.030500615515831,2.96,0.9713,0.8068014354066986,0.13514659878591953,61601.108196475456
Elysium-Fenix,37,167506.745,174756.282,Elysium,Fenix,7249.537000000011,7249.537000000011,1.0432790751202288,4.15,0.9602,0.9777570719602977,0.055399164086247815,4312.254361379141
Elysium-Fenix,74,373066.129,370763.673,Elysium,Fenix,-2302.4560000000056,2302.4560000000056,0.9938282898901283,0.62,1.0,0.9777570719602977,0.055399164086247815,4312.254361379141
Elysium-Fenix,452,172990.674,168089.604,Elysium,Fenix,-4901.070000000007,4901.070000000007,0.9716685883309524,2.92,1.0,0.9777570719602977,0.055399164086247815,4312.254361379141
Caelum-Dawn,306,244047.349,234193.671,Caelum,Dawn,-9853.677999999985,9853.677999999985,0.9596239088833537,4.21,1.0,0.9804744471744471,0.05446466415035868,-6484.057433327288
Aegis-Boreas,134,57351.864,59250.597,Aegis,Boreas,1898.7330000000002,1898.7330000000002,1.0331067356415826,3.2,0.9689,0.9849621693121693,0.03408513950102227,-4121.568080328588
Caelum-Dawn,483,226020.269,233686.672,Caelum,Dawn,7666.402999999991,7666.402999999991,1.033919095105581,3.28,0.9682,0.9804744471744471,0.05446466415035868,-6484.057433327288
Boreas-Fenix,79,134322.522,135622.671,Boreas,Fenix,1300.149000000005,1300.149000000005,1.0096793075401012,0.96,0.9905,0.8068014354066986,0.13514659878591953,61601.108196475456
Boreas-Fenix,340,143440.4,198586.398,Boreas,Fenix,55145.99799999999,55145.99799999999,1.3844523439700391,27.77,0.7827,0.8068014354066986,0.13514659878591953,61601.108196475456
Caelum-Elysium,292,157497.491,164347.836,Caelum,Elysium,6850.345000000001,6850.345000000001,1.0434949468496613,4.17,0.96,0.9780398457583547,0.06003094589396874,1753.5802267796134
Elysium-Fenix,216,181051.24749094708,804391.589,Elysium,Fenix,623340.341509053,623340.341509053,4.442894485111025,77.49,0.5634,0.9777570719602977,0.055399164086247815,4312.254361379141
Boreas-Elysium,218,121845.464,118202.405,Boreas,Elysium,-3643.0590000000084,3643.0590000000084,0.9701009879202396,3.08,1.0,0.9804581280788177,0.05527648369623914,-1839.5134922540726
Aegis-Dawn,11,193364.72,184789.344,Aegis,Dawn,-8575.37599999999,8575.37599999999,0.9556518065963636,4.64,1.0,0.9844383292383293,0.0367757216063089,-2180.4743005156975
Elysium-Fenix,484,756437.437,770937.073,Elysium,Fenix,14499.63599999994,14499.63599999994,1.019168321517117,1.88,0.9815,0.9777570719602977,0.055399164086247815,4312.254361379141
Aegis-Boreas,62,592733.743,597900.265,Aegis,Boreas,5166.521999999997,5166.521999999997,1.00871642969717,0.86,0.9914,0.9849621693121693,0.03408513950102227,-4121.568080328588
Boreas-Dawn,53,82475.473,78668.737,Boreas,Dawn,-3806.7360000000044,3806.7360000000044,0.9538440234225756,4.84,1.0,0.9791679389312977,0.052929740107363066,-992.1216852668913
Caelum-Elysium,270,234667.446,236570.87,Caelum,Elysium,1903.423999999999,1903.423999999999,1.0081111548808521,0.8,0.992,0.9780398457583547,0.06003094589396874,1753.5802267796134
Dawn-Fenix,216,93133.647,97820.777,Dawn,Fenix,4687.130000000005,4687.130000000005,1.0503269242747468,4.79,0.9543,0.9823136476426799,0.04646098172906777,-362.5543768567232
Elysium-Fenix,88,174957.274,170053.595,Elysium,Fenix,-4903.679000000004,4903.679000000004,0.9719721341794568,2.88,1.0,0.9777570719602977,0.055399164086247815,4312.254361379141
Boreas-Dawn,218,94518.548,98948.319,Boreas,Dawn,4429.771000000008,4429.771000000008,1.0468666848331187,4.48,0.9571,0.9791679389312977,0.052929740107363066,-992.1216852668913
Boreas-Fenix,360,95482.34,149762.225,Boreas,Fenix,54279.88500000001,54279.88500000001,1.568480883480652,36.24,0.734,0.8068014354066986,0.13514659878591953,61601.108196475456
Caelum-Fenix,370,115919.716,118722.964,Caelum,Fenix,2803.248000000007,2803.248000000007,1.0241826679423542,2.36,0.9769,0.9796862650602409,0.04873557984945812,1731.907948738127
Boreas-Elysium,95,100209.698,100826.645,Boreas,Elysium,616.9470000000001,616.9470000000001,1.0061565598171947,0.61,0.9939,0.9804581280788177,0.05527648369623914,-1839.5134922540726
Aegis-Dawn,179,257658.677,254722.266,Aegis,Dawn,-2936.410999999993,2936.410999999993,0.9886034849119403,1.15,1.0,0.9844383292383293,0.0367757216063089,-2180.4743005156975
Caelum-Elysium,186,152752.74,159220.277,Caelum,Elysium,6467.537000000011,6467.537000000011,1.0423399082726765,4.06,0.961,0.9780398457583547,0.06003094589396874,1753.5802267796134
Aegis-Elysium,211,623888.315,613376.984,Aegis,Elysium,-10511.33099999989,10511.33099999989,0.9831519027568262,1.71,1.0,0.7958968831168831,0.13151929136319288,77214.95699135585
Aegis-Boreas,122,85096.227,81088.376,Aegis,Boreas,-4007.850999999995,4007.850999999995,0.9529021304317054,4.94,1.0,0.9849621693121693,0.03408513950102227,-4121.568080328588
Boreas-Fenix,141,149331.102,212103.263,Boreas,Fenix,62772.16099999999,62772.16099999999,1.4203555733486786,29.6,0.7716,0.8068014354066986,0.13514659878591953,61601.108196475456
Caelum-Dawn,85,140451.23,141447.532,Caelum,Dawn,996.301999999996,996.301999999996,1.007093579742947,0.7,0.993,0.9804744471744471,0.05446466415035868,-6484.057433327288
Caelum-Fenix,77,181051.24749094708,187025.423,Caelum,Fenix,5974.175509052933,5974.175509052933,1.0329971518663612,3.19,0.969,0.9796862650602409,0.04873557984945812,1731.907948738127
Dawn-Elysium,417,117690.155,119000.485,Dawn,Elysium,1310.3300000000017,1310.3300000000017,1.011133726521135,1.1,0.9891,0.9839219696969698,0.04028966443660543,-3087.7173304880284
Caelum-Dawn,176,132379.089,136640.149,Caelum,Dawn,4261.059999999998,4261.059999999998,1.032188316388852,3.12,0.9698,0.9804744471744471,0.05446466415035868,-6484.057433327288
Aegis-Elysium,210,154207.487,155503.775,Aegis,Elysium,1296.2880000000005,1296.2880000000005,1.008406128815263,0.83,0.9917,0.7958968831168831,0.13151929136319288,77214.95699135585
Aegis-Dawn,67,147136.178,141350.889,Aegis,Dawn,-5785.289000000019,5785.289000000019,0.9606807171516987,4.09,1.0,0.9844383292383293,0.0367757216063089,-2180.4743005156975
Caelum-Dawn,429,135545.359,142338.742,Caelum,Dawn,6793.383000000002,6793.383000000002,1.0501188904593923,4.77,0.9544,0.9804744471744471,0.05446466415035868,-6484.057433327288
Aegis-Dawn,48,141282.726,139799.388,Aegis,Dawn,-1483.3379999999888,1483.3379999999888,0.9895009245503942,1.06,1.0,0.9844383292383293,0.0367757216063089,-2180.4743005156975
Aegis-Dawn,364,229640.102,219861.149,Aegis,Dawn,-9778.953000000009,9778.953000000009,0.957416178991246,4.45,1.0,0.9844383292383293,0.0367757216063089,-2180.4743005156975
Dawn-Elysium,39,181051.24749094708,132396.391,Dawn,Elysium,-48654.85649094707,48654.85649094707,0.7312647266162586,36.75,1.0,0.9839219696969698,0.04028966443660543,-3087.7173304880284
Aegis-Elysium,392,190277.628,191659.873,Aegis,Elysium,1382.2449999999953,1382.2449999999953,1.0072643590028356,0.72,0.9928,0.7958968831168831,0.13151929136319288,77214.95699135585
Elysium-Fenix,225,879668.002,881822.659,Elysium,Fenix,2154.6570000000065,2154.6570000000065,1.002449397949114,0.24,0.9976,0.9777570719602977,0.055399164086247815,4312.254361379141
Boreas-Elysium,402,680806.643,302697.192,Boreas,Elysium,-378109.45100000006,378109.45100000006,0.444615508841326,124.91,1.0,0.9804581280788177,0.05527648369623914,-1839.5134922540726
Caelum-Elysium,484,342235.408,355542.543,Caelum,Elysium,13307.13500000001,13307.13500000001,1.038882987233162,3.74,0.9639,0.9780398457583547,0.06003094589396874,1753.5802267796134
Boreas-Elysium,57,199008.83,204722.78,Boreas,Elysium,5713.950000000012,5713.950000000012,1.0287120425762013,2.79,0.9728,0.9804581280788177,0.05527648369623914,-1839.5134922540726
Dawn-Elysium,270,259237.549,259057.497,Dawn,Elysium,-180.05199999999604,180.05199999999604,0.9993054555534314,0.07,1.0,0.9839219696969698,0.04028966443660543,-3087.7173304880284
Aegis-Dawn,220,181051.24749094708,116140.639,Aegis,Dawn,-64910.60849094708,64910.60849094708,0.6414793634924126,55.89,1.0,0.9844383292383293,0.0367757216063089,-2180.4743005156975
Caelum-Elysium,337,348717.366,341816.593,Caelum,Elysium,-6900.7729999999865,6900.7729999999865,0.980210985534916,2.02,1.0,0.9780398457583547,0.06003094589396874,1753.5802267796134
Boreas-Fenix,382,203922.627,288703.645,Boreas,Fenix,84781.01800000001,84781.01800000001,1.415750911251256,29.37,0.773,0.8068014354066986,0.13514659878591953,61601.108196475456
Aegis-Dawn,190,194193.703,197162.778,Aegis,Dawn,2969.0749999999825,2969.0749999999825,1.0152892444715367,1.51,0.9852,0.9844383292383293,0.0367757216063089,-2180.4743005156975
Aegis-Dawn,102,246215.887,239014.187,Aegis,Dawn,-7201.6999999999825,7201.6999999999825,0.9707504658300137,3.01,1.0,0.9844383292383293,0.0367757216063089,-2180.4743005156975
Boreas-Elysium,215,102911.686,102158.69,Boreas,Elysium,-752.9959999999992,752.9959999999992,0.9926830855730029,0.74,1.0,0.9804581280788177,0.05527648369623914,-1839.5134922540726
Dawn-Elysium,467,181051.24749094708,134835.178,Dawn,Elysium,-46216.06949094706,46216.06949094706,0.7447348740678632,34.28,1.0,0.9839219696969698,0.04028966443660543,-3087.7173304880284
Dawn-Fenix,375,81803.336,85106.199,Dawn,Fenix,3302.8629999999976,3302.8629999999976,1.0403756516726896,3.88,0.9626,0.9823136476426799,0.04646098172906777,-362.5543768567232
Dawn-Fenix,15,73596.735,72531.373,Dawn,Fenix,-1065.3619999999937,1065.3619999999937,0.9855243306649406,1.47,1.0,0.9823136476426799,0.04646098172906777,-362.5543768567232
Elysium-Fenix,77,209645.581,219257.545,Elysium,Fenix,9611.964000000007,9611.964000000007,1.0458486363230333,4.38,0.958,0.9777570719602977,0.055399164086247815,4312.254361379141
Aegis-Dawn,3,193432.869,202116.233,Aegis,Dawn,8683.364000000001,8683.364000000001,1.04489084013948,4.3,0.9588,0.9844383292383293,0.0367757216063089,-2180.4743005156975
Dawn-Elysium,2,194448.831,193253.394,Dawn,Elysium,-1195.4370000000054,1195.4370000000054,0.9938521769770886,0.62,1.0,0.9839219696969698,0.04028966443660543,-3087.7173304880284
Aegis-Boreas,318,68663.082,69563.573,Aegis,Boreas,900.4910000000091,900.4910000000091,1.013114631236623,1.29,0.9872,0.9849621693121693,0.03408513950102227,-4121.568080328588
Elysium-Fenix,378,216268.974,222000.949,Elysium,Fenix,5731.975000000006,5731.975000000006,1.0265039172932868,2.58,0.9748,0.9777570719602977,0.055399164086247815,4312.254361379141
Elysium-Fenix,13,249535.606,253379.85,Elysium,Fenix,3844.244000000006,3844.244000000006,1.015405593059934,1.52,0.9851,0.9777570719602977,0.055399164086247815,4312.254361379141
Aegis-Boreas,274,258553.512,250154.305,Aegis,Boreas,-8399.206999999995,8399.206999999995,0.9675146280743616,3.36,1.0,0.9849621693121693,0.03408513950102227,-4121.568080328588
Dawn-Fenix,155,141863.075,138600.082,Dawn,Fenix,-3262.9930000000168,3262.9930000000168,0.9769989970963197,2.35,1.0,0.9823136476426799,0.04646098172906777,-362.5543768567232
Caelum-Elysium,120,281376.033,269832.25,Caelum,Elysium,-11543.782999999996,11543.782999999996,0.9589738227633624,4.28,1.0,0.9780398457583547,0.06003094589396874,1753.5802267796134
Aegis-Elysium,361,137754.78,236464.098,Aegis,Elysium,98709.318,98709.318,1.7165582058205167,41.74,0.7055,0.7958968831168831,0.13151929136319288,77214.95699135585
Caelum-Fenix,195,235525.652,231212.723,Caelum,Fenix,-4312.929000000004,4312.929000000004,0.981688071072615,1.87,1.0,0.9796862650602409,0.04873557984945812,1731.907948738127
Boreas-Dawn,26,80507.506,80600.38,Boreas,Dawn,92.87400000001071,92.87400000001071,1.0011536067208442,0.12,0.9988,0.9791679389312977,0.052929740107363066,-992.1216852668913
Boreas-Elysium,366,158682.733,158111.289,Boreas,Elysium,-571.4440000000177,571.4440000000177,0.9963988268339189,0.36,1.0,0.9804581280788177,0.05527648369623914,-1839.5134922540726
Caelum-Dawn,375,131566.481,133086.332,Caelum,Dawn,1519.850999999995,1519.850999999995,1.0115519620837163,1.14,0.9887,0.9804744471744471,0.05446466415035868,-6484.057433327288
Caelum-Fenix,160,147347.061,154262.44,Caelum,Fenix,6915.379000000015,6915.379000000015,1.0469325886316796,4.48,0.9571,0.9796862650602409,0.04873557984945812,1731.907948738127
Boreas-Elysium,291,120725.215,119656.819,Boreas,Elysium,-1068.3959999999934,1068.3959999999934,0.9911501834972918,0.89,1.0,0.9804581280788177,0.05527648369623914,-1839.5134922540726
Caelum-Dawn,288,181051.24749094708,176206.475,Caelum,Dawn,-4844.772490947071,4844.772490947071,0.9732408776073784,2.75,1.0,0.9804744471744471,0.05446466415035868,-6484.057433327288
Caelum-Elysium,375,181051.24749094708,149742.384,Caelum,Elysium,-31308.863490947086,31308.863490947086,0.8270718157160857,20.91,1.0,0.9780398457583547,0.06003094589396874,1753.5802267796134
Caelum-Elysium,58,636242.624,641099.733,Caelum,Elysium,4857.109000000055,4857.109000000055,1.007634051565838,0.76,0.9925,0.9780398457583547,0.06003094589396874,1753.5802267796134
Dawn-Fenix,157,85037.579,85763.082,Dawn,Fenix,725.502999999997,725.502999999997,1.0085315575599818,0.85,0.9916,0.9823136476426799,0.04646098172906777,-362.5543768567232
Aegis-Dawn,445,560803.067,569521.961,Aegis,Dawn,8718.893999999971,8718.893999999971,1.0155471581969788,1.53,0.9849,0.9844383292383293,0.0367757216063089,-2180.4743005156975
Dawn-Elysium,216,204057.889,195846.261,Dawn,Elysium,-8211.627999999997,8211.627999999997,0.9597583409284411,4.19,1.0,0.9839219696969698,0.04028966443660543,-3087.7173304880284
Elysium-Fenix,281,600953.537,599298.448,Elysium,Fenix,-1655.0890000000363,1655.0890000000363,0.9972458952346593,0.28,1.0,0.9777570719602977,0.055399164086247815,4312.254361379141
Aegis-Boreas,295,78299.605,79688.943,Aegis,Boreas,1389.3380000000034,1389.3380000000034,1.0177438698445542,1.74,0.9829,0.9849621693121693,0.03408513950102227,-4121.568080328588
Caelum-Dawn,166,145691.784,153012.289,Caelum,Dawn,7320.504999999976,7320.504999999976,1.0502465190487336,4.78,0.9543,0.9804744471744471,0.05446466415035868,-6484.057433327288
Boreas-Elysium,182,144249.169,145270.294,Boreas,Elysium,1021.125,1021.125,1.0070788969328481,0.7,0.993,0.9804581280788177,0.05527648369623914,-1839.5134922540726
Aegis-Boreas,298,70338.057,69331.741,Aegis,Boreas,-1006.3160000000062,1006.3160000000062,0.9856931504377494,1.45,1.0,0.9849621693121693,0.03408513950102227,-4121.568080328588
Aegis-Boreas,68,62363.499,61578.314,Aegis,Boreas,-785.185000000005,785.185000000005,0.9874095422388022,1.28,1.0,0.9849621693121693,0.03408513950102227,-4121.568080328588
Caelum-Fenix,392,353647.534,344494.748,Caelum,Fenix,-9152.785999999964,9152.785999999964,0.9741189033711741,2.66,1.0,0.9796862650602409,0.04873557984945812,1731.907948738127
Aegis-Dawn,236,160824.805,153523.116,Aegis,Dawn,-7301.688999999984,7301.688999999984,0.9545984899530892,4.76,1.0,0.9844383292383293,0.0367757216063089,-2180.4743005156975
Caelum-Dawn,475,177326.803,173307.834,Caelum,Dawn,-4018.969000000012,4018.969000000012,0.9773358063642528,2.32,1.0,0.9804744471744471,0.05446466415035868,-6484.057433327288
Caelum-Fenix,266,120536.554,126454.261,Caelum,Fenix,5917.706999999995,5917.706999999995,1.0490947086474696,4.68,0.9553,0.9796862650602409,0.04873557984945812,1731.907948738127
Boreas-Fenix,488,130796.954,134434.171,Boreas,Fenix,3637.217000000004,3637.217000000004,1.027808116999422,2.71,0.9737,0.8068014354066986,0.13514659878591953,61601.108196475456
Caelum-Elysium,146,133492.733,130707.077,Caelum,Elysium,-2785.6560000000027,2785.6560000000027,0.9791325270117887,2.13,1.0,0.9780398457583547,0.06003094589396874,1753.5802267796134
Boreas-Dawn,3,73609.463,76803.329,Boreas,Dawn,3193.8659999999945,3193.8659999999945,1.043389339764644,4.16,0.9601,0.9791679389312977,0.052929740107363066,-992.1216852668913
Boreas-Elysium,72,123816.928,123155.583,Boreas,Elysium,-661.3450000000012,661.3450000000012,0.9946586867346604,0.54,1.0,0.9804581280788177,0.05527648369623914,-1839.5134922540726
Aegis-Boreas,150,68746.527,66927.14,Aegis,Boreas,-1819.3870000000024,1819.3870000000024,0.9735348521678775,2.72,1.0,0.9849621693121693,0.03408513950102227,-4121.568080328588
Aegis-Dawn,256,271922.108,279536.913,Aegis,Dawn,7614.804999999993,7614.804999999993,1.0280036259501195,2.72,0.9735,0.9844383292383293,0.0367757216063089,-2180.4743005156975
Elysium-Fenix,398,221114.932,231085.644,Elysium,Fenix,9970.712,9970.712,1.0450928931384877,4.31,0.9586,0.9777570719602977,0.055399164086247815,4312.254361379141
Caelum-Elysium,1,133025.032,129160.115,Caelum,Elysium,-3864.9170000000013,3864.9170000000013,0.9709459419637652,2.99,1.0,0.9780398457583547,0.06003094589396874,1753.5802267796134
Boreas-Dawn,203,71585.282,68377.093,Boreas,Dawn,-3208.189000000013,3208.189000000013,0.9551836786785304,4.69,1.0,0.9791679389312977,0.052929740107363066,-992.1216852668913
Dawn-Fenix,466,87377.289,90282.61,Dawn,Fenix,2905.3209999999963,2905.3209999999963,1.0332502991709893,3.22,0.9688,0.9823136476426799,0.04646098172906777,-362.5543768567232
Boreas-Elysium,104,119660.205,114604.292,Boreas,Elysium,-5055.9130000000005,5055.9130000000005,0.9577477491368162,4.41,1.0,0.9804581280788177,0.05527648369623914,-1839.5134922540726
Aegis-Boreas,169,127218.415,132024.093,Aegis,Boreas,4805.678,4805.678,1.0377750186559076,3.64,0.9649,0.9849621693121693,0.03408513950102227,-4121.568080328588
Boreas-Elysium,154,104744.875,101792.81,Boreas,Elysium,-2952.0650000000023,2952.0650000000023,0.9718166163260971,2.9,1.0,0.9804581280788177,0.05527648369623914,-1839.5134922540726
Aegis-Boreas,376,72977.135,75001.454,Aegis,Boreas,2024.3190000000031,2024.3190000000031,1.0277390856738895,2.7,0.9737,0.9849621693121693,0.03408513950102227,-4121.568080328588
Boreas-Elysium,25,126516.055,121971.897,Boreas,Elysium,-4544.157999999996,4544.157999999996,0.9640823609303973,3.73,1.0,0.9804581280788177,0.05527648369623914,-1839.5134922540726
Aegis-Dawn,359,127998.59,132321.57,Aegis,Dawn,4322.9800000000105,4322.9800000000105,1.0337736532878996,3.27,0.9684,0.9844383292383293,0.0367757216063089,-2180.4743005156975
Boreas-Fenix,187,79743.746,137983.503,Boreas,Fenix,58239.757,58239.757,1.7303363576624553,42.21,0.7032,0.8068014354066986,0.13514659878591953,61601.108196475456
Dawn-Fenix,35,85457.542,86047.702,Dawn,Fenix,590.1600000000035,590.1600000000035,1.0069058854980875,0.69,0.9932,0.9823136476426799,0.04646098172906777,-362.5543768567232
Dawn-Fenix,348,115450.561,113329.764,Dawn,Fenix,-2120.797000000006,2120.797000000006,0.9816302581673899,1.87,1.0,0.9823136476426799,0.04646098172906777,-362.5543768567232
Aegis-Boreas,378,88631.467,85553.628,Aegis,Boreas,-3077.839000000007,3077.839000000007,0.9652737441432623,3.6,1.0,0.9849621693121693,0.03408513950102227,-4121.568080328588
Dawn-Elysium,283,134526.299,133147.447,Dawn,Elysium,-1378.8520000000135,1378.8520000000135,0.9897503164046756,1.04,1.0,0.9839219696969698,0.04028966443660543,-3087.7173304880284
Dawn-Fenix,456,81738.801,78720.897,Dawn,Fenix,-3017.9040000000095,3017.9040000000095,0.9630786852378712,3.83,1.0,0.9823136476426799,0.04646098172906777,-362.5543768567232
Aegis-Elysium,294,256179.621,397666.441,Aegis,Elysium,141486.81999999998,141486.81999999998,1.552295375595079,35.58,0.7376,0.7958968831168831,0.13151929136319288,77214.95699135585
Dawn-Elysium,471,181051.24749094708,154512.614,Dawn,Elysium,-26538.633490947075,26538.633490947075,0.8534192177147298,17.18,1.0,0.9839219696969698,0.04028966443660543,-3087.7173304880284
Aegis-Elysium,432,179525.899,261039.15,Aegis,Elysium,81513.25099999999,81513.25099999999,1.4540473071241937,31.23,0.762,0.7958968831168831,0.13151929136319288,77214.95699135585
Dawn-Fenix,325,248187.287,256948.931,Dawn,Fenix,8761.644,8761.644,1.0353025495620973,3.41,0.967,0.9823136476426799,0.04646098172906777,-362.5543768567232
Elysium-Fenix,359,188114.079,192887.829,Elysium,Fenix,4773.75,4773.75,1.0253768884571366,2.47,0.9758,0.9777570719602977,0.055399164086247815,4312.254361379141
Boreas-Fenix,442,89426.444,157510.854,Boreas,Fenix,68084.40999999999,68084.40999999999,1.7613453801204484,43.23,0.6982,0.8068014354066986,0.13514659878591953,61601.108196475456
Boreas-Dawn,279,69683.8,67916.223,Boreas,Dawn,-1767.5770000000048,1767.5770000000048,0.9746343195979553,2.6,1.0,0.9791679389312977,0.052929740107363066,-992.1216852668913
Caelum-Dawn,388,148467.106,142993.798,Caelum,Dawn,-5473.30799999999,5473.30799999999,0.9631345410612369,3.83,1.0,0.9804744471744471,0.05446466415035868,-6484.057433327288
Dawn-Fenix,162,67436.425,70245.313,Dawn,Fenix,2808.8879999999917,2808.8879999999917,1.0416523859323799,4.0,0.9616,0.9823136476426799,0.04646098172906777,-362.5543768567232
Dawn-Fenix,135,83732.217,80719.657,Dawn,Fenix,-3012.5599999999977,3012.5599999999977,0.9640214948566332,3.73,1.0,0.9823136476426799,0.04646098172906777,-362.5543768567232
Caelum-Elysium,43,343677.36,163699.676,Caelum,Elysium,-179977.68399999998,179977.68399999998,0.476317893037819,109.94,1.0,0.9780398457583547,0.06003094589396874,1753.5802267796134
Aegis-Dawn,341,138822.664,141505.553,Aegis,Dawn,2682.8890000000247,2682.8890000000247,1.0193260158154005,1.9,0.9814,0.9844383292383293,0.0367757216063089,-2180.4743005156975
Boreas-Fenix,72,93637.821,149398.137,Boreas,Fenix,55760.31599999999,55760.31599999999,1.5954892521473774,37.32,0.7282,0.8068014354066986,0.13514659878591953,61601.108196475456
Aegis-Elysium,189,289763.112,435824.735,Aegis,Elysium,146061.62299999996,146061.62299999996,1.5040725232133756,33.51,0.749,0.7958968831168831,0.13151929136319288,77214.95699135585
Aegis-Boreas,175,197855.077,195035.99,Aegis,Boreas,-2819.0869999999995,2819.0869999999995,0.9857517580911002,1.45,1.0,0.9849621693121693,0.03408513950102227,-4121.568080328588
Dawn-Elysium,275,129242.05,129778.458,Dawn,Elysium,536.4079999999958,536.4079999999958,1.00415041389393,0.41,0.9959,0.9839219696969698,0.04028966443660543,-3087.7173304880284
Aegis-Dawn,427,135179.759,135111.332,Aegis,Dawn,-68.42699999999604,68.42699999999604,0.9994938073532148,0.05,1.0,0.9844383292383293,0.0367757216063089,-2180.4743005156975
Caelum-Dawn,258,131920.143,132587.981,Caelum,Dawn,667.8379999999888,667.8379999999888,1.0050624414499003,0.5,0.995,0.9804744471744471,0.05446466415035868,-6484.057433327288
Aegis-Boreas,45,57017.282,59890.23,Aegis,Boreas,2872.948000000004,2872.948000000004,1.0503873194095783,4.8,0.9542,0.9849621693121693,0.03408513950102227,-4121.568080328588
Aegis-Elysium,260,108066.793,182358.297,Aegis,Elysium,74291.50399999999,74291.50399999999,1.6874591346483279,40.74,0.7105,0.7958968831168831,0.13151929136319288,77214.95699135585
Aegis-Elysium,96,84481.645,153281.158,Aegis,Elysium,68799.51299999999,68799.51299999999,1.8143723172057076,44.88,0.6902,0.7958968831168831,0.13151929136319288,77214.95699135585
Aegis-Elysium,443,130141.136,208729.784,Aegis,Elysium,78588.64800000002,78588.64800000002,1.6038724604340322,37.65,0.7265,0.7958968831168831,0.13151929136319288,77214.95699135585
Boreas-Elysium,107,112349.312,114939.528,Boreas,Elysium,2590.2160000000003,2590.2160000000003,1.0230550232474944,2.25,0.978,0.9804581280788177,0.05527648369623914,-1839.5134922540726
Dawn-Fenix,3,124821.738,130832.015,Dawn,Fenix,6010.277000000002,6010.277000000002,1.0481508837827591,4.59,0.9561,0.9823136476426799,0.04646098172906777,-362.5543768567232
Aegis-Elysium,187,168080.307,164642.272,Aegis,Elysium,-3438.0350000000035,3438.0350000000035,0.9795452836720485,2.09,1.0,0.7958968831168831,0.13151929136319288,77214.95699135585
Dawn-Fenix,93,71498.825,73227.347,Dawn,Fenix,1728.5219999999972,1728.5219999999972,1.0241755301573137,2.36,0.9769,0.9823136476426799,0.04646098172906777,-362.5543768567232
Caelum-Elysium,287,306656.804,311670.125,Caelum,Elysium,5013.320999999996,5013.320999999996,1.0163483116454837,1.61,0.9842,0.9780398457583547,0.06003094589396874,1753.5802267796134
Aegis-Elysium,30,95439.966,151807.01,Aegis,Elysium,56367.04400000001,56367.04400000001,1.5906020964005794,37.13,0.7292,0.7958968831168831,0.13151929136319288,77214.95699135585
Dawn-Elysium,317,126289.72,131352.289,Dawn,Elysium,5062.568999999989,5062.568999999989,1.0400869445272345,3.85,0.9629,0.9839219696969698,0.04028966443660543,-3087.7173304880284
Aegis-Boreas,300,94008.696,96352.737,Aegis,Boreas,2344.0409999999974,2344.0409999999974,1.0249342996949984,2.43,0.9763,0.9849621693121693,0.03408513950102227,-4121.568080328588
Boreas-Fenix,23,79583.556,136074.05,Boreas,Fenix,56490.49399999999,56490.49399999999,1.7098262108317954,41.51,0.7066,0.8068014354066986,0.13514659878591953,61601.108196475456
Aegis-Elysium,472,128109.133,205393.28,Aegis,Elysium,77284.147,77284.147,1.6032680511544792,37.63,0.7266,0.7958968831168831,0.13151929136319288,77214.95699135585
Aegis-Boreas,283,59214.873,60673.526,Aegis,Boreas,1458.6529999999984,1458.6529999999984,1.0246332201033346,2.4,0.9765,0.9849621693121693,0.03408513950102227,-4121.568080328588
Caelum-Fenix,382,163044.459,165279.253,Caelum,Fenix,2234.7939999999944,2234.7939999999944,1.0137066540850677,1.35,0.9867,0.9796862650602409,0.04873557984945812,1731.907948738127
Boreas-Elysium,480,154334.429,148643.969,Boreas,Elysium,-5690.459999999992,5690.459999999992,0.96312903065848,3.83,1.0,0.9804581280788177,0.05527648369623914,-1839.5134922540726
Dawn-Elysium,255,706934.476,690609.812,Dawn,Elysium,-16324.66399999999,16324.66399999999,0.976907811750293,2.36,1.0,0.9839219696969698,0.04028966443660543,-3087.7173304880284
Caelum-Dawn,346,117727.923,116297.22,Caelum,Dawn,-1430.702999999994,1430.702999999994,0.987847377550354,1.23,1.0,0.9804744471744471,0.05446466415035868,-6484.057433327288
Boreas-Dawn,313,73078.157,76810.872,Boreas,Dawn,3732.7149999999965,3732.7149999999965,1.0510783954225884,4.86,0.9537,0.9791679389312977,0.052929740107363066,-992.1216852668913
Caelum-Elysium,387,179520.804,171272.428,Caelum,Elysium,-8248.37599999999,8248.37599999999,0.9540533697698903,4.82,1.0,0.9780398457583547,0.06003094589396874,1753.5802267796134
Caelum-Fenix,313,165784.482,172839.919,Caelum,Fenix,7055.437000000005,7055.437000000005,1.042557885484119,4.08,0.9608,0.9796862650602409,0.04873557984945812,1731.907948738127
Caelum-Fenix,141,158408.901,164403.627,Caelum,Fenix,5994.725999999995,5994.725999999995,1.0378433658851025,3.65,0.9648,0.9796862650602409,0.04873557984945812,1731.907948738127
Dawn-Fenix,61,76085.573,74749.265,Dawn,Fenix,-1336.3080000000045,1336.3080000000045,0.9824367754975045,1.79,1.0,0.9823136476426799,0.04646098172906777,-362.5543768567232
Dawn-Elysium,327,126244.991,128932.504,Dawn,Elysium,2687.5130000000063,2687.5130000000063,1.0212880762928647,2.08,0.9796,0.9839219696969698,0.04028966443660543,-3087.7173304880284
Boreas-Fenix,432,62508.461,146829.363,Boreas,Fenix,84320.902,84320.902,2.348951816298917,57.43,0.6352,0.8068014354066986,0.13514659878591953,61601.108196475456
Boreas-Elysium,119,313286.4,323140.181,Boreas,Elysium,9853.780999999959,9853.780999999959,1.0314529484841983,3.05,0.9704,0.9804581280788177,0.05527648369623914,-1839.5134922540726
Elysium-Fenix,157,187055.901,196112.162,Elysium,Fenix,9056.260999999999,9056.260999999999,1.0484147303110207,4.62,0.9559,0.9777570719602977,0.055399164086247815,4312.254361379141
Dawn-Elysium,314,204109.873,198778.626,Dawn,Elysium,-5331.247000000003,5331.247000000003,0.9738805040557739,2.68,1.0,0.9839219696969698,0.04028966443660543,-3087.7173304880284
Caelum-Elysium,307,141331.005,144796.38,Caelum,Elysium,3465.375,3465.375,1.0245195666725784,2.39,0.9766,0.9780398457583547,0.06003094589396874,1753.5802267796134
Elysium-Fenix,205,162236.84,164189.076,Elysium,Fenix,1952.2360000000044,1952.2360000000044,1.0120332471958897,1.19,0.9882,0.9777570719602977,0.055399164086247815,4312.254361379141
Elysium-Fenix,274,397327.442,389769.061,Elysium,Fenix,-7558.380999999994,7558.380999999994,0.9809769469685913,1.94,1.0,0.9777570719602977,0.055399164086247815,4312.254361379141
Boreas-Elysium,330,124154.148,126388.459,Boreas,Elysium,2234.3110000000015,2234.3110000000015,1.0179962654167625,1.77,0.9826,0.9804581280788177,0.05527648369623914,-1839.5134922540726
Boreas-Elysium,29,130449.012,133796.678,Boreas,Elysium,3347.666000000012,3347.666000000012,1.0256626397446384,2.5,0.9756,0.9804581280788177,0.05527648369623914,-1839.5134922540726
Dawn-Fenix,464,222628.07,233097.65,Dawn,Fenix,10469.579999999987,10469.579999999987,1.0470272234763567,4.49,0.957,0.9823136476426799,0.04646098172906777,-362.5543768567232
Aegis-Boreas,257,63542.647,65025.604,Aegis,Boreas,1482.9570000000022,1482.9570000000022,1.0233379796091906,2.28,0.9777,0.9849621693121693,0.03408513950102227,-4121.568080328588
Aegis-Dawn,7,323392.574,310698.894,Aegis,Dawn,-12693.680000000051,12693.680000000051,0.960748387500079,4.09,1.0,0.9844383292383293,0.0367757216063089,-2180.4743005156975
Boreas-Dawn,442,74995.359,72046.956,Boreas,Dawn,-2948.402999999991,2948.402999999991,0.9606855272204246,4.09,1.0,0.9791679389312977,0.052929740107363066,-992.1216852668913
Aegis-Boreas,99,73844.433,71925.195,Aegis,Boreas,-1919.2379999999976,1919.2379999999976,0.9740097130950955,2.67,1.0,0.9849621693121693,0.03408513950102227,-4121.568080328588
Boreas-Fenix,455,537309.537,563834.399,Boreas,Fenix,26524.861999999965,26524.861999999965,1.0493660733217174,4.7,0.9551,0.8068014354066986,0.13514659878591953,61601.108196475456
Aegis-Dawn,244,377292.768,369368.435,Aegis,Dawn,-7924.332999999984,7924.332999999984,0.9789968595422428,2.15,1.0,0.9844383292383293,0.0367757216063089,-2180.4743005156975
Dawn-Elysium,70,104103.847,104214.109,Dawn,Elysium,110.26200000000244,110.26200000000244,1.0010591539426972,0.11,0.9989,0.9839219696969698,0.04028966443660543,-3087.7173304880284
Elysium-Fenix,52,306013.931,310642.88,Elysium,Fenix,4628.949000000022,4628.949000000022,1.0151265956581565,1.49,0.9853,0.9777570719602977,0.055399164086247815,4312.254361379141
Aegis-Elysium,375,181051.24749094708,185534.124,Aegis,Elysium,4482.876509052934,4482.876509052934,1.024760263025954,2.42,0.9764,0.7958968831168831,0.13151929136319288,77214.95699135585
Caelum-Elysium,366,138571.436,135167.157,Caelum,Elysium,-3404.2789999999804,3404.2789999999804,0.9754330394613218,2.52,1.0,0.9780398457583547,0.06003094589396874,1753.5802267796134
Caelum-Elysium,319,177403.31,181256.502,Caelum,Elysium,3853.19200000001,3853.19200000001,1.0217199555070309,2.13,0.9792,0.9780398457583547,0.06003094589396874,1753.5802267796134
Caelum-Elysium,182,123513.615,128076.63,Caelum,Elysium,4563.014999999999,4563.014999999999,1.036943417128549,3.56,0.9656,0.9780398457583547,0.06003094589396874,1753.5802267796134
Boreas-Dawn,454,88065.769,84797.13,Boreas,Dawn,-3268.6389999999956,3268.6389999999956,0.9628841144849368,3.85,1.0,0.9791679389312977,0.052929740107363066,-992.1216852668913
Dawn-Elysium,246,101135.725,106447.428,Dawn,Elysium,5311.702999999994,5311.702999999994,1.052520541084765,4.99,0.9525,0.9839219696969698,0.04028966443660543,-3087.7173304880284
Aegis-Elysium,157,106761.736,165053.643,Aegis,Elysium,58291.90700000001,58291.90700000001,1.545999991982146,35.32,0.739,0.7958968831168831,0.13151929136319288,77214.95699135585
Caelum-Fenix,368,181051.24749094708,213129.841,Caelum,Fenix,32078.59350905291,32078.59350905291,1.1771796325825201,15.05,0.8692,0.9796862650602409,0.04873557984945812,1731.907948738127
Caelum-Dawn,365,153487.866,149883.385,Caelum,Dawn,-3604.4809999999998,3604.4809999999998,0.9765161827189649,2.4,1.0,0.9804744471744471,0.05446466415035868,-6484.057433327288
Dawn-Elysium,405,168212.32,175994.151,Dawn,Elysium,7781.831000000006,7781.831000000006,1.0462619563180628,4.42,0.9577,0.9839219696969698,0.04028966443660543,-3087.7173304880284
Aegis-Elysium,437,151113.975,251558.084,Aegis,Elysium,100444.109,100444.109,1.6646910651380853,39.93,0.7146,0.7958968831168831,0.13151929136319288,77214.95699135585
Aegis-Boreas,366,85691.182,83801.983,Aegis,Boreas,-1889.1990000000078,1889.1990000000078,0.9779534024866174,2.25,1.0,0.9849621693121693,0.03408513950102227,-4121.568080328588
Dawn-Elysium,313,171401.153,179720.137,Dawn,Elysium,8318.983999999997,8318.983999999997,1.04853516942211,4.63,0.9558,0.9839219696969698,0.04028966443660543,-3087.7173304880284
Boreas-Fenix,441,76097.655,142769.614,Boreas,Fenix,66671.959,66671.959,1.8761368402219492,46.7,0.6817,0.8068014354066986,0.13514659878591953,61601.108196475456
Aegis-Boreas,402,185142.309,186357.421,Aegis,Boreas,1215.1119999999937,1215.1119999999937,1.0065631243693736,0.65,0.9935,0.9849621693121693,0.03408513950102227,-4121.568080328588
Dawn-Elysium,144,116525.385,118023.822,Dawn,Elysium,1498.4370000000054,1498.4370000000054,1.0128593181648788,1.27,0.9875,0.9839219696969698,0.04028966443660543,-3087.7173304880284
Elysium-Fenix,154,170651.178,172045.042,Elysium,Fenix,1393.8639999999723,1393.8639999999723,1.0081679131450236,0.81,0.992,0.9777570719602977,0.055399164086247815,4312.254361379141
Aegis-Dawn,449,137088.96,137371.36,Aegis,Dawn,282.3999999999942,282.3999999999942,1.002059976237328,0.21,0.9979,0.9844383292383293,0.0367757216063089,-2180.4743005156975
Boreas-Fenix,281,173159.591,243599.229,Boreas,Fenix,70439.638,70439.638,1.4067902770687417,28.92,0.7757,0.8068014354066986,0.13514659878591953,61601.108196475456
Aegis-Boreas,19,209244.036,218070.508,Aegis,Boreas,8826.472000000009,8826.472000000009,1.0421826694262388,4.05,0.9611,0.9849621693121693,0.03408513950102227,-4121.568080328588
Aegis-Boreas,229,71902.262,72629.84,Aegis,Boreas,727.5779999999941,727.5779999999941,1.0101189862427415,1.0,0.9901,0.9849621693121693,0.03408513950102227,-4121.568080328588
Caelum-Fenix,187,127898.505,126166.811,Caelum,Fenix,-1731.6940000000031,1731.6940000000031,0.9864604046779124,1.37,1.0,0.9796862650602409,0.04873557984945812,1731.907948738127
Aegis-Dawn,168,118667.796,120360.388,Aegis,Dawn,1692.5920000000042,1692.5920000000042,1.014263279988785,1.41,0.9861,0.9844383292383293,0.0367757216063089,-2180.4743005156975
Aegis-Boreas,218,62885.621,62904.009,Aegis,Boreas,18.38799999999901,18.38799999999901,1.0002924038867327,0.03,0.9997,0.9849621693121693,0.03408513950102227,-4121.568080328588
Dawn-Fenix,7,96256.955,93399.007,Dawn,Fenix,-2857.948000000004,2857.948000000004,0.9703091792172316,3.06,1.0,0.9823136476426799,0.04646098172906777,-362.5543768567232
Caelum-Fenix,24,135356.651,131767.401,Caelum,Fenix,-3589.25,3589.25,0.9734830170997656,2.72,1.0,0.9796862650602409,0.04873557984945812,1731.907948738127
Caelum-Elysium,71,181051.24749094708,414507.763,Caelum,Elysium,233456.5155090529,233456.5155090529,2.2894499140124744,56.32,0.6397,0.9780398457583547,0.06003094589396874,1753.5802267796134
Boreas-Fenix,13,197549.888,308813.968,Boreas,Fenix,111264.07999999999,111264.07999999999,1.5632201623926003,36.03,0.7351,0.8068014354066986,0.13514659878591953,61601.108196475456
Caelum-Fenix,390,330205.253,321986.959,Caelum,Fenix,-8218.294000000053,8218.294000000053,0.9751115588703246,2.55,1.0,0.9796862650602409,0.04873557984945812,1731.907948738127
Aegis-Dawn,85,115649.222,118703.26,Aegis,Dawn,3054.0380000000005,3054.0380000000005,1.0264077695222196,2.57,0.9749,0.9844383292383293,0.0367757216063089,-2180.4743005156975
Boreas-Dawn,412,97466.701,99641.957,Boreas,Dawn,2175.255999999994,2175.255999999994,1.022317940154761,2.18,0.9786,0.9791679389312977,0.052929740107363066,-992.1216852668913
Dawn-Fenix,377,181051.24749094708,112525.39,Dawn,Fenix,-68525.85749094708,68525.85749094708,0.6215112657847137,60.9,1.0,0.9823136476426799,0.04646098172906777,-362.5543768567232
Caelum-Fenix,431,123896.982,126834.444,Caelum,Fenix,2937.4619999999995,2937.4619999999995,1.0237089068077543,2.32,0.9774,0.9796862650602409,0.04873557984945812,1731.907948738127
Caelum-Fenix,347,122217.606,122131.958,Caelum,Fenix,-85.64800000000105,85.64800000000105,0.9992992171684332,0.07,1.0,0.9796862650602409,0.04873557984945812,1731.907948738127
Caelum-Elysium,329,137105.538,133387.192,Caelum,Elysium,-3718.3459999999905,3718.3459999999905,0.9728796804692165,2.79,1.0,0.9780398457583547,0.06003094589396874,1753.5802267796134
Caelum-Dawn,479,110283.276,115866.183,Caelum,Dawn,5582.9070000000065,5582.9070000000065,1.0506233329521333,4.82,0.954,0.9804744471744471,0.05446466415035868,-6484.057433327288
Dawn-Elysium,77,309730.733,302613.897,Dawn,Elysium,-7116.83600000001,7116.83600000001,0.9770225061908855,2.35,1.0,0.9839219696969698,0.04028966443660543,-3087.7173304880284
Aegis-Dawn,277,155675.481,154072.897,Aegis,Dawn,-1602.5840000000026,1602.5840000000026,0.9897056107377629,1.04,1.0,0.9844383292383293,0.0367757216063089,-2180.4743005156975
Boreas-Elysium,314,97628.273,97244.212,Boreas,Elysium,-384.0610000000015,384.0610000000015,0.9960660883553681,0.39,1.0,0.9804581280788177,0.05527648369623914,-1839.5134922540726
Aegis-Elysium,18,423102.072,412425.803,Aegis,Elysium,-10676.268999999971,10676.268999999971,0.9747666823054462,2.59,1.0,0.7958968831168831,0.13151929136319288,77214.95699135585
Boreas-Dawn,106,160325.682,165574.923,Boreas,Dawn,5249.241000000009,5249.241000000009,1.0327411113086673,3.17,0.9693,0.9791679389312977,0.052929740107363066,-992.1216852668913
Boreas-Fenix,5,181051.24749094708,140301.934,Boreas,Fenix,-40749.31349094707,40749.31349094707,0.7749293967555534,29.04,1.0,0.8068014354066986,0.13514659878591953,61601.108196475456
Boreas-Fenix,307,181051.24749094708,145447.602,Boreas,Fenix,-35603.64549094706,35603.64549094706,0.8033504547228966,24.48,1.0,0.8068014354066986,0.13514659878591953,61601.108196475456
Dawn-Elysium,88,144888.475,142294.263,Dawn,Elysium,-2594.2119999999995,2594.2119999999995,0.9820951114296703,1.82,1.0,0.9839219696969698,0.04028966443660543,-3087.7173304880284
Caelum-Dawn,213,112004.518,115540.61,Caelum,Dawn,3536.092000000004,3536.092000000004,1.0315709764493608,3.06,0.9703,0.9804744471744471,0.05446466415035868,-6484.057433327288
Aegis-Elysium,491,118165.914,253835.227,Aegis,Elysium,135669.31300000002,135669.31300000002,2.1481256176802392,53.45,0.6517,0.7958968831168831,0.13151929136319288,77214.95699135585
Dawn-Elysium,484,164480.749,163471.97,Dawn,Elysium,-1008.7790000000095,1008.7790000000095,0.9938668871212399,0.62,1.0,0.9839219696969698,0.04028966443660543,-3087.7173304880284
Dawn-Fenix,247,83413.797,80654.569,Dawn,Fenix,-2759.228000000003,2759.228000000003,0.9669212036948756,3.42,1.0,0.9823136476426799,0.04646098172906777,-362.5543768567232
Caelum-Fenix,340,117622.665,121540.628,Caelum,Fenix,3917.9630000000034,3917.9630000000034,1.0333095921606605,3.22,0.9688,0.9796862650602409,0.04873557984945812,1731.907948738127
Caelum-Elysium,160,155787.58,152901.268,Caelum,Elysium,-2886.3119999999763,2886.3119999999763,0.9814727720913312,1.89,1.0,0.9780398457583547,0.06003094589396874,1753.5802267796134
Caelum-Fenix,487,114788.981,110555.23,Caelum,Fenix,-4233.751000000004,4233.751000000004,0.9631170957079931,3.83,1.0,0.9796862650602409,0.04873557984945812,1731.907948738127
Boreas-Fenix,377,165070.723,260732.587,Boreas,Fenix,95661.864,95661.864,1.5795204762021913,36.69,0.7316,0.8068014354066986,0.13514659878591953,61601.108196475456
Boreas-Dawn,93,124176.698,120749.046,Boreas,Dawn,-3427.652000000002,3427.652000000002,0.9723969790209754,2.84,1.0,0.9791679389312977,0.052929740107363066,-992.1216852668913
Aegis-Dawn,17,141895.842,140551.662,Aegis,Dawn,-1344.179999999993,1344.179999999993,0.9905269951462004,0.96,1.0,0.9844383292383293,0.0367757216063089,-2180.4743005156975
Aegis-Boreas,321,67687.86,70787.945,Aegis,Boreas,3100.0850000000064,3100.0850000000064,1.045799719477023,4.38,0.958,0.9849621693121693,0.03408513950102227,-4121.568080328588
Dawn-Fenix,264,120241.178,119364.559,Dawn,Fenix,-876.619000000006,876.619000000006,0.9927094942466381,0.73,1.0,0.9823136476426799,0.04646098172906777,-362.5543768567232
Elysium-Fenix,135,181051.24749094708,204645.029,Elysium,Fenix,23593.781509052933,23593.781509052933,1.1303154871121928,11.53,0.8966,0.9777570719602977,0.055399164086247815,4312.254361379141
Caelum-Fenix,99,154411.758,148357.434,Caelum,Fenix,-6054.323999999993,6054.323999999993,0.9607910428686396,4.08,1.0,0.9796862650602409,0.04873557984945812,1731.907948738127
Caelum-Elysium,189,423332.483,437203.94,Caelum,Elysium,13871.456999999995,13871.456999999995,1.0327672870782278,3.17,0.9692,0.9780398457583547,0.06003094589396874,1753.5802267796134
Aegis-Boreas,217,188617.433,195144.453,Aegis,Boreas,6527.020000000019,6527.020000000019,1.034604542624647,3.34,0.9676,0.9849621693121693,0.03408513950102227,-4121.568080328588
Boreas-Fenix,155,152859.468,146777.216,Boreas,Fenix,-6082.252000000008,6082.252000000008,0.9602101716067728,4.14,1.0,0.8068014354066986,0.13514659878591953,61601.108196475456
Boreas-Elysium,388,216510.004,225727.063,Boreas,Elysium,9217.059000000008,9217.059000000008,1.0425710536682637,4.08,0.9608,0.9804581280788177,0.05527648369623914,-1839.5134922540726
Aegis-Boreas,360,62300.792,62542.933,Aegis,Boreas,242.14099999999598,242.14099999999598,1.0038866440092766,0.39,0.9961,0.9849621693121693,0.03408513950102227,-4121.568080328588
Caelum-Fenix,375,255303.473,266446.774,Caelum,Fenix,11143.300999999978,11143.300999999978,1.0436472754132882,4.18,0.9599,0.9796862650602409,0.04873557984945812,1731.907948738127
Caelum-Dawn,336,195103.586,187070.782,Caelum,Dawn,-8032.804000000004,8032.804000000004,0.9588280043197156,4.29,1.0,0.9804744471744471,0.05446466415035868,-6484.057433327288
Caelum-Dawn,10,140470.647,147264.486,Caelum,Dawn,6793.839000000007,6793.839000000007,1.0483648302694868,4.61,0.9559,0.9804744471744471,0.05446466415035868,-6484.057433327288
Boreas-Elysium,318,96555.004,99573.172,Boreas,Elysium,3018.168000000005,3018.168000000005,1.0312585352904133,3.03,0.9706,0.9804581280788177,0.05527648369623914,-1839.5134922540726
Aegis-Elysium,52,148196.706,218826.087,Aegis,Elysium,70629.381,70629.381,1.4765921112983442,32.28,0.756,0.7958968831168831,0.13151929136319288,77214.95699135585
Dawn-Fenix,140,177342.915,172035.09,Dawn,Fenix,-5307.825000000012,5307.825000000012,0.970070273176687,3.09,1.0,0.9823136476426799,0.04646098172906777,-362.5543768567232
Aegis-Dawn,259,157101.982,164995.215,Aegis,Dawn,7893.233000000007,7893.233000000007,1.0502427334112183,4.78,0.9543,0.9844383292383293,0.0367757216063089,-2180.4743005156975
Dawn-Elysium,167,138564.586,139115.774,Dawn,Elysium,551.1879999999946,551.1879999999946,1.0039778417841916,0.4,0.9961,0.9839219696969698,0.04028966443660543,-3087.7173304880284
Dawn-Fenix,277,71787.296,73931.594,Dawn,Fenix,2144.297999999995,2144.297999999995,1.0298701597564004,2.9,0.9718,0.9823136476426799,0.04646098172906777,-362.5543768567232
Elysium-Fenix,495,194404.328,196184.294,Elysium,Fenix,1779.9659999999858,1779.9659999999858,1.00915599986025,0.91,0.991,0.9777570719602977,0.055399164086247815,4312.254361379141
Aegis-Elysium,426,85956.434,174853.537,Aegis,Elysium,88897.10300000002,88897.10300000002,2.034211156316699,50.84,0.663,0.7958968831168831,0.13151929136319288,77214.95699135585
Caelum-Fenix,407,307083.93,298811.159,Caelum,Fenix,-8272.771000000008,8272.771000000008,0.9730602281923382,2.77,1.0,0.9796862650602409,0.04873557984945812,1731.907948738127
Caelum-Elysium,197,126857.455,130328.935,Caelum,Elysium,3471.479999999996,3471.479999999996,1.0273652029358464,2.66,0.9741,0.9780398457583547,0.06003094589396874,1753.5802267796134
Aegis-Boreas,214,76090.268,78040.233,Aegis,Boreas,1949.9649999999965,1949.9649999999965,1.025626996083126,2.5,0.9756,0.9849621693121693,0.03408513950102227,-4121.568080328588
Boreas-Dawn,114,115481.174,111990.303,Boreas,Dawn,-3490.870999999999,3490.870999999999,0.9697710814751502,3.12,1.0,0.9791679389312977,0.052929740107363066,-992.1216852668913
Dawn-Elysium,175,179454.426,184193.055,Dawn,Elysium,4738.628999999986,4738.628999999986,1.0264057516196339,2.57,0.9749,0.9839219696969698,0.04028966443660543,-3087.7173304880284
Boreas-Dawn,217,73223.045,70230.054,Boreas,Dawn,-2992.9909999999945,2992.9909999999945,0.9591250131703756,4.26,1.0,0.9791679389312977,0.052929740107363066,-992.1216852668913
Boreas-Fenix,241,137393.711,232133.98,Boreas,Fenix,94740.269,94740.269,1.689553170304862,40.81,0.7102,0.8068014354066986,0.13514659878591953,61601.108196475456
Boreas-Elysium,53,133236.988,128160.999,Boreas,Elysium,-5075.989000000016,5075.989000000016,0.9619025536662535,3.96,1.0,0.9804581280788177,0.05527648369623914,-1839.5134922540726
Boreas-Fenix,498,114462.991,166695.819,Boreas,Fenix,52232.827999999994,52232.827999999994,1.4563293999542613,31.33,0.7614,0.8068014354066986,0.13514659878591953,61601.108196475456
Boreas-Dawn,483,156274.503,158203.377,Boreas,Dawn,1928.8740000000107,1928.8740000000107,1.0123428580028824,1.22,0.988,0.9791679389312977,0.052929740107363066,-992.1216852668913
Boreas-Dawn,202,114491.363,109789.83,Boreas,Dawn,-4701.532999999996,4701.532999999996,0.9589354788273418,4.28,1.0,0.9791679389312977,0.052929740107363066,-992.1216852668913
Caelum-Dawn,101,114396.319,115824.127,Caelum,Dawn,1427.80799999999,1427.80799999999,1.012481240764399,1.23,0.9878,0.9804744471744471,0.05446466415035868,-6484.057433327288
Caelum-Dawn,34,139231.55,140988.157,Caelum,Dawn,1756.6070000000182,1756.6070000000182,1.012616443614971,1.25,0.9877,0.9804744471744471,0.05446466415035868,-6484.057433327288
Dawn-Fenix,327,137552.37,141398.746,Dawn,Fenix,3846.3760000000184,3846.3760000000184,1.0279629932948449,2.72,0.9735,0.9823136476426799,0.04646098172906777,-362.5543768567232
Aegis-Boreas,196,65334.188,62700.334,Aegis,Boreas,-2633.8539999999994,2633.8539999999994,0.9596864355305066,4.2,1.0,0.9849621693121693,0.03408513950102227,-4121.568080328588
Aegis-Dawn,225,273539.834,274646.289,Aegis,Dawn,1106.4550000000163,1106.4550000000163,1.004044950177165,0.4,0.996,0.9844383292383293,0.0367757216063089,-2180.4743005156975
Caelum-Elysium,418,151389.38,158625.669,Caelum,Elysium,7236.28899999999,7236.28899999999,1.0477991851211756,4.56,0.9564,0.9780398457583547,0.06003094589396874,1753.5802267796134
Boreas-Dawn,12,76847.688,77726.284,Boreas,Dawn,878.596000000005,878.596000000005,1.0114329529341208,1.13,0.9888,0.9791679389312977,0.052929740107363066,-992.1216852668913
Boreas-Fenix,123,164410.809,169524.232,Boreas,Fenix,5113.422999999981,5113.422999999981,1.0311015013617504,3.02,0.9707,0.8068014354066986,0.13514659878591953,61601.108196475456
Dawn-Elysium,38,185599.495,187656.756,Dawn,Elysium,2057.2609999999986,2057.2609999999986,1.011084410547561,1.1,0.9892,0.9839219696969698,0.04028966443660543,-3087.7173304880284
Dawn-Elysium,195,126279.419,132245.476,Dawn,Elysium,5966.057000000001,5966.057000000001,1.047244887941716,4.51,0.9568,0.9839219696969698,0.04028966443660543,-3087.7173304880284
Aegis-Elysium,56,171538.92,164264.081,Aegis,Elysium,-7274.839000000007,7274.839000000007,0.9575907380086105,4.43,1.0,0.7958968831168831,0.13151929136319288,77214.95699135585
Dawn-Elysium,493,877405.194,891503.119,Dawn,Elysium,14097.92499999993,14097.92499999993,1.016067747371917,1.58,0.9844,0.9839219696969698,0.04028966443660543,-3087.7173304880284
Aegis-Dawn,387,196473.052,205159.568,Aegis,Dawn,8686.516000000003,8686.516000000003,1.0442122515610945,4.23,0.9594,0.9844383292383293,0.0367757216063089,-2180.4743005156975
Boreas-Fenix,198,160511.107,160087.85,Boreas,Fenix,-423.25699999998324,423.25699999998324,0.997363067217523,0.26,1.0,0.8068014354066986,0.13514659878591953,61601.108196475456
Aegis-Elysium,92,87738.575,161033.205,Aegis,Elysium,73294.62999999999,73294.62999999999,1.8353752041220182,45.52,0.6872,0.7958968831168831,0.13151929136319288,77214.95699135585
Dawn-Fenix,97,335442.542,349190.632,Dawn,Fenix,13748.089999999967,13748.089999999967,1.0409849326744012,3.94,0.9621,0.9823136476426799,0.04646098172906777,-362.5543768567232
Caelum-Fenix,125,285931.132,282796.368,Caelum,Fenix,-3134.7639999999665,3134.7639999999665,0.9890366467684955,1.11,1.0,0.9796862650602409,0.04873557984945812,1731.907948738127
Aegis-Dawn,68,148016.726,149292.179,Aegis,Dawn,1275.4530000000086,1275.4530000000086,1.008616951843672,0.85,0.9915,0.9844383292383293,0.0367757216063089,-2180.4743005156975
Aegis-Dawn,16,124933.314,125185.25,Aegis,Dawn,251.9360000000015,251.9360000000015,1.0020165638125953,0.2,0.998,0.9844383292383293,0.0367757216063089,-2180.4743005156975
Caelum-Elysium,128,286495.126,301531.548,Caelum,Elysium,15036.42200000002,15036.42200000002,1.0524840412119263,4.99,0.9525,0.9780398457583547,0.06003094589396874,1753.5802267796134
Dawn-Elysium,329,159510.104,166696.911,Dawn,Elysium,7186.807000000001,7186.807000000001,1.0450554969232544,4.31,0.9587,0.9839219696969698,0.04028966443660543,-3087.7173304880284
Boreas-Elysium,149,150659.789,143610.484,Boreas,Elysium,-7049.304999999993,7049.304999999993,0.9532104415730995,4.91,1.0,0.9804581280788177,0.05527648369623914,-1839.5134922540726
Aegis-Boreas,139,141464.178,143434.059,Aegis,Boreas,1969.880999999994,1969.880999999994,1.0139249457201809,1.37,0.9865,0.9849621693121693,0.03408513950102227,-4121.568080328588
Elysium-Fenix,329,195843.983,195099.24,Elysium,Fenix,-744.7430000000168,744.7430000000168,0.9961972638189246,0.38,1.0,0.9777570719602977,0.055399164086247815,4312.254361379141
Dawn-Fenix,274,320436.112,120841.828,Dawn,Fenix,-199594.28400000004,199594.28400000004,0.3771167589250989,165.17,1.0,0.9823136476426799,0.04646098172906777,-362.5543768567232
Boreas-Elysium,284,254563.561,260494.254,Boreas,Elysium,5930.692999999999,5930.692999999999,1.0232974938624464,2.28,0.9777,0.9804581280788177,0.05527648369623914,-1839.5134922540726
Dawn-Fenix,10,290309.819,295970.22,Dawn,Fenix,5660.400999999954,5660.400999999954,1.0194977938379686,1.91,0.9812,0.9823136476426799,0.04646098172906777,-362.5543768567232
Aegis-Elysium,149,115279.71,198138.539,Aegis,Elysium,82858.82899999998,82858.82899999998,1.7187633365836883,41.82,0.7051,0.7958968831168831,0.13151929136319288,77214.95699135585
Caelum-Fenix,48,190116.068,187779.02,Caelum,Fenix,-2337.04800000001,2337.04800000001,0.9877072568111391,1.24,1.0,0.9796862650602409,0.04873557984945812,1731.907948738127
Boreas-Elysium,498,149748.193,148358.467,Boreas,Elysium,-1389.725999999995,1389.725999999995,0.9907195808366115,0.94,1.0,0.9804581280788177,0.05527648369623914,-1839.5134922540726
Boreas-Elysium,273,100184.022,102484.111,Boreas,Elysium,2300.089000000007,2300.089000000007,1.022958641049568,2.24,0.978,0.9804581280788177,0.05527648369623914,-1839.5134922540726
Boreas-Fenix,26,84595.116,156147.13,Boreas,Fenix,71552.01400000001,71552.01400000001,1.8458173164512242,45.82,0.6858,0.8068014354066986,0.13514659878591953,61601.108196475456
Aegis-Boreas,463,72345.527,71504.552,Aegis,Boreas,-840.9750000000058,840.9750000000058,0.9883755771106622,1.18,1.0,0.9849621693121693,0.03408513950102227,-4121.568080328588
Caelum-Dawn,307,111925.059,114157.846,Caelum,Dawn,2232.787000000011,2232.787000000011,1.0199489463749134,1.96,0.9808,0.9804744471744471,0.05446466415035868,-6484.057433327288
Caelum-Dawn,132,181051.24749094708,158294.594,Caelum,Dawn,-22756.653490947065,22756.653490947065,0.8743082204275618,14.38,1.0,0.9804744471744471,0.05446466415035868,-6484.057433327288
Dawn-Elysium,485,209007.354,215960.219,Dawn,Elysium,6952.86500000002,6952.86500000002,1.0332661261287486,3.22,0.9688,0.9839219696969698,0.04028966443660543,-3087.7173304880284
Aegis-Dawn,94,148665.403,148442.659,Aegis,Dawn,-222.74399999997695,222.74399999997695,0.9985017092376228,0.15,1.0,0.9844383292383293,0.0367757216063089,-2180.4743005156975
Caelum-Dawn,80,127273.618,123352.372,Caelum,Dawn,-3921.245999999999,3921.245999999999,0.969190425623007,3.18,1.0,0.9804744471744471,0.05446466415035868,-6484.057433327288
Boreas-Dawn,307,68014.067,69968.847,Boreas,Dawn,1954.7799999999988,1954.7799999999988,1.028740819160248,2.79,0.9728,0.9791679389312977,0.052929740107363066,-992.1216852668913
Dawn-Fenix,136,83652.308,87758.536,Dawn,Fenix,4106.227999999988,4106.227999999988,1.0490868464740983,4.68,0.9553,0.9823136476426799,0.04646098172906777,-362.5543768567232
Aegis-Boreas,450,110007.513,105855.718,Aegis,Boreas,-4151.795000000013,4151.795000000013,0.9622589868021104,3.92,1.0,0.9849621693121693,0.03408513950102227,-4121.568080328588
Caelum-Dawn,43,175980.294,171012.577,Caelum,Dawn,-4967.717000000004,4967.717000000004,0.9717711745611699,2.9,1.0,0.9804744471744471,0.05446466415035868,-6484.057433327288
Elysium-Fenix,326,300687.681,288265.611,Elysium,Fenix,-12422.070000000007,12422.070000000007,0.958687798719629,4.31,1.0,0.9777570719602977,0.055399164086247815,4312.254361379141
Aegis-Dawn,18,131863.595,135650.072,Aegis,Dawn,3786.4769999999844,3786.4769999999844,1.028715105181229,2.79,0.9728,0.9844383292383293,0.0367757216063089,-2180.4743005156975
Boreas-Fenix,22,127784.807,215491.663,Boreas,Fenix,87706.856,87706.856,1.6863637239754175,40.7,0.7107,0.8068014354066986,0.13514659878591953,61601.108196475456
Aegis-Boreas,312,66387.951,63768.868,Aegis,Boreas,-2619.0829999999987,2619.0829999999987,0.9605488200712807,4.11,1.0,0.9849621693121693,0.03408513950102227,-4121.568080328588
Elysium-Fenix,387,175598.553,168354.079,Elysium,Fenix,-7244.4740000000165,7244.4740000000165,0.9587441133412984,4.3,1.0,0.9777570719602977,0.055399164086247815,4312.254361379141
Caelum-Fenix,483,113003.125,109517.716,Caelum,Fenix,-3485.4089999999997,3485.4089999999997,0.9691565255385637,3.18,1.0,0.9796862650602409,0.04873557984945812,1731.907948738127
Boreas-Fenix,147,207941.669,371160.64,Boreas,Fenix,163218.97100000002,163218.97100000002,1.7849267142315763,43.98,0.6946,0.8068014354066986,0.13514659878591953,61601.108196475456
Caelum-Dawn,437,171937.229,164041.332,Caelum,Dawn,-7895.896999999997,7895.896999999997,0.9540768625508091,4.81,1.0,0.9804744471744471,0.05446466415035868,-6484.057433327288
Aegis-Elysium,174,106746.352,158603.87,Aegis,Elysium,51857.518,51857.518,1.4858013133788404,32.7,0.7536,0.7958968831168831,0.13151929136319288,77214.95699135585
Caelum-Elysium,32,181051.24749094708,203854.915,Caelum,Elysium,22803.66750905293,22803.66750905293,1.1259514520063894,11.19,0.8994,0.9780398457583547,0.06003094589396874,1753.5802267796134
Aegis-Boreas,451,67286.295,64649.642,Aegis,Boreas,-2636.6529999999984,2636.6529999999984,0.960814412504062,4.08,1.0,0.9849621693121693,0.03408513950102227,-4121.568080328588
Dawn-Fenix,37,79902.395,80254.107,Dawn,Fenix,351.71199999999953,351.71199999999953,1.0044017704350414,0.44,0.9956,0.9823136476426799,0.04646098172906777,-362.5543768567232
Caelum-Dawn,424,111516.855,116125.715,Caelum,Dawn,4608.860000000001,4608.860000000001,1.0413288197555428,3.97,0.9618,0.9804744471744471,0.05446466415035868,-6484.057433327288
Aegis-Elysium,112,353559.598,341854.948,Aegis,Elysium,-11704.650000000023,11704.650000000023,0.9668948316883197,3.42,1.0,0.7958968831168831,0.13151929136319288,77214.95699135585
Dawn-Elysium,344,105129.749,104913.742,Dawn,Elysium,-216.0069999999978,216.0069999999978,0.9979453294423827,0.21,1.0,0.9839219696969698,0.04028966443660543,-3087.7173304880284
Boreas-Dawn,78,107862.506,106773.714,Boreas,Dawn,-1088.7919999999867,1088.7919999999867,0.9899057416670813,1.02,1.0,0.9791679389312977,0.052929740107363066,-992.1216852668913
Aegis-Dawn,390,168528.379,165310.537,Aegis,Dawn,-3217.841999999975,3217.841999999975,0.9809062306354944,1.95,1.0,0.9844383292383293,0.0367757216063089,-2180.4743005156975
Boreas-Dawn,115,259889.31,251834.524,Boreas,Dawn,-8054.785999999993,8054.785999999993,0.9690068591124429,3.2,1.0,0.9791679389312977,0.052929740107363066,-992.1216852668913
Caelum-Fenix,348,128250.128,126343.511,Caelum,Fenix,-1906.6169999999984,1906.6169999999984,0.9851336054806901,1.51,1.0,0.9796862650602409,0.04873557984945812,1731.907948738127
Caelum-Elysium,479,389313.037,406264.618,Caelum,Elysium,16951.581000000006,16951.581000000006,1.0435422895945814,4.17,0.9599,0.9780398457583547,0.06003094589396874,1753.5802267796134
Elysium-Fenix,180,504577.242,530624.474,Elysium,Fenix,26047.232000000018,26047.232000000018,1.0516218922136802,4.91,0.9532,0.9777570719602977,0.055399164086247815,4312.254361379141
Elysium-Fenix,339,228788.336,222130.69,Elysium,Fenix,-6657.646000000008,6657.646000000008,0.9709004133847102,3.0,1.0,0.9777570719602977,0.055399164086247815,4312.254361379141
Boreas-Fenix,425,124505.048,165237.867,Boreas,Fenix,40732.819,40732.819,1.327157971940222,24.65,0.8022,0.8068014354066986,0.13514659878591953,61601.108196475456
Aegis-Elysium,263,100305.824,159548.396,Aegis,Elysium,59242.572000000015,59242.572000000015,1.590619463930629,37.13,0.7292,0.7958968831168831,0.13151929136319288,77214.95699135585
Elysium-Fenix,115,405245.53,412868.677,Elysium,Fenix,7623.146999999997,7623.146999999997,1.0188111809647844,1.85,0.9819,0.9777570719602977,0.055399164086247815,4312.254361379141
Aegis-Dawn,499,131596.408,131411.497,Aegis,Dawn,-184.91099999999278,184.91099999999278,0.9985948628628223,0.14,1.0,0.9844383292383293,0.0367757216063089,-2180.4743005156975
Caelum-Elysium,261,197788.674,190738.125,Caelum,Elysium,-7050.548999999999,7050.548999999999,0.9643531206443094,3.7,1.0,0.9780398457583547,0.06003094589396874,1753.5802267796134
Aegis-Elysium,359,190565.073,185575.709,Aegis,Elysium,-4989.364000000001,4989.364000000001,0.9738180563654495,2.69,1.0,0.7958968831168831,0.13151929136319288,77214.95699135585
Elysium-Fenix,494,164138.189,166482.619,Elysium,Fenix,2344.429999999993,2344.429999999993,1.014283269568668,1.41,0.9861,0.9777570719602977,0.055399164086247815,4312.254361379141
Aegis-Elysium,476,181051.24749094708,183085.536,Aegis,Elysium,2034.2885090529162,2034.2885090529162,1.0112359817302812,1.11,0.989,0.7958968831168831,0.13151929136319288,77214.95699135585
Aegis-Boreas,192,78584.279,81778.868,Aegis,Boreas,3194.589000000007,3194.589000000007,1.0406517568227611,3.91,0.9624,0.9849621693121693,0.03408513950102227,-4121.568080328588
Dawn-Elysium,192,189603.299,186753.091,Dawn,Elysium,-2850.2080000000133,2850.2080000000133,0.9849675189459651,1.53,1.0,0.9839219696969698,0.04028966443660543,-3087.7173304880284
Dawn-Fenix,398,86872.933,86954.508,Dawn,Fenix,81.57499999999709,81.57499999999709,1.0009390151475603,0.09,0.9991,0.9823136476426799,0.04646098172906777,-362.5543768567232
Boreas-Fenix,292,149247.667,221230.11,Boreas,Fenix,71982.443,71982.443,1.4823019645593523,32.54,0.7545,0.8068014354066986,0.13514659878591953,61601.108196475456
Dawn-Fenix,1,120661.253,125992.954,Dawn,Fenix,5331.701000000001,5331.701000000001,1.0441873498528977,4.23,0.9594,0.9823136476426799,0.04646098172906777,-362.5543768567232
Boreas-Elysium,407,168313.29,169870.608,Boreas,Elysium,1557.3179999999993,1557.3179999999993,1.009252495747662,0.92,0.9909,0.9804581280788177,0.05527648369623914,-1839.5134922540726
Dawn-Fenix,57,1024153.974,993682.88,Dawn,Fenix,-30471.09400000004,30471.09400000004,0.9702475460003438,3.07,1.0,0.9823136476426799,0.04646098172906777,-362.5543768567232
Boreas-Dawn,374,105910.216,107024.143,Boreas,Dawn,1113.926999999996,1113.926999999996,1.0105176539343474,1.04,0.9897,0.9791679389312977,0.052929740107363066,-992.1216852668913
Dawn-Fenix,300,181051.24749094708,73034.794,Dawn,Fenix,-108016.45349094708,108016.45349094708,0.40339293438810403,147.9,1.0,0.9823136476426799,0.04646098172906777,-362.5543768567232
Aegis-Elysium,338,170755.522,176672.438,Aegis,Elysium,5916.915999999997,5916.915999999997,1.0346513889020819,3.35,0.9676,0.7958968831168831,0.13151929136319288,77214.95699135585
Caelum-Dawn,477,138433.366,138529.466,Caelum,Dawn,96.09999999997672,96.09999999997672,1.000694196802236,0.07,0.9993,0.9804744471744471,0.05446466415035868,-6484.057433327288
Dawn-Elysium,342,97536.242,102033.336,Dawn,Elysium,4497.093999999997,4497.093999999997,1.046106902498868,4.41,0.9578,0.9839219696969698,0.04028966443660543,-3087.7173304880284
Caelum-Elysium,371,84697.379,178149.535,Caelum,Elysium,93452.156,93452.156,2.1033653827705816,52.46,0.6559,0.9780398457583547,0.06003094589396874,1753.5802267796134
Boreas-Fenix,305,78362.863,179957.904,Boreas,Fenix,101595.04100000001,101595.04100000001,2.2964692344127347,56.45,0.6392,0.8068014354066986,0.13514659878591953,61601.108196475456
Elysium-Fenix,399,227764.739,234278.917,Elysium,Fenix,6514.177999999985,6514.177999999985,1.0286004674323184,2.78,0.9729,0.9777570719602977,0.055399164086247815,4312.254361379141
Aegis-Elysium,293,93995.334,166240.765,Aegis,Elysium,72245.43100000001,72245.43100000001,1.7686065672153473,43.46,0.6971,0.7958968831168831,0.13151929136319288,77214.95699135585
Dawn-Fenix,285,78872.326,75280.681,Dawn,Fenix,-3591.645000000004,3591.645000000004,0.9544625449489089,4.77,1.0,0.9823136476426799,0.04646098172906777,-362.5543768567232
Dawn-Elysium,12,236826.358,226624.906,Dawn,Elysium,-10201.45200000002,10201.45200000002,0.9569243386329489,4.5,1.0,0.9839219696969698,0.04028966443660543,-3087.7173304880284
Elysium-Fenix,117,425575.84,427785.352,Elysium,Fenix,2209.511999999988,2209.511999999988,1.005191817279853,0.52,0.9949,0.9777570719602977,0.055399164086247815,4312.254361379141
Caelum-Elysium,19,298977.859,290566.17,Caelum,Elysium,-8411.689000000013,8411.689000000013,0.9718651774812529,2.89,1.0,0.9780398457583547,0.06003094589396874,1753.5802267796134
Boreas-Fenix,164,106225.315,143209.665,Boreas,Fenix,36984.350000000006,36984.350000000006,1.348168889873379,25.83,0.7948,0.8068014354066986,0.13514659878591953,61601.108196475456
Boreas-Dawn,407,926145.415,972318.677,Boreas,Dawn,46173.26199999999,46173.26199999999,1.049855304849725,4.75,0.9547,0.9791679389312977,0.052929740107363066,-992.1216852668913
Caelum-Elysium,258,175917.275,175260.223,Caelum,Elysium,-657.051999999996,657.051999999996,0.9962649944412794,0.37,1.0,0.9780398457583547,0.06003094589396874,1753.5802267796134
Caelum-Fenix,153,105938.628,110714.974,Caelum,Fenix,4776.346000000005,4776.346000000005,1.0450859718515517,4.31,0.9586,0.9796862650602409,0.04873557984945812,1731.907948738127
Aegis-Boreas,368,94710.721,93025.852,Aegis,Boreas,-1684.869000000006,1684.869000000006,0.9822103666595463,1.81,1.0,0.9849621693121693,0.03408513950102227,-4121.568080328588
Boreas-Dawn,437,81981.073,84854.813,Boreas,Dawn,2873.7399999999907,2873.7399999999907,1.0350537007487082,3.39,0.9672,0.9791679389312977,0.052929740107363066,-992.1216852668913
Caelum-Elysium,73,253109.267,262090.14,Caelum,Elysium,8980.873000000021,8980.873000000021,1.0354821974969413,3.43,0.9669,0.9780398457583547,0.06003094589396874,1753.5802267796134
Aegis-Elysium,151,137578.761,226711.729,Aegis,Elysium,89132.968,89132.968,1.647868663390565,39.32,0.7178,0.7958968831168831,0.13151929136319288,77214.95699135585
Dawn-Elysium,421,116613.404,115666.196,Dawn,Elysium,-947.2079999999987,947.2079999999987,0.9918773660015962,0.82,1.0,0.9839219696969698,0.04028966443660543,-3087.7173304880284
Caelum-Fenix,12,109862.035,112517.126,Caelum,Fenix,2655.0910000000003,2655.0910000000003,1.0241675024497772,2.36,0.9769,0.9796862650602409,0.04873557984945812,1731.907948738127
Boreas-Elysium,351,97036.03,100691.512,Boreas,Elysium,3655.4820000000036,3655.4820000000036,1.037671388658419,3.63,0.965,0.9804581280788177,0.05527648369623914,-1839.5134922540726
Caelum-Fenix,51,137249.734,134219.599,Caelum,Fenix,-3030.1350000000093,3030.1350000000093,0.9779224708734225,2.26,1.0,0.9796862650602409,0.04873557984945812,1731.907948738127
Elysium-Fenix,160,282267.912,281554.019,Elysium,Fenix,-713.89300000004,713.89300000004,0.9974708673226731,0.25,1.0,0.9777570719602977,0.055399164086247815,4312.254361379141
Caelum-Elysium,55,182157.972,186493.214,Caelum,Elysium,4335.241999999998,4335.241999999998,1.0237993536730854,2.32,0.9773,0.9780398457583547,0.06003094589396874,1753.5802267796134
Boreas-Dawn,372,122456.311,123191.871,Boreas,Dawn,735.5599999999977,735.5599999999977,1.0060067136923634,0.6,0.9941,0.9791679389312977,0.052929740107363066,-992.1216852668913
Elysium-Fenix,402,218148.856,211489.382,Elysium,Fenix,-6659.473999999987,6659.473999999987,0.9694727988855464,3.15,1.0,0.9777570719602977,0.055399164086247815,4312.254361379141
Aegis-Boreas,191,152635.868,153872.192,Aegis,Boreas,1236.3240000000224,1236.3240000000224,1.0080998261824017,0.8,0.992,0.9849621693121693,0.03408513950102227,-4121.568080328588
Boreas-Elysium,440,95413.06,97540.173,Boreas,Elysium,2127.1129999999976,2127.1129999999976,1.0222937300197688,2.18,0.9787,0.9804581280788177,0.05527648369623914,-1839.5134922540726
Aegis-Boreas,108,104698.176,103840.588,Aegis,Boreas,-857.5880000000034,857.5880000000034,0.9918089499477049,0.83,1.0,0.9849621693121693,0.03408513950102227,-4121.568080328588
Aegis-Boreas,174,70537.587,70887.318,Aegis,Boreas,349.73099999999977,349.73099999999977,1.004958080009173,0.49,0.9951,0.9849621693121693,0.03408513950102227,-4121.568080328588
Caelum-Dawn,169,190157.297,181935.268,Caelum,Dawn,-8222.02899999998,8222.02899999998,0.9567619590217462,4.52,1.0,0.9804744471744471,0.05446466415035868,-6484.057433327288
Caelum-Dawn,352,293833.959,286660.902,Caelum,Dawn,-7173.056999999972,7173.056999999972,0.9755880599219644,2.5,1.0,0.9804744471744471,0.05446466415035868,-6484.057433327288
Caelum-Elysium,334,147290.231,141159.168,Caelum,Elysium,-6131.062999999995,6131.062999999995,0.9583742726291196,4.34,1.0,0.9780398457583547,0.06003094589396874,1753.5802267796134
Boreas-Dawn,98,212190.547,209405.376,Boreas,Dawn,-2785.171000000002,2785.171000000002,0.9868741985004639,1.33,1.0,0.9791679389312977,0.052929740107363066,-992.1216852668913
Aegis-Elysium,360,95567.808,359234.469,Aegis,Elysium,263666.66099999996,263666.66099999996,3.758948504919146,73.4,0.5767,0.7958968831168831,0.13151929136319288,77214.95699135585
Boreas-Elysium,103,102875.463,105899.067,Boreas,Elysium,3023.603999999992,3023.603999999992,1.0293909151106322,2.86,0.9722,0.9804581280788177,0.05527648369623914,-1839.5134922540726
Dawn-Fenix,219,72519.765,73789.963,Dawn,Fenix,1270.198000000004,1270.198000000004,1.017515197408596,1.72,0.9831,0.9823136476426799,0.04646098172906777,-362.5543768567232
Elysium-Fenix,340,309676.413,307552.328,Elysium,Fenix,-2124.085000000021,2124.085000000021,0.9931409532310748,0.69,1.0,0.9777570719602977,0.055399164086247815,4312.254361379141
Dawn-Fenix,43,93451.392,92970.861,Dawn,Fenix,-480.5310000000027,480.5310000000027,0.9948579578140473,0.52,1.0,0.9823136476426799,0.04646098172906777,-362.5543768567232
Caelum-Elysium,80,786071.112,757195.361,Caelum,Elysium,-28875.75099999993,28875.75099999993,0.9632657267781647,3.81,1.0,0.9780398457583547,0.06003094589396874,1753.5802267796134
Aegis-Elysium,164,76590.675,154938.595,Aegis,Elysium,78347.92,78347.92,2.022943328283763,50.57,0.6642,0.7958968831168831,0.13151929136319288,77214.95699135585
Caelum-Elysium,178,176631.914,182438.51,Caelum,Elysium,5806.59600000002,5806.59600000002,1.032873991276571,3.18,0.9692,0.9780398457583547,0.06003094589396874,1753.5802267796134
Dawn-Fenix,284,507365.261,503456.192,Dawn,Fenix,-3909.0690000000177,3909.0690000000177,0.9922953554362485,0.78,1.0,0.9823136476426799,0.04646098172906777,-362.5543768567232
Boreas-Dawn,161,74152.599,70917.146,Boreas,Dawn,-3235.4530000000086,3235.4530000000086,0.9563676385773072,4.56,1.0,0.9791679389312977,0.052929740107363066,-992.1216852668913
Aegis-Dawn,8,124312.796,119044.193,Aegis,Dawn,-5268.603000000003,5268.603000000003,0.9576181763299733,4.43,1.0,0.9844383292383293,0.0367757216063089,-2180.4743005156975
Aegis-Boreas,166,64845.346,63841.955,Aegis,Boreas,-1003.390999999996,1003.390999999996,0.9845263991651768,1.57,1.0,0.9849621693121693,0.03408513950102227,-4121.568080328588
Boreas-Fenix,287,98741.789,141876.661,Boreas,Fenix,43134.87199999999,43134.87199999999,1.436845153777799,30.4,0.7669,0.8068014354066986,0.13514659878591953,61601.108196475456
Elysium-Fenix,21,301178.551,298251.996,Elysium,Fenix,-2926.554999999993,2926.554999999993,0.990282989972948,0.98,1.0,0.9777570719602977,0.055399164086247815,4312.254361379141
Boreas-Elysium,254,155718.576,162857.023,Boreas,Elysium,7138.446999999986,7138.446999999986,1.0458419745631375,4.38,0.958,0.9804581280788177,0.05527648369623914,-1839.5134922540726
Caelum-Elysium,461,181051.24749094708,156794.417,Caelum,Elysium,-24256.83049094709,24256.83049094709,0.8660222957471753,15.47,1.0,0.9780398457583547,0.06003094589396874,1753.5802267796134
Aegis-Boreas,103,204973.028,205196.589,Aegis,Boreas,223.56100000001607,223.56100000001607,1.0010906849656338,0.11,0.9989,0.9849621693121693,0.03408513950102227,-4121.568080328588
Boreas-Elysium,412,332435.299,326473.76,Boreas,Elysium,-5961.53899999999,5961.53899999999,0.9820670698390547,1.83,1.0,0.9804581280788177,0.05527648369623914,-1839.5134922540726
Dawn-Elysium,425,104504.016,99998.812,Dawn,Elysium,-4505.203999999998,4505.203999999998,0.9568896567573059,4.51,1.0,0.9839219696969698,0.04028966443660543,-3087.7173304880284
Dawn-Elysium,381,126819.918,124039.08,Dawn,Elysium,-2780.8380000000034,2780.8380000000034,0.9780725453552177,2.24,1.0,0.9839219696969698,0.04028966443660543,-3087.7173304880284
Boreas-Dawn,252,72600.035,71733.462,Boreas,Dawn,-866.573000000004,866.573000000004,0.9880637385367651,1.21,1.0,0.9791679389312977,0.052929740107363066,-992.1216852668913
Dawn-Fenix,354,95205.748,98962.177,Dawn,Fenix,3756.428999999989,3756.428999999989,1.039455905540493,3.8,0.9634,0.9823136476426799,0.04646098172906777,-362.5543768567232
Dawn-Fenix,103,134780.151,132642.352,Dawn,Fenix,-2137.798999999999,2137.798999999999,0.9841386214205977,1.61,1.0,0.9823136476426799,0.04646098172906777,-362.5543768567232
Boreas-Dawn,158,226597.72,219857.961,Boreas,Dawn,-6739.758999999991,6739.758999999991,0.9702567219122946,3.07,1.0,0.9791679389312977,0.052929740107363066,-992.1216852668913
Aegis-Boreas,152,142975.57,143667.925,Aegis,Boreas,692.3549999999814,692.3549999999814,1.0048424706402639,0.48,0.9952,0.9849621693121693,0.03408513950102227,-4121.568080328588
Boreas-Fenix,86,153983.44,161402.748,Boreas,Fenix,7419.30799999999,7419.30799999999,1.0481825058590715,4.6,0.9561,0.8068014354066986,0.13514659878591953,61601.108196475456
Boreas-Dawn,83,181051.24749094708,168664.875,Boreas,Dawn,-12386.372490947077,12386.372490947077,0.9315863731258387,7.34,1.0,0.9791679389312977,0.052929740107363066,-992.1216852668913
Boreas-Elysium,177,148603.178,148141.014,Boreas,Elysium,-462.16400000001886,462.16400000001886,0.9968899453819217,0.31,1.0,0.9804581280788177,0.05527648369623914,-1839.5134922540726
Elysium-Fenix,469,189985.094,184205.9,Elysium,Fenix,-5779.194000000018,5779.194000000018,0.9695808030076295,3.14,1.0,0.9777570719602977,0.055399164086247815,4312.254361379141
Dawn-Elysium,389,100558.919,105345.946,Dawn,Elysium,4787.027000000002,4787.027000000002,1.0476042010753914,4.54,0.9565,0.9839219696969698,0.04028966443660543,-3087.7173304880284
Boreas-Elysium,114,137637.973,135200.237,Boreas,Elysium,-2437.7360000000044,2437.7360000000044,0.9822887830526246,1.8,1.0,0.9804581280788177,0.05527648369623914,-1839.5134922540726
Boreas-Fenix,146,1196384.386,1201644.626,Boreas,Fenix,5260.239999999991,5260.239999999991,1.0043967808854368,0.44,0.9956,0.8068014354066986,0.13514659878591953,61601.108196475456
Boreas-Dawn,322,194403.084,202702.343,Boreas,Dawn,8299.258999999991,8299.258999999991,1.0426909842644265,4.09,0.9607,0.9791679389312977,0.052929740107363066,-992.1216852668913
Dawn-Fenix,69,97960.544,93601.558,Dawn,Fenix,-4358.98599999999,4358.98599999999,0.9555026358367305,4.66,1.0,0.9823136476426799,0.04646098172906777,-362.5543768567232
Caelum-Dawn,126,117926.839,123301.283,Caelum,Dawn,5374.443999999989,5374.443999999989,1.0455743921025475,4.36,0.9582,0.9804744471744471,0.05446466415035868,-6484.057433327288
Aegis-Boreas,309,93282.678,91725.867,Aegis,Boreas,-1556.8110000000015,1556.8110000000015,0.9833108243311797,1.7,1.0,0.9849621693121693,0.03408513950102227,-4121.568080328588
Elysium-Fenix,291,167058.197,162976.185,Elysium,Fenix,-4082.011999999988,4082.011999999988,0.9755653294881425,2.5,1.0,0.9777570719602977,0.055399164086247815,4312.254361379141
Boreas-Elysium,431,145368.65,148883.223,Boreas,Elysium,3514.573000000004,3514.573000000004,1.0241769666293248,2.36,0.9769,0.9804581280788177,0.05527648369623914,-1839.5134922540726
Boreas-Fenix,70,91523.714,141060.899,Boreas,Fenix,49537.185,49537.185,1.5412497246342078,35.12,0.7401,0.8068014354066986,0.13514659878591953,61601.108196475456
Aegis-Boreas,495,68257.547,71132.548,Aegis,Boreas,2875.0009999999893,2875.0009999999893,1.042119899210559,4.04,0.9612,0.9849621693121693,0.03408513950102227,-4121.568080328588
Aegis-Boreas,205,64916.001,62163.726,Aegis,Boreas,-2752.274999999994,2752.274999999994,0.9576025177521333,4.43,1.0,0.9849621693121693,0.03408513950102227,-4121.568080328588
Aegis-Elysium,434,104139.701,201801.785,Aegis,Elysium,97662.084,97662.084,1.9377987747439376,48.4,0.6739,0.7958968831168831,0.13151929136319288,77214.95699135585
Aegis-Elysium,135,69668.884,158182.513,Aegis,Elysium,88513.629,88513.629,2.2704901229650813,55.96,0.6412,0.7958968831168831,0.13151929136319288,77214.95699135585
Aegis-Dawn,368,223812.251,231947.61,Aegis,Dawn,8135.358999999997,8135.358999999997,1.0363490334584053,3.51,0.9661,0.9844383292383293,0.0367757216063089,-2180.4743005156975
Aegis-Boreas,305,61441.314,63797.035,Aegis,Boreas,2355.721000000005,2355.721000000005,1.0383409931630043,3.69,0.9644,0.9849621693121693,0.03408513950102227,-4121.568080328588
Boreas-Dawn,349,181051.24749094708,92701.462,Boreas,Dawn,-88349.78549094708,88349.78549094708,0.5120178031617002,95.31,1.0,0.9791679389312977,0.052929740107363066,-992.1216852668913
Boreas-Elysium,236,181051.24749094708,104426.215,Boreas,Elysium,-76625.03249094708,76625.03249094708,0.5767771083997724,73.38,1.0,0.9804581280788177,0.05527648369623914,-1839.5134922540726
Boreas-Dawn,488,133301.62,139082.548,Boreas,Dawn,5780.928000000014,5780.928000000014,1.0433672749063365,4.16,0.9601,0.9791679389312977,0.052929740107363066,-992.1216852668913
Elysium-Fenix,467,179958.731,178143.836,Elysium,Fenix,-1814.8949999999895,1814.8949999999895,0.9899149377753725,1.02,1.0,0.9777570719602977,0.055399164086247815,4312.254361379141
Boreas-Dawn,34,145503.105,151810.943,Boreas,Dawn,6307.837999999989,6307.837999999989,1.043351913349203,4.16,0.9601,0.9791679389312977,0.052929740107363066,-992.1216852668913
Aegis-Dawn,343,152661.638,157168.6,Aegis,Dawn,4506.9619999999995,4506.9619999999995,1.0295225575923665,2.87,0.9721,0.9844383292383293,0.0367757216063089,-2180.4743005156975
Boreas-Dawn,487,79733.197,82124.622,Boreas,Dawn,2391.425000000003,2391.425000000003,1.029992839745282,2.91,0.9717,0.9791679389312977,0.052929740107363066,-992.1216852668913
Elysium-Fenix,95,171850.178,172812.355,Elysium,Fenix,962.176999999996,962.176999999996,1.005598929318537,0.56,0.9945,0.9777570719602977,0.055399164086247815,4312.254361379141
Caelum-Elysium,341,184370.252,193439.347,Caelum,Elysium,9069.095000000001,9069.095000000001,1.0491895785877647,4.69,0.9552,0.9780398457583547,0.06003094589396874,1753.5802267796134
Boreas-Fenix,36,71534.089,137189.658,Boreas,Fenix,65655.56899999999,65655.56899999999,1.9178221169490253,47.86,0.6763,0.8068014354066986,0.13514659878591953,61601.108196475456
Dawn-Fenix,280,113997.405,112798.854,Dawn,Fenix,-1198.5509999999922,1198.5509999999922,0.9894861554085377,1.06,1.0,0.9823136476426799,0.04646098172906777,-362.5543768567232
Boreas-Dawn,38,138202.259,133272.252,Boreas,Dawn,-4930.006999999983,4930.006999999983,0.9643275946741219,3.7,1.0,0.9791679389312977,0.052929740107363066,-992.1216852668913
Aegis-Boreas,211,68726.614,71841.555,Aegis,Boreas,3114.9409999999916,3114.9409999999916,1.0453236500200633,4.34,0.9584,0.9849621693121693,0.03408513950102227,-4121.568080328588
Boreas-Dawn,457,474302.983,478341.217,Boreas,Dawn,4038.2339999999967,4038.2339999999967,1.0085140387995408,0.84,0.9916,0.9791679389312977,0.052929740107363066,-992.1216852668913
Caelum-Elysium,221,227290.554,231170.919,Caelum,Elysium,3880.3649999999907,3880.3649999999907,1.0170722668923584,1.68,0.9835,0.9780398457583547,0.06003094589396874,1753.5802267796134
Dawn-Elysium,204,185684.938,178529.502,Dawn,Elysium,-7155.435999999987,7155.435999999987,0.9614646396359839,4.01,1.0,0.9839219696969698,0.04028966443660543,-3087.7173304880284
Boreas-Fenix,207,106510.949,183159.649,Boreas,Fenix,76648.70000000001,76648.70000000001,1.7196321196987927,41.85,0.705,0.8068014354066986,0.13514659878591953,61601.108196475456
Aegis-Elysium,349,552298.71,974492.844,Aegis,Elysium,422194.1340000001,422194.1340000001,1.7644307805824861,43.32,0.6977,0.7958968831168831,0.13151929136319288,77214.95699135585
Caelum-Fenix,308,181051.24749094708,149819.301,Caelum,Fenix,-31231.94649094707,31231.94649094707,0.8274966512312558,20.85,1.0,0.9796862650602409,0.04873557984945812,1731.907948738127
Dawn-Elysium,87,128017.805,132804.616,Dawn,Elysium,4786.811000000016,4786.811000000016,1.0373917596853033,3.6,0.9652,0.9839219696969698,0.04028966443660543,-3087.7173304880284
Aegis-Dawn,180,174609.549,174621.566,Aegis,Dawn,12.01699999999255,12.01699999999255,1.0000688221238117,0.01,0.9999,0.9844383292383293,0.0367757216063089,-2180.4743005156975
Aegis-Boreas,180,77850.257,81565.858,Aegis,Boreas,3715.600999999995,3715.600999999995,1.0477275367247663,4.56,0.9564,0.9849621693121693,0.03408513950102227,-4121.568080328588
Caelum-Elysium,257,138269.779,135642.446,Caelum,Elysium,-2627.3330000000133,2627.3330000000133,0.9809985014874435,1.94,1.0,0.9780398457583547,0.06003094589396874,1753.5802267796134
Boreas-Elysium,226,99784.944,98410.956,Boreas,Elysium,-1373.9879999999976,1373.9879999999976,0.9862305078810286,1.4,1.0,0.9804581280788177,0.05527648369623914,-1839.5134922540726
Caelum-Dawn,290,131556.718,134359.352,Caelum,Dawn,2802.63400000002,2802.63400000002,1.0213036175013124,2.09,0.9796,0.9804744471744471,0.05446466415035868,-6484.057433327288
Aegis-Boreas,278,62193.5,60687.979,Aegis,Boreas,-1505.5210000000006,1505.5210000000006,0.9757929526397453,2.48,1.0,0.9849621693121693,0.03408513950102227,-4121.568080328588
Aegis-Boreas,289,128603.088,124917.183,Aegis,Boreas,-3685.904999999999,3685.904999999999,0.9713389075074154,2.95,1.0,0.9849621693121693,0.03408513950102227,-4121.568080328588
Dawn-Elysium,228,133664.058,132023.803,Dawn,Elysium,-1640.2549999999756,1640.2549999999756,0.9877285260933798,1.24,1.0,0.9839219696969698,0.04028966443660543,-3087.7173304880284
Aegis-Dawn,493,121703.842,121020.8,Aegis,Dawn,-683.0420000000013,683.0420000000013,0.9943876710153489,0.56,1.0,0.9844383292383293,0.0367757216063089,-2180.4743005156975
Dawn-Fenix,90,216783.265,225089.907,Dawn,Fenix,8306.641999999993,8306.641999999993,1.0383177271548152,3.69,0.9644,0.9823136476426799,0.04646098172906777,-362.5543768567232
Dawn-Fenix,38,142190.794,142728.285,Dawn,Fenix,537.4910000000091,537.4910000000091,1.003780068912197,0.38,0.9962,0.9823136476426799,0.04646098172906777,-362.5543768567232
Dawn-Elysium,212,104630.256,103293.792,Dawn,Elysium,-1336.4639999999927,1336.4639999999927,0.9872267922196425,1.29,1.0,0.9839219696969698,0.04028966443660543,-3087.7173304880284
Dawn-Elysium,306,108835.239,104679.641,Dawn,Elysium,-4155.597999999998,4155.597999999998,0.9618175322792281,3.97,1.0,0.9839219696969698,0.04028966443660543,-3087.7173304880284
Aegis-Boreas,270,129545.443,130782.871,Aegis,Boreas,1237.4279999999999,1237.4279999999999,1.0095520766407815,0.95,0.9906,0.9849621693121693,0.03408513950102227,-4121.568080328588
Boreas-Elysium,304,84353.398,173823.364,Boreas,Elysium,89469.966,89469.966,2.0606563353855645,51.47,0.6602,0.9804581280788177,0.05527648369623914,-1839.5134922540726
Dawn-Elysium,395,108607.357,106381.17,Dawn,Elysium,-2226.1870000000054,2226.1870000000054,0.9795024291033986,2.09,1.0,0.9839219696969698,0.04028966443660543,-3087.7173304880284
Elysium-Fenix,332,204357.021,198463.725,Elysium,Fenix,-5893.296000000002,5893.296000000002,0.9711617639992902,2.97,1.0,0.9777570719602977,0.055399164086247815,4312.254361379141
Elysium-Fenix,305,248394.535,240924.599,Elysium,Fenix,-7469.936000000016,7469.936000000016,0.9699271322535337,3.1,1.0,0.9777570719602977,0.055399164086247815,4312.254361379141
Aegis-Boreas,111,262495.009,267729.758,Aegis,Boreas,5234.7489999999525,5234.7489999999525,1.0199422801216,1.96,0.9808,0.9849621693121693,0.03408513950102227,-4121.568080328588
Aegis-Elysium,391,154891.312,156930.368,Aegis,Elysium,2039.0559999999823,2039.0559999999823,1.013164431068929,1.3,0.9872,0.7958968831168831,0.13151929136319288,77214.95699135585
Aegis-Boreas,220,63578.817,63781.116,Aegis,Boreas,202.29899999999907,202.29899999999907,1.003181861656847,0.32,0.9968,0.9849621693121693,0.03408513950102227,-4121.568080328588
Dawn-Fenix,203,115829.253,115555.189,Dawn,Fenix,-274.0639999999985,274.0639999999985,0.9976338965079918,0.24,1.0,0.9823136476426799,0.04646098172906777,-362.5543768567232
Aegis-Boreas,83,118030.367,123746.621,Aegis,Boreas,5716.254000000001,5716.254000000001,1.0484303670766355,4.62,0.9558,0.9849621693121693,0.03408513950102227,-4121.568080328588
Caelum-Dawn,433,181051.24749094708,221829.511,Caelum,Dawn,40778.26350905292,40778.26350905292,1.2252305028226438,18.38,0.8447,0.9804744471744471,0.05446466415035868,-6484.057433327288
Aegis-Boreas,461,67721.625,65139.315,Aegis,Boreas,-2582.3099999999977,2582.3099999999977,0.9618687531493818,3.96,1.0,0.9849621693121693,0.03408513950102227,-4121.568080328588
Dawn-Fenix,271,86225.438,83328.388,Dawn,Fenix,-2897.0499999999884,2897.0499999999884,0.9664014464037864,3.48,1.0,0.9823136476426799,0.04646098172906777,-362.5543768567232
Aegis-Dawn,51,203673.723,194273.305,Aegis,Dawn,-9400.418000000005,9400.418000000005,0.953845700557062,4.84,1.0,0.9844383292383293,0.0367757216063089,-2180.4743005156975
Dawn-Fenix,40,77145.15,80240.01,Dawn,Fenix,3094.8600000000006,3094.8600000000006,1.0401173631783722,3.86,0.9629,0.9823136476426799,0.04646098172906777,-362.5543768567232
Dawn-Elysium,194,241731.833,234531.214,Dawn,Elysium,-7200.619000000006,7200.619000000006,0.9702123675204994,3.07,1.0,0.9839219696969698,0.04028966443660543,-3087.7173304880284
Boreas-Fenix,265,186312.889,195429.214,Boreas,Fenix,9116.325000000012,9116.325000000012,1.0489301896875207,4.66,0.9554,0.8068014354066986,0.13514659878591953,61601.108196475456
Dawn-Fenix,165,74703.276,74747.649,Dawn,Fenix,44.37300000000687,44.37300000000687,1.0005939900145746,0.06,0.9994,0.9823136476426799,0.04646098172906777,-362.5543768567232
Boreas-Fenix,452,126012.519,202072.678,Boreas,Fenix,76060.15900000001,76060.15900000001,1.6035920843706015,37.64,0.7265,0.8068014354066986,0.13514659878591953,61601.108196475456
Aegis-Dawn,150,144092.942,141633.033,Aegis,Dawn,-2459.909000000014,2459.909000000014,0.9829283171968269,1.74,1.0,0.9844383292383293,0.0367757216063089,-2180.4743005156975
Aegis-Dawn,208,182828.455,191140.497,Aegis,Dawn,8312.042000000016,8312.042000000016,1.0454636123244603,4.35,0.9583,0.9844383292383293,0.0367757216063089,-2180.4743005156975
Dawn-Elysium,243,152520.112,158736.321,Dawn,Elysium,6216.209000000003,6216.209000000003,1.040756651162176,3.92,0.9623,0.9839219696969698,0.04028966443660543,-3087.7173304880284
Boreas-Elysium,409,181051.24749094708,117975.021,Boreas,Elysium,-63076.22649094708,63076.22649094708,0.6516112019935073,53.47,1.0,0.9804581280788177,0.05527648369623914,-1839.5134922540726
Boreas-Elysium,414,95255.265,99297.24,Boreas,Elysium,4041.975000000006,4041.975000000006,1.0424330875568926,4.07,0.9609,0.9804581280788177,0.05527648369623914,-1839.5134922540726
Aegis-Elysium,424,113901.088,169613.082,Aegis,Elysium,55711.99399999999,55711.99399999999,1.4891260915786861,32.85,0.7527,0.7958968831168831,0.13151929136319288,77214.95699135585
Aegis-Elysium,216,163176.331,156405.798,Aegis,Elysium,-6770.532999999996,6770.532999999996,0.9585078733017964,4.33,1.0,0.7958968831168831,0.13151929136319288,77214.95699135585
Dawn-Elysium,76,337686.355,330384.133,Dawn,Elysium,-7302.222000000009,7302.222000000009,0.9783757267894345,2.21,1.0,0.9839219696969698,0.04028966443660543,-3087.7173304880284
Boreas-Dawn,424,81231.899,78638.432,Boreas,Dawn,-2593.467000000004,2593.467000000004,0.968073293473048,3.3,1.0,0.9791679389312977,0.052929740107363066,-992.1216852668913
Dawn-Elysium,409,109733.145,109140.299,Dawn,Elysium,-592.846000000005,592.846000000005,0.9945973844092412,0.54,1.0,0.9839219696969698,0.04028966443660543,-3087.7173304880284
Boreas-Fenix,183,148928.502,247286.802,Boreas,Fenix,98358.29999999999,98358.29999999999,1.6604397323488822,39.77,0.7154,0.8068014354066986,0.13514659878591953,61601.108196475456
Aegis-Boreas,314,74386.029,78266.217,Aegis,Boreas,3880.188000000009,3880.188000000009,1.0521628597757249,4.96,0.9528,0.9849621693121693,0.03408513950102227,-4121.568080328588
Boreas-Fenix,228,210403.956,209299.292,Boreas,Fenix,-1104.6640000000189,1104.6640000000189,0.9947497945333308,0.53,1.0,0.8068014354066986,0.13514659878591953,61601.108196475456
Aegis-Elysium,427,112822.59,248997.435,Aegis,Elysium,136174.845,136174.845,2.2069820857684617,54.69,0.6465,0.7958968831168831,0.13151929136319288,77214.95699135585
Dawn-Fenix,74,134083.779,136993.913,Dawn,Fenix,2910.133999999991,2910.133999999991,1.0217038483081535,2.12,0.9792,0.9823136476426799,0.04646098172906777,-362.5543768567232
Dawn-Elysium,253,170231.254,165396.67,Dawn,Elysium,-4834.5839999999735,4834.5839999999735,0.9715999037403557,2.92,1.0,0.9839219696969698,0.04028966443660543,-3087.7173304880284
Caelum-Fenix,119,119034.572,122276.023,Caelum,Fenix,3241.451000000001,3241.451000000001,1.0272311728058299,2.65,0.9742,0.9796862650602409,0.04873557984945812,1731.907948738127
Caelum-Elysium,364,169827.38,163533.834,Caelum,Elysium,-6293.546000000002,6293.546000000002,0.9629415115513176,3.85,1.0,0.9780398457583547,0.06003094589396874,1753.5802267796134
Caelum-Dawn,214,124704.401,120558.391,Caelum,Dawn,-4146.009999999995,4146.009999999995,0.9667532984661865,3.44,1.0,0.9804744471744471,0.05446466415035868,-6484.057433327288
Caelum-Fenix,414,121821.872,121751.693,Caelum,Fenix,-70.17900000000373,70.17900000000373,0.9994239211822323,0.06,1.0,0.9796862650602409,0.04873557984945812,1731.907948738127
Caelum-Elysium,327,184384.584,184348.538,Caelum,Elysium,-36.046000000002095,36.046000000002095,0.9998045064331409,0.02,1.0,0.9780398457583547,0.06003094589396874,1753.5802267796134
Elysium-Fenix,499,168112.177,176195.961,Elysium,Fenix,8083.784000000014,8083.784000000014,1.0480856541403305,4.59,0.9561,0.9777570719602977,0.055399164086247815,4312.254361379141
Boreas-Fenix,25,100323.821,137291.462,Boreas,Fenix,36967.641,36967.641,1.3684831840685174,26.93,0.7879,0.8068014354066986,0.13514659878591953,61601.108196475456
Aegis-Dawn,184,134337.2,134243.653,Aegis,Dawn,-93.54700000002049,93.54700000002049,0.9993036403914923,0.07,1.0,0.9844383292383293,0.0367757216063089,-2180.4743005156975
Caelum-Fenix,394,433198.852,447250.341,Caelum,Fenix,14051.489000000001,14051.489000000001,1.032436579494906,3.14,0.9695,0.9796862650602409,0.04873557984945812,1731.907948738127
Boreas-Fenix,21,182300.175,347388.725,Boreas,Fenix,165088.55,165088.55,1.9055863495468395,47.52,0.6779,0.8068014354066986,0.13514659878591953,61601.108196475456
Boreas-Fenix,408,100362.464,143697.219,Boreas,Fenix,43334.755000000005,43334.755000000005,1.4317824939013055,30.16,0.7683,0.8068014354066986,0.13514659878591953,61601.108196475456
Boreas-Elysium,389,104681.8,99709.704,Boreas,Elysium,-4972.096000000005,4972.096000000005,0.9525027655237108,4.99,1.0,0.9804581280788177,0.05527648369623914,-1839.5134922540726
Aegis-Boreas,326,61874.717,61795.941,Aegis,Boreas,-78.77599999999802,78.77599999999802,0.9987268467021837,0.13,1.0,0.9849621693121693,0.03408513950102227,-4121.568080328588
Dawn-Fenix,13,135745.461,142150.66,Dawn,Fenix,6405.198999999993,6405.198999999993,1.047185364083739,4.51,0.9569,0.9823136476426799,0.04646098172906777,-362.5543768567232
Boreas-Fenix,92,101568.757,166635.633,Boreas,Fenix,65066.876000000004,65066.876000000004,1.6406190045232119,39.05,0.7192,0.8068014354066986,0.13514659878591953,61601.108196475456
Dawn-Fenix,185,111445.509,109320.497,Dawn,Fenix,-2125.0120000000024,2125.0120000000024,0.980932277854283,1.94,1.0,0.9823136476426799,0.04646098172906777,-362.5543768567232
Boreas-Fenix,427,128354.159,182239.326,Boreas,Fenix,53885.167,53885.167,1.419816291266417,29.57,0.7718,0.8068014354066986,0.13514659878591953,61601.108196475456
Caelum-Fenix,50,116892.667,120320.873,Caelum,Fenix,3428.2060000000056,3428.2060000000056,1.0293278106145016,2.85,0.9723,0.9796862650602409,0.04873557984945812,1731.907948738127
Elysium-Fenix,306,229988.11,241044.236,Elysium,Fenix,11056.126000000018,11056.126000000018,1.0480725981877934,4.59,0.9561,0.9777570719602977,0.055399164086247815,4312.254361379141
Caelum-Elysium,285,169111.938,166711.626,Caelum,Elysium,-2400.3120000000054,2400.3120000000054,0.9858063716353366,1.44,1.0,0.9780398457583547,0.06003094589396874,1753.5802267796134
Aegis-Boreas,348,73803.569,72693.089,Aegis,Boreas,-1110.479999999996,1110.479999999996,0.9849535731801805,1.53,1.0,0.9849621693121693,0.03408513950102227,-4121.568080328588
Boreas-Dawn,126,121416.909,119237.782,Boreas,Dawn,-2179.126999999993,2179.126999999993,0.9820525244964028,1.83,1.0,0.9791679389312977,0.052929740107363066,-992.1216852668913
Caelum-Fenix,410,116409.56,110905.312,Caelum,Fenix,-5504.247999999992,5504.247999999992,0.9527165294671676,4.96,1.0,0.9796862650602409,0.04873557984945812,1731.907948738127
Aegis-Dawn,371,181051.24749094708,120402.749,Aegis,Dawn,-60648.49849094708,60648.49849094708,0.6650202672921123,50.37,1.0,0.9844383292383293,0.0367757216063089,-2180.4743005156975
Caelum-Dawn,358,483031.483,490340.495,Caelum,Dawn,7309.011999999988,7309.011999999988,1.0151315437134767,1.49,0.9853,0.9804744471744471,0.05446466415035868,-6484.057433327288
Boreas-Elysium,339,189484.551,194785.04,Boreas,Elysium,5300.489000000001,5300.489000000001,1.027973198722676,2.72,0.9735,0.9804581280788177,0.05527648369623914,-1839.5134922540726
Dawn-Elysium,203,206039.822,210380.433,Dawn,Elysium,4340.611000000004,4340.611000000004,1.0210668547364596,2.06,0.9798,0.9839219696969698,0.04028966443660543,-3087.7173304880284
Boreas-Elysium,121,114097.279,112165.596,Boreas,Elysium,-1931.68299999999,1931.68299999999,0.9830698591856867,1.72,1.0,0.9804581280788177,0.05527648369623914,-1839.5134922540726
Caelum-Elysium,427,165600.223,165771.158,Caelum,Elysium,170.93499999999767,170.93499999999767,1.0010322147935755,0.1,0.999,0.9780398457583547,0.06003094589396874,1753.5802267796134
Aegis-Boreas,85,85663.814,84212.888,Aegis,Boreas,-1450.9259999999922,1450.9259999999922,0.9830625566122938,1.72,1.0,0.9849621693121693,0.03408513950102227,-4121.568080328588
Boreas-Fenix,318,147514.893,146548.646,Boreas,Fenix,-966.247000000003,966.247000000003,0.9934498342482613,0.66,1.0,0.8068014354066986,0.13514659878591953,61601.108196475456
Boreas-Dawn,377,72542.036,72129.795,Boreas,Dawn,-412.24099999999453,412.24099999999453,0.9943172121609601,0.57,1.0,0.9791679389312977,0.052929740107363066,-992.1216852668913
Elysium-Fenix,189,207183.175,215435.48,Elysium,Fenix,8252.305000000022,8252.305000000022,1.039830961177229,3.83,0.9631,0.9777570719602977,0.055399164086247815,4312.254361379141
Caelum-Fenix,85,332653.187,345713.688,Caelum,Fenix,13060.501000000047,13060.501000000047,1.0392616139282622,3.78,0.9636,0.9796862650602409,0.04873557984945812,1731.907948738127
Boreas-Elysium,375,103153.507,102541.643,Boreas,Elysium,-611.8640000000014,611.8640000000014,0.994068413010912,0.6,1.0,0.9804581280788177,0.05527648369623914,-1839.5134922540726
Aegis-Boreas,494,64606.383,65399.61,Aegis,Boreas,793.226999999999,793.226999999999,1.0122778425778765,1.21,0.988,0.9849621693121693,0.03408513950102227,-4121.568080328588
Boreas-Fenix,466,81184.492,138851.904,Boreas,Fenix,57667.41200000001,57667.41200000001,1.7103254646219874,41.53,0.7066,0.8068014354066986,0.13514659878591953,61601.108196475456
Caelum-Dawn,109,179937.411,181427.752,Caelum,Dawn,1490.341000000015,1490.341000000015,1.008282552203666,0.82,0.9919,0.9804744471744471,0.05446466415035868,-6484.057433327288
Boreas-Fenix,259,76582.954,136847.859,Boreas,Fenix,60264.905,60264.905,1.786923223149632,44.04,0.6943,0.8068014354066986,0.13514659878591953,61601.108196475456
Aegis-Elysium,270,359013.968,547147.794,Aegis,Elysium,188133.826,188133.826,1.524029265624562,34.38,0.7441,0.7958968831168831,0.13151929136319288,77214.95699135585
Boreas-Fenix,154,177170.307,180502.178,Boreas,Fenix,3331.8710000000137,3331.8710000000137,1.0188060350315926,1.85,0.9819,0.8068014354066986,0.13514659878591953,61601.108196475456
Boreas-Fenix,133,155444.001,160692.025,Boreas,Fenix,5248.024000000005,5248.024000000005,1.0337615087506657,3.27,0.9684,0.8068014354066986,0.13514659878591953,61601.108196475456
Dawn-Elysium,454,166015.896,158238.791,Dawn,Elysium,-7777.1050000000105,7777.1050000000105,0.9531544557636817,4.91,1.0,0.9839219696969698,0.04028966443660543,-3087.7173304880284
Aegis-Dawn,118,192563.595,186168.615,Aegis,Dawn,-6394.9800000000105,6394.9800000000105,0.9667902959539159,3.44,1.0,0.9844383292383293,0.0367757216063089,-2180.4743005156975
Dawn-Fenix,130,96319.599,94871.182,Dawn,Fenix,-1448.4170000000013,1448.4170000000013,0.9849623854850144,1.53,1.0,0.9823136476426799,0.04646098172906777,-362.5543768567232
Boreas-Fenix,129,167388.372,312193.169,Boreas,Fenix,144804.797,144804.797,1.8650827728941648,46.38,0.6831,0.8068014354066986,0.13514659878591953,61601.108196475456
Boreas-Fenix,326,125082.13,174351.417,Boreas,Fenix,49269.28699999998,49269.28699999998,1.3938954909066545,28.26,0.7797,0.8068014354066986,0.13514659878591953,61601.108196475456
Dawn-Fenix,227,74083.992,71096.835,Dawn,Fenix,-2987.156999999992,2987.156999999992,0.959678779188897,4.2,1.0,0.9823136476426799,0.04646098172906777,-362.5543768567232
Boreas-Elysium,229,162052.135,163764.439,Boreas,Elysium,1712.3040000000037,1712.3040000000037,1.0105663772958005,1.05,0.9897,0.9804581280788177,0.05527648369623914,-1839.5134922540726
Dawn-Fenix,32,121724.487,116644.311,Dawn,Fenix,-5080.175999999992,5080.175999999992,0.9582649627432811,4.36,1.0,0.9823136476426799,0.04646098172906777,-362.5543768567232
Aegis-Elysium,413,267639.842,432872.451,Aegis,Elysium,165232.609,165232.609,1.6173692517723126,38.17,0.7237,0.7958968831168831,0.13151929136319288,77214.95699135585
Boreas-Elysium,201,131686.167,131959.196,Boreas,Elysium,273.02900000000955,273.02900000000955,1.0020733309065029,0.21,0.9979,0.9804581280788177,0.05527648369623914,-1839.5134922540726
Dawn-Elysium,463,107925.956,106724.353,Dawn,Elysium,-1201.6030000000028,1201.6030000000028,0.9888664131916515,1.13,1.0,0.9839219696969698,0.04028966443660543,-3087.7173304880284
Caelum-Fenix,477,127357.187,128298.14,Caelum,Fenix,940.9529999999941,940.9529999999941,1.0073882991778076,0.73,0.9927,0.9796862650602409,0.04873557984945812,1731.907948738127
Aegis-Dawn,369,160836.399,168786.273,Aegis,Dawn,7949.873999999982,7949.873999999982,1.049428326233541,4.71,0.955,0.9844383292383293,0.0367757216063089,-2180.4743005156975
Boreas-Elysium,6,138193.026,143170.758,Boreas,Elysium,4977.731999999989,4977.731999999989,1.0360201389612815,3.48,0.9664,0.9804581280788177,0.05527648369623914,-1839.5134922540726
Caelum-Fenix,147,120481.435,121693.024,Caelum,Fenix,1211.5890000000072,1211.5890000000072,1.010056229824952,1.0,0.9901,0.9796862650602409,0.04873557984945812,1731.907948738127
Aegis-Boreas,356,59355.181,60658.327,Aegis,Boreas,1303.1460000000006,1303.1460000000006,1.0219550505624775,2.15,0.979,0.9849621693121693,0.03408513950102227,-4121.568080328588
Aegis-Elysium,162,198669.051,396508.136,Aegis,Elysium,197839.085,197839.085,1.9958223689305286,49.9,0.6671,0.7958968831168831,0.13151929136319288,77214.95699135585
Dawn-Elysium,54,197646.08,200452.103,Dawn,Elysium,2806.0230000000156,2806.0230000000156,1.0141972104885664,1.4,0.9862,0.9839219696969698,0.04028966443660543,-3087.7173304880284
Boreas-Elysium,406,315654.613,310400.519,Boreas,Elysium,-5254.094000000041,5254.094000000041,0.9833549272413135,1.69,1.0,0.9804581280788177,0.05527648369623914,-1839.5134922540726
Elysium-Fenix,415,185508.797,194192.829,Elysium,Fenix,8684.032000000007,8684.032000000007,1.0468119687067994,4.47,0.9572,0.9777570719602977,0.055399164086247815,4312.254361379141
Boreas-Dawn,390,181051.24749094708,81589.364,Boreas,Dawn,-99461.88349094708,99461.88349094708,0.45064237408294927,121.91,1.0,0.9791679389312977,0.052929740107363066,-992.1216852668913
Aegis-Dawn,79,303666.553,313563.001,Aegis,Dawn,9896.447999999975,9896.447999999975,1.032589851935389,3.16,0.9694,0.9844383292383293,0.0367757216063089,-2180.4743005156975
Boreas-Fenix,52,366237.166,514655.876,Boreas,Fenix,148418.70999999996,148418.70999999996,1.4052529993638057,28.84,0.7762,0.8068014354066986,0.13514659878591953,61601.108196475456
Boreas-Dawn,191,82417.241,81266.53,Boreas,Dawn,-1150.7109999999957,1150.7109999999957,0.9860379820285419,1.42,1.0,0.9791679389312977,0.052929740107363066,-992.1216852668913
Aegis-Dawn,362,565203.742,576761.481,Aegis,Dawn,11557.73900000006,11557.73900000006,1.0204488012749215,2.0,0.9804,0.9844383292383293,0.0367757216063089,-2180.4743005156975
Dawn-Fenix,369,135236.511,130939.303,Dawn,Fenix,-4297.207999999999,4297.207999999999,0.9682244981904332,3.28,1.0,0.9823136476426799,0.04646098172906777,-362.5543768567232
Elysium-Fenix,310,172887.616,171457.107,Elysium,Fenix,-1430.50900000002,1430.50900000002,0.9917257867677461,0.83,1.0,0.9777570719602977,0.055399164086247815,4312.254361379141
Dawn-Elysium,289,180937.527,175218.991,Dawn,Elysium,-5718.535999999993,5718.535999999993,0.9683949698284536,3.26,1.0,0.9839219696969698,0.04028966443660543,-3087.7173304880284
Dawn-Elysium,145,101617.013,100755.575,Dawn,Elysium,-861.4380000000092,861.4380000000092,0.9915226990582767,0.85,1.0,0.9839219696969698,0.04028966443660543,-3087.7173304880284
Aegis-Elysium,116,303720.917,725518.552,Aegis,Elysium,421797.635,421797.635,2.3887671588980486,58.14,0.6324,0.7958968831168831,0.13151929136319288,77214.95699135585
Boreas-Dawn,41,174432.312,182129.421,Boreas,Dawn,7697.108999999997,7697.108999999997,1.044126623741592,4.23,0.9595,0.9791679389312977,0.052929740107363066,-992.1216852668913
Caelum-Elysium,290,587575.941,582302.573,Caelum,Elysium,-5273.368000000017,5273.368000000017,0.9910252145603082,0.91,1.0,0.9780398457583547,0.06003094589396874,1753.5802267796134
Dawn-Elysium,115,555952.331,573361.481,Dawn,Elysium,17409.150000000023,17409.150000000023,1.0313141055973016,3.04,0.9705,0.9839219696969698,0.04028966443660543,-3087.7173304880284
Elysium-Fenix,18,203847.109,214444.964,Elysium,Fenix,10597.85500000001,10597.85500000001,1.051989233754598,4.94,0.9529,0.9777570719602977,0.055399164086247815,4312.254361379141
Caelum-Dawn,295,234141.906,241325.925,Caelum,Dawn,7184.019,7184.019,1.0306823290316942,2.98,0.9711,0.9804744471744471,0.05446466415035868,-6484.057433327288
Dawn-Fenix,298,72286.953,71580.594,Dawn,Fenix,-706.3589999999967,706.3589999999967,0.9902284026275116,0.99,1.0,0.9823136476426799,0.04646098172906777,-362.5543768567232
Dawn-Fenix,313,80205.379,77942.932,Dawn,Fenix,-2262.447,2262.447,0.9717918295729268,2.9,1.0,0.9823136476426799,0.04646098172906777,-362.5543768567232
Elysium-Fenix,404,318694.966,329533.888,Elysium,Fenix,10838.921999999962,10838.921999999962,1.0340103332538988,3.29,0.9682,0.9777570719602977,0.055399164086247815,4312.254361379141
Caelum-Dawn,47,542359.483,557992.005,Caelum,Dawn,15632.521999999997,15632.521999999997,1.028823174462684,2.8,0.9727,0.9804744471744471,0.05446466415035868,-6484.057433327288
Elysium-Fenix,223,169840.085,176803.092,Elysium,Fenix,6963.007000000012,6963.007000000012,1.0409974300236602,3.94,0.9621,0.9777570719602977,0.055399164086247815,4312.254361379141
Boreas-Elysium,437,122559.818,119213.426,Boreas,Elysium,-3346.3919999999925,3346.3919999999925,0.9726958471821491,2.81,1.0,0.9804581280788177,0.05527648369623914,-1839.5134922540726
Elysium-Fenix,254,464069.217,453725.248,Elysium,Fenix,-10343.968999999983,10343.968999999983,0.9777102884201863,2.28,1.0,0.9777570719602977,0.055399164086247815,4312.254361379141
Boreas-Elysium,52,105359.756,107186.372,Boreas,Elysium,1826.616000000009,1826.616000000009,1.0173369422002079,1.7,0.9832,0.9804581280788177,0.05527648369623914,-1839.5134922540726
Boreas-Dawn,276,119370.002,121900.981,Boreas,Dawn,2530.9790000000066,2530.9790000000066,1.021202806045023,2.08,0.9797,0.9791679389312977,0.052929740107363066,-992.1216852668913
Caelum-Dawn,269,111479.514,112997.965,Caelum,Dawn,1518.451000000001,1518.451000000001,1.0136208971991034,1.34,0.9867,0.9804744471744471,0.05446466415035868,-6484.057433327288
Caelum-Fenix,302,280484.989,281545.094,Caelum,Fenix,1060.1049999999814,1060.1049999999814,1.0037795427262597,0.38,0.9962,0.9796862650602409,0.04873557984945812,1731.907948738127
Boreas-Dawn,92,94516.181,92947.817,Boreas,Dawn,-1568.3640000000014,1568.3640000000014,0.9834063968369606,1.69,1.0,0.9791679389312977,0.052929740107363066,-992.1216852668913
Boreas-Dawn,223,109368.717,109244.014,Boreas,Dawn,-124.70300000000861,124.70300000000861,0.9988597927869995,0.11,1.0,0.9791679389312977,0.052929740107363066,-992.1216852668913
Dawn-Elysium,193,158801.367,154032.806,Dawn,Elysium,-4768.560999999987,4768.560999999987,0.9699715368319217,3.1,1.0,0.9839219696969698,0.04028966443660543,-3087.7173304880284
Caelum-Fenix,41,157507.604,165487.266,Caelum,Fenix,7979.662000000011,7979.662000000011,1.0506620747021205,4.82,0.954,0.9796862650602409,0.04873557984945812,1731.907948738127
Aegis-Boreas,490,77075.919,73868.954,Aegis,Boreas,-3206.9649999999965,3206.9649999999965,0.9583921276371677,4.34,1.0,0.9849621693121693,0.03408513950102227,-4121.568080328588
Dawn-Fenix,77,86527.556,87191.491,Dawn,Fenix,663.9349999999977,663.9349999999977,1.0076731047390266,0.76,0.9924,0.9823136476426799,0.04646098172906777,-362.5543768567232
Aegis-Elysium,6,181051.24749094708,174261.046,Aegis,Elysium,-6790.2014909470745,6790.2014909470745,0.962495693429085,3.9,1.0,0.7958968831168831,0.13151929136319288,77214.95699135585
Caelum-Dawn,148,181051.24749094708,139008.825,Caelum,Dawn,-42042.422490947065,42042.422490947065,0.767787170353249,30.24,1.0,0.9804744471744471,0.05446466415035868,-6484.057433327288
Caelum-Fenix,248,150793.535,157667.948,Caelum,Fenix,6874.4130000000005,6874.4130000000005,1.0455882475332912,4.36,0.9582,0.9796862650602409,0.04873557984945812,1731.907948738127
Aegis-Elysium,417,181051.24749094708,160603.714,Aegis,Elysium,-20447.53349094707,20447.53349094707,0.8870621783925047,12.73,1.0,0.7958968831168831,0.13151929136319288,77214.95699135585
Aegis-Boreas,25,161371.672,157669.414,Aegis,Boreas,-3702.2580000000016,3702.2580000000016,0.9770575717899236,2.35,1.0,0.9849621693121693,0.03408513950102227,-4121.568080328588
Aegis-Elysium,113,408370.788,405769.198,Aegis,Elysium,-2601.5900000000256,2601.5900000000256,0.993629343536688,0.64,1.0,0.7958968831168831,0.13151929136319288,77214.95699135585
Elysium-Fenix,85,219461.206,228970.001,Elysium,Fenix,9508.794999999984,9508.794999999984,1.0433279082591025,4.15,0.9601,0.9777570719602977,0.055399164086247815,4312.254361379141
Boreas-Dawn,52,181051.24749094708,1304535.392,Boreas,Dawn,1123484.1445090529,1123484.1445090529,7.205337770816682,86.12,0.5373,0.9791679389312977,0.052929740107363066,-992.1216852668913
Dawn-Fenix,123,74301.914,73678.303,Dawn,Fenix,-623.6110000000044,623.6110000000044,0.9916070668112263,0.85,1.0,0.9823136476426799,0.04646098172906777,-362.5543768567232
Caelum-Fenix,482,228145.405,218555.501,Caelum,Fenix,-9589.90400000001,9589.90400000001,0.9579658244705826,4.39,1.0,0.9796862650602409,0.04873557984945812,1731.907948738127
Aegis-Boreas,433,63607.777,65181.274,Aegis,Boreas,1573.4969999999958,1573.4969999999958,1.0247374939702734,2.41,0.9764,0.9849621693121693,0.03408513950102227,-4121.568080328588
Boreas-Fenix,426,260499.489,266698.75,Boreas,Fenix,6199.260999999999,6199.260999999999,1.0237975937066042,2.32,0.9773,0.8068014354066986,0.13514659878591953,61601.108196475456
Caelum-Elysium,357,191168.85,200533.614,Caelum,Elysium,9364.763999999996,9364.763999999996,1.0489868720767008,4.67,0.9554,0.9780398457583547,0.06003094589396874,1753.5802267796134
Caelum-Fenix,15,181051.24749094708,297828.963,Caelum,Fenix,116777.71550905291,116777.71550905291,1.6449981269247649,39.21,0.7183,0.9796862650602409,0.04873557984945812,1731.907948738127
Boreas-Fenix,463,162730.514,162607.846,Boreas,Fenix,-122.66800000000512,122.66800000000512,0.9992461893164056,0.08,1.0,0.8068014354066986,0.13514659878591953,61601.108196475456
Caelum-Dawn,98,116797.484,118671.94,Caelum,Dawn,1874.4560000000056,1874.4560000000056,1.0160487703656356,1.58,0.9845,0.9804744471744471,0.05446466415035868,-6484.057433327288
Elysium-Fenix,375,337823.952,344103.941,Elysium,Fenix,6279.989000000001,6279.989000000001,1.0185895315084113,1.83,0.9821,0.9777570719602977,0.055399164086247815,4312.254361379141
Caelum-Fenix,456,113087.269,110134.712,Caelum,Fenix,-2952.5570000000007,2952.5570000000007,0.9738913405009365,2.68,1.0,0.9796862650602409,0.04873557984945812,1731.907948738127
Dawn-Elysium,40,113681.977,116733.216,Dawn,Elysium,3051.2390000000014,3051.2390000000014,1.0268401296363803,2.61,0.9745,0.9839219696969698,0.04028966443660543,-3087.7173304880284
Elysium-Fenix,268,201423.285,203071.59,Elysium,Fenix,1648.304999999993,1648.304999999993,1.0081832892358993,0.81,0.9919,0.9777570719602977,0.055399164086247815,4312.254361379141
Aegis-Elysium,102,130013.067,231886.381,Aegis,Elysium,101873.314,101873.314,1.7835621168755291,43.93,0.6948,0.7958968831168831,0.13151929136319288,77214.95699135585
Dawn-Fenix,65,97443.934,97386.079,Dawn,Fenix,-57.854999999995925,57.854999999995925,0.9994062739708354,0.06,1.0,0.9823136476426799,0.04646098172906777,-362.5543768567232
Dawn-Elysium,17,217233.462,216664.862,Dawn,Elysium,-568.6000000000058,568.6000000000058,0.9973825395279112,0.26,1.0,0.9839219696969698,0.04028966443660543,-3087.7173304880284
Caelum-Fenix,162,111572.278,112884.705,Caelum,Fenix,1312.426999999996,1312.426999999996,1.011763020559641,1.16,0.9885,0.9796862650602409,0.04873557984945812,1731.907948738127
Aegis-Boreas,194,128248.275,128145.821,Aegis,Boreas,-102.4539999999979,102.4539999999979,0.9992011276564928,0.08,1.0,0.9849621693121693,0.03408513950102227,-4121.568080328588
Aegis-Dawn,115,194465.707,193792.174,Aegis,Dawn,-673.5329999999958,673.5329999999958,0.9965364947352903,0.35,1.0,0.9844383292383293,0.0367757216063089,-2180.4743005156975
Aegis-Dawn,143,235855.996,229298.046,Aegis,Dawn,-6557.950000000012,6557.950000000012,0.9721951101043875,2.86,1.0,0.9844383292383293,0.0367757216063089,-2180.4743005156975
Caelum-Fenix,309,127872.889,129399.099,Caelum,Fenix,1526.2100000000064,1526.2100000000064,1.011935368098237,1.18,0.9883,0.9796862650602409,0.04873557984945812,1731.907948738127
Caelum-Dawn,153,113695.766,113628.626,Caelum,Dawn,-67.13999999999942,67.13999999999942,0.9994094766906272,0.06,1.0,0.9804744471744471,0.05446466415035868,-6484.057433327288
Dawn-Fenix,70,350300.976,363156.441,Dawn,Fenix,12855.464999999967,12855.464999999967,1.0366983419423872,3.54,0.9658,0.9823136476426799,0.04646098172906777,-362.5543768567232
Aegis-Boreas,330,145380.999,139323.016,Aegis,Boreas,-6057.983000000007,6057.983000000007,0.9583302973451159,4.35,1.0,0.9849621693121693,0.03408513950102227,-4121.568080328588
Caelum-Elysium,325,332834.297,324531.032,Caelum,Elysium,-8303.265000000014,8303.265000000014,0.9750528564068023,2.56,1.0,0.9780398457583547,0.06003094589396874,1753.5802267796134
Dawn-Elysium,15,172703.787,171083.432,Dawn,Elysium,-1620.3550000000105,1620.3550000000105,0.9906177216600351,0.95,1.0,0.9839219696969698,0.04028966443660543,-3087.7173304880284
Caelum-Dawn,113,114851.745,112710.035,Caelum,Dawn,-2141.709999999992,2141.709999999992,0.9813523947764138,1.9,1.0,0.9804744471744471,0.05446466415035868,-6484.057433327288
Dawn-Fenix,365,162891.868,169634.284,Dawn,Fenix,6742.4160000000265,6742.4160000000265,1.0413919742144526,3.97,0.9618,0.9823136476426799,0.04646098172906777,-362.5543768567232
Aegis-Boreas,483,60516.766,62894.808,Aegis,Boreas,2378.041999999994,2378.041999999994,1.0392955895891727,3.78,0.9636,0.9849621693121693,0.03408513950102227,-4121.568080328588
Dawn-Fenix,197,342905.201,359513.949,Dawn,Fenix,16608.74800000002,16608.74800000002,1.0484353924978818,4.62,0.9558,0.9823136476426799,0.04646098172906777,-362.5543768567232
Boreas-Fenix,171,132997.47,189865.296,Boreas,Fenix,56867.826,56867.826,1.4275857728722208,29.95,0.7695,0.8068014354066986,0.13514659878591953,61601.108196475456
Boreas-Elysium,59,94427.579,98236.149,Boreas,Elysium,3808.570000000007,3808.570000000007,1.040333237813923,3.88,0.9627,0.9804581280788177,0.05527648369623914,-1839.5134922540726
Dawn-Elysium,178,208694.497,203543.062,Dawn,Elysium,-5151.434999999998,5151.434999999998,0.9753159039933861,2.53,1.0,0.9839219696969698,0.04028966443660543,-3087.7173304880284
Aegis-Boreas,32,68018.282,66125.174,Aegis,Boreas,-1893.1080000000075,1893.1080000000075,0.9721676592772512,2.86,1.0,0.9849621693121693,0.03408513950102227,-4121.568080328588
Aegis-Dawn,164,155091.219,152428.677,Aegis,Dawn,-2662.542000000016,2662.542000000016,0.9828324129685252,1.75,1.0,0.9844383292383293,0.0367757216063089,-2180.4743005156975
Dawn-Fenix,159,70872.299,73729.545,Dawn,Fenix,2857.245999999999,2857.245999999999,1.0403154129372887,3.88,0.9627,0.9823136476426799,0.04646098172906777,-362.5543768567232
Caelum-Fenix,182,127976.371,129315.793,Caelum,Fenix,1339.422000000006,1339.422000000006,1.0104661664456793,1.04,0.9897,0.9796862650602409,0.04873557984945812,1731.907948738127
Aegis-Elysium,444,123377.175,191731.482,Aegis,Elysium,68354.30699999999,68354.30699999999,1.5540271691258938,35.65,0.7372,0.7958968831168831,0.13151929136319288,77214.95699135585
Boreas-Elysium,399,176826.307,177539.362,Boreas,Elysium,713.054999999993,713.054999999993,1.0040325164965413,0.4,0.996,0.9804581280788177,0.05527648369623914,-1839.5134922540726
Boreas-Elysium,441,321106.5,332356.346,Boreas,Elysium,11249.84600000002,11249.84600000002,1.035034625583724,3.38,0.9673,0.9804581280788177,0.05527648369623914,-1839.5134922540726
Elysium-Fenix,352,193249.598,196307.759,Elysium,Fenix,3058.160999999993,3058.160999999993,1.0158249281325802,1.56,0.9847,0.9777570719602977,0.055399164086247815,4312.254361379141
Boreas-Dawn,205,70613.012,73920.871,Boreas,Dawn,3307.8589999999967,3307.8589999999967,1.0468448931196985,4.47,0.9572,0.9791679389312977,0.052929740107363066,-992.1216852668913
Elysium-Fenix,482,184224.126,192785.625,Elysium,Fenix,8561.49900000001,8561.49900000001,1.046473277881096,4.44,0.9575,0.9777570719602977,0.055399164086247815,4312.254361379141
Boreas-Fenix,350,263710.091,262493.83,Boreas,Fenix,-1216.2609999999986,1216.2609999999986,0.99538788601002,0.46,1.0,0.8068014354066986,0.13514659878591953,61601.108196475456
Elysium-Fenix,1,217487.021,218744.202,Elysium,Fenix,1257.1809999999823,1257.1809999999823,1.0057804874710201,0.57,0.9943,0.9777570719602977,0.055399164086247815,4312.254361379141
Boreas-Elysium,277,123062.283,120132.914,Boreas,Elysium,-2929.3689999999915,2929.3689999999915,0.9761960453797205,2.44,1.0,0.9804581280788177,0.05527648369623914,-1839.5134922540726
Aegis-Elysium,401,244346.913,402391.444,Aegis,Elysium,158044.53100000002,158044.53100000002,1.6468038783858097,39.28,0.718,0.7958968831168831,0.13151929136319288,77214.95699135585
Elysium-Fenix,48,194809.094,193455.751,Elysium,Fenix,-1353.3430000000226,1353.3430000000226,0.9930529783173263,0.7,1.0,0.9777570719602977,0.055399164086247815,4312.254361379141
Aegis-Boreas,170,59615.625,59008.898,Aegis,Boreas,-606.726999999999,606.726999999999,0.9898226849085286,1.03,1.0,0.9849621693121693,0.03408513950102227,-4121.568080328588
Aegis-Dawn,40,153270.783,155242.148,Aegis,Dawn,1971.3649999999907,1971.3649999999907,1.0128619751358612,1.27,0.9875,0.9844383292383293,0.0367757216063089,-2180.4743005156975
Dawn-Fenix,465,83376.376,86138.07,Dawn,Fenix,2761.694000000003,2761.694000000003,1.0331232194596704,3.21,0.9689,0.9823136476426799,0.04646098172906777,-362.5543768567232
Dawn-Elysium,105,146807.344,140633.984,Dawn,Elysium,-6173.360000000015,6173.360000000015,0.9579492426482423,4.39,1.0,0.9839219696969698,0.04028966443660543,-3087.7173304880284
Boreas-Elysium,458,116364.372,120447.826,Boreas,Elysium,4083.453999999998,4083.453999999998,1.0350919609655092,3.39,0.9672,0.9804581280788177,0.05527648369623914,-1839.5134922540726
Caelum-Elysium,408,146850.341,144832.756,Caelum,Elysium,-2017.5849999999919,2017.5849999999919,0.986260944399169,1.39,1.0,0.9780398457583547,0.06003094589396874,1753.5802267796134
Aegis-Dawn,174,196163.468,188468.53,Aegis,Dawn,-7694.937999999995,7694.937999999995,0.960772828506478,4.08,1.0,0.9844383292383293,0.0367757216063089,-2180.4743005156975
Boreas-Fenix,418,86049.036,155471.622,Boreas,Fenix,69422.58600000001,69422.58600000001,1.8067793577606148,44.65,0.6913,0.8068014354066986,0.13514659878591953,61601.108196475456
Caelum-Fenix,76,120305.866,126040.449,Caelum,Fenix,5734.582999999999,5734.582999999999,1.047666694822678,4.55,0.9565,0.9796862650602409,0.04873557984945812,1731.907948738127
Boreas-Dawn,315,72172.848,73018.457,Boreas,Dawn,845.6089999999967,845.6089999999967,1.0117164421722695,1.16,0.9886,0.9791679389312977,0.052929740107363066,-992.1216852668913
Boreas-Fenix,54,113711.094,171208.23,Boreas,Fenix,57497.13600000001,57497.13600000001,1.5056422726880108,33.58,0.7486,0.8068014354066986,0.13514659878591953,61601.108196475456
Boreas-Elysium,100,100459.009,100564.889,Boreas,Elysium,105.8799999999901,105.8799999999901,1.0010539622185601,0.11,0.9989,0.9804581280788177,0.05527648369623914,-1839.5134922540726
Caelum-Dawn,125,325517.935,318297.864,Caelum,Dawn,-7220.070999999996,7220.070999999996,0.9778197444021018,2.27,1.0,0.9804744471744471,0.05446466415035868,-6484.057433327288
Dawn-Fenix,493,141648.388,146670.415,Dawn,Fenix,5022.027000000002,5022.027000000002,1.0354541768593937,3.42,0.9669,0.9823136476426799,0.04646098172906777,-362.5543768567232
Boreas-Elysium,101,103431.52,104629.269,Boreas,Elysium,1197.7489999999962,1197.7489999999962,1.0115801160033226,1.14,0.9887,0.9804581280788177,0.05527648369623914,-1839.5134922540726
Dawn-Fenix,80,66579.395,69628.417,Dawn,Fenix,3049.021999999997,3049.021999999997,1.045795279455453,4.38,0.958,0.9823136476426799,0.04646098172906777,-362.5543768567232
Boreas-Fenix,303,106752.745,172422.655,Boreas,Fenix,65669.91,65669.91,1.615158982562931,38.09,0.7242,0.8068014354066986,0.13514659878591953,61601.108196475456
Boreas-Dawn,48,116647.702,112111.027,Boreas,Dawn,-4536.675000000003,4536.675000000003,0.9611078922069121,4.05,1.0,0.9791679389312977,0.052929740107363066,-992.1216852668913
Dawn-Elysium,250,134650.283,140821.18,Dawn,Elysium,6170.896999999997,6170.896999999997,1.04582906817953,4.38,0.958,0.9839219696969698,0.04028966443660543,-3087.7173304880284
Dawn-Elysium,350,98809.608,101859.856,Dawn,Elysium,3050.248000000007,3050.248000000007,1.0308699534563481,2.99,0.9709,0.9839219696969698,0.04028966443660543,-3087.7173304880284
Aegis-Boreas,355,71391.868,71137.834,Aegis,Boreas,-254.03399999999965,254.03399999999965,0.9964416955723865,0.36,1.0,0.9849621693121693,0.03408513950102227,-4121.568080328588
Boreas-Fenix,140,145725.398,196223.489,Boreas,Fenix,50498.091000000015,50498.091000000015,1.3465290998896433,25.73,0.7953,0.8068014354066986,0.13514659878591953,61601.108196475456
Caelum-Fenix,169,361296.058,364392.035,Caelum,Fenix,3095.9769999999553,3095.9769999999553,1.008569086020861,0.85,0.9916,0.9796862650602409,0.04873557984945812,1731.907948738127
Dawn-Elysium,176,111800.275,109082.541,Dawn,Elysium,-2717.7339999999967,2717.7339999999967,0.9756911689170711,2.49,1.0,0.9839219696969698,0.04028966443660543,-3087.7173304880284
Dawn-Fenix,309,75001.696,73717.031,Dawn,Fenix,-1284.6649999999936,1284.6649999999936,0.9828715206653461,1.74,1.0,0.9823136476426799,0.04646098172906777,-362.5543768567232
Caelum-Fenix,273,117535.375,117960.092,Caelum,Fenix,424.7170000000042,424.7170000000042,1.0036135248643228,0.36,0.9964,0.9796862650602409,0.04873557984945812,1731.907948738127
Aegis-Elysium,51,168734.616,272725.99,Aegis,Elysium,103991.37399999998,103991.37399999998,1.6163013640307213,38.13,0.724,0.7958968831168831,0.13151929136319288,77214.95699135585
Boreas-Elysium,321,110509.821,109344.971,Boreas,Elysium,-1164.8499999999913,1164.8499999999913,0.9894593078745464,1.07,1.0,0.9804581280788177,0.05527648369623914,-1839.5134922540726
Caelum-Fenix,328,181051.24749094708,114864.392,Caelum,Fenix,-66186.85549094707,66186.85549094707,0.6344302709416209,57.62,1.0,0.9796862650602409,0.04873557984945812,1731.907948738127
Caelum-Elysium,419,130454.661,129090.174,Caelum,Elysium,-1364.4869999999937,1364.4869999999937,0.9895405270341395,1.06,1.0,0.9780398457583547,0.06003094589396874,1753.5802267796134
Boreas-Dawn,251,84262.682,87220.316,Boreas,Dawn,2957.6340000000055,2957.6340000000055,1.035100164506988,3.39,0.9672,0.9791679389312977,0.052929740107363066,-992.1216852668913
Boreas-Elysium,464,97364.336,98021.579,Boreas,Elysium,657.2430000000022,657.2430000000022,1.006750346451292,0.67,0.9933,0.9804581280788177,0.05527648369623914,-1839.5134922540726
Boreas-Dawn,272,352017.836,359130.256,Boreas,Dawn,7112.419999999984,7112.419999999984,1.0202047148542779,1.98,0.9806,0.9791679389312977,0.052929740107363066,-992.1216852668913
Aegis-Elysium,196,151793.042,151620.446,Aegis,Elysium,-172.59599999999045,172.59599999999045,0.9988629518341164,0.11,1.0,0.7958968831168831,0.13151929136319288,77214.95699135585
Boreas-Dawn,378,98821.932,94568.842,Boreas,Dawn,-4253.0899999999965,4253.0899999999965,0.9569620840847354,4.5,1.0,0.9791679389312977,0.052929740107363066,-992.1216852668913
Boreas-Elysium,16,215450.945,210538.348,Boreas,Elysium,-4912.597000000009,4912.597000000009,0.9771985358430431,2.33,1.0,0.9804581280788177,0.05527648369623914,-1839.5134922540726
Boreas-Elysium,5,256462.017,254351.311,Boreas,Elysium,-2110.7060000000056,2110.7060000000056,0.9917699079782251,0.83,1.0,0.9804581280788177,0.05527648369623914,-1839.5134922540726
Caelum-Fenix,75,236410.915,241832.898,Caelum,Fenix,5421.982999999978,5421.982999999978,1.0229345713585178,2.24,0.9781,0.9796862650602409,0.04873557984945812,1731.907948738127
Aegis-Elysium,482,307879.302,316085.65,Aegis,Elysium,8206.347999999998,8206.347999999998,1.0266544322618998,2.6,0.9747,0.7958968831168831,0.13151929136319288,77214.95699135585
Aegis-Boreas,328,66076.828,66571.11,Aegis,Boreas,494.2820000000065,494.2820000000065,1.007480413557382,0.74,0.9926,0.9849621693121693,0.03408513950102227,-4121.568080328588
Aegis-Dawn,148,246472.045,245569.272,Aegis,Dawn,-902.7730000000156,902.7730000000156,0.996337219500897,0.37,1.0,0.9844383292383293,0.0367757216063089,-2180.4743005156975
Boreas-Fenix,394,93219.757,140318.468,Boreas,Fenix,47098.710999999996,47098.710999999996,1.5052438722834258,33.57,0.7487,0.8068014354066986,0.13514659878591953,61601.108196475456
Aegis-Elysium,123,100118.507,172035.662,Aegis,Elysium,71917.15500000001,71917.15500000001,1.718320290173724,41.8,0.7052,0.7958968831168831,0.13151929136319288,77214.95699135585
Boreas-Fenix,276,101959.79,167454.031,Boreas,Fenix,65494.240999999995,65494.240999999995,1.642353627837013,39.11,0.7188,0.8068014354066986,0.13514659878591953,61601.108196475456
Boreas-Fenix,460,311342.288,307980.052,Boreas,Fenix,-3362.2359999999753,3362.2359999999753,0.9892008373754869,1.09,1.0,0.8068014354066986,0.13514659878591953,61601.108196475456
Caelum-Dawn,455,115842.908,110445.958,Caelum,Dawn,-5396.949999999997,5396.949999999997,0.9534114768596796,4.89,1.0,0.9804744471744471,0.05446466415035868,-6484.057433327288
Boreas-Fenix,343,81618.522,149986.016,Boreas,Fenix,68367.494,68367.494,1.8376468027686168,45.58,0.6869,0.8068014354066986,0.13514659878591953,61601.108196475456
Caelum-Dawn,89,234446.682,241984.356,Caelum,Dawn,7537.673999999999,7537.673999999999,1.032150909263028,3.11,0.9698,0.9804744471744471,0.05446466415035868,-6484.057433327288
Dawn-Fenix,21,73868.515,72962.424,Dawn,Fenix,-906.0910000000003,906.0910000000003,0.9877337320237181,1.24,1.0,0.9823136476426799,0.04646098172906777,-362.5543768567232
Aegis-Elysium,259,232914.102,342859.219,Aegis,Elysium,109945.11699999997,109945.11699999997,1.4720414781926772,32.07,0.7572,0.7958968831168831,0.13151929136319288,77214.95699135585
Caelum-Fenix,314,139171.295,137542.897,Caelum,Fenix,-1628.3980000000156,1628.3980000000156,0.9882993256619477,1.18,1.0,0.9796862650602409,0.04873557984945812,1731.907948738127
Caelum-Dawn,411,228573.897,229643.008,Caelum,Dawn,1069.1110000000044,1069.1110000000044,1.004677310112974,0.47,0.9954,0.9804744471744471,0.05446466415035868,-6484.057433327288
Dawn-Elysium,119,255303.627,257680.935,Dawn,Elysium,2377.30799999999,2377.30799999999,1.009311689097155,0.92,0.9909,0.9839219696969698,0.04028966443660543,-3087.7173304880284
Boreas-Dawn,19,85738.401,82673.575,Boreas,Dawn,-3064.826000000001,3064.826000000001,0.9642537536943335,3.71,1.0,0.9791679389312977,0.052929740107363066,-992.1216852668913
Aegis-Elysium,378,131698.638,185622.675,Aegis,Elysium,53924.03699999998,53924.03699999998,1.4094502252939016,29.05,0.7749,0.7958968831168831,0.13151929136319288,77214.95699135585
Caelum-Fenix,381,187308.09,183605.036,Caelum,Fenix,-3703.0540000000037,3703.0540000000037,0.9802301438234728,2.02,1.0,0.9796862650602409,0.04873557984945812,1731.907948738127
Aegis-Elysium,23,146639.417,251539.313,Aegis,Elysium,104899.89600000001,104899.89600000001,1.7153594725489123,41.7,0.7057,0.7958968831168831,0.13151929136319288,77214.95699135585
Boreas-Fenix,376,191431.766,357964.459,Boreas,Fenix,166532.69299999997,166532.69299999997,1.869932386247745,46.52,0.6825,0.8068014354066986,0.13514659878591953,61601.108196475456
Dawn-Elysium,53,120730.14,122794.449,Dawn,Elysium,2064.308999999994,2064.308999999994,1.0170985389398206,1.68,0.9835,0.9839219696969698,0.04028966443660543,-3087.7173304880284
Dawn-Elysium,295,306161.551,293305.189,Dawn,Elysium,-12856.361999999965,12856.361999999965,0.9580079145862441,4.38,1.0,0.9839219696969698,0.04028966443660543,-3087.7173304880284
Aegis-Dawn,412,184795.832,192697.623,Aegis,Dawn,7901.790999999997,7901.790999999997,1.0427595737115976,4.1,0.9606,0.9844383292383293,0.0367757216063089,-2180.4743005156975
Caelum-Fenix,38,293338.653,306098.325,Caelum,Fenix,12759.67200000002,12759.67200000002,1.0434980929703799,4.17,0.96,0.9796862650602409,0.04873557984945812,1731.907948738127
Boreas-Dawn,175,66501.276,69509.386,Boreas,Dawn,3008.1100000000006,3008.1100000000006,1.0452338688959892,4.33,0.9585,0.9791679389312977,0.052929740107363066,-992.1216852668913
Boreas-Dawn,246,75890.198,72350.177,Boreas,Dawn,-3540.021000000008,3540.021000000008,0.9533533830021104,4.89,1.0,0.9791679389312977,0.052929740107363066,-992.1216852668913
Boreas-Fenix,470,79787.996,135169.868,Boreas,Fenix,55381.87199999999,55381.87199999999,1.6941128337149862,40.97,0.7094,0.8068014354066986,0.13514659878591953,61601.108196475456
Boreas-Dawn,236,81706.387,80298.705,Boreas,Dawn,-1407.6820000000007,1407.6820000000007,0.9827714570220808,1.75,1.0,0.9791679389312977,0.052929740107363066,-992.1216852668913
Boreas-Dawn,129,72309.134,71977.492,Boreas,Dawn,-331.6420000000071,331.6420000000071,0.9954135531480711,0.46,1.0,0.9791679389312977,0.052929740107363066,-992.1216852668913
Caelum-Fenix,319,128593.99,133380.927,Caelum,Fenix,4786.936999999991,4786.936999999991,1.037225200026844,3.59,0.9654,0.9796862650602409,0.04873557984945812,1731.907948738127
Aegis-Boreas,430,66790.251,67622.737,Aegis,Boreas,832.4859999999899,832.4859999999899,1.012464184331333,1.23,0.9878,0.9849621693121693,0.03408513950102227,-4121.568080328588
Boreas-Dawn,308,77996.139,81264.7,Boreas,Dawn,3268.5610000000015,3268.5610000000015,1.0419067025869062,4.02,0.9613,0.9791679389312977,0.052929740107363066,-992.1216852668913
Caelum-Elysium,27,1053012.593,1030715.051,Caelum,Elysium,-22297.542000000132,22297.542000000132,0.9788249996740541,2.16,1.0,0.9780398457583547,0.06003094589396874,1753.5802267796134
Boreas-Elysium,387,146446.189,141024.393,Boreas,Elysium,-5421.796000000002,5421.796000000002,0.9629775548478083,3.84,1.0,0.9804581280788177,0.05527648369623914,-1839.5134922540726
Caelum-Dawn,402,340504.669,333228.606,Caelum,Dawn,-7276.0629999999655,7276.0629999999655,0.9786315323623361,2.18,1.0,0.9804744471744471,0.05446466415035868,-6484.057433327288
Caelum-Dawn,480,315910.92,331326.368,Caelum,Dawn,15415.448000000033,15415.448000000033,1.0487968190526622,4.65,0.9555,0.9804744471744471,0.05446466415035868,-6484.057433327288
Elysium-Fenix,206,164161.512,169951.44,Elysium,Fenix,5789.928000000014,5789.928000000014,1.0352697043872257,3.41,0.9671,0.9777570719602977,0.055399164086247815,4312.254361379141
Boreas-Elysium,222,132742.392,129395.793,Boreas,Elysium,-3346.5989999999874,3346.5989999999874,0.9747887698151471,2.59,1.0,0.9804581280788177,0.05527648369623914,-1839.5134922540726
Caelum-Fenix,198,142611.492,143670.993,Caelum,Fenix,1059.5009999999893,1059.5009999999893,1.0074292820665531,0.74,0.9927,0.9796862650602409,0.04873557984945812,1731.907948738127
Caelum-Fenix,166,429449.309,417787.239,Caelum,Fenix,-11662.070000000007,11662.070000000007,0.9728441290843944,2.79,1.0,0.9796862650602409,0.04873557984945812,1731.907948738127
Dawn-Fenix,350,104170.652,103545.356,Dawn,Fenix,-625.2960000000021,625.2960000000021,0.9939973880551309,0.6,1.0,0.9823136476426799,0.04646098172906777,-362.5543768567232
Elysium-Fenix,381,216724.308,213301.467,Elysium,Fenix,-3422.840999999986,3422.840999999986,0.9842064739687623,1.6,1.0,0.9777570719602977,0.055399164086247815,4312.254361379141
Dawn-Elysium,86,129368.794,124081.617,Dawn,Elysium,-5287.176999999996,5287.176999999996,0.9591309709511554,4.26,1.0,0.9839219696969698,0.04028966443660543,-3087.7173304880284
Dawn-Fenix,324,80771.357,81646.33,Dawn,Fenix,874.9729999999981,874.9729999999981,1.0108327138790054,1.07,0.9894,0.9823136476426799,0.04646098172906777,-362.5543768567232
Boreas-Dawn,495,78499.935,77368.463,Boreas,Dawn,-1131.4719999999943,1131.4719999999943,0.9855863320141603,1.46,1.0,0.9791679389312977,0.052929740107363066,-992.1216852668913
Dawn-Elysium,490,307057.455,300299.148,Dawn,Elysium,-6758.30700000003,6758.30700000003,0.9779900898351417,2.25,1.0,0.9839219696969698,0.04028966443660543,-3087.7173304880284
Boreas-Elysium,224,106174.37,101164.644,Boreas,Elysium,-5009.725999999995,5009.725999999995,0.9528160515574522,4.95,1.0,0.9804581280788177,0.05527648369623914,-1839.5134922540726
Aegis-Elysium,106,85705.651,157294.858,Aegis,Elysium,71589.20700000001,71589.20700000001,1.8352915608796905,45.51,0.6872,0.7958968831168831,0.13151929136319288,77214.95699135585
Elysium-Fenix,245,347305.296,350777.295,Elysium,Fenix,3471.9990000000107,3471.9990000000107,1.0099969653212544,0.99,0.9902,0.9777570719602977,0.055399164086247815,4312.254361379141
Aegis-Dawn,318,127142.755,121531.366,Aegis,Dawn,-5611.38900000001,5611.38900000001,0.9558654443188681,4.62,1.0,0.9844383292383293,0.0367757216063089,-2180.4743005156975
Caelum-Fenix,72,181051.24749094708,113959.747,Caelum,Fenix,-67091.50049094707,67091.50049094707,0.6294336469882552,58.87,1.0,0.9796862650602409,0.04873557984945812,1731.907948738127
Caelum-Fenix,358,127269.785,133426.46,Caelum,Fenix,6156.674999999988,6156.674999999988,1.048374993326185,4.61,0.9559,0.9796862650602409,0.04873557984945812,1731.907948738127
Boreas-Dawn,197,76527.918,74476.421,Boreas,Dawn,-2051.497000000003,2051.497000000003,0.9731928287922323,2.75,1.0,0.9791679389312977,0.052929740107363066,-992.1216852668913
Caelum-Dawn,221,275890.572,285168.503,Caelum,Dawn,9277.93100000004,9277.93100000004,1.0336290252064142,3.25,0.9685,0.9804744471744471,0.05446466415035868,-6484.057433327288
Aegis-Boreas,136,96781.18,94101.84,Aegis,Boreas,-2679.3399999999965,2679.3399999999965,0.9723154853040643,2.85,1.0,0.9849621693121693,0.03408513950102227,-4121.568080328588
Dawn-Elysium,23,106707.217,108216.456,Dawn,Elysium,1509.2390000000014,1509.2390000000014,1.0141437387501167,1.39,0.9862,0.9839219696969698,0.04028966443660543,-3087.7173304880284
Boreas-Fenix,421,101271.798,143219.516,Boreas,Fenix,41947.71800000001,41947.71800000001,1.4142092747281925,29.29,0.7735,0.8068014354066986,0.13514659878591953,61601.108196475456
Dawn-Fenix,316,67521.848,69142.086,Dawn,Fenix,1620.2379999999976,1620.2379999999976,1.0239957591208109,2.34,0.9771,0.9823136476426799,0.04646098172906777,-362.5543768567232
Aegis-Elysium,180,176509.117,253260.342,Aegis,Elysium,76751.225,76751.225,1.4348286723342456,30.31,0.7674,0.7958968831168831,0.13151929136319288,77214.95699135585
Caelum-Dawn,434,194029.629,191121.985,Caelum,Dawn,-2907.6440000000002,2907.6440000000002,0.9850144330276486,1.52,1.0,0.9804744471744471,0.05446466415035868,-6484.057433327288
Aegis-Dawn,388,252304.399,250605.703,Aegis,Dawn,-1698.6959999999963,1698.6959999999963,0.993267275534106,0.68,1.0,0.9844383292383293,0.0367757216063089,-2180.4743005156975
Boreas-Fenix,156,340149.933,324449.346,Boreas,Fenix,-15700.587,15700.587,0.9538421575993666,4.84,1.0,0.8068014354066986,0.13514659878591953,61601.108196475456
Elysium-Fenix,233,213882.497,204511.04,Elysium,Fenix,-9371.456999999995,9371.456999999995,0.9561840864425667,4.58,1.0,0.9777570719602977,0.055399164086247815,4312.254361379141
Boreas-Fenix,395,646272.885,932719.722,Boreas,Fenix,286446.83699999994,286446.83699999994,1.4432289264309766,30.71,0.765,0.8068014354066986,0.13514659878591953,61601.108196475456
Aegis-Dawn,317,739630.299,766594.692,Aegis,Dawn,26964.39300000004,26964.39300000004,1.036456582479729,3.52,0.966,0.9844383292383293,0.0367757216063089,-2180.4743005156975
Aegis-Elysium,111,261065.507,544009.227,Aegis,Elysium,282943.72,282943.72,2.0838035374776642,52.01,0.6578,0.7958968831168831,0.13151929136319288,77214.95699135585
Caelum-Dawn,412,149052.253,152254.436,Caelum,Dawn,3202.18299999999,3202.18299999999,1.0214836269532939,2.1,0.9794,0.9804744471744471,0.05446466415035868,-6484.057433327288
Boreas-Elysium,341,389338.346,378019.284,Boreas,Elysium,-11319.062000000034,11319.062000000034,0.9709274410900178,2.99,1.0,0.9804581280788177,0.05527648369623914,-1839.5134922540726
Elysium-Fenix,490,181498.158,180707.788,Elysium,Fenix,-790.3699999999953,790.3699999999953,0.995645300157812,0.44,1.0,0.9777570719602977,0.055399164086247815,4312.254361379141
Caelum-Elysium,259,333690.656,320236.81,Caelum,Elysium,-13453.84600000002,13453.84600000002,0.9596816819467668,4.2,1.0,0.9780398457583547,0.06003094589396874,1753.5802267796134
Aegis-Elysium,264,386044.334,555776.763,Aegis,Elysium,169732.42900000006,169732.42900000006,1.4396708202949562,30.54,0.7661,0.7958968831168831,0.13151929136319288,77214.95699135585
Aegis-Dawn,490,376791.443,380373.041,Aegis,Dawn,3581.597999999998,3581.597999999998,1.009505518414865,0.94,0.9907,0.9844383292383293,0.0367757216063089,-2180.4743005156975
Caelum-Dawn,235,129484.08,125060.168,Caelum,Dawn,-4423.911999999997,4423.911999999997,0.9658343172380729,3.54,1.0,0.9804744471744471,0.05446466415035868,-6484.057433327288
Boreas-Dawn,239,70168.044,73343.609,Boreas,Dawn,3175.5650000000023,3175.5650000000023,1.045256570070558,4.33,0.9585,0.9791679389312977,0.052929740107363066,-992.1216852668913
Boreas-Elysium,477,112898.576,108326.01,Boreas,Elysium,-4572.566000000006,4572.566000000006,0.9594984616989323,4.22,1.0,0.9804581280788177,0.05527648369623914,-1839.5134922540726
Aegis-Boreas,353,103362.096,106591.772,Aegis,Boreas,3229.675999999992,3229.675999999992,1.0312462316940632,3.03,0.9706,0.9849621693121693,0.03408513950102227,-4121.568080328588
Dawn-Fenix,269,98285.581,102946.195,Dawn,Fenix,4660.614000000001,4660.614000000001,1.0474191020959627,4.53,0.9567,0.9823136476426799,0.04646098172906777,-362.5543768567232
Boreas-Elysium,457,110200.652,107463.751,Boreas,Elysium,-2736.900999999998,2736.900999999998,0.9751643846898475,2.55,1.0,0.9804581280788177,0.05527648369623914,-1839.5134922540726
Caelum-Fenix,207,169106.4,174309.327,Caelum,Fenix,5202.926999999996,5202.926999999996,1.0307671797164388,2.98,0.971,0.9796862650602409,0.04873557984945812,1731.907948738127
Aegis-Elysium,489,216466.069,343391.091,Aegis,Elysium,126925.02200000003,126925.02200000003,1.5863506580331537,36.96,0.7301,0.7958968831168831,0.13151929136319288,77214.95699135585
Caelum-Elysium,426,141425.782,135531.611,Caelum,Elysium,-5894.171000000002,5894.171000000002,0.9583232214335573,4.35,1.0,0.9780398457583547,0.06003094589396874,1753.5802267796134
Aegis-Elysium,228,93661.087,161744.236,Aegis,Elysium,68083.149,68083.149,1.7269096609993433,42.09,0.7038,0.7958968831168831,0.13151929136319288,77214.95699135585
Elysium-Fenix,432,319468.939,326196.227,Elysium,Fenix,6727.2880000000005,6727.2880000000005,1.0210577216710262,2.06,0.9798,0.9777570719602977,0.055399164086247815,4312.254361379141
Boreas-Fenix,189,170209.011,317008.244,Boreas,Fenix,146799.233,146799.233,1.862464520165739,46.31,0.6835,0.8068014354066986,0.13514659878591953,61601.108196475456
Elysium-Fenix,182,699257.398,689053.515,Elysium,Fenix,-10203.88300000003,10203.88300000003,0.9854075437325583,1.48,1.0,0.9777570719602977,0.055399164086247815,4312.254361379141
Aegis-Boreas,52,181051.24749094708,73477.336,Aegis,Boreas,-107573.91149094708,107573.91149094708,0.4058372257483286,146.4,1.0,0.9849621693121693,0.03408513950102227,-4121.568080328588
Caelum-Dawn,123,185028.628,177582.454,Caelum,Dawn,-7446.173999999999,7446.173999999999,0.9597566383078839,4.19,1.0,0.9804744471744471,0.05446466415035868,-6484.057433327288
Caelum-Elysium,448,139313.519,143458.908,Caelum,Elysium,4145.388999999996,4145.388999999996,1.029755827214443,2.89,0.9719,0.9780398457583547,0.06003094589396874,1753.5802267796134
Caelum-Dawn,321,301545.708,307451.543,Caelum,Dawn,5905.835000000021,5905.835000000021,1.0195852066314273,1.92,0.9812,0.9804744471744471,0.05446466415035868,-6484.057433327288
Caelum-Elysium,152,127771.882,126116.193,Caelum,Elysium,-1655.6889999999985,1655.6889999999985,0.9870418360120892,1.31,1.0,0.9780398457583547,0.06003094589396874,1753.5802267796134
Boreas-Dawn,89,119794.805,114913.931,Boreas,Dawn,-4880.873999999996,4880.873999999996,0.9592563801076349,4.25,1.0,0.9791679389312977,0.052929740107363066,-992.1216852668913
Aegis-Elysium,479,181051.24749094708,184390.69,Aegis,Elysium,3339.4425090529257,3339.4425090529257,1.0184447362574505,1.81,0.9822,0.7958968831168831,0.13151929136319288,77214.95699135585
Aegis-Elysium,469,101905.57,180383.189,Aegis,Elysium,78477.619,78477.619,1.7701013693363377,43.51,0.6968,0.7958968831168831,0.13151929136319288,77214.95699135585
Boreas-Fenix,278,152918.401,150406.915,Boreas,Fenix,-2511.4860000000044,2511.4860000000044,0.9835762996240066,1.67,1.0,0.8068014354066986,0.13514659878591953,61601.108196475456
Elysium-Fenix,487,614725.341,620441.036,Elysium,Fenix,5715.694999999949,5715.694999999949,1.0092979654795131,0.92,0.9909,0.9777570719602977,0.055399164086247815,4312.254361379141
Boreas-Elysium,78,101688.939,99574.241,Boreas,Elysium,-2114.698000000004,2114.698000000004,0.9792042475730817,2.12,1.0,0.9804581280788177,0.05527648369623914,-1839.5134922540726
Caelum-Dawn,450,171002.329,168662.212,Caelum,Dawn,-2340.1169999999984,2340.1169999999984,0.9863152916472852,1.39,1.0,0.9804744471744471,0.05446466415035868,-6484.057433327288
Elysium-Fenix,411,218510.462,227138.75,Elysium,Fenix,8628.288,8628.288,1.0394868415957128,3.8,0.9634,0.9777570719602977,0.055399164086247815,4312.254361379141
Boreas-Fenix,451,160440.699,294438.696,Boreas,Fenix,133997.997,133997.997,1.8351870680892508,45.51,0.6872,0.8068014354066986,0.13514659878591953,61601.108196475456
Aegis-Boreas,436,95036.261,98558.131,Aegis,Boreas,3521.8699999999953,3521.8699999999953,1.0370581708806914,3.57,0.9655,0.9849621693121693,0.03408513950102227,-4121.568080328588
Boreas-Fenix,386,73255.597,147096.184,Boreas,Fenix,73840.58700000001,73840.58700000001,2.007985601427834,50.2,0.6658,0.8068014354066986,0.13514659878591953,61601.108196475456
Caelum-Elysium,385,155875.559,154477.779,Caelum,Elysium,-1397.7799999999988,1397.7799999999988,0.9910327186060003,0.9,1.0,0.9780398457583547,0.06003094589396874,1753.5802267796134
Boreas-Dawn,88,79967.57,78516.515,Boreas,Dawn,-1451.0550000000076,1451.0550000000076,0.9818544567504051,1.85,1.0,0.9791679389312977,0.052929740107363066,-992.1216852668913
Caelum-Fenix,417,288386.779,276975.482,Caelum,Fenix,-11411.296999999962,11411.296999999962,0.960430582013609,4.12,1.0,0.9796862650602409,0.04873557984945812,1731.907948738127
Boreas-Dawn,90,110924.021,108937.465,Boreas,Dawn,-1986.5559999999969,1986.5559999999969,0.9820908403599974,1.82,1.0,0.9791679389312977,0.052929740107363066,-992.1216852668913
Caelum-Dawn,250,140418.794,145803.582,Caelum,Dawn,5384.7880000000005,5384.7880000000005,1.0383480575969055,3.69,0.9644,0.9804744471744471,0.05446466415035868,-6484.057433327288
Aegis-Dawn,473,181051.24749094708,122451.807,Aegis,Dawn,-58599.440490947076,58599.440490947076,0.6763378253227602,47.86,1.0,0.9844383292383293,0.0367757216063089,-2180.4743005156975
Aegis-Elysium,238,84008.818,183210.83,Aegis,Elysium,99202.01199999999,99202.01199999999,2.180852371949811,54.15,0.6487,0.7958968831168831,0.13151929136319288,77214.95699135585
Boreas-Elysium,342,193171.635,192252.527,Boreas,Elysium,-919.1080000000075,919.1080000000075,0.9952420136631343,0.48,1.0,0.9804581280788177,0.05527648369623914,-1839.5134922540726
Boreas-Elysium,473,117739.934,119556.413,Boreas,Elysium,1816.4790000000066,1816.4790000000066,1.0154278921202726,1.52,0.985,0.9804581280788177,0.05527648369623914,-1839.5134922540726
Caelum-Elysium,88,207907.619,209333.012,Caelum,Elysium,1425.3929999999818,1425.3929999999818,1.0068558959352036,0.68,0.9932,0.9780398457583547,0.06003094589396874,1753.5802267796134
Dawn-Fenix,120,70905.093,73600.389,Dawn,Fenix,2695.296000000002,2695.296000000002,1.0380127278022186,3.66,0.9647,0.9823136476426799,0.04646098172906777,-362.5543768567232
Boreas-Elysium,231,130894.61,137304.736,Boreas,Elysium,6410.126000000004,6410.126000000004,1.0489716574272998,4.67,0.9554,0.9804581280788177,0.05527648369623914,-1839.5134922540726
Boreas-Fenix,18,76349.111,146056.271,Boreas,Fenix,69707.16,69707.16,1.9130055227493088,47.73,0.6769,0.8068014354066986,0.13514659878591953,61601.108196475456
Aegis-Elysium,497,315347.514,315363.377,Aegis,Elysium,15.8629999999539,15.8629999999539,1.000050303234672,0.01,0.9999,0.7958968831168831,0.13151929136319288,77214.95699135585
Aegis-Boreas,449,117516.083,122046.876,Aegis,Boreas,4530.793000000005,4530.793000000005,1.0385546631944838,3.71,0.9642,0.9849621693121693,0.03408513950102227,-4121.568080328588
Boreas-Elysium,369,106922.259,104612.942,Boreas,Elysium,-2309.31700000001,2309.31700000001,0.9784019060053716,2.21,1.0,0.9804581280788177,0.05527648369623914,-1839.5134922540726
Caelum-Fenix,122,126597.262,131094.672,Caelum,Fenix,4497.409999999989,4497.409999999989,1.0355253338733343,3.43,0.9668,0.9796862650602409,0.04873557984945812,1731.907948738127
Boreas-Elysium,422,146117.467,147239.539,Boreas,Elysium,1122.0719999999856,1122.0719999999856,1.0076792461780082,0.76,0.9924,0.9804581280788177,0.05527648369623914,-1839.5134922540726
Dawn-Fenix,386,73509.07,75072.306,Dawn,Fenix,1563.2359999999899,1563.2359999999899,1.021265892766702,2.08,0.9796,0.9823136476426799,0.04646098172906777,-362.5543768567232
Elysium-Fenix,456,195268.642,196986.377,Elysium,Fenix,1717.7350000000151,1717.7350000000151,1.0087967785426604,0.87,0.9914,0.9777570719602977,0.055399164086247815,4312.254361379141
Boreas-Dawn,51,149451.649,150900.383,Boreas,Dawn,1448.7339999999967,1448.7339999999967,1.00969366353395,0.96,0.9905,0.9791679389312977,0.052929740107363066,-992.1216852668913
Dawn-Fenix,318,236281.518,225740.597,Dawn,Fenix,-10540.921000000002,10540.921000000002,0.955388296599652,4.67,1.0,0.9823136476426799,0.04646098172906777,-362.5543768567232
Aegis-Elysium,146,204277.473,400658.557,Aegis,Elysium,196381.08399999997,196381.08399999997,1.961344788125512,49.01,0.6711,0.7958968831168831,0.13151929136319288,77214.95699135585
Elysium-Fenix,98,319522.203,318769.01,Elysium,Fenix,-753.1929999999702,753.1929999999702,0.997642752231525,0.24,1.0,0.9777570719602977,0.055399164086247815,4312.254361379141
Boreas-Elysium,92,114438.07,111397.982,Boreas,Elysium,-3040.0880000000034,3040.0880000000034,0.9734346446073409,2.73,1.0,0.9804581280788177,0.05527648369623914,-1839.5134922540726
Aegis-Elysium,313,122863.293,200276.176,Aegis,Elysium,77412.883,77412.883,1.630073320597064,38.65,0.7212,0.7958968831168831,0.13151929136319288,77214.95699135585
Boreas-Elysium,15,142439.733,143077.561,Boreas,Elysium,637.8279999999795,637.8279999999795,1.0044778797781093,0.45,0.9956,0.9804581280788177,0.05527648369623914,-1839.5134922540726
Caelum-Fenix,306,205939.645,204559.868,Caelum,Fenix,-1379.7770000000019,1379.7770000000019,0.9933000904221234,0.67,1.0,0.9796862650602409,0.04873557984945812,1731.907948738127
Caelum-Elysium,208,552624.991,544505.951,Caelum,Elysium,-8119.040000000037,8119.040000000037,0.9853082286682181,1.49,1.0,0.9780398457583547,0.06003094589396874,1753.5802267796134
Caelum-Dawn,8,129528.992,126214.65,Caelum,Dawn,-3314.342000000004,3314.342000000004,0.9744123539539318,2.63,1.0,0.9804744471744471,0.05446466415035868,-6484.057433327288
Aegis-Elysium,381,90835.91,160286.736,Aegis,Elysium,69450.826,69450.826,1.7645745608757593,43.33,0.6977,0.7958968831168831,0.13151929136319288,77214.95699135585
Caelum-Dawn,248,111148.629,115361.507,Caelum,Dawn,4212.877999999997,4212.877999999997,1.0379031036001352,3.65,0.9648,0.9804744471744471,0.05446466415035868,-6484.057433327288
Aegis-Boreas,413,72494.098,70671.656,Aegis,Boreas,-1822.4419999999955,1822.4419999999955,0.9748608224630921,2.58,1.0,0.9849621693121693,0.03408513950102227,-4121.568080328588
Aegis-Dawn,441,71873.644,124806.971,Aegis,Dawn,52933.327000000005,52933.327000000005,1.7364775744499612,42.41,0.7022,0.9844383292383293,0.0367757216063089,-2180.4743005156975
Aegis-Dawn,301,181051.24749094708,118833.053,Aegis,Dawn,-62218.19449094708,62218.19449094708,0.656350368455439,52.36,1.0,0.9844383292383293,0.0367757216063089,-2180.4743005156975
Dawn-Elysium,413,311946.85,320143.322,Dawn,Elysium,8196.472000000009,8196.472000000009,1.0262752196407818,2.56,0.975,0.9839219696969698,0.04028966443660543,-3087.7173304880284
Dawn-Fenix,483,88664.076,89399.452,Dawn,Fenix,735.3760000000038,735.3760000000038,1.008293956618913,0.82,0.9918,0.9823136476426799,0.04646098172906777,-362.5543768567232
Aegis-Boreas,256,72349.903,74405.321,Aegis,Boreas,2055.4179999999906,2055.4179999999906,1.028409409201281,2.76,0.9731,0.9849621693121693,0.03408513950102227,-4121.568080328588
Elysium-Fenix,386,203480.492,204648.112,Elysium,Fenix,1167.6199999999953,1167.6199999999953,1.0057382404992417,0.57,0.9943,0.9777570719602977,0.055399164086247815,4312.254361379141
Boreas-Elysium,235,197255.179,202222.037,Boreas,Elysium,4966.858000000007,4966.858000000007,1.0251798610570322,2.46,0.976,0.9804581280788177,0.05527648369623914,-1839.5134922540726
Aegis-Dawn,147,160935.08,157501.527,Aegis,Dawn,-3433.5529999999853,3433.5529999999853,0.9786649809351697,2.18,1.0,0.9844383292383293,0.0367757216063089,-2180.4743005156975
Boreas-Dawn,267,63860.629,66639.78,Boreas,Dawn,2779.150999999998,2779.150999999998,1.0435190044870994,4.17,0.96,0.9791679389312977,0.052929740107363066,-992.1216852668913
Caelum-Fenix,105,125095.531,126812.346,Caelum,Fenix,1716.8150000000023,1716.8150000000023,1.0137240314364229,1.35,0.9866,0.9796862650602409,0.04873557984945812,1731.907948738127
Caelum-Elysium,435,642321.303,616296.686,Caelum,Elysium,-26024.61699999997,26024.61699999997,0.9594834907725301,4.22,1.0,0.9780398457583547,0.06003094589396874,1753.5802267796134
Dawn-Fenix,412,181051.24749094708,792092.336,Dawn,Fenix,611041.088509053,611041.088509053,4.374962045150261,77.14,0.5645,0.9823136476426799,0.04646098172906777,-362.5543768567232
Caelum-Elysium,449,181051.24749094708,140073.082,Caelum,Elysium,-40978.16549094708,40978.16549094708,0.7736653789530168,29.25,1.0,0.9780398457583547,0.06003094589396874,1753.5802267796134
Aegis-Boreas,24,72206.097,71394.912,Aegis,Boreas,-811.1849999999977,811.1849999999977,0.9887656993840839,1.14,1.0,0.9849621693121693,0.03408513950102227,-4121.568080328588
Aegis-Elysium,88,155132.562,246965.282,Aegis,Elysium,91832.72,91832.72,1.591962891710639,37.18,0.7289,0.7958968831168831,0.13151929136319288,77214.95699135585
Dawn-Fenix,111,74242.461,73406.592,Dawn,Fenix,-835.8689999999915,835.8689999999915,0.9887413619007054,1.14,1.0,0.9823136476426799,0.04646098172906777,-362.5543768567232
Caelum-Fenix,165,129302.01,123509.416,Caelum,Fenix,-5792.593999999997,5792.593999999997,0.9552010521723522,4.69,1.0,0.9796862650602409,0.04873557984945812,1731.907948738127
Aegis-Boreas,112,99402.413,96213.054,Aegis,Boreas,-3189.3589999999967,3189.3589999999967,0.9679146722524734,3.31,1.0,0.9849621693121693,0.03408513950102227,-4121.568080328588
Boreas-Elysium,311,147966.543,141879.414,Boreas,Elysium,-6087.129000000015,6087.129000000015,0.9588614501860734,4.29,1.0,0.9804581280788177,0.05527648369623914,-1839.5134922540726
Dawn-Elysium,147,103694.563,102249.146,Dawn,Elysium,-1445.4170000000013,1445.4170000000013,0.9860608217231216,1.41,1.0,0.9839219696969698,0.04028966443660543,-3087.7173304880284
Aegis-Boreas,56,114965.252,109797.619,Aegis,Boreas,-5167.632999999987,5167.632999999987,0.9550504790786699,4.71,1.0,0.9849621693121693,0.03408513950102227,-4121.568080328588
Aegis-Elysium,309,187558.229,190697.209,Aegis,Elysium,3138.9800000000105,3138.9800000000105,1.0167360292146925,1.65,0.9838,0.7958968831168831,0.13151929136319288,77214.95699135585
Aegis-Dawn,195,222166.689,221660.304,Aegis,Dawn,-506.3850000000093,506.3850000000093,0.9977206979035457,0.23,1.0,0.9844383292383293,0.0367757216063089,-2180.4743005156975
Caelum-Fenix,366,206845.434,210769.849,Caelum,Fenix,3924.414999999979,3924.414999999979,1.0189726933977183,1.86,0.9817,0.9796862650602409,0.04873557984945812,1731.907948738127
Aegis-Elysium,227,191161.895,201045.576,Aegis,Elysium,9883.681000000011,9883.681000000011,1.051703196392775,4.92,0.9531,0.7958968831168831,0.13151929136319288,77214.95699135585
Boreas-Dawn,499,117346.881,118111.812,Boreas,Dawn,764.9310000000114,764.9310000000114,1.0065185456441745,0.65,0.9936,0.9791679389312977,0.052929740107363066,-992.1216852668913
Aegis-Boreas,276,116351.733,115687.085,Aegis,Boreas,-664.6479999999865,664.6479999999865,0.994287596902403,0.57,1.0,0.9849621693121693,0.03408513950102227,-4121.568080328588
Caelum-Fenix,60,194358.325,200197.992,Caelum,Fenix,5839.666999999987,5839.666999999987,1.0300458804633144,2.92,0.9717,0.9796862650602409,0.04873557984945812,1731.907948738127
Caelum-Dawn,7,192275.705,189856.893,Caelum,Dawn,-2418.8119999999763,2418.8119999999763,0.9874200851324405,1.27,1.0,0.9804744471744471,0.05446466415035868,-6484.057433327288
Boreas-Dawn,333,83290.199,86213.019,Boreas,Dawn,2922.820000000007,2922.820000000007,1.0350920040423965,3.39,0.9672,0.9791679389312977,0.052929740107363066,-992.1216852668913
Aegis-Dawn,182,116315.534,121846.896,Aegis,Dawn,5531.361999999994,5531.361999999994,1.0475548003760184,4.54,0.9566,0.9844383292383293,0.0367757216063089,-2180.4743005156975
Caelum-Dawn,139,292377.98,297447.334,Caelum,Dawn,5069.353999999992,5069.353999999992,1.0173383576971151,1.7,0.9832,0.9804744471744471,0.05446466415035868,-6484.057433327288
Caelum-Fenix,334,133521.866,135624.502,Caelum,Fenix,2102.6359999999986,2102.6359999999986,1.0157475031093408,1.55,0.9847,0.9796862650602409,0.04873557984945812,1731.907948738127
Aegis-Elysium,137,124768.35,205025.592,Aegis,Elysium,80257.242,80257.242,1.6432500069128109,39.14,0.7187,0.7958968831168831,0.13151929136319288,77214.95699135585
Caelum-Elysium,252,140749.018,147065.494,Caelum,Elysium,6316.475999999995,6316.475999999995,1.0448775848652812,4.3,0.9588,0.9780398457583547,0.06003094589396874,1753.5802267796134
Caelum-Elysium,282,181051.24749094708,299531.904,Caelum,Elysium,118480.6565090529,118480.6565090529,1.654403977608479,39.56,0.7166,0.9780398457583547,0.06003094589396874,1753.5802267796134
Caelum-Dawn,11,304524.284,317092.662,Caelum,Dawn,12568.378000000026,12568.378000000026,1.0412721699396559,3.96,0.9619,0.9804744471744471,0.05446466415035868,-6484.057433327288
Caelum-Fenix,88,303019.269,296670.963,Caelum,Fenix,-6348.305999999982,6348.305999999982,0.9790498273560287,2.14,1.0,0.9796862650602409,0.04873557984945812,1731.907948738127
Dawn-Elysium,333,111614.53,115830.412,Dawn,Elysium,4215.881999999998,4215.881999999998,1.0377718026497087,3.64,0.9649,0.9839219696969698,0.04028966443660543,-3087.7173304880284
Aegis-Elysium,346,343322.978,354404.743,Aegis,Elysium,11081.765000000014,11081.765000000014,1.0322779589777413,3.13,0.9697,0.7958968831168831,0.13151929136319288,77214.95699135585
Boreas-Fenix,50,213836.32,368236.754,Boreas,Fenix,154400.434,154400.434,1.7220496218790147,41.93,0.7046,0.8068014354066986,0.13514659878591953,61601.108196475456
Dawn-Elysium,422,173536.288,174825.698,Dawn,Elysium,1289.4100000000035,1289.4100000000035,1.007430203877589,0.74,0.9927,0.9839219696969698,0.04028966443660543,-3087.7173304880284
Boreas-Fenix,301,98941.672,178684.888,Boreas,Fenix,79743.216,79743.216,1.8059618802479909,44.63,0.6914,0.8068014354066986,0.13514659878591953,61601.108196475456
Boreas-Elysium,384,287165.221,299271.321,Boreas,Elysium,12106.099999999977,12106.099999999977,1.0421572638839853,4.05,0.9611,0.9804581280788177,0.05527648369623914,-1839.5134922540726
Dawn-Elysium,266,98659.902,102245.479,Dawn,Elysium,3585.577000000005,3585.577000000005,1.0363427991242076,3.51,0.9661,0.9839219696969698,0.04028966443660543,-3087.7173304880284
Caelum-Fenix,176,166089.717,166756.63,Caelum,Fenix,666.9130000000005,666.9130000000005,1.004015378026082,0.4,0.996,0.9796862650602409,0.04873557984945812,1731.907948738127
Caelum-Dawn,253,418135.583,429941.343,Caelum,Dawn,11805.76000000001,11805.76000000001,1.0282342868676642,2.75,0.9733,0.9804744471744471,0.05446466415035868,-6484.057433327288
Boreas-Fenix,109,275008.505,275850.166,Boreas,Fenix,841.6610000000219,841.6610000000219,1.0030604908019118,0.31,0.997,0.8068014354066986,0.13514659878591953,61601.108196475456
Caelum-Dawn,254,243584.717,244652.334,Caelum,Dawn,1067.6169999999984,1067.6169999999984,1.0043829391808683,0.44,0.9957,0.9804744471744471,0.05446466415035868,-6484.057433327288
Boreas-Fenix,69,95040.176,157079.695,Boreas,Fenix,62039.519,62039.519,1.6527715079147158,39.5,0.7169,0.8068014354066986,0.13514659878591953,61601.108196475456
Boreas-Fenix,253,96038.861,182565.522,Boreas,Fenix,86526.661,86526.661,1.900954677086393,47.39,0.6784,0.8068014354066986,0.13514659878591953,61601.108196475456
Dawn-Elysium,488,101094.861,102797.665,Dawn,Elysium,1702.8039999999892,1702.8039999999892,1.016843625711103,1.66,0.9837,0.9839219696969698,0.04028966443660543,-3087.7173304880284
Dawn-Elysium,426,314600.917,305254.404,Dawn,Elysium,-9346.513000000035,9346.513000000035,0.9702908907922858,3.06,1.0,0.9839219696969698,0.04028966443660543,-3087.7173304880284
Aegis-Boreas,81,66082.143,64921.615,Aegis,Boreas,-1160.5279999999984,1160.5279999999984,0.9824380998055708,1.79,1.0,0.9849621693121693,0.03408513950102227,-4121.568080328588
Boreas-Dawn,472,44871.65,101478.947,Boreas,Dawn,56607.297,56607.297,2.261538120394503,55.78,0.6419,0.9791679389312977,0.052929740107363066,-992.1216852668913
Boreas-Dawn,214,84552.066,82524.831,Boreas,Dawn,-2027.2350000000006,2027.2350000000006,0.976023826549667,2.46,1.0,0.9791679389312977,0.052929740107363066,-992.1216852668913
Caelum-Dawn,142,117694.61,121010.736,Caelum,Dawn,3316.126000000004,3316.126000000004,1.0281756828116428,2.74,0.9733,0.9804744471744471,0.05446466415035868,-6484.057433327288
Caelum-Elysium,122,194097.946,192194.158,Caelum,Elysium,-1903.7880000000005,1903.7880000000005,0.9901916118164383,0.99,1.0,0.9780398457583547,0.06003094589396874,1753.5802267796134
Boreas-Dawn,446,124229.168,122589.666,Boreas,Dawn,-1639.5020000000077,1639.5020000000077,0.9868026001751858,1.34,1.0,0.9791679389312977,0.052929740107363066,-992.1216852668913
Caelum-Dawn,317,362986.812,357934.794,Caelum,Dawn,-5052.017999999982,5052.017999999982,0.9860820893955784,1.41,1.0,0.9804744471744471,0.05446466415035868,-6484.057433327288
Caelum-Fenix,84,123877.721,120479.007,Caelum,Fenix,-3398.714000000007,3398.714000000007,0.9725639608755798,2.82,1.0,0.9796862650602409,0.04873557984945812,1731.907948738127
Dawn-Elysium,209,113063.073,113252.923,Dawn,Elysium,189.84999999999127,189.84999999999127,1.0016791512468441,0.17,0.9983,0.9839219696969698,0.04028966443660543,-3087.7173304880284
Boreas-Dawn,110,181051.24749094708,131301.024,Boreas,Dawn,-49750.22349094707,49750.22349094707,0.7252146882145362,37.89,1.0,0.9791679389312977,0.052929740107363066,-992.1216852668913
Dawn-Elysium,140,203489.273,194126.3,Dawn,Elysium,-9362.972999999998,9362.972999999998,0.9539878792529767,4.82,1.0,0.9839219696969698,0.04028966443660543,-3087.7173304880284
Boreas-Fenix,390,195881.787,186924.663,Boreas,Fenix,-8957.12400000001,8957.12400000001,0.9542728084260329,4.79,1.0,0.8068014354066986,0.13514659878591953,61601.108196475456
Caelum-Dawn,245,125038.763,129036.489,Caelum,Dawn,3997.725999999995,3997.725999999995,1.0319718933879727,3.1,0.9699,0.9804744471744471,0.05446466415035868,-6484.057433327288
Elysium-Fenix,363,1139098.614,1141795.134,Elysium,Fenix,2696.5200000000186,2696.5200000000186,1.002367240172939,0.24,0.9976,0.9777570719602977,0.055399164086247815,4312.254361379141
Dawn-Elysium,125,130094.461,124896.567,Dawn,Elysium,-5197.894,5197.894,0.9600452320564209,4.16,1.0,0.9839219696969698,0.04028966443660543,-3087.7173304880284
Aegis-Dawn,165,219579.781,226600.203,Aegis,Dawn,7020.4220000000205,7020.4220000000205,1.0319720785221114,3.1,0.9699,0.9844383292383293,0.0367757216063089,-2180.4743005156975
Boreas-Elysium,194,102701.621,102235.879,Boreas,Elysium,-465.74199999999837,465.74199999999837,0.99546509592093,0.46,1.0,0.9804581280788177,0.05527648369623914,-1839.5134922540726
Elysium-Fenix,222,336079.784,168801.504,Elysium,Fenix,-167278.28,167278.28,0.5022661642748497,99.1,1.0,0.9777570719602977,0.055399164086247815,4312.254361379141
Dawn-Fenix,100,83568.06,86895.826,Dawn,Fenix,3327.7660000000033,3327.7660000000033,1.0398210273159387,3.83,0.9631,0.9823136476426799,0.04646098172906777,-362.5543768567232
Aegis-Elysium,17,155189.087,288866.775,Aegis,Elysium,133677.68800000002,133677.68800000002,1.8613858782479984,46.28,0.6836,0.7958968831168831,0.13151929136319288,77214.95699135585
Aegis-Dawn,57,193288.349,120571.176,Aegis,Dawn,-72717.17299999998,72717.17299999998,0.6237891555481185,60.31,1.0,0.9844383292383293,0.0367757216063089,-2180.4743005156975
Caelum-Fenix,398,357085.322,360179.973,Caelum,Fenix,3094.6510000000126,3094.6510000000126,1.008666418946226,0.86,0.9915,0.9796862650602409,0.04873557984945812,1731.907948738127
Elysium-Fenix,266,168679.971,171032.468,Elysium,Fenix,2352.497000000003,2352.497000000003,1.0139465105788998,1.38,0.9864,0.9777570719602977,0.055399164086247815,4312.254361379141
Aegis-Elysium,207,1242740.247,1196682.25,Aegis,Elysium,-46057.996999999974,46057.996999999974,0.9629383556932473,3.85,1.0,0.7958968831168831,0.13151929136319288,77214.95699135585
Caelum-Elysium,302,150765.853,157284.15,Caelum,Elysium,6518.296999999991,6518.296999999991,1.0432345711598234,4.14,0.9602,0.9780398457583547,0.06003094589396874,1753.5802267796134
Caelum-Dawn,24,154467.078,151598.023,Caelum,Dawn,-2869.055000000022,2869.055000000022,0.9814261068627191,1.89,1.0,0.9804744471744471,0.05446466415035868,-6484.057433327288
Boreas-Dawn,10,81300.723,82391.432,Boreas,Dawn,1090.7090000000026,1090.7090000000026,1.0134157355525608,1.32,0.9869,0.9791679389312977,0.052929740107363066,-992.1216852668913
Dawn-Fenix,114,89412.115,93152.731,Dawn,Fenix,3740.6159999999945,3740.6159999999945,1.041835672939847,4.02,0.9614,0.9823136476426799,0.04646098172906777,-362.5543768567232
Elysium-Fenix,49,172860.456,168836.972,Elysium,Fenix,-4023.4839999999967,4023.4839999999967,0.976724092408966,2.38,1.0,0.9777570719602977,0.055399164086247815,4312.254361379141
Caelum-Fenix,201,189231.124,184261.828,Caelum,Fenix,-4969.296000000002,4969.296000000002,0.9737395419159482,2.7,1.0,0.9796862650602409,0.04873557984945812,1731.907948738127
Dawn-Elysium,67,131109.246,136853.128,Dawn,Elysium,5743.881999999983,5743.881999999983,1.0438098927058126,4.2,0.9597,0.9839219696969698,0.04028966443660543,-3087.7173304880284
Aegis-Boreas,266,145101.871,143060.37,Aegis,Boreas,-2041.5010000000184,2041.5010000000184,0.9859305673598101,1.43,1.0,0.9849621693121693,0.03408513950102227,-4121.568080328588
Boreas-Fenix,188,186741.441,323533.036,Boreas,Fenix,136791.59500000003,136791.59500000003,1.732518686090679,42.28,0.7028,0.8068014354066986,0.13514659878591953,61601.108196475456
Dawn-Fenix,462,152321.725,157324.007,Dawn,Fenix,5002.2820000000065,5002.2820000000065,1.0328402399592047,3.18,0.9692,0.9823136476426799,0.04646098172906777,-362.5543768567232
Boreas-Elysium,111,146501.633,144726.702,Boreas,Elysium,-1774.9310000000114,1774.9310000000114,0.9878845650819468,1.23,1.0,0.9804581280788177,0.05527648369623914,-1839.5134922540726
Boreas-Fenix,443,139655.649,283744.088,Boreas,Fenix,144088.43899999998,144088.43899999998,2.0317408571134847,50.78,0.6632,0.8068014354066986,0.13514659878591953,61601.108196475456
Boreas-Dawn,409,69884.803,67745.561,Boreas,Dawn,-2139.2419999999984,2139.2419999999984,0.9693890243920413,3.16,1.0,0.9791679389312977,0.052929740107363066,-992.1216852668913
Caelum-Dawn,105,120156.185,118389.836,Caelum,Dawn,-1766.349000000002,1766.349000000002,0.9852995582374723,1.49,1.0,0.9804744471744471,0.05446466415035868,-6484.057433327288
Caelum-Elysium,403,166763.659,167562.325,Caelum,Elysium,798.6659999999974,798.6659999999974,1.0047892089007233,0.48,0.9953,0.9780398457583547,0.06003094589396874,1753.5802267796134
Caelum-Elysium,451,180478.615,186869.493,Caelum,Elysium,6390.877999999997,6390.877999999997,1.0354107216525348,3.42,0.9669,0.9780398457583547,0.06003094589396874,1753.5802267796134
Caelum-Fenix,236,202925.05,209321.7,Caelum,Fenix,6396.650000000023,6396.650000000023,1.0315222295128177,3.06,0.9703,0.9796862650602409,0.04873557984945812,1731.907948738127
Caelum-Elysium,70,198128.198,197396.462,Caelum,Elysium,-731.7360000000044,731.7360000000044,0.9963067548820083,0.37,1.0,0.9780398457583547,0.06003094589396874,1753.5802267796134
Dawn-Elysium,323,382826.767,395680.184,Dawn,Elysium,12853.417000000016,12853.417000000016,1.033575021675535,3.25,0.9685,0.9839219696969698,0.04028966443660543,-3087.7173304880284
Caelum-Dawn,217,136650.241,134961.378,Caelum,Dawn,-1688.863000000012,1688.863000000012,0.9876409804502283,1.25,1.0,0.9804744471744471,0.05446466415035868,-6484.057433327288
Boreas-Dawn,284,181051.24749094708,70576.591,Boreas,Dawn,-110474.65649094708,110474.65649094708,0.38981554658179846,156.53,1.0,0.9791679389312977,0.052929740107363066,-992.1216852668913
Aegis-Elysium,237,172374.168,349171.849,Aegis,Elysium,176797.68099999998,176797.68099999998,2.025662273247346,50.63,0.6639,0.7958968831168831,0.13151929136319288,77214.95699135585
Dawn-Elysium,491,258353.548,256884.083,Dawn,Elysium,-1469.4649999999965,1469.4649999999965,0.9943121934597934,0.57,1.0,0.9839219696969698,0.04028966443660543,-3087.7173304880284
Dawn-Elysium,200,181051.24749094708,122772.003,Dawn,Elysium,-58279.24449094708,58279.24449094708,0.6781063632612575,47.47,1.0,0.9839219696969698,0.04028966443660543,-3087.7173304880284
Caelum-Fenix,200,184173.871,189083.231,Caelum,Fenix,4909.359999999986,4909.359999999986,1.0266561156223946,2.6,0.9747,0.9796862650602409,0.04873557984945812,1731.907948738127
Dawn-Elysium,365,158839.838,160140.461,Dawn,Elysium,1300.6230000000214,1300.6230000000214,1.008188266976198,0.81,0.9919,0.9839219696969698,0.04028966443660543,-3087.7173304880284
Elysium-Fenix,420,279564.825,292208.281,Elysium,Fenix,12643.456000000006,12643.456000000006,1.045225489293941,4.33,0.9585,0.9777570719602977,0.055399164086247815,4312.254361379141
Boreas-Elysium,186,124503.374,120035.646,Boreas,Elysium,-4467.728000000003,4467.728000000003,0.9641156070196137,3.72,1.0,0.9804581280788177,0.05527648369623914,-1839.5134922540726
Caelum-Dawn,447,127629.091,125926.213,Caelum,Dawn,-1702.877999999997,1702.877999999997,0.9866576030068255,1.35,1.0,0.9804744471744471,0.05446466415035868,-6484.057433327288
Aegis-Dawn,408,120577.258,117938.921,Aegis,Dawn,-2638.3369999999995,2638.3369999999995,0.97811911596132,2.24,1.0,0.9844383292383293,0.0367757216063089,-2180.4743005156975
Caelum-Fenix,318,169114.491,170734.166,Caelum,Fenix,1619.6749999999884,1619.6749999999884,1.0095773874280234,0.95,0.9906,0.9796862650602409,0.04873557984945812,1731.907948738127
Aegis-Elysium,303,158931.686,159762.301,Aegis,Elysium,830.6150000000198,830.6150000000198,1.0052262391528397,0.52,0.9948,0.7958968831168831,0.13151929136319288,77214.95699135585
Elysium-Fenix,101,185388.715,178159.036,Elysium,Fenix,-7229.679000000004,7229.679000000004,0.9610025939281147,4.06,1.0,0.9777570719602977,0.055399164086247815,4312.254361379141
Boreas-Dawn,127,75644.803,76708.671,Boreas,Dawn,1063.8680000000022,1063.8680000000022,1.0140639932660014,1.39,0.9863,0.9791679389312977,0.052929740107363066,-992.1216852668913
Boreas-Dawn,22,87441.852,88081.839,Boreas,Dawn,639.9870000000083,639.9870000000083,1.0073190009744992,0.73,0.9928,0.9791679389312977,0.052929740107363066,-992.1216852668913
Aegis-Dawn,335,167360.959,170626.548,Aegis,Dawn,3265.589000000007,3265.589000000007,1.0195122507633336,1.91,0.9812,0.9844383292383293,0.0367757216063089,-2180.4743005156975
Aegis-Boreas,358,140610.813,143183.086,Aegis,Boreas,2572.2730000000156,2572.2730000000156,1.01829356466348,1.8,0.9824,0.9849621693121693,0.03408513950102227,-4121.568080328588
Aegis-Boreas,138,92272.432,93140.385,Aegis,Boreas,867.9529999999941,867.9529999999941,1.0094064172926536,0.93,0.9908,0.9849621693121693,0.03408513950102227,-4121.568080328588
Aegis-Boreas,299,69445.678,72467.896,Aegis,Boreas,3022.2179999999935,3022.2179999999935,1.0435191661603476,4.17,0.96,0.9849621693121693,0.03408513950102227,-4121.568080328588
Boreas-Dawn,56,74551.947,76064.298,Boreas,Dawn,1512.350999999995,1512.350999999995,1.0202858685903937,1.99,0.9805,0.9791679389312977,0.052929740107363066,-992.1216852668913
Aegis-Elysium,3,178179.719,250900.597,Aegis,Elysium,72720.878,72720.878,1.4081321847858566,28.98,0.7753,0.7958968831168831,0.13151929136319288,77214.95699135585
Aegis-Boreas,382,60336.172,63446.915,Aegis,Boreas,3110.743000000002,3110.743000000002,1.05155685050752,4.9,0.9533,0.9849621693121693,0.03408513950102227,-4121.568080328588
Caelum-Fenix,194,181051.24749094708,122258.03,Caelum,Fenix,-58793.21749094708,58793.21749094708,0.675267537198898,48.09,1.0,0.9796862650602409,0.04873557984945812,1731.907948738127
Aegis-Dawn,261,131822.455,129016.118,Aegis,Dawn,-2806.336999999985,2806.336999999985,0.97871123701952,2.18,1.0,0.9844383292383293,0.0367757216063089,-2180.4743005156975
Elysium-Fenix,221,175962.477,169097.337,Elysium,Fenix,-6865.140000000014,6865.140000000014,0.9609852048172747,4.06,1.0,0.9777570719602977,0.055399164086247815,4312.254361379141
Boreas-Fenix,454,80944.084,157976.787,Boreas,Fenix,77032.70300000001,77032.70300000001,1.9516779879799493,48.76,0.6722,0.8068014354066986,0.13514659878591953,61601.108196475456
Caelum-Fenix,174,218665.019,214288.33,Caelum,Fenix,-4376.689000000013,4376.689000000013,0.9799845031454253,2.04,1.0,0.9796862650602409,0.04873557984945812,1731.907948738127
Dawn-Elysium,347,168920.595,161489.541,Dawn,Elysium,-7431.054000000004,7431.054000000004,0.9560085968202989,4.6,1.0,0.9839219696969698,0.04028966443660543,-3087.7173304880284
Caelum-Fenix,439,239041.231,242413.949,Caelum,Fenix,3372.7179999999935,3372.7179999999935,1.0141093567243218,1.39,0.9863,0.9796862650602409,0.04873557984945812,1731.907948738127
Aegis-Elysium,402,181051.24749094708,180344.52,Aegis,Elysium,-706.7274909470871,706.7274909470871,0.9960965334360238,0.39,1.0,0.7958968831168831,0.13151929136319288,77214.95699135585
Boreas-Fenix,437,233573.283,314495.984,Boreas,Fenix,80922.701,80922.701,1.3464552964304568,25.73,0.7953,0.8068014354066986,0.13514659878591953,61601.108196475456
Elysium-Fenix,343,243946.715,234649.447,Elysium,Fenix,-9297.268000000011,9297.268000000011,0.9618881197067974,3.96,1.0,0.9777570719602977,0.055399164086247815,4312.254361379141
Boreas-Dawn,432,75129.443,78370.813,Boreas,Dawn,3241.3699999999953,3241.3699999999953,1.0431438044868773,4.14,0.9603,0.9791679389312977,0.052929740107363066,-992.1216852668913
Caelum-Dawn,210,178338.103,180883.444,Caelum,Dawn,2545.340999999986,2545.340999999986,1.014272558456002,1.41,0.9861,0.9804744471744471,0.05446466415035868,-6484.057433327288
Boreas-Fenix,397,76375.793,138969.961,Boreas,Fenix,62594.168000000005,62594.168000000005,1.819555065045282,45.04,0.6895,0.8068014354066986,0.13514659878591953,61601.108196475456
Elysium-Fenix,67,181051.24749094708,210156.191,Elysium,Fenix,29104.943509052915,29104.943509052915,1.1607552773725474,13.85,0.8784,0.9777570719602977,0.055399164086247815,4312.254361379141
Dawn-Fenix,143,86188.22,85526.203,Dawn,Fenix,-662.0170000000071,662.0170000000071,0.9923189387134344,0.77,1.0,0.9823136476426799,0.04646098172906777,-362.5543768567232
Boreas-Fenix,327,194330.234,317162.403,Boreas,Fenix,122832.169,122832.169,1.632079561021884,38.73,0.7208,0.8068014354066986,0.13514659878591953,61601.108196475456
Caelum-Elysium,370,136420.674,135037.573,Caelum,Elysium,-1383.100999999995,1383.100999999995,0.9898615000245491,1.02,1.0,0.9780398457583547,0.06003094589396874,1753.5802267796134
Boreas-Fenix,255,127596.315,209833.688,Boreas,Fenix,82237.37299999999,82237.37299999999,1.6445121318746547,39.19,0.7184,0.8068014354066986,0.13514659878591953,61601.108196475456
Aegis-Boreas,58,218333.748,228082.722,Aegis,Boreas,9748.974000000017,9748.974000000017,1.044651704508824,4.27,0.959,0.9849621693121693,0.03408513950102227,-4121.568080328588
Aegis-Boreas,76,74756.312,74735.847,Aegis,Boreas,-20.46500000001106,20.46500000001106,0.9997262438521578,0.03,1.0,0.9849621693121693,0.03408513950102227,-4121.568080328588
Aegis-Dawn,296,307950.453,321489.167,Aegis,Dawn,13538.714000000036,13538.714000000036,1.043963935977714,4.21,0.9596,0.9844383292383293,0.0367757216063089,-2180.4743005156975
Boreas-Elysium,416,181051.24749094708,279409.822,Boreas,Elysium,98358.57450905291,98358.57450905291,1.5432637215823162,35.2,0.7396,0.9804581280788177,0.05527648369623914,-1839.5134922540726
Boreas-Fenix,485,220367.281,375991.785,Boreas,Fenix,155624.504,155624.504,1.7062051285190563,41.39,0.7073,0.8068014354066986,0.13514659878591953,61601.108196475456
Caelum-Fenix,387,127175.02,130684.67,Caelum,Fenix,3509.649999999994,3509.649999999994,1.0275970076513454,2.69,0.9738,0.9796862650602409,0.04873557984945812,1731.907948738127
Aegis-Dawn,285,144069.914,142603.422,Aegis,Dawn,-1466.4919999999984,1466.4919999999984,0.9898209698382967,1.03,1.0,0.9844383292383293,0.0367757216063089,-2180.4743005156975
Dawn-Fenix,17,77607.295,80498.799,Dawn,Fenix,2891.504000000001,2891.504000000001,1.037258146930646,3.59,0.9653,0.9823136476426799,0.04646098172906777,-362.5543768567232
Dawn-Fenix,67,77284.541,76742.693,Dawn,Fenix,-541.8479999999981,541.8479999999981,0.9929889212902229,0.71,1.0,0.9823136476426799,0.04646098172906777,-362.5543768567232
Boreas-Elysium,217,164186.644,163210.111,Boreas,Elysium,-976.5329999999958,976.5329999999958,0.9940522994062782,0.6,1.0,0.9804581280788177,0.05527648369623914,-1839.5134922540726
Dawn-Fenix,321,132257.478,134469.946,Dawn,Fenix,2212.4679999999935,2212.4679999999935,1.0167284907701022,1.65,0.9838,0.9823136476426799,0.04646098172906777,-362.5543768567232
Dawn-Fenix,28,73815.971,72412.479,Dawn,Fenix,-1403.4919999999984,1403.4919999999984,0.9809866078981743,1.94,1.0,0.9823136476426799,0.04646098172906777,-362.5543768567232
Caelum-Elysium,4,161964.027,156248.938,Caelum,Elysium,-5715.089000000007,5715.089000000007,0.9647138373510556,3.66,1.0,0.9780398457583547,0.06003094589396874,1753.5802267796134
Caelum-Dawn,370,523218.986,532457.416,Caelum,Dawn,9238.429999999993,9238.429999999993,1.0176569089562817,1.74,0.9829,0.9804744471744471,0.05446466415035868,-6484.057433327288
Caelum-Elysium,482,120605.389,126706.53,Caelum,Elysium,6101.141000000003,6101.141000000003,1.05058763170193,4.82,0.9541,0.9780398457583547,0.06003094589396874,1753.5802267796134
Dawn-Elysium,128,123638.019,122028.003,Dawn,Elysium,-1610.0160000000033,1610.0160000000033,0.9869779861160668,1.32,1.0,0.9839219696969698,0.04028966443660543,-3087.7173304880284
Aegis-Dawn,410,139612.315,140752.015,Aegis,Dawn,1139.7000000000116,1139.7000000000116,1.0081633199764648,0.81,0.992,0.9844383292383293,0.0367757216063089,-2180.4743005156975
Boreas-Elysium,172,103890.015,105958.667,Boreas,Elysium,2068.652000000002,2068.652000000002,1.0199119424518324,1.95,0.9809,0.9804581280788177,0.05527648369623914,-1839.5134922540726
Caelum-Elysium,18,124662.643,131024.044,Caelum,Elysium,6361.400999999998,6361.400999999998,1.0510289277277716,4.86,0.9537,0.9780398457583547,0.06003094589396874,1753.5802267796134
Boreas-Elysium,309,111772.714,109814.392,Boreas,Elysium,-1958.3220000000001,1958.3220000000001,0.98247942695567,1.78,1.0,0.9804581280788177,0.05527648369623914,-1839.5134922540726
Elysium-Fenix,394,517653.095,536441.89,Elysium,Fenix,18788.795000000042,18788.795000000042,1.0362961125539103,3.5,0.9662,0.9777570719602977,0.055399164086247815,4312.254361379141
Aegis-Elysium,257,132995.523,233196.992,Aegis,Elysium,100201.46900000001,100201.46900000001,1.753419865118317,42.97,0.6995,0.7958968831168831,0.13151929136319288,77214.95699135585
Boreas-Elysium,495,96549.018,98608.542,Boreas,Elysium,2059.524000000005,2059.524000000005,1.021331382158646,2.09,0.9795,0.9804581280788177,0.05527648369623914,-1839.5134922540726
Dawn-Elysium,20,150865.224,153723.804,Dawn,Elysium,2858.5800000000163,2858.5800000000163,1.0189479054497013,1.86,0.9817,0.9839219696969698,0.04028966443660543,-3087.7173304880284
Dawn-Elysium,385,148809.096,149907.486,Dawn,Elysium,1098.390000000014,1098.390000000014,1.00738120202007,0.73,0.9927,0.9839219696969698,0.04028966443660543,-3087.7173304880284
Aegis-Elysium,178,276618.272,284613.964,Aegis,Elysium,7995.691999999981,7995.691999999981,1.0289051476686253,2.81,0.9727,0.7958968831168831,0.13151929136319288,77214.95699135585
Dawn-Elysium,13,215088.94,211086.982,Dawn,Elysium,-4001.9580000000133,4001.9580000000133,0.9813939387120508,1.9,1.0,0.9839219696969698,0.04028966443660543,-3087.7173304880284
Dawn-Elysium,398,152109.536,146581.913,Dawn,Elysium,-5527.622999999992,5527.622999999992,0.9636602467842648,3.77,1.0,0.9839219696969698,0.04028966443660543,-3087.7173304880284
Aegis-Boreas,442,66792.681,63651.891,Aegis,Boreas,-3140.7899999999936,3140.7899999999936,0.9529770335165916,4.93,1.0,0.9849621693121693,0.03408513950102227,-4121.568080328588
Caelum-Fenix,66,195249.822,202435.429,Caelum,Fenix,7185.607000000018,7185.607000000018,1.036802118057757,3.55,0.9657,0.9796862650602409,0.04873557984945812,1731.907948738127
Caelum-Dawn,38,153053.729,157798.719,Caelum,Dawn,4744.99000000002,4744.99000000002,1.031002119523661,3.01,0.9708,0.9804744471744471,0.05446466415035868,-6484.057433327288
Caelum-Dawn,296,586646.594,573345.921,Caelum,Dawn,-13300.673000000068,13300.673000000068,0.9773276225652133,2.32,1.0,0.9804744471744471,0.05446466415035868,-6484.057433327288
Elysium-Fenix,219,1874335.505,1910274.696,Elysium,Fenix,35939.19100000011,35939.19100000011,1.0191743638767596,1.88,0.9815,0.9777570719602977,0.055399164086247815,4312.254361379141
Aegis-Elysium,54,207869.472,217447.615,Aegis,Elysium,9578.142999999982,9578.142999999982,1.0460776799394573,4.4,0.9578,0.7958968831168831,0.13151929136319288,77214.95699135585
Boreas-Fenix,169,144161.144,234281.408,Boreas,Fenix,90120.264,90120.264,1.625135605194698,38.47,0.7222,0.8068014354066986,0.13514659878591953,61601.108196475456
Dawn-Elysium,96,129223.628,124567.856,Dawn,Elysium,-4655.771999999997,4655.771999999997,0.9639712019229177,3.74,1.0,0.9839219696969698,0.04028966443660543,-3087.7173304880284
Caelum-Dawn,44,142938.731,142666.979,Caelum,Dawn,-271.7520000000077,271.7520000000077,0.9980988217951927,0.19,1.0,0.9804744471744471,0.05446466415035868,-6484.057433327288
Aegis-Elysium,415,176919.15,168543.193,Aegis,Elysium,-8375.956999999995,8375.956999999995,0.9526565835298214,4.97,1.0,0.7958968831168831,0.13151929136319288,77214.95699135585
Boreas-Elysium,372,167801.678,167597.699,Boreas,Elysium,-203.9790000000212,203.9790000000212,0.9987844042894493,0.12,1.0,0.9804581280788177,0.05527648369623914,-1839.5134922540726
Caelum-Fenix,237,181051.24749094708,253102.768,Caelum,Fenix,72051.52050905293,72051.52050905293,1.3979620218449786,28.47,0.7784,0.9796862650602409,0.04873557984945812,1731.907948738127
Boreas-Fenix,472,542918.881,760263.766,Boreas,Fenix,217344.8849999999,217344.8849999999,1.4003266281689692,28.59,0.7777,0.8068014354066986,0.13514659878591953,61601.108196475456
Dawn-Fenix,428,129594.041,130395.921,Dawn,Fenix,801.8800000000047,801.8800000000047,1.0061876301858663,0.61,0.9939,0.9823136476426799,0.04646098172906777,-362.5543768567232
Caelum-Elysium,185,268967.702,261541.054,Caelum,Elysium,-7426.6479999999865,7426.6479999999865,0.9723883278744003,2.84,1.0,0.9780398457583547,0.06003094589396874,1753.5802267796134
Dawn-Fenix,166,183264.537,183359.954,Dawn,Fenix,95.41699999998673,95.41699999998673,1.0005206517396215,0.05,0.9995,0.9823136476426799,0.04646098172906777,-362.5543768567232
Boreas-Dawn,2,72965.51,73228.362,Boreas,Dawn,262.85199999999895,262.85199999999895,1.0036024143461753,0.36,0.9964,0.9791679389312977,0.052929740107363066,-992.1216852668913
Dawn-Elysium,202,117014.044,112236.663,Dawn,Elysium,-4777.380999999994,4777.380999999994,0.9591725844463593,4.26,1.0,0.9839219696969698,0.04028966443660543,-3087.7173304880284
Caelum-Elysium,344,126305.532,129935.594,Caelum,Elysium,3630.061999999991,3630.061999999991,1.0287403246913998,2.79,0.9728,0.9780398457583547,0.06003094589396874,1753.5802267796134
Boreas-Elysium,11,174335.766,180043.209,Boreas,Elysium,5707.442999999999,5707.442999999999,1.032738221943511,3.17,0.9693,0.9804581280788177,0.05527648369623914,-1839.5134922540726
Dawn-Fenix,256,181051.24749094708,102878.655,Dawn,Fenix,-78172.59249094708,78172.59249094708,0.568229473288463,75.99,1.0,0.9823136476426799,0.04646098172906777,-362.5543768567232
Dawn-Fenix,255,81982.501,78862.018,Dawn,Fenix,-3120.4830000000075,3120.4830000000075,0.9619372065753397,3.96,1.0,0.9823136476426799,0.04646098172906777,-362.5543768567232
Boreas-Fenix,359,289249.09,499736.987,Boreas,Fenix,210487.897,210487.897,1.727704612657554,42.12,0.7036,0.8068014354066986,0.13514659878591953,61601.108196475456
Dawn-Elysium,336,133571.415,138580.138,Dawn,Elysium,5008.722999999998,5008.722999999998,1.0374984647725713,3.61,0.9651,0.9839219696969698,0.04028966443660543,-3087.7173304880284
Dawn-Elysium,31,108998.199,108038.7,Dawn,Elysium,-959.4989999999962,959.4989999999962,0.9911971114311715,0.89,1.0,0.9839219696969698,0.04028966443660543,-3087.7173304880284
Caelum-Dawn,464,253628.056,266799.671,Caelum,Dawn,13171.614999999962,13171.614999999962,1.0519327995795542,4.94,0.953,0.9804744471744471,0.05446466415035868,-6484.057433327288
Aegis-Boreas,6,57955.59,60544.382,Aegis,Boreas,2588.7920000000013,2588.7920000000013,1.0446685470719907,4.28,0.959,0.9849621693121693,0.03408513950102227,-4121.568080328588
Boreas-Elysium,487,107984.631,111366.94,Boreas,Elysium,3382.3090000000084,3382.3090000000084,1.0313221332394977,3.04,0.9705,0.9804581280788177,0.05527648369623914,-1839.5134922540726
Aegis-Dawn,178,120659.098,119067.958,Aegis,Dawn,-1591.1399999999994,1591.1399999999994,0.9868129297634896,1.34,1.0,0.9844383292383293,0.0367757216063089,-2180.4743005156975
Boreas-Dawn,443,71125.61,74111.45,Boreas,Dawn,2985.8399999999965,2985.8399999999965,1.0419798157091376,4.03,0.9613,0.9791679389312977,0.052929740107363066,-992.1216852668913
Caelum-Elysium,216,216610.992,224065.74,Caelum,Elysium,7454.747999999992,7454.747999999992,1.0344153726049137,3.33,0.9678,0.9780398457583547,0.06003094589396874,1753.5802267796134
Elysium-Fenix,20,464294.963,179680.823,Elysium,Fenix,-284614.14,284614.14,0.38699714043634803,158.4,1.0,0.9777570719602977,0.055399164086247815,4312.254361379141
Elysium-Fenix,143,212213.566,219173.81,Elysium,Fenix,6960.244000000006,6960.244000000006,1.0327982990493643,3.18,0.9692,0.9777570719602977,0.055399164086247815,4312.254361379141
Dawn-Elysium,102,175297.135,170614.643,Dawn,Elysium,-4682.491999999998,4682.491999999998,0.9732882571069972,2.74,1.0,0.9839219696969698,0.04028966443660543,-3087.7173304880284
Boreas-Fenix,107,88430.163,149657.113,Boreas,Fenix,61226.95000000001,61226.95000000001,1.6923763105581973,40.91,0.7097,0.8068014354066986,0.13514659878591953,61601.108196475456
Dawn-Elysium,160,180567.123,176940.957,Dawn,Elysium,-3626.1659999999974,3626.1659999999974,0.97991790565329,2.05,1.0,0.9839219696969698,0.04028966443660543,-3087.7173304880284
Elysium-Fenix,16,190457.767,182385.308,Elysium,Fenix,-8072.459000000003,8072.459000000003,0.9576154906825092,4.43,1.0,0.9777570719602977,0.055399164086247815,4312.254361379141
Aegis-Elysium,64,124533.752,225597.987,Aegis,Elysium,101064.235,101064.235,1.8115409146269037,44.8,0.6906,0.7958968831168831,0.13151929136319288,77214.95699135585
Caelum-Elysium,232,155487.295,162998.029,Caelum,Elysium,7510.733999999997,7510.733999999997,1.0483044868714193,4.61,0.956,0.9780398457583547,0.06003094589396874,1753.5802267796134
Boreas-Elysium,242,104934.439,103156.569,Boreas,Elysium,-1777.8699999999953,1777.8699999999953,0.9830573259175666,1.72,1.0,0.9804581280788177,0.05527648369623914,-1839.5134922540726
Aegis-Elysium,474,87345.771,156175.205,Aegis,Elysium,68829.434,68829.434,1.7880110646684886,44.07,0.6941,0.7958968831168831,0.13151929136319288,77214.95699135585
Caelum-Fenix,449,179449.049,175782.504,Caelum,Fenix,-3666.545000000013,3666.545000000013,0.9795677657784633,2.09,1.0,0.9796862650602409,0.04873557984945812,1731.907948738127
Boreas-Dawn,389,74812.446,73201.91,Boreas,Dawn,-1610.5359999999928,1610.5359999999928,0.9784723520468774,2.2,1.0,0.9791679389312977,0.052929740107363066,-992.1216852668913
Caelum-Dawn,454,260961.346,273131.713,Caelum,Dawn,12170.366999999998,12170.366999999998,1.0466366654929806,4.46,0.9573,0.9804744471744471,0.05446466415035868,-6484.057433327288
Boreas-Elysium,21,112745.578,117098.19,Boreas,Elysium,4352.612000000008,4352.612000000008,1.0386056116542328,3.72,0.9642,0.9804581280788177,0.05527648369623914,-1839.5134922540726
Dawn-Fenix,235,134346.77,133029.499,Dawn,Fenix,-1317.2709999999788,1317.2709999999788,0.9901949931509334,0.99,1.0,0.9823136476426799,0.04646098172906777,-362.5543768567232
Caelum-Fenix,270,157727.282,162684.916,Caelum,Fenix,4957.633999999991,4957.633999999991,1.0314316834547368,3.05,0.9704,0.9796862650602409,0.04873557984945812,1731.907948738127
Boreas-Fenix,158,180151.017,180573.269,Boreas,Fenix,422.2520000000077,422.2520000000077,1.0023438779698923,0.23,0.9977,0.8068014354066986,0.13514659878591953,61601.108196475456
Boreas-Elysium,467,114674.145,111938.906,Boreas,Elysium,-2735.2390000000014,2735.2390000000014,0.976147727109716,2.44,1.0,0.9804581280788177,0.05527648369623914,-1839.5134922540726
Boreas-Fenix,251,135814.412,325656.067,Boreas,Fenix,189841.65499999997,189841.65499999997,2.397801987317811,58.3,0.6317,0.8068014354066986,0.13514659878591953,61601.108196475456
Aegis-Elysium,130,96489.994,160175.203,Aegis,Elysium,63685.209,63685.209,1.660018789098484,39.76,0.7155,0.7958968831168831,0.13151929136319288,77214.95699135585
Aegis-Elysium,461,163746.408,166062.66,Aegis,Elysium,2316.2520000000077,2316.2520000000077,1.0141453606725834,1.39,0.9862,0.7958968831168831,0.13151929136319288,77214.95699135585
Dawn-Elysium,189,191384.256,184079.682,Dawn,Elysium,-7304.573999999993,7304.573999999993,0.9618329419949779,3.97,1.0,0.9839219696969698,0.04028966443660543,-3087.7173304880284
Dawn-Fenix,430,132448.416,137462.742,Dawn,Fenix,5014.326000000001,5014.326000000001,1.0378587087066409,3.65,0.9648,0.9823136476426799,0.04646098172906777,-362.5543768567232
Caelum-Dawn,308,164908.238,163374.555,Caelum,Dawn,-1533.683000000019,1533.683000000019,0.9906997793524419,0.94,1.0,0.9804744471744471,0.05446466415035868,-6484.057433327288
Caelum-Dawn,260,288665.948,293291.649,Caelum,Dawn,4625.701000000001,4625.701000000001,1.0160244082547623,1.58,0.9845,0.9804744471744471,0.05446466415035868,-6484.057433327288
Aegis-Boreas,222,65273.198,67273.587,Aegis,Boreas,2000.3890000000029,2000.3890000000029,1.0306464071210362,2.97,0.9711,0.9849621693121693,0.03408513950102227,-4121.568080328588
Elysium-Fenix,62,181301.511,176731.977,Elysium,Fenix,-4569.533999999985,4569.533999999985,0.9747959408898694,2.59,1.0,0.9777570719602977,0.055399164086247815,4312.254361379141
Aegis-Boreas,48,139492.87,144226.977,Aegis,Boreas,4734.107000000018,4734.107000000018,1.0339379855042055,3.28,0.9682,0.9849621693121693,0.03408513950102227,-4121.568080328588
Aegis-Dawn,73,181051.24749094708,131746.899,Aegis,Dawn,-49304.34849094707,49304.34849094707,0.7276773887271205,37.42,1.0,0.9844383292383293,0.0367757216063089,-2180.4743005156975
Aegis-Elysium,236,164584.236,157743.697,Aegis,Elysium,-6840.539000000019,6840.539000000019,0.9584374593445266,4.34,1.0,0.7958968831168831,0.13151929136319288,77214.95699135585
Dawn-Elysium,61,351872.994,341149.897,Dawn,Elysium,-10723.097000000009,10723.097000000009,0.9695256607274612,3.14,1.0,0.9839219696969698,0.04028966443660543,-3087.7173304880284
Elysium-Fenix,315,307542.948,314331.588,Elysium,Fenix,6788.640000000014,6788.640000000014,1.0220737950395142,2.16,0.9789,0.9777570719602977,0.055399164086247815,4312.254361379141
Dawn-Fenix,389,75478.716,73829.738,Dawn,Fenix,-1648.9780000000028,1648.9780000000028,0.9781530729802027,2.23,1.0,0.9823136476426799,0.04646098172906777,-362.5543768567232
Boreas-Elysium,282,301493.12,290228.873,Boreas,Elysium,-11264.246999999974,11264.246999999974,0.9626384608710143,3.88,1.0,0.9804581280788177,0.05527648369623914,-1839.5134922540726
Caelum-Fenix,78,280560.257,267670.399,Caelum,Fenix,-12889.858000000007,12889.858000000007,0.9540567215833424,4.82,1.0,0.9796862650602409,0.04873557984945812,1731.907948738127
Aegis-Boreas,267,59914.342,59222.928,Aegis,Boreas,-691.413999999997,691.413999999997,0.9884599583852561,1.17,1.0,0.9849621693121693,0.03408513950102227,-4121.568080328588
Aegis-Elysium,104,96371.63,156203.658,Aegis,Elysium,59832.02799999999,59832.02799999999,1.6208469027658865,38.3,0.723,0.7958968831168831,0.13151929136319288,77214.95699135585
Boreas-Elysium,305,259204.608,260551.438,Boreas,Elysium,1346.8299999999872,1346.8299999999872,1.0051960110215323,0.52,0.9949,0.9804581280788177,0.05527648369623914,-1839.5134922540726
Dawn-Fenix,117,74081.612,73381.51,Dawn,Fenix,-700.101999999999,700.101999999999,0.9905495846931625,0.95,1.0,0.9823136476426799,0.04646098172906777,-362.5543768567232
Boreas-Dawn,435,539411.563,242357.019,Boreas,Dawn,-297054.544,297054.544,0.4492988946178746,122.57,1.0,0.9791679389312977,0.052929740107363066,-992.1216852668913
Aegis-Boreas,386,68378.357,70170.814,Aegis,Boreas,1792.4569999999949,1792.4569999999949,1.0262138062194153,2.55,0.9751,0.9849621693121693,0.03408513950102227,-4121.568080328588
Boreas-Dawn,201,126345.757,125048.801,Boreas,Dawn,-1296.955999999991,1296.955999999991,0.9897348669967604,1.04,1.0,0.9791679389312977,0.052929740107363066,-992.1216852668913
Boreas-Dawn,128,99977.518,101390.181,Boreas,Dawn,1412.6630000000005,1412.6630000000005,1.014129806663134,1.39,0.9863,0.9791679389312977,0.052929740107363066,-992.1216852668913
Caelum-Dawn,200,342850.843,338387.637,Caelum,Dawn,-4463.206000000006,4463.206000000006,0.9869820766344156,1.32,1.0,0.9804744471744471,0.05446466415035868,-6484.057433327288
Boreas-Fenix,214,228183.723,422378.993,Boreas,Fenix,194195.27000000002,194195.27000000002,1.8510478637426737,45.98,0.685,0.8068014354066986,0.13514659878591953,61601.108196475456
Boreas-Fenix,486,121514.87,197248.56,Boreas,Fenix,75733.69,75733.69,1.6232462743037128,38.4,0.7226,0.8068014354066986,0.13514659878591953,61601.108196475456
Dawn-Fenix,245,76173.225,75574.195,Dawn,Fenix,-599.0299999999988,599.0299999999988,0.9921359506572027,0.79,1.0,0.9823136476426799,0.04646098172906777,-362.5543768567232
Boreas-Dawn,63,181051.24749094708,101083.702,Boreas,Dawn,-79967.54549094707,79967.54549094707,0.558315412905699,79.11,1.0,0.9791679389312977,0.052929740107363066,-992.1216852668913
Caelum-Elysium,78,458330.671,444090.812,Caelum,Elysium,-14239.858999999997,14239.858999999997,0.9689310362561357,3.21,1.0,0.9780398457583547,0.06003094589396874,1753.5802267796134
Aegis-Boreas,209,79899.149,77366.876,Aegis,Boreas,-2532.273000000001,2532.273000000001,0.9683066336538828,3.27,1.0,0.9849621693121693,0.03408513950102227,-4121.568080328588
Aegis-Dawn,409,220746.934,220123.903,Aegis,Dawn,-623.0310000000172,623.0310000000172,0.9971776233141249,0.28,1.0,0.9844383292383293,0.0367757216063089,-2180.4743005156975
Aegis-Elysium,289,218148.76,322575.916,Aegis,Elysium,104427.15600000002,104427.15600000002,1.4786969955731126,32.37,0.7554,0.7958968831168831,0.13151929136319288,77214.95699135585
Dawn-Elysium,28,107877.738,107396.706,Dawn,Elysium,-481.03199999999197,481.03199999999197,0.9955409521100638,0.45,1.0,0.9839219696969698,0.04028966443660543,-3087.7173304880284
Dawn-Elysium,452,112358.38,112345.741,Dawn,Elysium,-12.639000000010128,12.639000000010128,0.9998875117280971,0.01,1.0,0.9839219696969698,0.04028966443660543,-3087.7173304880284
Boreas-Dawn,342,116274.439,112125.564,Boreas,Dawn,-4148.875,4148.875,0.9643182539887378,3.7,1.0,0.9791679389312977,0.052929740107363066,-992.1216852668913
Boreas-Elysium,497,203493.556,201021.048,Boreas,Elysium,-2472.5080000000016,2472.5080000000016,0.9878496987884963,1.23,1.0,0.9804581280788177,0.05527648369623914,-1839.5134922540726
Dawn-Elysium,404,143877.904,149423.627,Dawn,Elysium,5545.722999999998,5545.722999999998,1.0385446468555728,3.71,0.9642,0.9839219696969698,0.04028966443660543,-3087.7173304880284
Caelum-Fenix,323,130485.363,130607.011,Caelum,Fenix,121.64800000000105,121.64800000000105,1.000932273146989,0.09,0.9991,0.9796862650602409,0.04873557984945812,1731.907948738127
Aegis-Dawn,458,126112.98,122132.644,Aegis,Dawn,-3980.3359999999957,3980.3359999999957,0.9684383320416344,3.26,1.0,0.9844383292383293,0.0367757216063089,-2180.4743005156975
Boreas-Dawn,293,133836.018,127912.709,Boreas,Dawn,-5923.309000000008,5923.309000000008,0.9557420409803286,4.63,1.0,0.9791679389312977,0.052929740107363066,-992.1216852668913
Boreas-Elysium,88,206042.528,198471.239,Boreas,Elysium,-7571.28899999999,7571.28899999999,0.9632537560401123,3.81,1.0,0.9804581280788177,0.05527648369623914,-1839.5134922540726
Boreas-Fenix,202,121456.25,269583.2,Boreas,Fenix,148126.95,148126.95,2.2195910049915093,54.95,0.6454,0.8068014354066986,0.13514659878591953,61601.108196475456
Aegis-Boreas,331,86500.585,86008.27,Aegis,Boreas,-492.3150000000023,492.3150000000023,0.9943085356012332,0.57,1.0,0.9849621693121693,0.03408513950102227,-4121.568080328588
Caelum-Dawn,334,125060.888,128044.904,Caelum,Dawn,2984.0159999999887,2984.0159999999887,1.023860505452352,2.33,0.9772,0.9804744471744471,0.05446466415035868,-6484.057433327288
Caelum-Elysium,381,215668.956,213073.614,Caelum,Elysium,-2595.342000000004,2595.342000000004,0.9879660844651188,1.22,1.0,0.9780398457583547,0.06003094589396874,1753.5802267796134
Boreas-Fenix,491,112427.471,202672.157,Boreas,Fenix,90244.686,90244.686,1.8026924842950527,44.53,0.6919,0.8068014354066986,0.13514659878591953,61601.108196475456
Boreas-Elysium,459,114004.513,110066.259,Boreas,Elysium,-3938.254000000001,3938.254000000001,0.9654552798273872,3.58,1.0,0.9804581280788177,0.05527648369623914,-1839.5134922540726
Boreas-Dawn,274,71399.62,73435.011,Boreas,Dawn,2035.3910000000033,2035.3910000000033,1.028507028468779,2.77,0.973,0.9791679389312977,0.052929740107363066,-992.1216852668913
Caelum-Fenix,211,129751.187,127003.086,Caelum,Fenix,-2748.1010000000097,2748.1010000000097,0.9788202245887738,2.16,1.0,0.9796862650602409,0.04873557984945812,1731.907948738127
Dawn-Elysium,241,181051.24749094708,113076.079,Dawn,Elysium,-67975.16849094708,67975.16849094708,0.6245528852578275,60.11,1.0,0.9839219696969698,0.04028966443660543,-3087.7173304880284
Caelum-Fenix,151,204456.578,204387.432,Caelum,Fenix,-69.14600000000792,69.14600000000792,0.999661805941015,0.03,1.0,0.9796862650602409,0.04873557984945812,1731.907948738127
Caelum-Fenix,163,328375.324,342274.056,Caelum,Fenix,13898.73199999996,13898.73199999996,1.0423257503965186,4.06,0.961,0.9796862650602409,0.04873557984945812,1731.907948738127
Dawn-Elysium,367,114728.279,110411.427,Dawn,Elysium,-4316.851999999999,4316.851999999999,0.9623732523696272,3.91,1.0,0.9839219696969698,0.04028966443660543,-3087.7173304880284
Dawn-Fenix,290,119335.526,115931.733,Dawn,Fenix,-3403.793000000005,3403.793000000005,0.971477119060086,2.94,1.0,0.9823136476426799,0.04646098172906777,-362.5543768567232
Caelum-Elysium,265,75452.465,161386.546,Caelum,Elysium,85934.081,85934.081,2.1389168133870777,53.25,0.6525,0.9780398457583547,0.06003094589396874,1753.5802267796134
Boreas-Fenix,309,133306.1,196831.869,Boreas,Fenix,63525.769,63525.769,1.4765406009177375,32.27,0.756,0.8068014354066986,0.13514659878591953,61601.108196475456
Boreas-Dawn,210,69701.587,72901.468,Boreas,Dawn,3199.880999999994,3199.880999999994,1.0459082947422702,4.39,0.958,0.9791679389312977,0.052929740107363066,-992.1216852668913
Dawn-Elysium,79,146704.24,140084.574,Dawn,Elysium,-6619.665999999997,6619.665999999997,0.9548774732073183,4.73,1.0,0.9839219696969698,0.04028966443660543,-3087.7173304880284
Boreas-Elysium,478,111022.415,107350.763,Boreas,Elysium,-3671.6519999999873,3671.6519999999873,0.9669287323645411,3.42,1.0,0.9804581280788177,0.05527648369623914,-1839.5134922540726
Aegis-Elysium,366,682730.276,1159682.855,Aegis,Elysium,476952.579,476952.579,1.6985959108103184,41.13,0.7086,0.7958968831168831,0.13151929136319288,77214.95699135585
Aegis-Boreas,173,58461.218,61264.192,Aegis,Boreas,2802.974000000002,2802.974000000002,1.0479458707138123,4.58,0.9562,0.9849621693121693,0.03408513950102227,-4121.568080328588
Caelum-Fenix,39,226564.663,215978.729,Caelum,Fenix,-10585.934000000008,10585.934000000008,0.9532763235897912,4.9,1.0,0.9796862650602409,0.04873557984945812,1731.907948738127
Caelum-Fenix,419,122420.212,124359.076,Caelum,Fenix,1938.8640000000014,1938.8640000000014,1.0158377768533844,1.56,0.9846,0.9796862650602409,0.04873557984945812,1731.907948738127
Caelum-Fenix,443,107256.34,109387.181,Caelum,Fenix,2130.8410000000003,2130.8410000000003,1.0198668069412027,1.95,0.9809,0.9796862650602409,0.04873557984945812,1731.907948738127
Elysium-Fenix,497,590520.512,620312.139,Elysium,Fenix,29791.62699999998,29791.62699999998,1.0504497750621742,4.8,0.9542,0.9777570719602977,0.055399164086247815,4312.254361379141
Caelum-Fenix,92,145340.363,149320.85,Caelum,Fenix,3980.4869999999937,3980.4869999999937,1.02738734731246,2.67,0.974,0.9796862650602409,0.04873557984945812,1731.907948738127
Boreas-Dawn,452,71429.884,74901.944,Boreas,Dawn,3472.0599999999977,3472.0599999999977,1.04860794678037,4.64,0.9557,0.9791679389312977,0.052929740107363066,-992.1216852668913
Caelum-Dawn,203,148405.582,149788.398,Caelum,Dawn,1382.8159999999916,1382.8159999999916,1.0093178166303745,0.92,0.9909,0.9804744471744471,0.05446466415035868,-6484.057433327288
Caelum-Dawn,353,117695.992,114443.351,Caelum,Dawn,-3252.6410000000033,3252.6410000000033,0.9723640461775452,2.84,1.0,0.9804744471744471,0.05446466415035868,-6484.057433327288
Boreas-Elysium,36,110387.09,115006.195,Boreas,Elysium,4619.1050000000105,4619.1050000000105,1.0418446124451692,4.02,0.9614,0.9804581280788177,0.05527648369623914,-1839.5134922540726
Caelum-Elysium,378,140172.255,137803.032,Caelum,Elysium,-2369.222999999998,2369.222999999998,0.9830977749484019,1.72,1.0,0.9780398457583547,0.06003094589396874,1753.5802267796134
Caelum-Fenix,400,317641.964,304066.425,Caelum,Fenix,-13575.53899999999,13575.53899999999,0.9572615065432601,4.46,1.0,0.9796862650602409,0.04873557984945812,1731.907948738127
Aegis-Boreas,18,47586.532,135005.159,Aegis,Boreas,87418.62700000001,87418.62700000001,2.8370455531409604,64.75,0.607,0.9849621693121693,0.03408513950102227,-4121.568080328588
Aegis-Boreas,0,69804.794,70246.059,Aegis,Boreas,441.2649999999994,441.2649999999994,1.0063214139705075,0.63,0.9938,0.9849621693121693,0.03408513950102227,-4121.568080328588
Boreas-Elysium,174,167833.994,164972.827,Boreas,Elysium,-2861.167000000016,2861.167000000016,0.9829523987851948,1.73,1.0,0.9804581280788177,0.05527648369623914,-1839.5134922540726
Aegis-Elysium,356,868697.302,1647639.954,Aegis,Elysium,778942.6519999999,778942.6519999999,1.8966790275584393,47.28,0.679,0.7958968831168831,0.13151929136319288,77214.95699135585
Elysium-Fenix,76,312808.077,321352.067,Elysium,Fenix,8543.98999999999,8543.98999999999,1.027313840748428,2.66,0.9741,0.9777570719602977,0.055399164086247815,4312.254361379141
Dawn-Elysium,272,182061.794,179269.323,Dawn,Elysium,-2792.4709999999905,2792.4709999999905,0.9846619604330605,1.56,1.0,0.9839219696969698,0.04028966443660543,-3087.7173304880284
Caelum-Dawn,159,415297.388,414513.125,Caelum,Dawn,-784.2629999999772,784.2629999999772,0.9981115628880383,0.19,1.0,0.9804744471744471,0.05446466415035868,-6484.057433327288
Aegis-Boreas,396,92967.862,89236.741,Aegis,Boreas,-3731.120999999999,3731.120999999999,0.9598665504429907,4.18,1.0,0.9849621693121693,0.03408513950102227,-4121.568080328588
Dawn-Elysium,7,102141.707,105389.002,Dawn,Elysium,3247.2949999999983,3247.2949999999983,1.0317920572837107,3.08,0.9701,0.9839219696969698,0.04028966443660543,-3087.7173304880284
Caelum-Dawn,341,115950.928,117092.146,Caelum,Dawn,1141.2179999999935,1141.2179999999935,1.0098422498179573,0.97,0.9903,0.9804744471744471,0.05446466415035868,-6484.057433327288
Boreas-Dawn,312,118634.223,114770.032,Boreas,Dawn,-3864.1909999999916,3864.1909999999916,0.9674276873714595,3.37,1.0,0.9791679389312977,0.052929740107363066,-992.1216852668913
Caelum-Elysium,396,447149.896,429605.571,Caelum,Elysium,-17544.32500000001,17544.32500000001,0.96076410806098,4.08,1.0,0.9780398457583547,0.06003094589396874,1753.5802267796134
Caelum-Fenix,349,490599.434,469406.355,Caelum,Fenix,-21193.079000000027,21193.079000000027,0.9568016643900163,4.51,1.0,0.9796862650602409,0.04873557984945812,1731.907948738127
Aegis-Dawn,316,118561.401,121203.271,Aegis,Dawn,2641.8699999999953,2641.8699999999953,1.0222827157718892,2.18,0.9787,0.9844383292383293,0.0367757216063089,-2180.4743005156975
Boreas-Dawn,72,125093.318,127813.633,Boreas,Dawn,2720.3150000000023,2720.3150000000023,1.0217462854410817,2.13,0.9792,0.9791679389312977,0.052929740107363066,-992.1216852668913
Dawn-Elysium,230,159951.624,165806.766,Dawn,Elysium,5855.141999999993,5855.141999999993,1.0366057052349777,3.53,0.9659,0.9839219696969698,0.04028966443660543,-3087.7173304880284
Boreas-Dawn,300,114753.82,112667.346,Boreas,Dawn,-2086.474000000002,2086.474000000002,0.9818178253238106,1.85,1.0,0.9791679389312977,0.052929740107363066,-992.1216852668913
Boreas-Elysium,280,285144.036,273842.957,Boreas,Elysium,-11301.079000000027,11301.079000000027,0.9603671212677931,4.13,1.0,0.9804581280788177,0.05527648369623914,-1839.5134922540726
Dawn-Fenix,58,106678.128,111188.871,Dawn,Fenix,4510.743000000002,4510.743000000002,1.0422836722444173,4.06,0.961,0.9823136476426799,0.04646098172906777,-362.5543768567232
Elysium-Fenix,321,632153.479,638651.749,Elysium,Fenix,6498.269999999902,6498.269999999902,1.0102795764254584,1.02,0.9899,0.9777570719602977,0.055399164086247815,4312.254361379141
Caelum-Elysium,410,128025.741,128045.679,Caelum,Elysium,19.938000000009197,19.938000000009197,1.0001557343065877,0.02,0.9998,0.9780398457583547,0.06003094589396874,1753.5802267796134
Dawn-Elysium,35,113822.397,108595.961,Dawn,Elysium,-5226.4360000000015,5226.4360000000015,0.9540825343890799,4.81,1.0,0.9839219696969698,0.04028966443660543,-3087.7173304880284
Dawn-Fenix,144,73663.545,70369.576,Dawn,Fenix,-3293.9689999999973,3293.9689999999973,0.9552835938047782,4.68,1.0,0.9823136476426799,0.04646098172906777,-362.5543768567232
Dawn-Fenix,171,81939.609,80492.001,Dawn,Fenix,-1447.607999999993,1447.607999999993,0.9823332327592631,1.8,1.0,0.9823136476426799,0.04646098172906777,-362.5543768567232
Caelum-Fenix,395,181051.24749094708,121693.231,Caelum,Fenix,-59358.01649094708,59358.01649094708,0.6721479839904716,48.78,1.0,0.9796862650602409,0.04873557984945812,1731.907948738127
Caelum-Fenix,155,192151.591,189088.766,Caelum,Fenix,-3062.8249999999825,3062.8249999999825,0.9840603713762641,1.62,1.0,0.9796862650602409,0.04873557984945812,1731.907948738127
Caelum-Elysium,335,129899.501,135172.1,Caelum,Elysium,5272.599000000002,5272.599000000002,1.0405898325968166,3.9,0.9625,0.9780398457583547,0.06003094589396874,1753.5802267796134
Dawn-Elysium,231,121092.865,116387.659,Dawn,Elysium,-4705.206000000006,4705.206000000006,0.9611438213143276,4.04,1.0,0.9839219696969698,0.04028966443660543,-3087.7173304880284
Dawn-Fenix,337,181051.24749094708,69530.58,Dawn,Fenix,-111520.66749094707,111520.66749094707,0.3840381160780274,160.39,1.0,0.9823136476426799,0.04646098172906777,-362.5543768567232
Aegis-Dawn,54,181051.24749094708,146085.211,Aegis,Dawn,-34966.036490947066,34966.036490947066,0.806872159261452,23.94,1.0,0.9844383292383293,0.0367757216063089,-2180.4743005156975
Aegis-Elysium,159,222610.849,361400.429,Aegis,Elysium,138789.58000000002,138789.58000000002,1.623462785499731,38.4,0.7225,0.7958968831168831,0.13151929136319288,77214.95699135585
Aegis-Elysium,213,730577.337,724466.358,Aegis,Elysium,-6110.97900000005,6110.97900000005,0.9916354112145145,0.84,1.0,0.7958968831168831,0.13151929136319288,77214.95699135585
Caelum-Fenix,32,245833.401,240255.862,Caelum,Fenix,-5577.539000000019,5577.539000000019,0.9773117120077592,2.32,1.0,0.9796862650602409,0.04873557984945812,1731.907948738127
Aegis-Elysium,325,74618.148,178258.31,Aegis,Elysium,103640.162,103640.162,2.3889404223755326,58.14,0.6323,0.7958968831168831,0.13151929136319288,77214.95699135585
Caelum-Dawn,286,114233.734,113743.82,Caelum,Dawn,-489.91399999998976,489.91399999998976,0.995711301882157,0.43,1.0,0.9804744471744471,0.05446466415035868,-6484.057433327288
Caelum-Dawn,349,66522.088,121020.567,Caelum,Dawn,54498.47899999999,54498.47899999999,1.8192538845142683,45.03,0.6895,0.9804744471744471,0.05446466415035868,-6484.057433327288
Aegis-Dawn,200,119870.53,120287.636,Aegis,Dawn,417.10599999999977,417.10599999999977,1.003479637572304,0.35,0.9965,0.9844383292383293,0.0367757216063089,-2180.4743005156975
Boreas-Fenix,200,186593.202,333762.432,Boreas,Fenix,147169.22999999998,147169.22999999998,1.788716997310545,44.09,0.694,0.8068014354066986,0.13514659878591953,61601.108196475456
Caelum-Fenix,293,163921.106,166338.656,Caelum,Fenix,2417.5499999999884,2417.5499999999884,1.0147482533457284,1.45,0.9857,0.9796862650602409,0.04873557984945812,1731.907948738127
Boreas-Dawn,347,127731.105,132469.621,Boreas,Dawn,4738.516000000018,4738.516000000018,1.037097588719678,3.58,0.9655,0.9791679389312977,0.052929740107363066,-992.1216852668913
Caelum-Fenix,406,258059.837,270742.285,Caelum,Fenix,12682.447999999975,12682.447999999975,1.0491453770855477,4.68,0.9553,0.9796862650602409,0.04873557984945812,1731.907948738127
Elysium-Fenix,134,171702.672,175822.671,Elysium,Fenix,4119.999000000011,4119.999000000011,1.0239949614761965,2.34,0.9771,0.9777570719602977,0.055399164086247815,4312.254361379141
Aegis-Elysium,455,110159.305,191747.482,Aegis,Elysium,81588.177,81588.177,1.7406380877221401,42.55,0.7015,0.7958968831168831,0.13151929136319288,77214.95699135585
Dawn-Fenix,19,85290.325,85699.222,Dawn,Fenix,408.8969999999972,408.8969999999972,1.0047941780031908,0.48,0.9953,0.9823136476426799,0.04646098172906777,-362.5543768567232
Elysium-Fenix,114,288204.62,286365.748,Elysium,Fenix,-1838.871999999974,1838.871999999974,0.9936195609910765,0.64,1.0,0.9777570719602977,0.055399164086247815,4312.254361379141
Caelum-Fenix,127,142856.467,139727.224,Caelum,Fenix,-3129.2430000000168,3129.2430000000168,0.9780951953683692,2.24,1.0,0.9796862650602409,0.04873557984945812,1731.907948738127
Aegis-Dawn,366,161515.251,163085.793,Aegis,Dawn,1570.5420000000158,1570.5420000000158,1.0097238000144024,0.96,0.9905,0.9844383292383293,0.0367757216063089,-2180.4743005156975
Dawn-Elysium,84,102158.317,101252.629,Dawn,Elysium,-905.6879999999946,905.6879999999946,0.9911344663205445,0.89,1.0,0.9839219696969698,0.04028966443660543,-3087.7173304880284
Boreas-Dawn,144,76123.028,79656.401,Boreas,Dawn,3533.3729999999923,3533.3729999999923,1.0464166112782585,4.44,0.9575,0.9791679389312977,0.052929740107363066,-992.1216852668913
Boreas-Elysium,140,234218.709,226116.104,Boreas,Elysium,-8102.6050000000105,8102.6050000000105,0.9654058164926526,3.58,1.0,0.9804581280788177,0.05527648369623914,-1839.5134922540726
Caelum-Fenix,463,181051.24749094708,1526351.332,Caelum,Fenix,1345300.0845090528,1345300.0845090528,8.430493316961655,88.14,0.5315,0.9796862650602409,0.04873557984945812,1731.907948738127
Caelum-Elysium,488,219806.187,220711.799,Caelum,Elysium,905.6119999999937,905.6119999999937,1.004120047812849,0.41,0.9959,0.9780398457583547,0.06003094589396874,1753.5802267796134
Aegis-Elysium,490,247950.004,211242.288,Aegis,Elysium,-36707.715999999986,36707.715999999986,0.8519551707690233,17.38,1.0,0.7958968831168831,0.13151929136319288,77214.95699135585
Elysium-Fenix,6,174899.152,171025.81,Elysium,Fenix,-3873.342000000004,3873.342000000004,0.9778538548889019,2.26,1.0,0.9777570719602977,0.055399164086247815,4312.254361379141
Aegis-Dawn,229,121445.07,127730.136,Aegis,Dawn,6285.065999999992,6285.065999999992,1.051752335438565,4.92,0.9531,0.9844383292383293,0.0367757216063089,-2180.4743005156975
Dawn-Elysium,82,162204.679,155909.863,Dawn,Elysium,-6294.815999999992,6294.815999999992,0.9611921429220918,4.04,1.0,0.9839219696969698,0.04028966443660543,-3087.7173304880284
Caelum-Dawn,499,544940.329,537431.452,Caelum,Dawn,-7508.876999999979,7508.876999999979,0.9862207353715603,1.4,1.0,0.9804744471744471,0.05446466415035868,-6484.057433327288
Boreas-Fenix,120,170237.656,164857.309,Boreas,Fenix,-5380.34699999998,5380.34699999998,0.9683950829304183,3.26,1.0,0.8068014354066986,0.13514659878591953,61601.108196475456
Boreas-Dawn,436,103005.757,99481.963,Boreas,Dawn,-3523.7939999999944,3523.7939999999944,0.9657903198556175,3.54,1.0,0.9791679389312977,0.052929740107363066,-992.1216852668913
Elysium-Fenix,51,333767.59,340285.052,Elysium,Fenix,6517.4619999999995,6517.4619999999995,1.019526946879414,1.92,0.9812,0.9777570719602977,0.055399164086247815,4312.254361379141
Aegis-Elysium,110,161751.464,156139.184,Aegis,Elysium,-5612.279999999999,5612.279999999999,0.965303065201314,3.59,1.0,0.7958968831168831,0.13151929136319288,77214.95699135585
Dawn-Elysium,370,101890.814,102723.393,Dawn,Elysium,832.5789999999979,832.5789999999979,1.0081712861769854,0.81,0.992,0.9839219696969698,0.04028966443660543,-3087.7173304880284
Dawn-Fenix,360,75036.903,74774.354,Dawn,Fenix,-262.54899999999907,262.54899999999907,0.9965010682810297,0.35,1.0,0.9823136476426799,0.04646098172906777,-362.5543768567232
Boreas-Elysium,394,181051.24749094708,148626.076,Boreas,Elysium,-32425.171490947076,32425.171490947076,0.8209061139301546,21.82,1.0,0.9804581280788177,0.05527648369623914,-1839.5134922540726
Aegis-Elysium,185,183061.011,256313.524,Aegis,Elysium,73252.513,73252.513,1.4001535477153024,28.58,0.7777,0.7958968831168831,0.13151929136319288,77214.95699135585
Boreas-Elysium,7,112361.033,112873.396,Boreas,Elysium,512.3629999999976,512.3629999999976,1.0045599705371167,0.45,0.9955,0.9804581280788177,0.05527648369623914,-1839.5134922540726
Aegis-Boreas,193,97791.342,93201.594,Aegis,Boreas,-4589.748000000007,4589.748000000007,0.9530659063866819,4.92,1.0,0.9849621693121693,0.03408513950102227,-4121.568080328588
Boreas-Dawn,15,95610.143,98305.52,Boreas,Dawn,2695.3770000000077,2695.3770000000077,1.028191329030854,2.74,0.9733,0.9791679389312977,0.052929740107363066,-992.1216852668913
Aegis-Dawn,78,210495.638,206949.964,Aegis,Dawn,-3545.673999999999,3545.673999999999,0.9831555939415714,1.71,1.0,0.9844383292383293,0.0367757216063089,-2180.4743005156975
Boreas-Elysium,123,96343.224,99470.578,Boreas,Elysium,3127.353999999992,3127.353999999992,1.0324605495867565,3.14,0.9695,0.9804581280788177,0.05527648369623914,-1839.5134922540726
Aegis-Elysium,429,162979.748,156631.183,Aegis,Elysium,-6348.565000000002,6348.565000000002,0.9610469087238986,4.05,1.0,0.7958968831168831,0.13151929136319288,77214.95699135585
Aegis-Dawn,271,177765.647,172982.074,Aegis,Dawn,-4783.573000000004,4783.573000000004,0.9730905656929316,2.77,1.0,0.9844383292383293,0.0367757216063089,-2180.4743005156975
Dawn-Fenix,205,95496.103,100384.171,Dawn,Fenix,4888.067999999999,4888.067999999999,1.0511860468274816,4.87,0.9536,0.9823136476426799,0.04646098172906777,-362.5543768567232
Boreas-Elysium,395,126270.495,120892.54,Boreas,Elysium,-5377.955000000002,5377.955000000002,0.9574092506725344,4.45,1.0,0.9804581280788177,0.05527648369623914,-1839.5134922540726
Elysium-Fenix,441,232341.597,231842.053,Elysium,Fenix,-499.5439999999944,499.5439999999944,0.9978499588259265,0.22,1.0,0.9777570719602977,0.055399164086247815,4312.254361379141
Boreas-Dawn,346,74616.387,73117.003,Boreas,Dawn,-1499.3840000000055,1499.3840000000055,0.9799054328374275,2.05,1.0,0.9791679389312977,0.052929740107363066,-992.1216852668913
Aegis-Boreas,131,63673.958,63364.073,Aegis,Boreas,-309.88500000000204,309.88500000000204,0.9951332536921923,0.49,1.0,0.9849621693121693,0.03408513950102227,-4121.568080328588
Aegis-Boreas,178,79499.591,80168.201,Aegis,Boreas,668.6100000000006,668.6100000000006,1.0084102319469794,0.83,0.9917,0.9849621693121693,0.03408513950102227,-4121.568080328588
Dawn-Fenix,355,82897.58,79674.812,Dawn,Fenix,-3222.7679999999964,3222.7679999999964,0.9611234972118607,4.04,1.0,0.9823136476426799,0.04646098172906777,-362.5543768567232
Caelum-Elysium,309,764460.125,758759.119,Caelum,Elysium,-5701.006000000052,5701.006000000052,0.9925424416348726,0.75,1.0,0.9780398457583547,0.06003094589396874,1753.5802267796134
Caelum-Elysium,67,153468.268,157530.543,Caelum,Elysium,4062.274999999994,4062.274999999994,1.0264698041682467,2.58,0.9749,0.9780398457583547,0.06003094589396874,1753.5802267796134
Boreas-Fenix,80,180098.464,181916.822,Boreas,Fenix,1818.3579999999783,1818.3579999999783,1.0100964658976768,1.0,0.9901,0.8068014354066986,0.13514659878591953,61601.108196475456
Caelum-Elysium,125,149093.934,147980.158,Caelum,Elysium,-1113.7760000000126,1113.7760000000126,0.9925297027845545,0.75,1.0,0.9780398457583547,0.06003094589396874,1753.5802267796134
Caelum-Fenix,279,185601.137,177791.632,Caelum,Fenix,-7809.504999999976,7809.504999999976,0.9579231834123948,4.39,1.0,0.9796862650602409,0.04873557984945812,1731.907948738127
Boreas-Fenix,152,124624.914,209196.407,Boreas,Fenix,84571.493,84571.493,1.6786082355892338,40.43,0.7121,0.8068014354066986,0.13514659878591953,61601.108196475456
Caelum-Fenix,219,117630.184,121411.765,Caelum,Fenix,3781.5810000000056,3781.5810000000056,1.032148049687655,3.11,0.9698,0.9796862650602409,0.04873557984945812,1731.907948738127
Boreas-Elysium,73,151133.722,145322.667,Boreas,Elysium,-5811.055000000022,5811.055000000022,0.9615502422417677,4.0,1.0,0.9804581280788177,0.05527648369623914,-1839.5134922540726
Aegis-Dawn,158,182471.639,180965.483,Aegis,Dawn,-1506.1559999999881,1506.1559999999881,0.9917458076868593,0.83,1.0,0.9844383292383293,0.0367757216063089,-2180.4743005156975
Boreas-Dawn,396,81662.724,84285.062,Boreas,Dawn,2622.3380000000034,2622.3380000000034,1.0321118115041081,3.11,0.9698,0.9791679389312977,0.052929740107363066,-992.1216852668913
Caelum-Fenix,411,182601.04,178574.112,Caelum,Fenix,-4026.9280000000144,4026.9280000000144,0.9779468506860639,2.26,1.0,0.9796862650602409,0.04873557984945812,1731.907948738127
Caelum-Fenix,63,856712.252,840601.127,Caelum,Fenix,-16111.125,16111.125,0.9811942400002002,1.92,1.0,0.9796862650602409,0.04873557984945812,1731.907948738127
Boreas-Elysium,221,237801.924,241642.837,Boreas,Elysium,3840.9130000000005,3840.9130000000005,1.0161517322290463,1.59,0.9844,0.9804581280788177,0.05527648369623914,-1839.5134922540726
Elysium-Fenix,178,320749.387,333328.206,Elysium,Fenix,12578.819000000018,12578.819000000018,1.0392169697272096,3.77,0.9636,0.9777570719602977,0.055399164086247815,4312.254361379141
Boreas-Elysium,379,230964.583,122108.388,Boreas,Elysium,-108856.195,108856.195,0.5286887990095,89.15,1.0,0.9804581280788177,0.05527648369623914,-1839.5134922540726
Aegis-Elysium,447,113348.154,169353.857,Aegis,Elysium,56005.702999999994,56005.702999999994,1.4941033534608776,33.07,0.7515,0.7958968831168831,0.13151929136319288,77214.95699135585
Aegis-Boreas,342,67492.07,70569.811,Aegis,Boreas,3077.7409999999945,3077.7409999999945,1.0456015202971252,4.36,0.9582,0.9849621693121693,0.03408513950102227,-4121.568080328588
Caelum-Elysium,104,178291.845,177064.754,Caelum,Elysium,-1227.091000000015,1227.091000000015,0.9931175147130257,0.69,1.0,0.9780398457583547,0.06003094589396874,1753.5802267796134
Boreas-Fenix,27,622453.436,623845.039,Boreas,Fenix,1391.6030000000028,1391.6030000000028,1.0022356740593203,0.22,0.9978,0.8068014354066986,0.13514659878591953,61601.108196475456
Aegis-Dawn,227,167467.006,175075.774,Aegis,Dawn,7608.768000000011,7608.768000000011,1.0454344302303942,4.35,0.9584,0.9844383292383293,0.0367757216063089,-2180.4743005156975
Dawn-Elysium,222,142273.441,139815.628,Dawn,Elysium,-2457.8129999999946,2457.8129999999946,0.9827247237240857,1.76,1.0,0.9839219696969698,0.04028966443660543,-3087.7173304880284
Aegis-Dawn,476,120269.087,123311.836,Aegis,Dawn,3042.748999999996,3042.748999999996,1.0252995102556985,2.47,0.9759,0.9844383292383293,0.0367757216063089,-2180.4743005156975
Caelum-Elysium,114,124284.261,129475.388,Caelum,Elysium,5191.127000000008,5191.127000000008,1.0417681769053606,4.01,0.9615,0.9780398457583547,0.06003094589396874,1753.5802267796134
Caelum-Fenix,161,136219.469,137375.147,Caelum,Fenix,1155.6779999999853,1155.6779999999853,1.0084839414548004,0.84,0.9917,0.9796862650602409,0.04873557984945812,1731.907948738127
Boreas-Dawn,428,83255.433,81267.53,Boreas,Dawn,-1987.9030000000057,1987.9030000000057,0.9761228435386312,2.45,1.0,0.9791679389312977,0.052929740107363066,-992.1216852668913
Caelum-Elysium,194,294686.599,292144.403,Caelum,Elysium,-2542.1959999999963,2542.1959999999963,0.9913732215559623,0.87,1.0,0.9780398457583547,0.06003094589396874,1753.5802267796134
Elysium-Fenix,260,285386.328,298387.945,Elysium,Fenix,13001.617000000027,13001.617000000027,1.0455579532877974,4.36,0.9582,0.9777570719602977,0.055399164086247815,4312.254361379141
Aegis-Elysium,299,208335.838,209758.465,Aegis,Elysium,1422.6270000000077,1422.6270000000077,1.0068285275047109,0.68,0.9933,0.7958968831168831,0.13151929136319288,77214.95699135585
Caelum-Fenix,173,525169.224,505248.38,Caelum,Fenix,-19920.84400000004,19920.84400000004,0.9620677619905617,3.94,1.0,0.9796862650602409,0.04873557984945812,1731.907948738127
Elysium-Fenix,8,265744.755,260573.822,Elysium,Fenix,-5170.933000000019,5170.933000000019,0.9805417307295491,1.98,1.0,0.9777570719602977,0.055399164086247815,4312.254361379141
Aegis-Dawn,160,181051.24749094708,132055.536,Aegis,Dawn,-48995.711490947084,48995.711490947084,0.7293820828635993,37.1,1.0,0.9844383292383293,0.0367757216063089,-2180.4743005156975
Boreas-Dawn,290,74871.464,75396.078,Boreas,Dawn,524.6139999999868,524.6139999999868,1.0070068617864876,0.7,0.9931,0.9791679389312977,0.052929740107363066,-992.1216852668913
Caelum-Dawn,390,113781.241,115140.92,Caelum,Dawn,1359.6790000000037,1359.6790000000037,1.0119499399729697,1.18,0.9883,0.9804744471744471,0.05446466415035868,-6484.057433327288
Elysium-Fenix,433,326366.54,341486.288,Elysium,Fenix,15119.748000000021,15119.748000000021,1.0463275064900954,4.43,0.9576,0.9777570719602977,0.055399164086247815,4312.254361379141
Aegis-Boreas,493,181051.24749094708,76445.115,Aegis,Boreas,-104606.13249094707,104606.13249094707,0.4222291536755217,136.84,1.0,0.9849621693121693,0.03408513950102227,-4121.568080328588
Caelum-Dawn,112,272335.165,266050.767,Caelum,Dawn,-6284.3979999999865,6284.3979999999865,0.9769240303579598,2.36,1.0,0.9804744471744471,0.05446466415035868,-6484.057433327288
Dawn-Elysium,402,146047.453,139272.466,Dawn,Elysium,-6774.987000000023,6774.987000000023,0.9536110568117883,4.86,1.0,0.9839219696969698,0.04028966443660543,-3087.7173304880284
Dawn-Elysium,489,147691.864,152272.179,Dawn,Elysium,4580.315000000002,4580.315000000002,1.031012642646314,3.01,0.9708,0.9839219696969698,0.04028966443660543,-3087.7173304880284
Caelum-Elysium,326,146583.073,140838.481,Caelum,Elysium,-5744.592000000004,5744.592000000004,0.9608099906596992,4.08,1.0,0.9780398457583547,0.06003094589396874,1753.5802267796134
Elysium-Fenix,22,185681.718,193000.135,Elysium,Fenix,7318.417000000016,7318.417000000016,1.039413772550295,3.79,0.9635,0.9777570719602977,0.055399164086247815,4312.254361379141
Aegis-Elysium,85,103791.793,159823.777,Aegis,Elysium,56031.984,56031.984,1.5398498511341836,35.06,0.7404,0.7958968831168831,0.13151929136319288,77214.95699135585
Elysium-Fenix,162,238480.559,249542.025,Elysium,Fenix,11061.465999999986,11061.465999999986,1.046383093223125,4.43,0.9576,0.9777570719602977,0.055399164086247815,4312.254361379141
Aegis-Dawn,194,161868.018,157526.792,Aegis,Dawn,-4341.226000000024,4341.226000000024,0.9731804586623157,2.76,1.0,0.9844383292383293,0.0367757216063089,-2180.4743005156975
Aegis-Elysium,278,224638.867,235547.399,Aegis,Elysium,10908.532000000007,10908.532000000007,1.0485603054612984,4.63,0.9557,0.7958968831168831,0.13151929136319288,77214.95699135585
Caelum-Fenix,229,244871.483,252618.537,Caelum,Fenix,7747.054000000004,7747.054000000004,1.0316372241679117,3.07,0.9702,0.9796862650602409,0.04873557984945812,1731.907948738127
Boreas-Dawn,121,120051.218,122010.056,Boreas,Dawn,1958.8380000000034,1958.8380000000034,1.0163166857665702,1.61,0.9842,0.9791679389312977,0.052929740107363066,-992.1216852668913
Boreas-Fenix,61,207087.501,201403.129,Boreas,Fenix,-5684.372000000003,5684.372000000003,0.9725508687267417,2.82,1.0,0.8068014354066986,0.13514659878591953,61601.108196475456
Dawn-Fenix,184,167150.57,167505.215,Dawn,Fenix,354.6449999999895,354.6449999999895,1.002121709785375,0.21,0.9979,0.9823136476426799,0.04646098172906777,-362.5543768567232
Caelum-Fenix,8,179257.621,179137.276,Caelum,Fenix,-120.34500000000116,120.34500000000116,0.9993286477900987,0.07,1.0,0.9796862650602409,0.04873557984945812,1731.907948738127
Aegis-Boreas,67,143866.493,146355.179,Aegis,Boreas,2488.686000000016,2488.686000000016,1.0172985797325302,1.7,0.9833,0.9849621693121693,0.03408513950102227,-4121.568080328588
Caelum-Fenix,82,157142.563,165245.834,Caelum,Fenix,8103.271000000008,8103.271000000008,1.0515663665228625,4.9,0.9533,0.9796862650602409,0.04873557984945812,1731.907948738127
Dawn-Elysium,337,148776.762,143728.364,Dawn,Elysium,-5048.3979999999865,5048.3979999999865,0.9660672948373484,3.51,1.0,0.9839219696969698,0.04028966443660543,-3087.7173304880284
Boreas-Elysium,269,1443907.537,1455502.693,Boreas,Elysium,11595.155999999959,11595.155999999959,1.0080304006336107,0.8,0.9921,0.9804581280788177,0.05527648369623914,-1839.5134922540726
Elysium-Fenix,279,230544.753,224124.756,Elysium,Fenix,-6419.997000000003,6419.997000000003,0.9721529251199224,2.86,1.0,0.9777570719602977,0.055399164086247815,4312.254361379141
Dawn-Elysium,225,240183.863,237551.277,Dawn,Elysium,-2632.5860000000102,2632.5860000000102,0.9890392886219836,1.11,1.0,0.9839219696969698,0.04028966443660543,-3087.7173304880284
Aegis-Dawn,320,118848.929,119892.534,Aegis,Dawn,1043.604999999996,1043.604999999996,1.0087809373528305,0.87,0.9914,0.9844383292383293,0.0367757216063089,-2180.4743005156975
Aegis-Elysium,226,110968.626,195341.773,Aegis,Elysium,84373.14699999998,84373.14699999998,1.7603333486349555,43.19,0.6984,0.7958968831168831,0.13151929136319288,77214.95699135585
Boreas-Dawn,177,110818.295,111137.384,Boreas,Dawn,319.0890000000072,319.0890000000072,1.002879389183889,0.29,0.9971,0.9791679389312977,0.052929740107363066,-992.1216852668913
Dawn-Fenix,11,70304.187,71205.777,Dawn,Fenix,901.5899999999965,901.5899999999965,1.0128241295216172,1.27,0.9875,0.9823136476426799,0.04646098172906777,-362.5543768567232
Boreas-Fenix,367,473730.571,494142.417,Boreas,Fenix,20411.84600000002,20411.84600000002,1.0430874578284288,4.13,0.9603,0.8068014354066986,0.13514659878591953,61601.108196475456
Caelum-Fenix,376,103205.48,106812.707,Caelum,Fenix,3607.226999999999,3607.226999999999,1.0349518940273326,3.38,0.9673,0.9796862650602409,0.04873557984945812,1731.907948738127
Boreas-Elysium,367,126826.805,124865.592,Boreas,Elysium,-1961.2129999999888,1961.2129999999888,0.9845362894697222,1.57,1.0,0.9804581280788177,0.05527648369623914,-1839.5134922540726
Caelum-Fenix,25,158060.996,157682.883,Caelum,Fenix,-378.1130000000121,378.1130000000121,0.9976078032559025,0.24,1.0,0.9796862650602409,0.04873557984945812,1731.907948738127
Caelum-Elysium,421,436678.584,416715.575,Caelum,Elysium,-19963.00899999996,19963.00899999996,0.9542844331472872,4.79,1.0,0.9780398457583547,0.06003094589396874,1753.5802267796134
Boreas-Fenix,12,148489.23,156130.957,Boreas,Fenix,7641.726999999984,7641.726999999984,1.0514631734570916,4.89,0.9533,0.8068014354066986,0.13514659878591953,61601.108196475456
Boreas-Fenix,223,378594.21,397252.895,Boreas,Fenix,18658.684999999998,18658.684999999998,1.049284126664272,4.7,0.9551,0.8068014354066986,0.13514659878591953,61601.108196475456
Dawn-Fenix,343,70811.734,68111.647,Dawn,Fenix,-2700.0869999999995,2700.0869999999995,0.9618694975044673,3.96,1.0,0.9823136476426799,0.04646098172906777,-362.5543768567232
Dawn-Fenix,451,140988.773,145549.876,Dawn,Fenix,4561.103000000003,4561.103000000003,1.0323508241326422,3.13,0.9696,0.9823136476426799,0.04646098172906777,-362.5543768567232
Caelum-Fenix,434,139610.362,143785.581,Caelum,Fenix,4175.219000000012,4175.219000000012,1.0299062257284313,2.9,0.9718,0.9796862650602409,0.04873557984945812,1731.907948738127
Aegis-Elysium,143,144666.549,297391.304,Aegis,Elysium,152724.755,152724.755,2.0557019300985746,51.35,0.6607,0.7958968831168831,0.13151929136319288,77214.95699135585
Aegis-Boreas,397,100028.342,104140.766,Aegis,Boreas,4112.423999999999,4112.423999999999,1.0411125878703458,3.95,0.962,0.9849621693121693,0.03408513950102227,-4121.568080328588
Aegis-Dawn,286,112884.591,114643.99,Aegis,Dawn,1759.399000000005,1759.399000000005,1.0155858207432404,1.53,0.9849,0.9844383292383293,0.0367757216063089,-2180.4743005156975
Dawn-Fenix,139,213791.901,75535.587,Dawn,Fenix,-138256.314,138256.314,0.3533136037739802,183.03,1.0,0.9823136476426799,0.04646098172906777,-362.5543768567232
Caelum-Elysium,407,244134.647,233747.207,Caelum,Elysium,-10387.440000000002,10387.440000000002,0.9574520039345337,4.44,1.0,0.9780398457583547,0.06003094589396874,1753.5802267796134
Aegis-Elysium,398,89120.877,159303.901,Aegis,Elysium,70183.02400000002,70183.02400000002,1.787503740565749,44.06,0.6942,0.7958968831168831,0.13151929136319288,77214.95699135585
Boreas-Dawn,159,79088.042,75735.038,Boreas,Dawn,-3353.004000000001,3353.004000000001,0.957604159678147,4.43,1.0,0.9791679389312977,0.052929740107363066,-992.1216852668913
Elysium-Fenix,235,469789.545,488440.811,Elysium,Fenix,18651.266000000003,18651.266000000003,1.0397013220036644,3.82,0.9632,0.9777570719602977,0.055399164086247815,4312.254361379141
Boreas-Elysium,220,154082.005,152592.207,Boreas,Elysium,-1489.7980000000098,1489.7980000000098,0.9903311356832356,0.98,1.0,0.9804581280788177,0.05527648369623914,-1839.5134922540726
Aegis-Dawn,479,120174.231,119619.55,Aegis,Dawn,-554.6809999999969,554.6809999999969,0.9953843598965905,0.46,1.0,0.9844383292383293,0.0367757216063089,-2180.4743005156975
Boreas-Elysium,331,40458.978,100457.611,Boreas,Elysium,59998.633,59998.633,2.4829497917619174,59.73,0.6261,0.9804581280788177,0.05527648369623914,-1839.5134922540726
Aegis-Elysium,298,82350.158,154481.726,Aegis,Elysium,72131.568,72131.568,1.8759129278173334,46.69,0.6817,0.7958968831168831,0.13151929136319288,77214.95699135585
Dawn-Fenix,419,78110.882,75213.362,Dawn,Fenix,-2897.520000000004,2897.520000000004,0.9629050405550407,3.85,1.0,0.9823136476426799,0.04646098172906777,-362.5543768567232
Aegis-Boreas,82,137849.407,131823.213,Aegis,Boreas,-6026.194000000018,6026.194000000018,0.9562842225356833,4.57,1.0,0.9849621693121693,0.03408513950102227,-4121.568080328588
Caelum-Dawn,100,399109.417,418035.048,Caelum,Dawn,18925.630999999994,18925.630999999994,1.0474196553472954,4.53,0.9567,0.9804744471744471,0.05446466415035868,-6484.057433327288
Caelum-Dawn,481,270140.521,262661.675,Caelum,Dawn,-7478.84600000002,7478.84600000002,0.9723149789882873,2.85,1.0,0.9804744471744471,0.05446466415035868,-6484.057433327288
Dawn-Elysium,293,252210.336,247164.871,Dawn,Elysium,-5045.4649999999965,5045.4649999999965,0.9799950109895575,2.04,1.0,0.9839219696969698,0.04028966443660543,-3087.7173304880284
Dawn-Elysium,29,423289.83,408295.831,Dawn,Elysium,-14993.99900000001,14993.99900000001,0.9645774645707883,3.67,1.0,0.9839219696969698,0.04028966443660543,-3087.7173304880284
Elysium-Fenix,133,254166.774,246576.066,Elysium,Fenix,-7590.708000000013,7590.708000000013,0.9701349319561337,3.08,1.0,0.9777570719602977,0.055399164086247815,4312.254361379141
Elysium-Fenix,14,164607.094,170240.341,Elysium,Fenix,5633.246999999974,5633.246999999974,1.034222382906535,3.31,0.968,0.9777570719602977,0.055399164086247815,4312.254361379141
Boreas-Fenix,403,92682.539,152965.946,Boreas,Fenix,60283.40699999999,60283.40699999999,1.6504289551238986,39.41,0.7173,0.8068014354066986,0.13514659878591953,61601.108196475456
Aegis-Boreas,423,90552.814,87796.645,Aegis,Boreas,-2756.1689999999944,2756.1689999999944,0.9695628564342573,3.14,1.0,0.9849621693121693,0.03408513950102227,-4121.568080328588
Dawn-Fenix,189,91403.093,91341.047,Dawn,Fenix,-62.045999999987544,62.045999999987544,0.9993211827087735,0.07,1.0,0.9823136476426799,0.04646098172906777,-362.5543768567232
Boreas-Dawn,404,83945.73,81017.799,Boreas,Dawn,-2927.930999999997,2927.930999999997,0.9651211443393249,3.61,1.0,0.9791679389312977,0.052929740107363066,-992.1216852668913
Dawn-Fenix,439,181051.24749094708,200960.93,Dawn,Fenix,19909.682509052916,19909.682509052916,1.1099671103345943,9.91,0.9099,0.9823136476426799,0.04646098172906777,-362.5543768567232
Boreas-Dawn,30,137430.948,144622.468,Boreas,Dawn,7191.5199999999895,7191.5199999999895,1.0523282426895577,4.97,0.9526,0.9791679389312977,0.052929740107363066,-992.1216852668913
Caelum-Fenix,251,189868.279,196931.511,Caelum,Fenix,7063.231999999989,7063.231999999989,1.0372006953304715,3.59,0.9654,0.9796862650602409,0.04873557984945812,1731.907948738127
Boreas-Dawn,65,92021.237,96360.033,Boreas,Dawn,4338.796000000002,4338.796000000002,1.0471499421378132,4.5,0.9569,0.9791679389312977,0.052929740107363066,-992.1216852668913
Caelum-Fenix,436,181051.24749094708,125934.707,Caelum,Fenix,-55116.54049094708,55116.54049094708,0.6955749200584601,43.77,1.0,0.9796862650602409,0.04873557984945812,1731.907948738127
Boreas-Fenix,249,168728.79,160959.158,Boreas,Fenix,-7769.632000000012,7769.632000000012,0.9539519485678762,4.83,1.0,0.8068014354066986,0.13514659878591953,61601.108196475456
Aegis-Dawn,339,429369.646,449844.615,Aegis,Dawn,20474.968999999983,20474.968999999983,1.0476861119334924,4.55,0.9565,0.9844383292383293,0.0367757216063089,-2180.4743005156975
Aegis-Dawn,0,129736.394,135098.16,Aegis,Dawn,5361.766000000003,5361.766000000003,1.0413281565387118,3.97,0.9618,0.9844383292383293,0.0367757216063089,-2180.4743005156975
Caelum-Fenix,30,150925.289,146424.032,Caelum,Fenix,-4501.256999999983,4501.256999999983,0.9701755946281475,3.07,1.0,0.9796862650602409,0.04873557984945812,1731.907948738127
Aegis-Boreas,141,72024.048,73437.329,Aegis,Boreas,1413.2810000000027,1413.2810000000027,1.0196223489132408,1.92,0.9811,0.9849621693121693,0.03408513950102227,-4121.568080328588
Dawn-Elysium,449,123196.582,122785.592,Dawn,Elysium,-410.9899999999907,410.9899999999907,0.9966639496540578,0.33,1.0,0.9839219696969698,0.04028966443660543,-3087.7173304880284
Boreas-Fenix,105,396471.546,395948.162,Boreas,Fenix,-523.3839999999618,523.3839999999618,0.9986798951771435,0.13,1.0,0.8068014354066986,0.13514659878591953,61601.108196475456
Caelum-Elysium,5,149317.229,149585.523,Caelum,Elysium,268.2939999999944,268.2939999999944,1.001796805377362,0.18,0.9982,0.9780398457583547,0.06003094589396874,1753.5802267796134
Aegis-Elysium,377,224909.745,236623.966,Aegis,Elysium,11714.22099999999,11714.22099999999,1.0520840971119325,4.95,0.9528,0.7958968831168831,0.13151929136319288,77214.95699135585
Dawn-Elysium,161,216578.893,207064.899,Dawn,Elysium,-9513.994000000006,9513.994000000006,0.9560714626055458,4.59,1.0,0.9839219696969698,0.04028966443660543,-3087.7173304880284
Elysium-Fenix,382,190655.472,186641.012,Elysium,Fenix,-4014.460000000021,4014.460000000021,0.978943903587514,2.15,1.0,0.9777570719602977,0.055399164086247815,4312.254361379141
Boreas-Elysium,266,178594.748,185445.682,Boreas,Elysium,6850.934000000008,6850.934000000008,1.038360220984774,3.69,0.9644,0.9804581280788177,0.05527648369623914,-1839.5134922540726
Dawn-Fenix,340,70896.69,69657.45,Dawn,Fenix,-1239.2400000000052,1239.2400000000052,0.9825204815626793,1.78,1.0,0.9823136476426799,0.04646098172906777,-362.5543768567232
Aegis-Elysium,138,133123.839,244585.318,Aegis,Elysium,111461.47899999999,111461.47899999999,1.837276627817201,45.57,0.6869,0.7958968831168831,0.13151929136319288,77214.95699135585
Boreas-Elysium,257,120896.954,122260.747,Boreas,Elysium,1363.7930000000051,1363.7930000000051,1.0112806233315026,1.12,0.989,0.9804581280788177,0.05527648369623914,-1839.5134922540726
Dawn-Fenix,445,117177.834,112080.365,Dawn,Fenix,-5097.468999999997,5097.468999999997,0.956498009683299,4.55,1.0,0.9823136476426799,0.04646098172906777,-362.5543768567232
Boreas-Dawn,287,94962.928,92044.458,Boreas,Dawn,-2918.470000000001,2918.470000000001,0.9692672702762493,3.17,1.0,0.9791679389312977,0.052929740107363066,-992.1216852668913
Caelum-Elysium,134,171349.576,180323.734,Caelum,Elysium,8974.157999999996,8974.157999999996,1.0523733890068103,4.98,0.9526,0.9780398457583547,0.06003094589396874,1753.5802267796134
Aegis-Dawn,50,196823.752,204788.755,Aegis,Dawn,7965.002999999997,7965.002999999997,1.0404676921309781,3.89,0.9626,0.9844383292383293,0.0367757216063089,-2180.4743005156975
Aegis-Boreas,459,72477.578,69129.045,Aegis,Boreas,-3348.532999999996,3348.532999999996,0.9537990494108399,4.84,1.0,0.9849621693121693,0.03408513950102227,-4121.568080328588
Boreas-Elysium,19,91908.027,96177.057,Boreas,Elysium,4269.029999999999,4269.029999999999,1.0464489353035509,4.44,0.9575,0.9804581280788177,0.05527648369623914,-1839.5134922540726
Aegis-Dawn,448,181051.24749094708,125347.176,Aegis,Dawn,-55704.07149094707,55704.07149094707,0.6923298112390395,44.44,1.0,0.9844383292383293,0.0367757216063089,-2180.4743005156975
Caelum-Dawn,218,142143.839,138903.734,Caelum,Dawn,-3240.1050000000105,3240.1050000000105,0.9772054489115071,2.33,1.0,0.9804744471744471,0.05446466415035868,-6484.057433327288
Dawn-Fenix,180,74855.069,72665.721,Dawn,Fenix,-2189.347999999998,2189.347999999998,0.9707521744452604,3.01,1.0,0.9823136476426799,0.04646098172906777,-362.5543768567232
Aegis-Dawn,32,181051.24749094708,128213.71,Aegis,Dawn,-52837.53749094707,52837.53749094707,0.7081625328564,41.21,1.0,0.9844383292383293,0.0367757216063089,-2180.4743005156975
Caelum-Elysium,342,127704.726,128300.506,Caelum,Elysium,595.7799999999988,595.7799999999988,1.004665293279749,0.46,0.9954,0.9780398457583547,0.06003094589396874,1753.5802267796134
Boreas-Dawn,329,181051.24749094708,71676.06,Boreas,Dawn,-109375.18749094708,109375.18749094708,0.39588824155207186,152.6,1.0,0.9791679389312977,0.052929740107363066,-992.1216852668913
Dawn-Fenix,406,185629.555,188258.08,Dawn,Fenix,2628.524999999994,2628.524999999994,1.014160056570733,1.4,0.9862,0.9823136476426799,0.04646098172906777,-362.5543768567232
Dawn-Fenix,292,86394.312,84127.12,Dawn,Fenix,-2267.19200000001,2267.19200000001,0.9737576242287801,2.69,1.0,0.9823136476426799,0.04646098172906777,-362.5543768567232
Dawn-Elysium,274,354212.583,340838.263,Dawn,Elysium,-13374.320000000007,13374.320000000007,0.9622421092815893,3.92,1.0,0.9839219696969698,0.04028966443660543,-3087.7173304880284
Caelum-Elysium,414,404294.037,392823.352,Caelum,Elysium,-11470.684999999998,11470.684999999998,0.971627864993715,2.92,1.0,0.9780398457583547,0.06003094589396874,1753.5802267796134
Boreas-Dawn,102,73761.56,75099.458,Boreas,Dawn,1337.898000000001,1337.898000000001,1.0181381467528616,1.78,0.9825,0.9791679389312977,0.052929740107363066,-992.1216852668913
Boreas-Elysium,238,509078.04,506944.807,Boreas,Elysium,-2133.2330000000075,2133.2330000000075,0.9958096149659097,0.42,1.0,0.9804581280788177,0.05527648369623914,-1839.5134922540726
Aegis-Dawn,139,190311.417,198973.057,Aegis,Dawn,8661.640000000014,8661.640000000014,1.045512981493906,4.35,0.9583,0.9844383292383293,0.0367757216063089,-2180.4743005156975
Elysium-Fenix,292,186110.835,182924.887,Elysium,Fenix,-3185.948000000004,3185.948000000004,0.9828814480360587,1.74,1.0,0.9777570719602977,0.055399164086247815,4312.254361379141
Aegis-Dawn,467,137701.028,143273.633,Aegis,Dawn,5572.6050000000105,5572.6050000000105,1.0404688699927498,3.89,0.9626,0.9844383292383293,0.0367757216063089,-2180.4743005156975
Dawn-Fenix,66,150532.174,150015.5,Dawn,Fenix,-516.6739999999991,516.6739999999991,0.9965676839291513,0.34,1.0,0.9823136476426799,0.04646098172906777,-362.5543768567232
Caelum-Elysium,211,137212.83,135609.625,Caelum,Elysium,-1603.2049999999872,1603.2049999999872,0.9883159249758205,1.18,1.0,0.9780398457583547,0.06003094589396874,1753.5802267796134
Boreas-Dawn,183,61467.738,157127.195,Boreas,Dawn,95659.45700000001,95659.45700000001,2.5562547136515748,60.88,0.6216,0.9791679389312977,0.052929740107363066,-992.1216852668913
Boreas-Elysium,248,130170.208,128785.313,Boreas,Elysium,-1384.895000000004,1384.895000000004,0.9893608912417194,1.08,1.0,0.9804581280788177,0.05527648369623914,-1839.5134922540726
Caelum-Fenix,126,181051.24749094708,125735.28,Caelum,Fenix,-55315.96749094708,55315.96749094708,0.6944734253006847,43.99,1.0,0.9796862650602409,0.04873557984945812,1731.907948738127
Dawn-Fenix,359,74699.085,75270.887,Dawn,Fenix,571.801999999996,571.801999999996,1.0076547390105246,0.76,0.9925,0.9823136476426799,0.04646098172906777,-362.5543768567232
Caelum-Dawn,319,262510.946,274005.41,Caelum,Dawn,11494.463999999978,11494.463999999978,1.0437866084258445,4.19,0.9597,0.9804744471744471,0.05446466415035868,-6484.057433327288
Aegis-Boreas,155,61560.467,61317.569,Aegis,Boreas,-242.89799999999377,242.89799999999377,0.9960543184313402,0.4,1.0,0.9849621693121693,0.03408513950102227,-4121.568080328588
Boreas-Elysium,295,250678.889,239029.641,Boreas,Elysium,-11649.247999999992,11649.247999999992,0.9535292020541866,4.87,1.0,0.9804581280788177,0.05527648369623914,-1839.5134922540726
Caelum-Elysium,23,489917.658,491198.117,Caelum,Elysium,1280.4590000000317,1280.4590000000317,1.0026136208383003,0.26,0.9974,0.9780398457583547,0.06003094589396874,1753.5802267796134
Caelum-Fenix,19,119317.654,118670.45,Caelum,Fenix,-647.2039999999979,647.2039999999979,0.9945757901005999,0.55,1.0,0.9796862650602409,0.04873557984945812,1731.907948738127
Aegis-Elysium,89,309529.942,359634.597,Aegis,Elysium,50104.65500000003,50104.65500000003,1.161873370557476,13.93,0.8777,0.7958968831168831,0.13151929136319288,77214.95699135585
Elysium-Fenix,319,197929.643,194797.35,Elysium,Fenix,-3132.293000000005,3132.293000000005,0.9841747150526614,1.61,1.0,0.9777570719602977,0.055399164086247815,4312.254361379141
Boreas-Elysium,319,99881.482,100611.613,Boreas,Elysium,730.130999999994,730.130999999994,1.007309973634552,0.73,0.9928,0.9804581280788177,0.05527648369623914,-1839.5134922540726
Boreas-Fenix,440,153505.318,151433.326,Boreas,Fenix,-2071.9919999999984,2071.9919999999984,0.9865021484141676,1.37,1.0,0.8068014354066986,0.13514659878591953,61601.108196475456
Dawn-Fenix,71,78386.184,76288.07,Dawn,Fenix,-2098.113999999987,2098.113999999987,0.9732336249459472,2.75,1.0,0.9823136476426799,0.04646098172906777,-362.5543768567232
Aegis-Boreas,288,252394.239,256773.371,Aegis,Boreas,4379.132000000012,4379.132000000012,1.0173503643242825,1.71,0.9832,0.9849621693121693,0.03408513950102227,-4121.568080328588
Aegis-Dawn,430,227806.382,218492.737,Aegis,Dawn,-9313.645000000019,9313.645000000019,0.959115961026939,4.26,1.0,0.9844383292383293,0.0367757216063089,-2180.4743005156975
Boreas-Fenix,409,576249.152,1001147.397,Boreas,Fenix,424898.245,424898.245,1.737351618697046,42.44,0.702,0.8068014354066986,0.13514659878591953,61601.108196475456
Caelum-Elysium,85,270578.494,272332.393,Caelum,Elysium,1753.8989999999758,1753.8989999999758,1.0064820340082163,0.64,0.9936,0.9780398457583547,0.06003094589396874,1753.5802267796134
Dawn-Elysium,156,261118.863,271649.646,Dawn,Elysium,10530.782999999996,10530.782999999996,1.040329460993402,3.88,0.9627,0.9839219696969698,0.04028966443660543,-3087.7173304880284
Boreas-Fenix,384,101655.085,192776.493,Boreas,Fenix,91121.40799999998,91121.40799999998,1.896378257910069,47.27,0.679,0.8068014354066986,0.13514659878591953,61601.108196475456
Caelum-Dawn,377,296895.414,286384.041,Caelum,Dawn,-10511.372999999963,10511.372999999963,0.964595704398452,3.67,1.0,0.9804744471744471,0.05446466415035868,-6484.057433327288
Caelum-Dawn,220,122052.727,126667.258,Caelum,Dawn,4614.531000000003,4614.531000000003,1.0378076845427633,3.64,0.9649,0.9804744471744471,0.05446466415035868,-6484.057433327288
Dawn-Fenix,444,76720.487,74303.861,Dawn,Fenix,-2416.6259999999893,2416.6259999999893,0.9685009038068282,3.25,1.0,0.9823136476426799,0.04646098172906777,-362.5543768567232
Caelum-Dawn,0,222316.667,229426.964,Caelum,Dawn,7110.2970000000205,7110.2970000000205,1.031982743785917,3.1,0.9699,0.9804744471744471,0.05446466415035868,-6484.057433327288
Caelum-Fenix,450,159798.452,161942.007,Caelum,Fenix,2143.555000000022,2143.555000000022,1.013414116176795,1.32,0.9869,0.9796862650602409,0.04873557984945812,1731.907948738127
Dawn-Elysium,197,97599.761,99356.985,Dawn,Elysium,1757.224000000002,1757.224000000002,1.01800438835091,1.77,0.9826,0.9839219696969698,0.04028966443660543,-3087.7173304880284
Elysium-Fenix,413,275113.736,283268.114,Elysium,Fenix,8154.378000000026,8154.378000000026,1.0296400249531708,2.88,0.972,0.9777570719602977,0.055399164086247815,4312.254361379141
Aegis-Dawn,442,239719.954,247027.05,Aegis,Dawn,7307.09599999999,7307.09599999999,1.0304818012771686,2.96,0.9713,0.9844383292383293,0.0367757216063089,-2180.4743005156975
Boreas-Elysium,354,825716.543,841142.187,Boreas,Elysium,15425.644000000088,15425.644000000088,1.018681524708171,1.83,0.982,0.9804581280788177,0.05527648369623914,-1839.5134922540726
Dawn-Elysium,264,222873.866,231090.383,Dawn,Elysium,8216.516999999993,8216.516999999993,1.0368662201067576,3.56,0.9657,0.9839219696969698,0.04028966443660543,-3087.7173304880284
Elysium-Fenix,288,187990.427,183007.138,Elysium,Fenix,-4983.28899999999,4983.28899999999,0.9734917938135222,2.72,1.0,0.9777570719602977,0.055399164086247815,4312.254361379141
Elysium-Fenix,93,206201.221,201221.38,Elysium,Fenix,-4979.840999999986,4979.840999999986,0.97584960469269,2.47,1.0,0.9777570719602977,0.055399164086247815,4312.254361379141
Boreas-Dawn,198,80506.993,83254.729,Boreas,Dawn,2747.7360000000044,2747.7360000000044,1.0341304015664825,3.3,0.9681,0.9791679389312977,0.052929740107363066,-992.1216852668913
Elysium-Fenix,146,161056.418,169310.764,Elysium,Fenix,8254.34599999999,8254.34599999999,1.0512512702225874,4.88,0.9535,0.9777570719602977,0.055399164086247815,4312.254361379141
Dawn-Fenix,199,84900.947,86164.992,Dawn,Fenix,1264.0449999999983,1264.0449999999983,1.0148884676162682,1.47,0.9855,0.9823136476426799,0.04646098172906777,-362.5543768567232
Caelum-Elysium,45,374989.476,358233.083,Caelum,Elysium,-16756.39300000004,16756.39300000004,0.9553150312943715,4.68,1.0,0.9780398457583547,0.06003094589396874,1753.5802267796134
Caelum-Elysium,477,125650.09,122666.143,Caelum,Elysium,-2983.947,2983.947,0.9762519310571126,2.43,1.0,0.9780398457583547,0.06003094589396874,1753.5802267796134
Dawn-Fenix,14,117591.712,121771.201,Dawn,Fenix,4179.489000000001,4179.489000000001,1.035542377340335,3.43,0.9668,0.9823136476426799,0.04646098172906777,-362.5543768567232
Aegis-Dawn,485,124394.384,124531.813,Aegis,Dawn,137.42899999998917,137.42899999998917,1.0011047846018515,0.11,0.9989,0.9844383292383293,0.0367757216063089,-2180.4743005156975
Dawn-Fenix,278,72414.897,74522.839,Dawn,Fenix,2107.94200000001,2107.94200000001,1.0291092314886536,2.83,0.9725,0.9823136476426799,0.04646098172906777,-362.5543768567232
Caelum-Dawn,107,125093.65,126992.256,Caelum,Dawn,1898.6059999999998,1898.6059999999998,1.015177477034206,1.5,0.9853,0.9804744471744471,0.05446466415035868,-6484.057433327288
Caelum-Dawn,165,107646.191,109992.605,Caelum,Dawn,2346.4139999999898,2346.4139999999898,1.0217974642502676,2.13,0.9791,0.9804744471744471,0.05446466415035868,-6484.057433327288
Elysium-Fenix,226,198789.072,203333.257,Elysium,Fenix,4544.185000000027,4544.185000000027,1.0228593300138753,2.23,0.9781,0.9777570719602977,0.055399164086247815,4312.254361379141
Aegis-Dawn,481,145069.22,141067.267,Aegis,Dawn,-4001.9530000000086,4001.9530000000086,0.972413493365443,2.84,1.0,0.9844383292383293,0.0367757216063089,-2180.4743005156975
Caelum-Elysium,28,224663.949,217468.015,Caelum,Elysium,-7195.933999999979,7195.933999999979,0.9679702327319103,3.31,1.0,0.9780398457583547,0.06003094589396874,1753.5802267796134
Caelum-Dawn,262,118876.729,116983.034,Caelum,Dawn,-1893.695000000007,1893.695000000007,0.9840700949973143,1.62,1.0,0.9804744471744471,0.05446466415035868,-6484.057433327288
Dawn-Fenix,458,374301.469,371364.892,Dawn,Fenix,-2936.57699999999,2936.57699999999,0.9921545138258595,0.79,1.0,0.9823136476426799,0.04646098172906777,-362.5543768567232
Caelum-Dawn,442,228493.173,226685.696,Caelum,Dawn,-1807.4770000000135,1807.4770000000135,0.992089579849285,0.8,1.0,0.9804744471744471,0.05446466415035868,-6484.057433327288
Caelum-Fenix,296,249956.234,240086.78,Caelum,Fenix,-9869.453999999998,9869.453999999998,0.9605152716455153,4.11,1.0,0.9796862650602409,0.04873557984945812,1731.907948738127
Caelum-Dawn,497,122497.027,117710.625,Caelum,Dawn,-4786.402000000002,4786.402000000002,0.9609263823194664,4.07,1.0,0.9804744471744471,0.05446466415035868,-6484.057433327288
Aegis-Elysium,473,251746.986,353370.9,Aegis,Elysium,101623.91400000002,101623.91400000002,1.4036747991096108,28.76,0.7766,0.7958968831168831,0.13151929136319288,77214.95699135585
Dawn-Elysium,50,106536.803,104117.355,Dawn,Elysium,-2419.448000000004,2419.448000000004,0.9772900262456721,2.32,1.0,0.9839219696969698,0.04028966443660543,-3087.7173304880284
Caelum-Fenix,457,173338.213,180927.57,Caelum,Fenix,7589.357000000018,7589.357000000018,1.0437835193328087,4.19,0.9597,0.9796862650602409,0.04873557984945812,1731.907948738127
Dawn-Elysium,382,109486.227,112514.74,Dawn,Elysium,3028.5130000000063,3028.5130000000063,1.027661132207981,2.69,0.9738,0.9839219696969698,0.04028966443660543,-3087.7173304880284
Aegis-Elysium,457,162340.309,264573.429,Aegis,Elysium,102233.12,102233.12,1.629745752177914,38.64,0.7213,0.7958968831168831,0.13151929136319288,77214.95699135585
Aegis-Elysium,395,267453.967,399575.659,Aegis,Elysium,132121.69199999998,132121.69199999998,1.493997877399216,33.07,0.7515,0.7958968831168831,0.13151929136319288,77214.95699135585
Aegis-Boreas,264,67002.825,67568.421,Aegis,Boreas,565.596000000005,565.596000000005,1.0084413754196186,0.84,0.9917,0.9849621693121693,0.03408513950102227,-4121.568080328588
Boreas-Fenix,248,87493.675,131823.712,Boreas,Fenix,44330.037,44330.037,1.5066656189718857,33.63,0.7483,0.8068014354066986,0.13514659878591953,61601.108196475456
Caelum-Dawn,393,157094.176,154890.916,Caelum,Dawn,-2203.2600000000093,2203.2600000000093,0.9859749097254884,1.42,1.0,0.9804744471744471,0.05446466415035868,-6484.057433327288
Boreas-Fenix,192,378149.61,747681.069,Boreas,Fenix,369531.45900000003,369531.45900000003,1.9772096789945124,49.42,0.6692,0.8068014354066986,0.13514659878591953,61601.108196475456
Aegis-Dawn,429,309999.814,310247.567,Aegis,Dawn,247.75299999996787,247.75299999996787,1.0007992037053286,0.08,0.9992,0.9844383292383293,0.0367757216063089,-2180.4743005156975
Caelum-Fenix,220,181051.24749094708,200114.179,Caelum,Fenix,19062.931509052927,19062.931509052927,1.1052902521978265,9.53,0.913,0.9796862650602409,0.04873557984945812,1731.907948738127
Elysium-Fenix,203,363414.09,348805.521,Elysium,Fenix,-14608.569000000018,14608.569000000018,0.9598018640388984,4.19,1.0,0.9777570719602977,0.055399164086247815,4312.254361379141
Boreas-Elysium,400,113500.617,118893.92,Boreas,Elysium,5393.303,5393.303,1.0475178297929428,4.54,0.9566,0.9804581280788177,0.05527648369623914,-1839.5134922540726
Boreas-Elysium,178,222519.687,230801.81,Boreas,Elysium,8282.122999999992,8282.122999999992,1.0372197314838034,3.59,0.9654,0.9804581280788177,0.05527648369623914,-1839.5134922540726
Caelum-Elysium,306,137169.317,138843.21,Caelum,Elysium,1673.8929999999818,1673.8929999999818,1.0122031153658073,1.21,0.9881,0.9780398457583547,0.06003094589396874,1753.5802267796134
Aegis-Boreas,246,161487.227,154451.462,Aegis,Boreas,-7035.765000000014,7035.765000000014,0.9564314458133583,4.56,1.0,0.9849621693121693,0.03408513950102227,-4121.568080328588
Boreas-Dawn,94,271206.664,107290.592,Boreas,Dawn,-163916.072,163916.072,0.3956045563836146,152.78,1.0,0.9791679389312977,0.052929740107363066,-992.1216852668913
Boreas-Dawn,258,78459.534,78083.165,Boreas,Dawn,-376.36900000000605,376.36900000000605,0.995203017647288,0.48,1.0,0.9791679389312977,0.052929740107363066,-992.1216852668913
Elysium-Fenix,336,269991.542,280018.67,Elysium,Fenix,10027.127999999968,10027.127999999968,1.0371386745144777,3.58,0.9654,0.9777570719602977,0.055399164086247815,4312.254361379141
Caelum-Fenix,54,106615.082,111399.631,Caelum,Fenix,4784.548999999999,4784.548999999999,1.0448768495999468,4.29,0.9588,0.9796862650602409,0.04873557984945812,1731.907948738127
Aegis-Dawn,423,114791.803,118187.31,Aegis,Dawn,3395.506999999998,3395.506999999998,1.0295796991706803,2.87,0.9721,0.9844383292383293,0.0367757216063089,-2180.4743005156975
Caelum-Dawn,322,243432.5,245596.091,Caelum,Dawn,2163.590999999986,2163.590999999986,1.0088878477606729,0.88,0.9913,0.9804744471744471,0.05446466415035868,-6484.057433327288
Aegis-Boreas,268,67285.143,64292.744,Aegis,Boreas,-2992.3989999999976,2992.3989999999976,0.9555266011695925,4.65,1.0,0.9849621693121693,0.03408513950102227,-4121.568080328588
Aegis-Dawn,169,117594.863,123713.164,Aegis,Dawn,6118.301000000007,6118.301000000007,1.0520286417613327,4.95,0.9529,0.9844383292383293,0.0367757216063089,-2180.4743005156975
Caelum-Fenix,256,450192.376,445590.678,Caelum,Fenix,-4601.697999999975,4601.697999999975,0.9897783742121835,1.03,1.0,0.9796862650602409,0.04873557984945812,1731.907948738127
Boreas-Dawn,410,67576.442,68879.637,Boreas,Dawn,1303.195000000007,1303.195000000007,1.0192847531096711,1.89,0.9814,0.9791679389312977,0.052929740107363066,-992.1216852668913
Caelum-Fenix,396,111399.816,112046.435,Caelum,Fenix,646.6189999999915,646.6189999999915,1.005804488940987,0.58,0.9943,0.9796862650602409,0.04873557984945812,1731.907948738127
Aegis-Elysium,152,203762.622,339491.258,Aegis,Elysium,135728.63599999997,135728.63599999997,1.6661115501350388,39.98,0.7144,0.7958968831168831,0.13151929136319288,77214.95699135585
Dawn-Elysium,418,204030.819,203861.245,Dawn,Elysium,-169.57399999999325,169.57399999999325,0.9991688804621228,0.08,1.0,0.9839219696969698,0.04028966443660543,-3087.7173304880284
Elysium-Fenix,272,161596.064,168252.91,Elysium,Fenix,6656.84599999999,6656.84599999999,1.0411943573081086,3.96,0.9619,0.9777570719602977,0.055399164086247815,4312.254361379141
Dawn-Elysium,0,373982.477,362331.4,Dawn,Elysium,-11651.07699999999,11651.07699999999,0.9688459280406339,3.22,1.0,0.9839219696969698,0.04028966443660543,-3087.7173304880284
Boreas-Fenix,196,100456.977,168067.977,Boreas,Fenix,67611.00000000001,67611.00000000001,1.6730343876463654,40.23,0.7131,0.8068014354066986,0.13514659878591953,61601.108196475456
Boreas-Fenix,91,80369.78,143777.55,Boreas,Fenix,63407.76999999999,63407.76999999999,1.7889503990181383,44.1,0.694,0.8068014354066986,0.13514659878591953,61601.108196475456
Dawn-Fenix,72,146495.256,139925.576,Dawn,Fenix,-6569.679999999993,6569.679999999993,0.955154315713814,4.7,1.0,0.9823136476426799,0.04646098172906777,-362.5543768567232
Boreas-Dawn,281,117587.442,123232.373,Boreas,Dawn,5644.931000000011,5644.931000000011,1.0480062403262418,4.58,0.9562,0.9791679389312977,0.052929740107363066,-992.1216852668913
Boreas-Elysium,413,456727.845,453745.165,Boreas,Elysium,-2982.679999999993,2982.679999999993,0.9934694588196172,0.66,1.0,0.9804581280788177,0.05527648369623914,-1839.5134922540726
Caelum-Dawn,13,136581.044,142100.423,Caelum,Dawn,5519.379000000015,5519.379000000015,1.0404110177983412,3.88,0.9626,0.9804744471744471,0.05446466415035868,-6484.057433327288
Dawn-Fenix,238,87274.128,90473.328,Dawn,Fenix,3199.199999999997,3199.199999999997,1.0366569116565678,3.54,0.9658,0.9823136476426799,0.04646098172906777,-362.5543768567232
Boreas-Elysium,307,195715.571,205121.541,Boreas,Elysium,9405.970000000001,9405.970000000001,1.0480593851165783,4.59,0.9562,0.9804581280788177,0.05527648369623914,-1839.5134922540726
Caelum-Elysium,322,132220.422,128416.224,Caelum,Elysium,-3804.1979999999894,3804.1979999999894,0.9712283628923829,2.96,1.0,0.9780398457583547,0.06003094589396874,1753.5802267796134
Aegis-Dawn,187,140210.114,144882.921,Aegis,Dawn,4672.807000000001,4672.807000000001,1.033327174956865,3.23,0.9688,0.9844383292383293,0.0367757216063089,-2180.4743005156975
Boreas-Dawn,415,75465.637,78014.058,Boreas,Dawn,2548.421000000002,2548.421000000002,1.033769290253258,3.27,0.9684,0.9791679389312977,0.052929740107363066,-992.1216852668913
Elysium-Fenix,145,184541.614,190491.207,Elysium,Fenix,5949.5929999999935,5949.5929999999935,1.0322398448297954,3.12,0.9697,0.9777570719602977,0.055399164086247815,4312.254361379141
Aegis-Dawn,112,202583.964,194448.538,Aegis,Dawn,-8135.426000000007,8135.426000000007,0.95984170790537,4.18,1.0,0.9844383292383293,0.0367757216063089,-2180.4743005156975
Caelum-Dawn,71,1825412.584,1747809.687,Caelum,Dawn,-77602.89700000011,77602.89700000011,0.957487475609514,4.44,1.0,0.9804744471744471,0.05446466415035868,-6484.057433327288
Caelum-Dawn,405,144328.251,137583.412,Caelum,Dawn,-6744.838999999978,6744.838999999978,0.953267368285368,4.9,1.0,0.9804744471744471,0.05446466415035868,-6484.057433327288
Boreas-Elysium,267,97731.694,98936.883,Boreas,Elysium,1205.1889999999985,1205.1889999999985,1.0123316086181828,1.22,0.988,0.9804581280788177,0.05527648369623914,-1839.5134922540726
Elysium-Fenix,252,359170.29,375912.664,Elysium,Fenix,16742.37400000001,16742.37400000001,1.0466140281257674,4.45,0.9574,0.9777570719602977,0.055399164086247815,4312.254361379141
Boreas-Fenix,33,166558.867,224278.853,Boreas,Fenix,57719.986000000004,57719.986000000004,1.346544060004923,25.74,0.7953,0.8068014354066986,0.13514659878591953,61601.108196475456
Aegis-Boreas,39,78929.011,78154.379,Aegis,Boreas,-774.6319999999978,774.6319999999978,0.9901857125765836,0.99,1.0,0.9849621693121693,0.03408513950102227,-4121.568080328588
Boreas-Dawn,398,68121.067,69199.354,Boreas,Dawn,1078.2870000000112,1078.2870000000112,1.015828979895456,1.56,0.9847,0.9791679389312977,0.052929740107363066,-992.1216852668913
Boreas-Dawn,149,209480.832,219322.355,Boreas,Dawn,9841.523000000016,9841.523000000016,1.0469805418760225,4.49,0.9571,0.9791679389312977,0.052929740107363066,-992.1216852668913
Caelum-Dawn,471,562119.843,202880.13,Caelum,Dawn,-359239.713,359239.713,0.36091970871770135,177.07,1.0,0.9804744471744471,0.05446466415035868,-6484.057433327288
Aegis-Boreas,258,67107.922,66313.303,Aegis,Boreas,-794.619000000006,794.619000000006,0.9881590879836809,1.2,1.0,0.9849621693121693,0.03408513950102227,-4121.568080328588
Boreas-Fenix,424,111669.336,196837.925,Boreas,Fenix,85168.58899999999,85168.58899999999,1.7626855504898855,43.27,0.698,0.8068014354066986,0.13514659878591953,61601.108196475456
Boreas-Elysium,434,790069.701,772616.802,Boreas,Elysium,-17452.898999999976,17452.898999999976,0.977909671794894,2.26,1.0,0.9804581280788177,0.05527648369623914,-1839.5134922540726
Aegis-Dawn,347,120575.758,126856.22,Aegis,Dawn,6280.4619999999995,6280.4619999999995,1.0520872694824777,4.95,0.9528,0.9844383292383293,0.0367757216063089,-2180.4743005156975
Boreas-Fenix,322,122794.128,210246.766,Boreas,Fenix,87452.638,87452.638,1.7121890877387884,41.6,0.7062,0.8068014354066986,0.13514659878591953,61601.108196475456
Caelum-Fenix,401,203386.365,213011.253,Caelum,Fenix,9624.888000000006,9624.888000000006,1.0473231723277026,4.52,0.9568,0.9796862650602409,0.04873557984945812,1731.907948738127
Dawn-Fenix,84,101892.271,99379.714,Dawn,Fenix,-2512.556999999986,2512.556999999986,0.9753410442682156,2.53,1.0,0.9823136476426799,0.04646098172906777,-362.5543768567232
Caelum-Elysium,454,296746.55,296885.973,Caelum,Elysium,139.42300000000978,139.42300000000978,1.000469838655243,0.05,0.9995,0.9780398457583547,0.06003094589396874,1753.5802267796134
Caelum-Elysium,141,417052.43,399378.877,Caelum,Elysium,-17673.553000000014,17673.553000000014,0.9576227070538829,4.43,1.0,0.9780398457583547,0.06003094589396874,1753.5802267796134
Aegis-Elysium,233,84688.383,167357.755,Aegis,Elysium,82669.372,82669.372,1.976159528279103,49.4,0.6694,0.7958968831168831,0.13151929136319288,77214.95699135585
Aegis-Elysium,127,137120.492,175100.48,Aegis,Elysium,37979.98800000001,37979.98800000001,1.2769825825887497,21.69,0.8218,0.7958968831168831,0.13151929136319288,77214.95699135585
Caelum-Dawn,489,106432.835,108128.283,Caelum,Dawn,1695.4479999999894,1695.4479999999894,1.0159297457405883,1.57,0.9846,0.9804744471744471,0.05446466415035868,-6484.057433327288
Boreas-Dawn,467,81150.068,83601.69,Boreas,Dawn,2451.622000000003,2451.622000000003,1.0302109666747292,2.93,0.9715,0.9791679389312977,0.052929740107363066,-992.1216852668913
Aegis-Dawn,58,113894.153,119572.498,Aegis,Dawn,5678.345000000001,5678.345000000001,1.049856334591645,4.75,0.9547,0.9844383292383293,0.0367757216063089,-2180.4743005156975
Aegis-Dawn,404,200933.437,194377.465,Aegis,Dawn,-6555.972000000009,6555.972000000009,0.9673724189568309,3.37,1.0,0.9844383292383293,0.0367757216063089,-2180.4743005156975
Boreas-Fenix,114,114029.094,150364.024,Boreas,Fenix,36334.93000000001,36334.93000000001,1.3186461342927096,24.16,0.8054,0.8068014354066986,0.13514659878591953,61601.108196475456
Aegis-Boreas,484,68784.369,67916.785,Aegis,Boreas,-867.5840000000026,867.5840000000026,0.9873869018119509,1.28,1.0,0.9849621693121693,0.03408513950102227,-4121.568080328588
Boreas-Elysium,211,108846.508,105349.111,Boreas,Elysium,-3497.396999999997,3497.396999999997,0.9678685420022846,3.32,1.0,0.9804581280788177,0.05527648369623914,-1839.5134922540726
Aegis-Elysium,320,250757.978,258434.296,Aegis,Elysium,7676.317999999999,7676.317999999999,1.030612457722083,2.97,0.9712,0.7958968831168831,0.13151929136319288,77214.95699135585
Caelum-Dawn,332,175600.315,176292.214,Caelum,Dawn,691.8990000000049,691.8990000000049,1.0039401922485163,0.39,0.9961,0.9804744471744471,0.05446466415035868,-6484.057433327288
Boreas-Fenix,55,42433.547,270309.878,Boreas,Fenix,227876.33100000003,227876.33100000003,6.3701928570807445,84.3,0.5426,0.8068014354066986,0.13514659878591953,61601.108196475456
Aegis-Boreas,7,224902.355,228170.068,Aegis,Boreas,3267.712999999989,3267.712999999989,1.014529474357883,1.43,0.9859,0.9849621693121693,0.03408513950102227,-4121.568080328588
Boreas-Elysium,315,114367.533,110375.561,Boreas,Elysium,-3991.9719999999943,3991.9719999999943,0.9650952338020616,3.62,1.0,0.9804581280788177,0.05527648369623914,-1839.5134922540726
Dawn-Fenix,78,72949.226,72413.186,Dawn,Fenix,-536.0399999999936,536.0399999999936,0.9926518754290827,0.74,1.0,0.9823136476426799,0.04646098172906777,-362.5543768567232
Caelum-Fenix,384,220499.184,226866.385,Caelum,Fenix,6367.201000000001,6367.201000000001,1.0288763018732985,2.81,0.9727,0.9796862650602409,0.04873557984945812,1731.907948738127
Caelum-Fenix,315,159743.674,152486.778,Caelum,Fenix,-7256.896000000008,7256.896000000008,0.9545716220349357,4.76,1.0,0.9796862650602409,0.04873557984945812,1731.907948738127
Dawn-Fenix,267,77864.253,74753.602,Dawn,Fenix,-3110.650999999998,3110.650999999998,0.9600503327245687,4.16,1.0,0.9823136476426799,0.04646098172906777,-362.5543768567232
Aegis-Elysium,450,178508.581,172098.216,Aegis,Elysium,-6410.36500000002,6410.36500000002,0.9640893173645247,3.72,1.0,0.7958968831168831,0.13151929136319288,77214.95699135585
Aegis-Elysium,201,119936.38,173671.695,Aegis,Elysium,53735.315,53735.315,1.4480318232049358,30.94,0.7637,0.7958968831168831,0.13151929136319288,77214.95699135585
Boreas-Elysium,426,231661.023,241599.23,Boreas,Elysium,9938.207000000024,9938.207000000024,1.0428997803398288,4.11,0.9605,0.9804581280788177,0.05527648369623914,-1839.5134922540726
Boreas-Fenix,148,232224.176,484925.626,Boreas,Fenix,252701.44999999998,252701.44999999998,2.0881789069196652,52.11,0.6574,0.8068014354066986,0.13514659878591953,61601.108196475456
Boreas-Dawn,314,109316.685,112706.434,Boreas,Dawn,3389.748999999996,3389.748999999996,1.0310085235387443,3.01,0.9708,0.9791679389312977,0.052929740107363066,-992.1216852668913
Boreas-Fenix,226,139578.482,137718.862,Boreas,Fenix,-1859.6199999999953,1859.6199999999953,0.9866768861979743,1.35,1.0,0.8068014354066986,0.13514659878591953,61601.108196475456
Aegis-Dawn,273,181051.24749094708,162045.207,Aegis,Dawn,-19006.04049094708,19006.04049094708,0.8950239738508434,11.73,1.0,0.9844383292383293,0.0367757216063089,-2180.4743005156975
Boreas-Elysium,274,142636.918,147694.303,Boreas,Elysium,5057.385000000009,5057.385000000009,1.0354563535928336,3.42,0.9669,0.9804581280788177,0.05527648369623914,-1839.5134922540726
Aegis-Elysium,11,95947.812,166728.59,Aegis,Elysium,70780.77799999999,70780.77799999999,1.7377008034325991,42.45,0.702,0.7958968831168831,0.13151929136319288,77214.95699135585
Caelum-Fenix,59,181051.24749094708,211504.891,Caelum,Fenix,30453.643509052927,30453.643509052927,1.1682045494360687,14.4,0.8741,0.9796862650602409,0.04873557984945812,1731.907948738127
Caelum-Dawn,467,224432.497,217916.571,Caelum,Dawn,-6515.926000000007,6515.926000000007,0.9709671010789493,2.99,1.0,0.9804744471744471,0.05446466415035868,-6484.057433327288
Boreas-Dawn,491,70710.441,68820.746,Boreas,Dawn,-1889.695000000007,1889.695000000007,0.9732755874058259,2.75,1.0,0.9791679389312977,0.052929740107363066,-992.1216852668913
Aegis-Elysium,277,322431.301,552967.624,Aegis,Elysium,230536.32299999997,230536.32299999997,1.7149936196796227,41.69,0.7058,0.7958968831168831,0.13151929136319288,77214.95699135585
Boreas-Dawn,283,105327.555,108807.681,Boreas,Dawn,3480.126000000004,3480.126000000004,1.0330409834349616,3.2,0.969,0.9791679389312977,0.052929740107363066,-992.1216852668913
Caelum-Fenix,253,117911.603,113056.646,Caelum,Fenix,-4854.957000000009,4854.957000000009,0.9588254516393946,4.29,1.0,0.9796862650602409,0.04873557984945812,1731.907948738127
Aegis-Boreas,446,178261.92,170431.847,Aegis,Boreas,-7830.073000000004,7830.073000000004,0.9560754590772947,4.59,1.0,0.9849621693121693,0.03408513950102227,-4121.568080328588
Aegis-Dawn,380,149581.957,146284.115,Aegis,Dawn,-3297.842000000004,3297.842000000004,0.9779529425464062,2.25,1.0,0.9844383292383293,0.0367757216063089,-2180.4743005156975
Caelum-Fenix,53,174649.967,177874.206,Caelum,Fenix,3224.2390000000014,3224.2390000000014,1.0184611486356594,1.81,0.9822,0.9796862650602409,0.04873557984945812,1731.907948738127
Dawn-Fenix,346,95423.934,92932.684,Dawn,Fenix,-2491.25,2491.25,0.9738928181267396,2.68,1.0,0.9823136476426799,0.04646098172906777,-362.5543768567232
Boreas-Fenix,227,113847.649,220118.727,Boreas,Fenix,106271.07800000001,106271.07800000001,1.933449912523007,48.28,0.6744,0.8068014354066986,0.13514659878591953,61601.108196475456
Caelum-Dawn,48,181051.24749094708,114020.668,Caelum,Dawn,-67030.57949094707,67030.57949094707,0.6297701318280133,58.79,1.0,0.9804744471744471,0.05446466415035868,-6484.057433327288
Aegis-Dawn,281,146544.272,140072.103,Aegis,Dawn,-6472.168999999994,6472.168999999994,0.9558347186712286,4.62,1.0,0.9844383292383293,0.0367757216063089,-2180.4743005156975
Boreas-Fenix,151,87687.207,134026.077,Boreas,Fenix,46338.869999999995,46338.869999999995,1.5284564486128518,34.57,0.7431,0.8068014354066986,0.13514659878591953,61601.108196475456
Elysium-Fenix,327,190984.719,192854.427,Elysium,Fenix,1869.7079999999842,1869.7079999999842,1.009789830358103,0.97,0.9904,0.9777570719602977,0.055399164086247815,4312.254361379141
Boreas-Dawn,249,84848.946,84124.927,Boreas,Dawn,-724.0190000000002,724.0190000000002,0.991466965305615,0.86,1.0,0.9791679389312977,0.052929740107363066,-992.1216852668913
Boreas-Elysium,126,220839.103,229181.553,Boreas,Elysium,8342.450000000012,8342.450000000012,1.0377761451059688,3.64,0.9649,0.9804581280788177,0.05527648369623914,-1839.5134922540726
Caelum-Fenix,421,222069.701,232255.133,Caelum,Fenix,10185.432,10185.432,1.0458659238704517,4.39,0.958,0.9796862650602409,0.04873557984945812,1731.907948738127
Boreas-Fenix,291,85215.955,137490.071,Boreas,Fenix,52274.115999999995,52274.115999999995,1.6134310881102019,38.02,0.7245,0.8068014354066986,0.13514659878591953,61601.108196475456
Boreas-Elysium,423,261509.004,274272.664,Boreas,Elysium,12763.660000000003,12763.660000000003,1.0488077267121556,4.65,0.9555,0.9804581280788177,0.05527648369623914,-1839.5134922540726
Elysium-Fenix,357,245832.407,241455.285,Elysium,Fenix,-4377.122000000003,4377.122000000003,0.9821946908732826,1.81,1.0,0.9777570719602977,0.055399164086247815,4312.254361379141
Dawn-Fenix,168,150263.417,148590.634,Dawn,Fenix,-1672.7829999999958,1672.7829999999958,0.9888676629788075,1.13,1.0,0.9823136476426799,0.04646098172906777,-362.5543768567232
Aegis-Dawn,383,249230.179,251888.672,Aegis,Dawn,2658.4929999999877,2658.4929999999877,1.0106668181624987,1.06,0.9896,0.9844383292383293,0.0367757216063089,-2180.4743005156975
Caelum-Dawn,357,228319.723,220814.443,Caelum,Dawn,-7505.279999999999,7505.279999999999,0.967128201184792,3.4,1.0,0.9804744471744471,0.05446466415035868,-6484.057433327288
Aegis-Elysium,91,147236.238,208701.661,Aegis,Elysium,61465.42299999998,61465.42299999998,1.4174612434745852,29.45,0.7725,0.7958968831168831,0.13151929136319288,77214.95699135585
Elysium-Fenix,122,169906.151,168955.822,Elysium,Fenix,-950.329000000027,950.329000000027,0.9944067416370345,0.56,1.0,0.9777570719602977,0.055399164086247815,4312.254361379141
Dawn-Fenix,128,75269.819,73832.943,Dawn,Fenix,-1436.8760000000038,1436.8760000000038,0.9809103300753254,1.95,1.0,0.9823136476426799,0.04646098172906777,-362.5543768567232
Aegis-Dawn,31,172685.279,174416.733,Aegis,Dawn,1731.453999999998,1731.453999999998,1.0100266450622002,0.99,0.9902,0.9844383292383293,0.0367757216063089,-2180.4743005156975
Caelum-Elysium,90,149707.399,154743.122,Caelum,Elysium,5035.722999999998,5035.722999999998,1.033637101663893,3.25,0.9685,0.9780398457583547,0.06003094589396874,1753.5802267796134
Boreas-Elysium,438,102325.623,98610.562,Boreas,Elysium,-3715.0610000000015,3715.0610000000015,0.9636937368072511,3.77,1.0,0.9804581280788177,0.05527648369623914,-1839.5134922540726
Dawn-Elysium,361,131758.533,136294.987,Dawn,Elysium,4536.453999999998,4536.453999999998,1.0344300585071025,3.33,0.9678,0.9839219696969698,0.04028966443660543,-3087.7173304880284
Dawn-Fenix,64,93453.048,90177.082,Dawn,Fenix,-3275.9660000000003,3275.9660000000003,0.9649453274119,3.63,1.0,0.9823136476426799,0.04646098172906777,-362.5543768567232
Caelum-Elysium,455,278607.655,270197.823,Caelum,Elysium,-8409.832000000053,8409.832000000053,0.9698147848809106,3.11,1.0,0.9780398457583547,0.06003094589396874,1753.5802267796134
Dawn-Elysium,466,203950.819,199951.746,Dawn,Elysium,-3999.072999999975,3999.072999999975,0.9803919738120788,2.0,1.0,0.9839219696969698,0.04028966443660543,-3087.7173304880284
Boreas-Elysium,290,415226.078,189642.207,Boreas,Elysium,-225583.87099999998,225583.87099999998,0.4567203676451169,118.95,1.0,0.9804581280788177,0.05527648369623914,-1839.5134922540726
Boreas-Dawn,227,72769.566,72123.17,Boreas,Dawn,-646.3960000000079,646.3960000000079,0.9911172206248968,0.9,1.0,0.9791679389312977,0.052929740107363066,-992.1216852668913
Aegis-Dawn,110,119081.806,118594.635,Aegis,Dawn,-487.1710000000021,487.1710000000021,0.995908938431787,0.41,1.0,0.9844383292383293,0.0367757216063089,-2180.4743005156975
Aegis-Dawn,70,181051.24749094708,169824.397,Aegis,Dawn,-11226.85049094708,11226.85049094708,0.9379907587131735,6.61,1.0,0.9844383292383293,0.0367757216063089,-2180.4743005156975
Caelum-Elysium,274,181051.24749094708,231015.221,Caelum,Elysium,49963.973509052914,49963.973509052914,1.2759659168410382,21.63,0.8222,0.9780398457583547,0.06003094589396874,1753.5802267796134
Aegis-Elysium,317,91072.243,220421.446,Aegis,Elysium,129349.203,129349.203,2.4202922728058867,58.68,0.6302,0.7958968831168831,0.13151929136319288,77214.95699135585
Aegis-Boreas,343,60464.4,112757.444,Aegis,Boreas,52293.044,52293.044,1.8648567421490994,46.38,0.6832,0.9849621693121693,0.03408513950102227,-4121.568080328588
Aegis-Dawn,87,325194.751,323200.853,Aegis,Dawn,-1993.8979999999865,1993.8979999999865,0.9938686033711535,0.62,1.0,0.9844383292383293,0.0367757216063089,-2180.4743005156975
Dawn-Elysium,177,131992.808,132873.177,Dawn,Elysium,880.369000000006,880.369000000006,1.0066698255256454,0.66,0.9934,0.9839219696969698,0.04028966443660543,-3087.7173304880284
Aegis-Dawn,136,127546.393,123121.114,Aegis,Dawn,-4425.278999999995,4425.278999999995,0.9653045539280755,3.59,1.0,0.9844383292383293,0.0367757216063089,-2180.4743005156975
Aegis-Boreas,434,115665.415,117661.875,Aegis,Boreas,1996.4600000000064,1996.4600000000064,1.0172606478781925,1.7,0.9833,0.9849621693121693,0.03408513950102227,-4121.568080328588
Boreas-Dawn,403,89173.284,88987.585,Boreas,Dawn,-185.69899999999325,185.69899999999325,0.9979175489376393,0.21,1.0,0.9791679389312977,0.052929740107363066,-992.1216852668913
Aegis-Boreas,97,286784.283,288059.016,Aegis,Boreas,1274.7330000000075,1274.7330000000075,1.0044449193193756,0.44,0.9956,0.9849621693121693,0.03408513950102227,-4121.568080328588
Dawn-Elysium,428,114636.147,241196.77,Dawn,Elysium,126560.62299999999,126560.62299999999,2.104020209262616,52.47,0.6559,0.9839219696969698,0.04028966443660543,-3087.7173304880284
Caelum-Dawn,425,156192.95,162889.958,Caelum,Dawn,6697.008000000002,6697.008000000002,1.0428765062699692,4.11,0.9605,0.9804744471744471,0.05446466415035868,-6484.057433327288
Caelum-Fenix,420,136151.899,133605.343,Caelum,Fenix,-2546.5560000000114,2546.5560000000114,0.9812962138706562,1.91,1.0,0.9796862650602409,0.04873557984945812,1731.907948738127
Boreas-Elysium,69,101883.247,100976.893,Boreas,Elysium,-906.3540000000066,906.3540000000066,0.991103993770438,0.9,1.0,0.9804581280788177,0.05527648369623914,-1839.5134922540726
Boreas-Dawn,37,84820.798,87457.459,Boreas,Dawn,2636.6610000000073,2636.6610000000073,1.0310850765634156,3.01,0.9707,0.9791679389312977,0.052929740107363066,-992.1216852668913
Caelum-Dawn,206,118417.46,119350.015,Caelum,Dawn,932.554999999993,932.554999999993,1.007875147803373,0.78,0.9922,0.9804744471744471,0.05446466415035868,-6484.057433327288
Dawn-Elysium,46,282729.621,276820.914,Dawn,Elysium,-5908.706999999995,5908.706999999995,0.9791012099153205,2.13,1.0,0.9839219696969698,0.04028966443660543,-3087.7173304880284
Dawn-Elysium,271,95470.649,99923.569,Dawn,Elysium,4452.919999999998,4452.919999999998,1.0466417694510488,4.46,0.9573,0.9839219696969698,0.04028966443660543,-3087.7173304880284
Caelum-Dawn,323,445569.536,443511.523,Caelum,Dawn,-2058.0130000000354,2058.0130000000354,0.9953811631323016,0.46,1.0,0.9804744471744471,0.05446466415035868,-6484.057433327288
Boreas-Dawn,17,181051.24749094708,78984.018,Boreas,Dawn,-102067.22949094708,102067.22949094708,0.43625227163347413,129.23,1.0,0.9791679389312977,0.052929740107363066,-992.1216852668913
Aegis-Dawn,465,140432.078,134752.787,Aegis,Dawn,-5679.290999999997,5679.290999999997,0.9595584493166868,4.21,1.0,0.9844383292383293,0.0367757216063089,-2180.4743005156975
Dawn-Fenix,275,74416.811,77130.285,Dawn,Fenix,2713.474000000002,2713.474000000002,1.036463185717539,3.52,0.966,0.9823136476426799,0.04646098172906777,-362.5543768567232
Aegis-Dawn,28,175319.596,179921.437,Aegis,Dawn,4601.841000000015,4601.841000000015,1.0262482979940246,2.56,0.9751,0.9844383292383293,0.0367757216063089,-2180.4743005156975
Aegis-Boreas,176,61038.239,61899.829,Aegis,Boreas,861.5899999999965,861.5899999999965,1.0141155776135677,1.39,0.9863,0.9849621693121693,0.03408513950102227,-4121.568080328588
Boreas-Elysium,470,117212.16,119773.848,Boreas,Elysium,2561.6879999999946,2561.6879999999946,1.0218551385794783,2.14,0.9791,0.9804581280788177,0.05527648369623914,-1839.5134922540726
Dawn-Elysium,21,547835.871,546720.534,Dawn,Elysium,-1115.3370000000577,1115.3370000000577,0.9979641037415747,0.2,1.0,0.9839219696969698,0.04028966443660543,-3087.7173304880284
Caelum-Elysium,99,136850.243,131697.397,Caelum,Elysium,-5152.84599999999,5152.84599999999,0.9623468260849197,3.91,1.0,0.9780398457583547,0.06003094589396874,1753.5802267796134
Caelum-Dawn,1,170140.73,173987.093,Caelum,Dawn,3846.362999999983,3846.362999999983,1.0226069501406276,2.21,0.9784,0.9804744471744471,0.05446466415035868,-6484.057433327288
Elysium-Fenix,365,230839.252,241666.995,Elysium,Fenix,10827.742999999988,10827.742999999988,1.0469059872018645,4.48,0.9571,0.9777570719602977,0.055399164086247815,4312.254361379141
Aegis-Dawn,72,121186.191,124414.284,Aegis,Dawn,3228.0929999999935,3228.0929999999935,1.026637465649861,2.59,0.9747,0.9844383292383293,0.0367757216063089,-2180.4743005156975
Caelum-Dawn,265,140295.665,135090.903,Caelum,Dawn,-5204.762000000017,5204.762000000017,0.9629014766778431,3.85,1.0,0.9804744471744471,0.05446466415035868,-6484.057433327288
Aegis-Dawn,92,139229.688,145820.696,Aegis,Dawn,6591.008000000002,6591.008000000002,1.0473390991151255,4.52,0.9568,0.9844383292383293,0.0367757216063089,-2180.4743005156975
Dawn-Elysium,474,107909.073,106128.116,Dawn,Elysium,-1780.9570000000094,1780.9570000000094,0.9834957622145452,1.68,1.0,0.9839219696969698,0.04028966443660543,-3087.7173304880284
Caelum-Dawn,62,181464.976,173659.062,Caelum,Dawn,-7805.91399999999,7805.91399999999,0.9569839085642621,4.49,1.0,0.9804744471744471,0.05446466415035868,-6484.057433327288
Caelum-Dawn,482,322662.705,326681.751,Caelum,Dawn,4019.045999999973,4019.045999999973,1.0124558740062628,1.23,0.9878,0.9804744471744471,0.05446466415035868,-6484.057433327288
Boreas-Elysium,374,388126.338,379427.29,Boreas,Elysium,-8699.04800000001,8699.04800000001,0.9775870711458906,2.29,1.0,0.9804581280788177,0.05527648369623914,-1839.5134922540726
Caelum-Dawn,64,172930.512,166308.058,Caelum,Dawn,-6622.453999999998,6622.453999999998,0.9617045371380153,3.98,1.0,0.9804744471744471,0.05446466415035868,-6484.057433327288
Elysium-Fenix,127,208961.07,205781.939,Elysium,Fenix,-3179.130999999994,3179.130999999994,0.9847860130118974,1.54,1.0,0.9777570719602977,0.055399164086247815,4312.254361379141
Caelum-Fenix,332,384315.125,373073.282,Caelum,Fenix,-11241.842999999993,11241.842999999993,0.9707483721854558,3.01,1.0,0.9796862650602409,0.04873557984945812,1731.907948738127
Caelum-Elysium,156,356717.172,374964.93,Caelum,Elysium,18247.757999999973,18247.757999999973,1.051154694621766,4.87,0.9536,0.9780398457583547,0.06003094589396874,1753.5802267796134
Boreas-Elysium,208,119192.0,123186.816,Boreas,Elysium,3994.816000000006,3994.816000000006,1.0335158064299619,3.24,0.9686,0.9804581280788177,0.05527648369623914,-1839.5134922540726
Caelum-Fenix,416,164590.756,171999.353,Caelum,Fenix,7408.597000000009,7408.597000000009,1.0450122302129774,4.31,0.9587,0.9796862650602409,0.04873557984945812,1731.907948738127
Boreas-Elysium,492,114100.763,109668.371,Boreas,Elysium,-4432.392000000007,4432.392000000007,0.9611537041167726,4.04,1.0,0.9804581280788177,0.05527648369623914,-1839.5134922540726
Caelum-Elysium,401,181051.24749094708,140261.088,Caelum,Elysium,-40790.15949094709,40790.15949094709,0.7747037921239031,29.08,1.0,0.9780398457583547,0.06003094589396874,1753.5802267796134
Aegis-Boreas,383,64294.185,67277.168,Aegis,Boreas,2982.9830000000075,2982.9830000000075,1.0463958443520205,4.43,0.9575,0.9849621693121693,0.03408513950102227,-4121.568080328588
Aegis-Dawn,352,147473.92,144296.906,Aegis,Dawn,-3177.0140000000247,3177.0140000000247,0.9784571129593624,2.2,1.0,0.9844383292383293,0.0367757216063089,-2180.4743005156975
Boreas-Dawn,380,104348.225,103392.754,Boreas,Dawn,-955.471000000005,955.471000000005,0.9908434379214404,0.92,1.0,0.9791679389312977,0.052929740107363066,-992.1216852668913
Aegis-Boreas,370,175040.35,167541.757,Aegis,Boreas,-7498.5929999999935,7498.5929999999935,0.9571607746442463,4.48,1.0,0.9849621693121693,0.03408513950102227,-4121.568080328588
Caelum-Dawn,362,112623.992,114612.234,Caelum,Dawn,1988.2419999999984,1988.2419999999984,1.0176538050613584,1.73,0.9829,0.9804744471744471,0.05446466415035868,-6484.057433327288
Caelum-Fenix,231,139262.607,134454.076,Caelum,Fenix,-4808.530999999988,4808.530999999988,0.9654714851058332,3.58,1.0,0.9796862650602409,0.04873557984945812,1731.907948738127
Dawn-Fenix,204,82052.345,79295.498,Dawn,Fenix,-2756.8469999999943,2756.8469999999943,0.96640136244735,3.48,1.0,0.9823136476426799,0.04646098172906777,-362.5543768567232
Dawn-Fenix,170,94826.13,95761.23,Dawn,Fenix,935.0999999999913,935.0999999999913,1.0098612059777194,0.98,0.9903,0.9823136476426799,0.04646098172906777,-362.5543768567232
Elysium-Fenix,457,985792.729,950917.217,Elysium,Fenix,-34875.512000000104,34875.512000000104,0.9646218611945148,3.67,1.0,0.9777570719602977,0.055399164086247815,4312.254361379141
Aegis-Elysium,105,82387.492,221925.798,Aegis,Elysium,139538.306,139538.306,2.693683138212291,62.88,0.614,0.7958968831168831,0.13151929136319288,77214.95699135585
Dawn-Elysium,184,234937.41,142728.548,Dawn,Elysium,-92208.862,92208.862,0.6075173298283999,64.6,1.0,0.9839219696969698,0.04028966443660543,-3087.7173304880284
Boreas-Elysium,361,103929.9,103816.03,Boreas,Elysium,-113.86999999999534,113.86999999999534,0.9989043576487614,0.11,1.0,0.9804581280788177,0.05527648369623914,-1839.5134922540726
Dawn-Fenix,153,80567.384,81068.678,Dawn,Fenix,501.2939999999944,501.2939999999944,1.0062220463804559,0.62,0.9939,0.9823136476426799,0.04646098172906777,-362.5543768567232
Aegis-Elysium,336,87712.679,159418.736,Aegis,Elysium,71706.057,71706.057,1.8175107386698335,44.98,0.6898,0.7958968831168831,0.13151929136319288,77214.95699135585
Boreas-Elysium,189,114993.856,116246.167,Boreas,Elysium,1252.3110000000015,1252.3110000000015,1.0108902426926183,1.08,0.9893,0.9804581280788177,0.05527648369623914,-1839.5134922540726
Elysium-Fenix,2,554750.538,560075.808,Elysium,Fenix,5325.270000000019,5325.270000000019,1.0095993958278955,0.95,0.9906,0.9777570719602977,0.055399164086247815,4312.254361379141
Dawn-Fenix,403,115887.695,121720.338,Dawn,Fenix,5832.642999999996,5832.642999999996,1.05033013211627,4.79,0.9543,0.9823136476426799,0.04646098172906777,-362.5543768567232
Dawn-Elysium,348,181051.24749094708,175041.3,Dawn,Elysium,-6009.947490947088,6009.947490947088,0.9668052688162362,3.43,1.0,0.9839219696969698,0.04028966443660543,-3087.7173304880284
Boreas-Elysium,246,181051.24749094708,775092.61,Boreas,Elysium,594041.362509053,594041.362509053,4.281067491892074,76.64,0.5661,0.9804581280788177,0.05527648369623914,-1839.5134922540726
Elysium-Fenix,474,201386.51,200597.566,Elysium,Fenix,-788.9440000000177,788.9440000000177,0.9960824386896618,0.39,1.0,0.9777570719602977,0.055399164086247815,4312.254361379141
Elysium-Fenix,311,267337.372,260217.574,Elysium,Fenix,-7119.797999999981,7119.797999999981,0.9733677414918256,2.74,1.0,0.9777570719602977,0.055399164086247815,4312.254361379141
Aegis-Elysium,171,118422.326,176008.721,Aegis,Elysium,57586.39499999999,57586.39499999999,1.486279884419767,32.72,0.7535,0.7958968831168831,0.13151929136319288,77214.95699135585
Caelum-Elysium,492,128309.316,125073.742,Caelum,Elysium,-3235.574000000008,3235.574000000008,0.9747830157554577,2.59,1.0,0.9780398457583547,0.06003094589396874,1753.5802267796134
Caelum-Elysium,308,301188.847,307360.57,Caelum,Elysium,6171.722999999998,6171.722999999998,1.0204912069669034,2.01,0.9803,0.9780398457583547,0.06003094589396874,1753.5802267796134
Aegis-Elysium,422,105715.481,165944.277,Aegis,Elysium,60228.796,60228.796,1.569725412307399,36.29,0.7337,0.7958968831168831,0.13151929136319288,77214.95699135585
Boreas-Fenix,186,187448.465,180830.746,Boreas,Fenix,-6617.718999999983,6617.718999999983,0.9646957951882936,3.66,1.0,0.8068014354066986,0.13514659878591953,61601.108196475456
Dawn-Fenix,380,181051.24749094708,430539.501,Dawn,Fenix,249488.2535090529,249488.2535090529,2.3779979810496905,57.95,0.6331,0.9823136476426799,0.04646098172906777,-362.5543768567232
Caelum-Dawn,318,179692.083,172786.198,Caelum,Dawn,-6905.885000000009,6905.885000000009,0.9615682289130122,4.0,1.0,0.9804744471744471,0.05446466415035868,-6484.057433327288
Elysium-Fenix,313,170329.014,169673.692,Elysium,Fenix,-655.3219999999856,655.3219999999856,0.9961526108523121,0.39,1.0,0.9777570719602977,0.055399164086247815,4312.254361379141
Elysium-Fenix,207,167461.697,171690.228,Elysium,Fenix,4228.531000000017,4228.531000000017,1.0252507353965248,2.46,0.976,0.9777570719602977,0.055399164086247815,4312.254361379141
Aegis-Elysium,464,113164.168,199805.94,Aegis,Elysium,86641.772,86641.772,1.7656290284394613,43.36,0.6975,0.7958968831168831,0.13151929136319288,77214.95699135585
Aegis-Dawn,374,204451.945,214200.62,Aegis,Dawn,9748.674999999988,9748.674999999988,1.0476819870801424,4.55,0.9565,0.9844383292383293,0.0367757216063089,-2180.4743005156975
Boreas-Elysium,297,595138.31,579046.101,Boreas,Elysium,-16092.209000000032,16092.209000000032,0.9729605560092409,2.78,1.0,0.9804581280788177,0.05527648369623914,-1839.5134922540726
Boreas-Fenix,143,136524.169,137670.221,Boreas,Fenix,1146.051999999996,1146.051999999996,1.0083944989989282,0.83,0.9917,0.8068014354066986,0.13514659878591953,61601.108196475456
Caelum-Elysium,445,224808.38,221783.672,Caelum,Elysium,-3024.7080000000133,3024.7080000000133,0.986545394793557,1.36,1.0,0.9780398457583547,0.06003094589396874,1753.5802267796134
Dawn-Fenix,190,73632.422,77407.271,Dawn,Fenix,3774.8489999999874,3774.8489999999874,1.0512661256749096,4.88,0.9535,0.9823136476426799,0.04646098172906777,-362.5543768567232
Aegis-Elysium,251,103098.235,166219.686,Aegis,Elysium,63121.45099999999,63121.45099999999,1.6122456994535357,37.97,0.7248,0.7958968831168831,0.13151929136319288,77214.95699135585
Caelum-Dawn,326,159220.85,167075.812,Caelum,Dawn,7854.9619999999995,7854.9619999999995,1.0493337524576711,4.7,0.9551,0.9804744471744471,0.05446466415035868,-6484.057433327288
Aegis-Dawn,340,121574.383,121916.925,Aegis,Dawn,342.5420000000013,342.5420000000013,1.0028175507993324,0.28,0.9972,0.9844383292383293,0.0367757216063089,-2180.4743005156975
Caelum-Fenix,228,118487.133,114653.124,Caelum,Fenix,-3834.0090000000055,3834.0090000000055,0.967641980163365,3.34,1.0,0.9796862650602409,0.04873557984945812,1731.907948738127
Aegis-Dawn,81,126124.746,132677.815,Aegis,Dawn,6553.069000000003,6553.069000000003,1.051957044179102,4.94,0.9529,0.9844383292383293,0.0367757216063089,-2180.4743005156975
Aegis-Boreas,204,37775.445,69738.907,Aegis,Boreas,31963.462000000007,31963.462000000007,1.846143890561713,45.83,0.6857,0.9849621693121693,0.03408513950102227,-4121.568080328588
Boreas-Dawn,141,142986.059,146530.897,Boreas,Dawn,3544.837999999989,3544.837999999989,1.024791493833675,2.42,0.9764,0.9791679389312977,0.052929740107363066,-992.1216852668913
Boreas-Elysium,14,102836.667,102116.392,Boreas,Elysium,-720.2749999999942,720.2749999999942,0.992995932083252,0.71,1.0,0.9804581280788177,0.05527648369623914,-1839.5134922540726
Aegis-Dawn,405,129900.869,131182.727,Aegis,Dawn,1281.8580000000075,1281.8580000000075,1.0098679709371305,0.98,0.9903,0.9844383292383293,0.0367757216063089,-2180.4743005156975
Aegis-Dawn,131,290423.263,298783.842,Aegis,Dawn,8360.579000000027,8360.579000000027,1.0287875665111579,2.8,0.9728,0.9844383292383293,0.0367757216063089,-2180.4743005156975
Caelum-Fenix,244,126947.505,125481.79,Caelum,Fenix,-1465.715000000011,1465.715000000011,0.9884541645777125,1.17,1.0,0.9796862650602409,0.04873557984945812,1731.907948738127
Boreas-Dawn,474,194910.455,191870.501,Boreas,Dawn,-3039.953999999998,3039.953999999998,0.9844033302369543,1.58,1.0,0.9791679389312977,0.052929740107363066,-992.1216852668913
Aegis-Boreas,162,66481.357,64780.68,Aegis,Boreas,-1700.6770000000033,1700.6770000000033,0.9744187381734701,2.63,1.0,0.9849621693121693,0.03408513950102227,-4121.568080328588
Caelum-Fenix,304,181051.24749094708,350005.599,Caelum,Fenix,168954.3515090529,168954.3515090529,1.9331852381602672,48.27,0.6744,0.9796862650602409,0.04873557984945812,1731.907948738127
Caelum-Fenix,55,115115.521,119495.922,Caelum,Fenix,4380.401000000013,4380.401000000013,1.0380522188662988,3.67,0.9646,0.9796862650602409,0.04873557984945812,1731.907948738127
Dawn-Fenix,388,69430.639,72086.398,Dawn,Fenix,2655.7590000000055,2655.7590000000055,1.0382505337449077,3.68,0.9645,0.9823136476426799,0.04646098172906777,-362.5543768567232
Caelum-Elysium,13,193794.855,185425.866,Caelum,Elysium,-8368.989000000001,8368.989000000001,0.956815215759985,4.51,1.0,0.9780398457583547,0.06003094589396874,1753.5802267796134
Aegis-Dawn,117,141707.419,142359.191,Aegis,Dawn,651.7719999999972,651.7719999999972,1.0045994204438935,0.46,0.9954,0.9844383292383293,0.0367757216063089,-2180.4743005156975
Aegis-Dawn,375,205256.006,210391.649,Aegis,Dawn,5135.643000000011,5135.643000000011,1.025020671015103,2.44,0.9762,0.9844383292383293,0.0367757216063089,-2180.4743005156975
Aegis-Elysium,431,165830.637,169282.94,Aegis,Elysium,3452.3030000000144,3452.3030000000144,1.0208182460277229,2.04,0.98,0.7958968831168831,0.13151929136319288,77214.95699135585
Boreas-Fenix,473,104090.218,146760.045,Boreas,Fenix,42669.82700000002,42669.82700000002,1.4099311906523244,29.07,0.7747,0.8068014354066986,0.13514659878591953,61601.108196475456
Dawn-Fenix,362,143638.601,146299.92,Dawn,Fenix,2661.3190000000177,2661.3190000000177,1.0185278816520917,1.82,0.9821,0.9823136476426799,0.04646098172906777,-362.5543768567232
Aegis-Dawn,47,210900.306,207867.534,Aegis,Dawn,-3032.771999999997,3032.771999999997,0.9856198786169613,1.46,1.0,0.9844383292383293,0.0367757216063089,-2180.4743005156975
Dawn-Elysium,371,154400.866,162046.629,Dawn,Elysium,7645.762999999977,7645.762999999977,1.0495189126724198,4.72,0.9549,0.9839219696969698,0.04028966443660543,-3087.7173304880284
Dawn-Fenix,449,114513.415,109823.373,Dawn,Fenix,-4690.041999999987,4690.041999999987,0.959043732998444,4.27,1.0,0.9823136476426799,0.04646098172906777,-362.5543768567232
Dawn-Fenix,48,76778.747,80330.701,Dawn,Fenix,3551.953999999998,3551.953999999998,1.0462622032630984,4.42,0.9577,0.9823136476426799,0.04646098172906777,-362.5543768567232
Caelum-Dawn,381,315065.825,302354.674,Caelum,Dawn,-12711.151000000013,12711.151000000013,0.9596555703875531,4.2,1.0,0.9804744471744471,0.05446466415035868,-6484.057433327288
Elysium-Fenix,309,216813.067,215893.099,Elysium,Fenix,-919.9680000000226,919.9680000000226,0.9957568609091259,0.43,1.0,0.9777570719602977,0.055399164086247815,4312.254361379141
Elysium-Fenix,202,199294.074,194282.204,Elysium,Fenix,-5011.869999999995,5011.869999999995,0.97485188646402,2.58,1.0,0.9777570719602977,0.055399164086247815,4312.254361379141
Dawn-Elysium,390,97930.865,103016.075,Dawn,Elysium,5085.209999999992,5085.209999999992,1.0519265300066531,4.94,0.953,0.9839219696969698,0.04028966443660543,-3087.7173304880284
Boreas-Fenix,356,188510.378,194042.788,Boreas,Fenix,5532.4100000000035,5532.4100000000035,1.0293480393954757,2.85,0.9723,0.8068014354066986,0.13514659878591953,61601.108196475456
Boreas-Dawn,361,76586.76,73567.636,Boreas,Dawn,-3019.123999999996,3019.123999999996,0.9605790348096721,4.1,1.0,0.9791679389312977,0.052929740107363066,-992.1216852668913
Boreas-Fenix,159,236908.012,296717.935,Boreas,Fenix,59809.92300000001,59809.92300000001,1.25246053307813,20.16,0.8322,0.8068014354066986,0.13514659878591953,61601.108196475456
Elysium-Fenix,5,165545.979,171493.148,Elysium,Fenix,5947.168999999994,5947.168999999994,1.0359245753712931,3.47,0.9665,0.9777570719602977,0.055399164086247815,4312.254361379141
Aegis-Dawn,140,299713.543,290038.31,Aegis,Dawn,-9675.233000000007,9675.233000000007,0.9677183990314379,3.34,1.0,0.9844383292383293,0.0367757216063089,-2180.4743005156975
Dawn-Fenix,107,69465.368,71358.421,Dawn,Fenix,1893.0529999999999,1893.0529999999999,1.0272517522688427,2.65,0.9742,0.9823136476426799,0.04646098172906777,-362.5543768567232
Aegis-Elysium,9,82567.523,199184.398,Aegis,Elysium,116616.87499999999,116616.87499999999,2.4123818998421447,58.55,0.6307,0.7958968831168831,0.13151929136319288,77214.95699135585
Elysium-Fenix,362,170385.113,174477.853,Elysium,Fenix,4092.7399999999907,4092.7399999999907,1.024020525783846,2.35,0.9771,0.9777570719602977,0.055399164086247815,4312.254361379141
Aegis-Dawn,137,202031.538,194092.151,Aegis,Dawn,-7939.386999999988,7939.386999999988,0.9607022394691666,4.09,1.0,0.9844383292383293,0.0367757216063089,-2180.4743005156975
Dawn-Elysium,399,233014.956,227141.085,Dawn,Elysium,-5873.871000000014,5873.871000000014,0.9747918712994542,2.59,1.0,0.9839219696969698,0.04028966443660543,-3087.7173304880284
Dawn-Elysium,4,195717.213,186480.034,Dawn,Elysium,-9237.178999999975,9237.178999999975,0.9528034409523296,4.95,1.0,0.9839219696969698,0.04028966443660543,-3087.7173304880284
Boreas-Elysium,308,147827.596,147836.003,Boreas,Elysium,8.40700000000652,8.40700000000652,1.0000568703018076,0.01,0.9999,0.9804581280788177,0.05527648369623914,-1839.5134922540726
Caelum-Fenix,168,113812.374,115148.948,Caelum,Fenix,1336.5740000000078,1336.5740000000078,1.0117436615459758,1.16,0.9885,0.9796862650602409,0.04873557984945812,1731.907948738127
Caelum-Dawn,145,205503.057,201889.688,Caelum,Dawn,-3613.369000000006,3613.369000000006,0.9824169574275481,1.79,1.0,0.9804744471744471,0.05446466415035868,-6484.057433327288
Caelum-Elysium,281,319006.545,323926.599,Caelum,Elysium,4920.054000000004,4920.054000000004,1.0154230503327133,1.52,0.985,0.9780398457583547,0.06003094589396874,1753.5802267796134
Boreas-Elysium,96,104314.188,103975.108,Boreas,Elysium,-339.08000000000175,339.08000000000175,0.996749435465097,0.33,1.0,0.9804581280788177,0.05527648369623914,-1839.5134922540726
Elysium-Fenix,19,357109.294,344350.697,Elysium,Fenix,-12758.597000000009,12758.597000000009,0.9642725708505363,3.71,1.0,0.9777570719602977,0.055399164086247815,4312.254361379141
Boreas-Dawn,456,78657.819,81752.64,Boreas,Dawn,3094.8209999999963,3094.8209999999963,1.039345370102367,3.79,0.9635,0.9791679389312977,0.052929740107363066,-992.1216852668913
Aegis-Elysium,372,100861.085,150370.181,Aegis,Elysium,49509.096000000005,49509.096000000005,1.490864201986326,32.92,0.7523,0.7958968831168831,0.13151929136319288,77214.95699135585
Caelum-Fenix,22,454761.015,449552.654,Caelum,Fenix,-5208.3610000000335,5208.3610000000335,0.9885470371729203,1.16,1.0,0.9796862650602409,0.04873557984945812,1731.907948738127
Aegis-Dawn,421,189946.96,186416.543,Aegis,Dawn,-3530.4169999999867,3530.4169999999867,0.9814136693738085,1.89,1.0,0.9844383292383293,0.0367757216063089,-2180.4743005156975
Aegis-Dawn,46,164493.221,171792.165,Aegis,Dawn,7298.944000000018,7298.944000000018,1.044372308813869,4.25,0.9592,0.9844383292383293,0.0367757216063089,-2180.4743005156975
Aegis-Elysium,449,163192.669,278726.582,Aegis,Elysium,115533.913,115533.913,1.7079601902950678,41.45,0.707,0.7958968831168831,0.13151929136319288,77214.95699135585
Boreas-Fenix,304,132228.334,137390.224,Boreas,Fenix,5161.889999999985,5161.889999999985,1.0390376997414184,3.76,0.9638,0.8068014354066986,0.13514659878591953,61601.108196475456
Boreas-Fenix,110,71739.273,151256.711,Boreas,Fenix,79517.43800000001,79517.43800000001,2.10842269059515,52.57,0.6554,0.8068014354066986,0.13514659878591953,61601.108196475456
Boreas-Dawn,400,231582.9,232585.952,Boreas,Dawn,1003.051999999996,1003.051999999996,1.0043312869818972,0.43,0.9957,0.9791679389312977,0.052929740107363066,-992.1216852668913
Boreas-Fenix,257,139676.662,135172.921,Boreas,Fenix,-4503.741000000009,4503.741000000009,0.9677559519570993,3.33,1.0,0.8068014354066986,0.13514659878591953,61601.108196475456
Boreas-Elysium,28,103885.47,106169.715,Boreas,Elysium,2284.2449999999953,2284.2449999999953,1.021988108635404,2.15,0.9789,0.9804581280788177,0.05527648369623914,-1839.5134922540726
Boreas-Elysium,301,126481.377,132147.908,Boreas,Elysium,5666.531000000003,5666.531000000003,1.0448013069939932,4.29,0.9589,0.9804581280788177,0.05527648369623914,-1839.5134922540726
Boreas-Dawn,385,100693.011,100890.98,Boreas,Dawn,197.96899999999732,197.96899999999732,1.0019660649536044,0.2,0.998,0.9791679389312977,0.052929740107363066,-992.1216852668913
Boreas-Dawn,142,125320.32,119775.75,Boreas,Dawn,-5544.570000000007,5544.570000000007,0.9557568158140675,4.63,1.0,0.9791679389312977,0.052929740107363066,-992.1216852668913
Aegis-Dawn,472,187310.888,181771.503,Aegis,Dawn,-5539.385000000009,5539.385000000009,0.9704267858684221,3.05,1.0,0.9844383292383293,0.0367757216063089,-2180.4743005156975
Elysium-Fenix,264,300840.804,310671.017,Elysium,Fenix,9830.212999999989,9830.212999999989,1.032675796864311,3.16,0.9693,0.9777570719602977,0.055399164086247815,4312.254361379141
Boreas-Elysium,97,212486.813,205689.193,Boreas,Elysium,-6797.619999999995,6797.619999999995,0.968009214764777,3.3,1.0,0.9804581280788177,0.05527648369623914,-1839.5134922540726
Dawn-Fenix,208,282226.137,288262.798,Dawn,Fenix,6036.661000000022,6036.661000000022,1.0213894470022102,2.09,0.9795,0.9823136476426799,0.04646098172906777,-362.5543768567232
Dawn-Elysium,75,101574.672,105027.428,Dawn,Elysium,3452.755999999994,3452.755999999994,1.0339922928818317,3.29,0.9682,0.9839219696969698,0.04028966443660543,-3087.7173304880284
Dawn-Fenix,490,73497.81,73589.633,Dawn,Fenix,91.82300000000396,91.82300000000396,1.0012493297419338,0.12,0.9988,0.9823136476426799,0.04646098172906777,-362.5543768567232
Elysium-Fenix,458,179859.963,185947.385,Elysium,Fenix,6087.4220000000205,6087.4220000000205,1.0338453422232718,3.27,0.9683,0.9777570719602977,0.055399164086247815,4312.254361379141
Aegis-Dawn,336,266416.854,272531.715,Aegis,Dawn,6114.8610000000335,6114.8610000000335,1.022952230342004,2.24,0.9781,0.9844383292383293,0.0367757216063089,-2180.4743005156975
Aegis-Dawn,101,383947.53,365763.034,Aegis,Dawn,-18184.496000000043,18184.496000000043,0.9526380701029642,4.97,1.0,0.9844383292383293,0.0367757216063089,-2180.4743005156975
Boreas-Elysium,184,96510.602,99801.085,Boreas,Elysium,3290.4830000000075,3290.4830000000075,1.0340945236254977,3.3,0.9681,0.9804581280788177,0.05527648369623914,-1839.5134922540726
Dawn-Elysium,268,169500.029,164840.836,Dawn,Elysium,-4659.192999999999,4659.192999999999,0.972512140396153,2.83,1.0,0.9839219696969698,0.04028966443660543,-3087.7173304880284
Caelum-Elysium,16,193981.577,199952.352,Caelum,Elysium,5970.775000000023,5970.775000000023,1.0307801137218304,2.99,0.971,0.9780398457583547,0.06003094589396874,1753.5802267796134
Dawn-Fenix,149,142549.135,149072.923,Dawn,Fenix,6523.7880000000005,6523.7880000000005,1.0457651882629804,4.38,0.9581,0.9823136476426799,0.04646098172906777,-362.5543768567232
Boreas-Dawn,82,75390.321,75489.85,Boreas,Dawn,99.52900000000955,99.52900000000955,1.0013201827327411,0.13,0.9987,0.9791679389312977,0.052929740107363066,-992.1216852668913
Dawn-Fenix,101,173419.363,175309.022,Dawn,Fenix,1889.658999999985,1889.658999999985,1.0108964706553558,1.08,0.9893,0.9823136476426799,0.04646098172906777,-362.5543768567232
Caelum-Elysium,83,204812.966,203291.157,Caelum,Elysium,-1521.8089999999793,1521.8089999999793,0.9925697624045932,0.75,1.0,0.9780398457583547,0.06003094589396874,1753.5802267796134
Caelum-Elysium,358,123426.548,127621.26,Caelum,Elysium,4194.7119999999995,4194.7119999999995,1.0339854923269831,3.29,0.9682,0.9780398457583547,0.06003094589396874,1753.5802267796134
Aegis-Elysium,70,110405.812,222680.037,Aegis,Elysium,112274.225,112274.225,2.016923139879629,50.42,0.6648,0.7958968831168831,0.13151929136319288,77214.95699135585
Boreas-Dawn,275,69279.984,72191.922,Boreas,Dawn,2911.938000000009,2911.938000000009,1.0420314473513737,4.03,0.9612,0.9791679389312977,0.052929740107363066,-992.1216852668913
Elysium-Fenix,263,183096.332,177907.995,Elysium,Fenix,-5188.3369999999995,5188.3369999999995,0.9716633482313561,2.92,1.0,0.9777570719602977,0.055399164086247815,4312.254361379141
Aegis-Elysium,283,70956.108,168348.502,Aegis,Elysium,97392.39400000001,97392.39400000001,2.3725723795335565,57.85,0.6335,0.7958968831168831,0.13151929136319288,77214.95699135585
Dawn-Elysium,487,107342.298,104775.525,Dawn,Elysium,-2566.773000000001,2566.773000000001,0.9760879630134246,2.45,1.0,0.9839219696969698,0.04028966443660543,-3087.7173304880284
Dawn-Elysium,384,101338.34,101195.393,Dawn,Elysium,-142.94700000000012,142.94700000000012,0.9985894085101453,0.14,1.0,0.9839219696969698,0.04028966443660543,-3087.7173304880284
Elysium-Fenix,199,420325.576,411648.918,Elysium,Fenix,-8676.657999999996,8676.657999999996,0.9793572923099974,2.11,1.0,0.9777570719602977,0.055399164086247815,4312.254361379141
Boreas-Dawn,336,72521.182,73208.296,Boreas,Dawn,687.1140000000014,687.1140000000014,1.009474666311975,0.94,0.9907,0.9791679389312977,0.052929740107363066,-992.1216852668913
Dawn-Fenix,452,96398.716,101240.81,Dawn,Fenix,4842.093999999997,4842.093999999997,1.0502298599080926,4.78,0.9544,0.9823136476426799,0.04646098172906777,-362.5543768567232
Aegis-Elysium,19,100827.181,188361.946,Aegis,Elysium,87534.765,87534.765,1.8681663429626183,46.47,0.6827,0.7958968831168831,0.13151929136319288,77214.95699135585
Aegis-Dawn,470,119236.749,118859.78,Aegis,Dawn,-376.9689999999973,376.9689999999973,0.9968384830753815,0.32,1.0,0.9844383292383293,0.0367757216063089,-2180.4743005156975
Aegis-Elysium,326,197198.842,269535.601,Aegis,Elysium,72336.75900000002,72336.75900000002,1.3668214187586356,26.84,0.7884,0.7958968831168831,0.13151929136319288,77214.95699135585
Caelum-Dawn,333,162709.849,157849.673,Caelum,Dawn,-4860.175999999978,4860.175999999978,0.9701297983504368,3.08,1.0,0.9804744471744471,0.05446466415035868,-6484.057433327288
Aegis-Boreas,475,95872.797,97527.158,Aegis,Boreas,1654.3609999999899,1654.3609999999899,1.0172557915463756,1.7,0.9833,0.9849621693121693,0.03408513950102227,-4121.568080328588
Boreas-Fenix,310,127801.341,219838.007,Boreas,Fenix,92036.66600000001,92036.66600000001,1.7201541492432384,41.87,0.7049,0.8068014354066986,0.13514659878591953,61601.108196475456
Elysium-Fenix,108,189478.177,199360.409,Elysium,Fenix,9882.232000000018,9882.232000000018,1.0521549877482725,4.96,0.9528,0.9777570719602977,0.055399164086247815,4312.254361379141
Boreas-Dawn,151,73765.983,73592.187,Boreas,Dawn,-173.79599999998754,173.79599999998754,0.9976439546667467,0.24,1.0,0.9791679389312977,0.052929740107363066,-992.1216852668913
Elysium-Fenix,69,182564.903,179052.483,Elysium,Fenix,-3512.4199999999837,3512.4199999999837,0.9807607051394759,1.96,1.0,0.9777570719602977,0.055399164086247815,4312.254361379141
Dawn-Fenix,121,93299.895,93951.402,Dawn,Fenix,651.5069999999978,651.5069999999978,1.0069829339036234,0.69,0.9931,0.9823136476426799,0.04646098172906777,-362.5543768567232
Boreas-Fenix,28,157830.742,221772.315,Boreas,Fenix,63941.573000000004,63941.573000000004,1.4051274941101146,28.83,0.7762,0.8068014354066986,0.13514659878591953,61601.108196475456
Caelum-Elysium,191,390600.338,379841.209,Caelum,Elysium,-10759.129000000015,10759.129000000015,0.9724548907072373,2.83,1.0,0.9780398457583547,0.06003094589396874,1753.5802267796134
Dawn-Elysium,9,104614.743,107098.085,Dawn,Elysium,2483.342000000004,2483.342000000004,1.0237379735282628,2.32,0.9773,0.9839219696969698,0.04028966443660543,-3087.7173304880284
Caelum-Fenix,86,130014.972,134814.892,Caelum,Fenix,4799.919999999998,4799.919999999998,1.0369182096966494,3.56,0.9656,0.9796862650602409,0.04873557984945812,1731.907948738127
Aegis-Elysium,373,127298.444,175989.647,Aegis,Elysium,48691.202999999994,48691.202999999994,1.3824964506243296,27.67,0.7833,0.7958968831168831,0.13151929136319288,77214.95699135585
Aegis-Dawn,239,116725.241,119967.408,Aegis,Dawn,3242.1670000000013,3242.1670000000013,1.0277760574510186,2.7,0.9737,0.9844383292383293,0.0367757216063089,-2180.4743005156975
Dawn-Elysium,108,274568.223,272994.452,Dawn,Elysium,-1573.771000000008,1573.771000000008,0.9942681968699634,0.58,1.0,0.9839219696969698,0.04028966443660543,-3087.7173304880284
Elysium-Fenix,302,256245.591,268081.469,Elysium,Fenix,11835.877999999997,11835.877999999997,1.046189586926395,4.42,0.9577,0.9777570719602977,0.055399164086247815,4312.254361379141
Aegis-Dawn,367,148195.845,154513.356,Aegis,Dawn,6317.510999999999,6317.510999999999,1.0426294745308142,4.09,0.9607,0.9844383292383293,0.0367757216063089,-2180.4743005156975
Boreas-Fenix,474,135798.448,290644.557,Boreas,Fenix,154846.10899999997,154846.10899999997,2.1402642024303544,53.28,0.6524,0.8068014354066986,0.13514659878591953,61601.108196475456
Aegis-Elysium,140,77660.623,159817.33,Aegis,Elysium,82156.70699999998,82156.70699999998,2.057893998609823,51.41,0.6605,0.7958968831168831,0.13151929136319288,77214.95699135585
Aegis-Dawn,497,120320.17,123853.159,Aegis,Dawn,3532.9890000000014,3532.9890000000014,1.0293632314515513,2.85,0.9723,0.9844383292383293,0.0367757216063089,-2180.4743005156975
Aegis-Elysium,337,209071.965,207014.429,Aegis,Elysium,-2057.535999999993,2057.535999999993,0.9901587187933112,0.99,1.0,0.7958968831168831,0.13151929136319288,77214.95699135585
Aegis-Dawn,41,162090.816,157538.006,Aegis,Dawn,-4552.809999999998,4552.809999999998,0.9719119805035715,2.89,1.0,0.9844383292383293,0.0367757216063089,-2180.4743005156975
Aegis-Elysium,99,431789.956,643874.872,Aegis,Elysium,212084.91599999997,212084.91599999997,1.4911761217530497,32.94,0.7522,0.7958968831168831,0.13151929136319288,77214.95699135585
Aegis-Elysium,132,101534.485,161508.598,Aegis,Elysium,59974.113,59974.113,1.5906772758043732,37.13,0.7292,0.7958968831168831,0.13151929136319288,77214.95699135585
Elysium-Fenix,316,244369.636,255157.497,Elysium,Fenix,10787.861000000004,10787.861000000004,1.044145668736029,4.23,0.9594,0.9777570719602977,0.055399164086247815,4312.254361379141
Elysium-Fenix,427,170756.021,176747.964,Elysium,Fenix,5991.942999999999,5991.942999999999,1.035090668925812,3.39,0.9672,0.9777570719602977,0.055399164086247815,4312.254361379141
Boreas-Elysium,258,366489.143,352010.261,Boreas,Elysium,-14478.881999999983,14478.881999999983,0.9604930124764979,4.11,1.0,0.9804581280788177,0.05527648369623914,-1839.5134922540726
Elysium-Fenix,473,328355.458,318185.451,Elysium,Fenix,-10170.006999999983,10170.006999999983,0.9690274464693077,3.2,1.0,0.9777570719602977,0.055399164086247815,4312.254361379141
Boreas-Fenix,462,92148.038,145936.984,Boreas,Fenix,53788.945999999996,53788.945999999996,1.583723182472968,36.86,0.7307,0.8068014354066986,0.13514659878591953,61601.108196475456
Aegis-Boreas,59,347017.403,364714.061,Aegis,Boreas,17696.657999999996,17696.657999999996,1.0509964567972978,4.85,0.9537,0.9849621693121693,0.03408513950102227,-4121.568080328588
Caelum-Dawn,259,957713.018,412345.539,Caelum,Dawn,-545367.479,545367.479,0.4305522961994446,132.26,1.0,0.9804744471744471,0.05446466415035868,-6484.057433327288
Caelum-Fenix,83,119905.439,121680.899,Caelum,Fenix,1775.4600000000064,1775.4600000000064,1.0148071681719126,1.46,0.9856,0.9796862650602409,0.04873557984945812,1731.907948738127
Boreas-Dawn,438,71617.949,73245.256,Boreas,Dawn,1627.3070000000007,1627.3070000000007,1.022722055332805,2.22,0.9783,0.9791679389312977,0.052929740107363066,-992.1216852668913
Caelum-Elysium,150,159422.235,157298.334,Caelum,Elysium,-2123.9009999999835,2123.9009999999835,0.9866775108252623,1.35,1.0,0.9780398457583547,0.06003094589396874,1753.5802267796134
Elysium-Fenix,423,966252.447,929943.43,Elysium,Fenix,-36309.01699999999,36309.01699999999,0.9624228460039285,3.9,1.0,0.9777570719602977,0.055399164086247815,4312.254361379141
Caelum-Dawn,395,185634.323,183056.773,Caelum,Dawn,-2577.5500000000175,2577.5500000000175,0.9861149061318794,1.41,1.0,0.9804744471744471,0.05446466415035868,-6484.057433327288
Boreas-Fenix,313,143212.846,150296.217,Boreas,Fenix,7083.371000000014,7083.371000000014,1.0494604443514797,4.71,0.955,0.8068014354066986,0.13514659878591953,61601.108196475456
Elysium-Fenix,496,480575.11,464707.059,Elysium,Fenix,-15868.050999999978,15868.050999999978,0.9669811218479459,3.41,1.0,0.9777570719602977,0.055399164086247815,4312.254361379141
Elysium-Fenix,156,195284.525,202052.463,Elysium,Fenix,6767.937999999995,6767.937999999995,1.034656806523712,3.35,0.9676,0.9777570719602977,0.055399164086247815,4312.254361379141
Aegis-Elysium,78,92504.821,160790.432,Aegis,Elysium,68285.611,68285.611,1.7381843482514279,42.47,0.7019,0.7958968831168831,0.13151929136319288,77214.95699135585
Dawn-Elysium,32,69228.45,165305.25,Dawn,Elysium,96076.8,96076.8,2.387822492053484,58.12,0.6324,0.9839219696969698,0.04028966443660543,-3087.7173304880284
Elysium-Fenix,331,583756.852,586901.847,Elysium,Fenix,3144.9949999999953,3144.9949999999953,1.0053875084964312,0.54,0.9947,0.9777570719602977,0.055399164086247815,4312.254361379141
Caelum-Fenix,272,148404.135,153862.32,Caelum,Fenix,5458.184999999998,5458.184999999998,1.0367791975607688,3.55,0.9657,0.9796862650602409,0.04873557984945812,1731.907948738127
Caelum-Fenix,283,149604.128,144148.137,Caelum,Fenix,-5455.991000000009,5455.991000000009,0.9635304782499049,3.78,1.0,0.9796862650602409,0.04873557984945812,1731.907948738127
Dawn-Fenix,99,73149.57,76120.464,Dawn,Fenix,2970.8940000000002,2970.8940000000002,1.0406139639645182,3.9,0.9624,0.9823136476426799,0.04646098172906777,-362.5543768567232
Boreas-Fenix,130,181051.24749094708,184610.789,Boreas,Fenix,3559.541509052913,3559.541509052913,1.0196604086322625,1.93,0.9811,0.8068014354066986,0.13514659878591953,61601.108196475456
Dawn-Elysium,301,183607.063,189162.364,Dawn,Elysium,5555.301000000007,5555.301000000007,1.0302564667678389,2.94,0.9715,0.9839219696969698,0.04028966443660543,-3087.7173304880284
Caelum-Elysium,24,136196.365,135651.396,Caelum,Elysium,-544.9689999999828,544.9689999999828,0.9959986523869416,0.4,1.0,0.9780398457583547,0.06003094589396874,1753.5802267796134
Caelum-Elysium,63,162509.921,157056.506,Caelum,Elysium,-5453.415000000008,5453.415000000008,0.9664425718353526,3.47,1.0,0.9780398457583547,0.06003094589396874,1753.5802267796134
Aegis-Dawn,440,150555.885,153132.039,Aegis,Dawn,2576.1539999999804,2576.1539999999804,1.017110948535821,1.68,0.9835,0.9844383292383293,0.0367757216063089,-2180.4743005156975
Aegis-Elysium,80,229158.121,221273.001,Aegis,Elysium,-7885.120000000024,7885.120000000024,0.9655909205155334,3.56,1.0,0.7958968831168831,0.13151929136319288,77214.95699135585
Aegis-Boreas,187,56846.692,59745.683,Aegis,Boreas,2898.9909999999945,2898.9909999999945,1.0509966525404855,4.85,0.9537,0.9849621693121693,0.03408513950102227,-4121.568080328588
Caelum-Elysium,222,1176002.854,612436.693,Caelum,Elysium,-563566.1610000001,563566.1610000001,0.5207782369888704,92.02,1.0,0.9780398457583547,0.06003094589396874,1753.5802267796134
Elysium-Fenix,113,475860.109,460317.931,Elysium,Fenix,-15542.178000000014,15542.178000000014,0.9673387667803017,3.38,1.0,0.9777570719602977,0.055399164086247815,4312.254361379141
Boreas-Elysium,85,148816.375,144030.525,Boreas,Elysium,-4785.850000000006,4785.850000000006,0.9678405686202207,3.32,1.0,0.9804581280788177,0.05527648369623914,-1839.5134922540726
Boreas-Elysium,249,494923.888,479483.973,Boreas,Elysium,-15439.914999999979,15439.914999999979,0.9688034556941815,3.22,1.0,0.9804581280788177,0.05527648369623914,-1839.5134922540726
Caelum-Elysium,188,676199.931,651197.279,Caelum,Elysium,-25002.652000000002,25002.652000000002,0.9630247640471883,3.84,1.0,0.9780398457583547,0.06003094589396874,1753.5802267796134
Elysium-Fenix,368,192506.663,186460.681,Elysium,Fenix,-6045.981999999989,6045.981999999989,0.9685933883753416,3.24,1.0,0.9777570719602977,0.055399164086247815,4312.254361379141
Boreas-Elysium,23,174927.358,168089.931,Boreas,Elysium,-6837.426999999996,6837.426999999996,0.9609127635712649,4.07,1.0,0.9804581280788177,0.05527648369623914,-1839.5134922540726
Caelum-Elysium,294,154895.823,150597.977,Caelum,Elysium,-4297.84599999999,4297.84599999999,0.9722533124731195,2.85,1.0,0.9780398457583547,0.06003094589396874,1753.5802267796134
Aegis-Elysium,492,90383.818,161846.361,Aegis,Elysium,71462.543,71462.543,1.7906563871864762,44.15,0.6937,0.7958968831168831,0.13151929136319288,77214.95699135585
Dawn-Elysium,101,127182.948,123071.751,Dawn,Elysium,-4111.197,4111.197,0.9676749354795582,3.34,1.0,0.9839219696969698,0.04028966443660543,-3087.7173304880284
Caelum-Fenix,40,111115.065,108202.149,Caelum,Fenix,-2912.9159999999974,2912.9159999999974,0.9737846888718465,2.69,1.0,0.9796862650602409,0.04873557984945812,1731.907948738127
Aegis-Boreas,226,97273.017,98606.965,Aegis,Boreas,1333.9479999999894,1333.9479999999894,1.0137134432665946,1.35,0.9867,0.9849621693121693,0.03408513950102227,-4121.568080328588
Aegis-Elysium,13,181208.663,187086.537,Aegis,Elysium,5877.874000000011,5877.874000000011,1.0324370474495472,3.14,0.9695,0.7958968831168831,0.13151929136319288,77214.95699135585
Boreas-Fenix,83,168230.412,174636.203,Boreas,Fenix,6405.790999999997,6405.790999999997,1.03807748506257,3.67,0.9646,0.8068014354066986,0.13514659878591953,61601.108196475456
Boreas-Dawn,429,99486.755,96507.63,Boreas,Dawn,-2979.125,2979.125,0.9700550590880163,3.09,1.0,0.9791679389312977,0.052929740107363066,-992.1216852668913
Caelum-Fenix,215,265996.511,269869.518,Caelum,Fenix,3873.0069999999832,3873.0069999999832,1.0145603676733939,1.44,0.9859,0.9796862650602409,0.04873557984945812,1731.907948738127
Dawn-Fenix,382,83748.9,86785.312,Dawn,Fenix,3036.412000000011,3036.412000000011,1.0362561418717142,3.5,0.9662,0.9823136476426799,0.04646098172906777,-362.5543768567232
Aegis-Elysium,404,112208.753,190441.691,Aegis,Elysium,78232.938,78232.938,1.6972088710405684,41.08,0.7088,0.7958968831168831,0.13151929136319288,77214.95699135585
Boreas-Elysium,179,181051.24749094708,112723.208,Boreas,Elysium,-68328.03949094708,68328.03949094708,0.6226038735559466,60.62,1.0,0.9804581280788177,0.05527648369623914,-1839.5134922540726
Aegis-Dawn,197,119273.806,123972.776,Aegis,Dawn,4698.970000000001,4698.970000000001,1.0393964958240705,3.79,0.9635,0.9844383292383293,0.0367757216063089,-2180.4743005156975
Aegis-Elysium,124,101315.972,164408.726,Aegis,Elysium,63092.754,63092.754,1.6227325539550665,38.38,0.7227,0.7958968831168831,0.13151929136319288,77214.95699135585
Caelum-Dawn,282,462712.743,478977.927,Caelum,Dawn,16265.184000000008,16265.184000000008,1.0351517961112215,3.4,0.9672,0.9804744471744471,0.05446466415035868,-6484.057433327288
Caelum-Elysium,460,139990.463,141609.169,Caelum,Elysium,1618.7060000000056,1618.7060000000056,1.0115629734005522,1.14,0.9887,0.9780398457583547,0.06003094589396874,1753.5802267796134
Caelum-Fenix,110,306326.152,300652.292,Caelum,Fenix,-5673.859999999986,5673.859999999986,0.981477715947674,1.89,1.0,0.9796862650602409,0.04873557984945812,1731.907948738127
Boreas-Dawn,278,81628.482,82801.972,Boreas,Dawn,1173.4899999999907,1173.4899999999907,1.014375987048246,1.42,0.986,0.9791679389312977,0.052929740107363066,-992.1216852668913
Boreas-Fenix,134,94253.512,139495.13,Boreas,Fenix,45241.618,45241.618,1.4799992810877964,32.43,0.7551,0.8068014354066986,0.13514659878591953,61601.108196475456
Caelum-Dawn,91,147709.045,145287.446,Caelum,Dawn,-2421.5990000000165,2421.5990000000165,0.9836056146730892,1.67,1.0,0.9804744471744471,0.05446466415035868,-6484.057433327288
Caelum-Fenix,47,206770.741,205244.458,Caelum,Fenix,-1526.2829999999958,1526.2829999999958,0.9926184769052987,0.74,1.0,0.9796862650602409,0.04873557984945812,1731.907948738127
Aegis-Elysium,37,146864.984,306845.507,Aegis,Elysium,159980.523,159980.523,2.089303376766786,52.14,0.6573,0.7958968831168831,0.13151929136319288,77214.95699135585
Dawn-Elysium,494,586370.901,576406.208,Dawn,Elysium,-9964.69299999997,9964.69299999997,0.9830061604642963,1.73,1.0,0.9839219696969698,0.04028966443660543,-3087.7173304880284
Boreas-Elysium,256,106270.948,108245.183,Boreas,Elysium,1974.2350000000006,1974.2350000000006,1.0185773726230427,1.82,0.9821,0.9804581280788177,0.05527648369623914,-1839.5134922540726
Caelum-Elysium,273,218284.245,213117.058,Caelum,Elysium,-5167.187000000005,5167.187000000005,0.9763281724707159,2.42,1.0,0.9780398457583547,0.06003094589396874,1753.5802267796134
Elysium-Fenix,429,187419.629,188282.625,Elysium,Fenix,862.9960000000137,862.9960000000137,1.0046046190818145,0.46,0.9954,0.9777570719602977,0.055399164086247815,4312.254361379141
Aegis-Boreas,313,71331.917,72878.265,Aegis,Boreas,1546.3479999999981,1546.3479999999981,1.0216782061247562,2.12,0.9792,0.9849621693121693,0.03408513950102227,-4121.568080328588
Boreas-Fenix,149,121635.651,246701.307,Boreas,Fenix,125065.656,125065.656,2.0281990105022745,50.7,0.6636,0.8068014354066986,0.13514659878591953,61601.108196475456
Boreas-Elysium,281,550796.881,539777.182,Boreas,Elysium,-11019.699000000022,11019.699000000022,0.9799931710216057,2.04,1.0,0.9804581280788177,0.05527648369623914,-1839.5134922540726
Caelum-Elysium,193,256889.322,251266.311,Caelum,Elysium,-5623.010999999999,5623.010999999999,0.9781111532537736,2.24,1.0,0.9780398457583547,0.06003094589396874,1753.5802267796134
Caelum-Fenix,287,122178.194,123971.458,Caelum,Fenix,1793.2639999999956,1793.2639999999956,1.0146774472701732,1.45,0.9857,0.9796862650602409,0.04873557984945812,1731.907948738127
Boreas-Fenix,47,379321.672,711329.291,Boreas,Fenix,332007.61899999995,332007.61899999995,1.8752666760363745,46.67,0.6818,0.8068014354066986,0.13514659878591953,61601.108196475456
Aegis-Elysium,416,141460.84,230525.11,Aegis,Elysium,89064.26999999999,89064.26999999999,1.6296037122358384,38.64,0.7213,0.7958968831168831,0.13151929136319288,77214.95699135585
Aegis-Elysium,36,121344.275,186764.518,Aegis,Elysium,65420.24300000002,65420.24300000002,1.539129209021192,35.03,0.7406,0.7958968831168831,0.13151929136319288,77214.95699135585
Boreas-Elysium,159,122009.707,124781.368,Boreas,Elysium,2771.6610000000073,2771.6610000000073,1.0227167253176013,2.22,0.9783,0.9804581280788177,0.05527648369623914,-1839.5134922540726
Boreas-Fenix,484,122359.14,211355.855,Boreas,Fenix,88996.71500000001,88996.71500000001,1.7273401480265391,42.11,0.7037,0.8068014354066986,0.13514659878591953,61601.108196475456
Caelum-Dawn,137,166612.069,163243.656,Caelum,Dawn,-3368.4130000000005,3368.4130000000005,0.9797828991608045,2.06,1.0,0.9804744471744471,0.05446466415035868,-6484.057433327288
Dawn-Elysium,481,346070.962,332914.154,Dawn,Elysium,-13156.80800000002,13156.80800000002,0.961982340488885,3.95,1.0,0.9839219696969698,0.04028966443660543,-3087.7173304880284
Boreas-Dawn,254,113485.671,109753.818,Boreas,Dawn,-3731.853000000003,3731.853000000003,0.9671160864000178,3.4,1.0,0.9791679389312977,0.052929740107363066,-992.1216852668913
Caelum-Fenix,262,168310.128,165800.104,Caelum,Fenix,-2510.024000000005,2510.024000000005,0.9850869105155692,1.51,1.0,0.9796862650602409,0.04873557984945812,1731.907948738127
Caelum-Elysium,480,180068.542,187340.315,Caelum,Elysium,7271.773000000016,7271.773000000016,1.0403833613535896,3.88,0.9626,0.9780398457583547,0.06003094589396874,1753.5802267796134
Caelum-Elysium,317,141130.499,141541.298,Caelum,Elysium,410.79899999999907,410.79899999999907,1.0029107740914316,0.29,0.9971,0.9780398457583547,0.06003094589396874,1753.5802267796134
Dawn-Fenix,345,107545.83,106789.54,Dawn,Fenix,-756.2900000000081,756.2900000000081,0.9929677422174341,0.71,1.0,0.9823136476426799,0.04646098172906777,-362.5543768567232
Boreas-Fenix,20,153649.317,147158.007,Boreas,Fenix,-6491.309999999998,6491.309999999998,0.9577524317924564,4.41,1.0,0.8068014354066986,0.13514659878591953,61601.108196475456
Aegis-Dawn,373,127649.3,125889.022,Aegis,Dawn,-1760.2780000000057,1760.2780000000057,0.9862100458051866,1.4,1.0,0.9844383292383293,0.0367757216063089,-2180.4743005156975
Dawn-Fenix,229,106618.428,110858.182,Dawn,Fenix,4239.754000000001,4239.754000000001,1.039765677280479,3.82,0.9632,0.9823136476426799,0.04646098172906777,-362.5543768567232
Caelum-Fenix,489,234277.697,239059.066,Caelum,Fenix,4781.369000000006,4781.369000000006,1.0204089807148822,2.0,0.9804,0.9796862650602409,0.04873557984945812,1731.907948738127
Boreas-Dawn,6,106566.135,110348.545,Boreas,Dawn,3782.4100000000035,3782.4100000000035,1.0354935458623886,3.43,0.9669,0.9791679389312977,0.052929740107363066,-992.1216852668913
Caelum-Elysium,391,181051.24749094708,157465.826,Caelum,Elysium,-23585.421490947076,23585.421490947076,0.869730687759407,14.98,1.0,0.9780398457583547,0.06003094589396874,1753.5802267796134
Boreas-Dawn,423,102807.131,104716.649,Boreas,Dawn,1909.518000000011,1909.518000000011,1.0185737893998814,1.82,0.9821,0.9791679389312977,0.052929740107363066,-992.1216852668913
Aegis-Boreas,448,84101.534,88381.523,Aegis,Boreas,4279.989000000001,4279.989000000001,1.0508907364281845,4.84,0.9538,0.9849621693121693,0.03408513950102227,-4121.568080328588
Caelum-Dawn,460,119676.762,123591.179,Caelum,Dawn,3914.4170000000013,3914.4170000000013,1.0327082462341353,3.17,0.9693,0.9804744471744471,0.05446466415035868,-6484.057433327288
Caelum-Elysium,75,172084.559,164536.071,Caelum,Elysium,-7548.488000000012,7548.488000000012,0.9561350068602029,4.59,1.0,0.9780398457583547,0.06003094589396874,1753.5802267796134
Elysium-Fenix,460,172210.658,164441.039,Elysium,Fenix,-7769.619000000006,7769.619000000006,0.9548830537538506,4.72,1.0,0.9777570719602977,0.055399164086247815,4312.254361379141
Caelum-Elysium,132,137735.174,131806.182,Caelum,Elysium,-5928.991999999998,5928.991999999998,0.9569536827245014,4.5,1.0,0.9780398457583547,0.06003094589396874,1753.5802267796134
Caelum-Dawn,257,118413.576,120078.046,Caelum,Dawn,1664.4700000000012,1664.4700000000012,1.0140564119100668,1.39,0.9863,0.9804744471744471,0.05446466415035868,-6484.057433327288
Aegis-Boreas,361,118629.416,122340.406,Aegis,Boreas,3710.9900000000052,3710.9900000000052,1.0312822074417023,3.03,0.9706,0.9849621693121693,0.03408513950102227,-4121.568080328588
Boreas-Elysium,183,113431.638,108619.251,Boreas,Elysium,-4812.387000000002,4812.387000000002,0.9575745613406376,4.43,1.0,0.9804581280788177,0.05527648369623914,-1839.5134922540726
Aegis-Elysium,134,285529.835,516035.449,Aegis,Elysium,230505.614,230505.614,1.8072908177879203,44.67,0.6912,0.7958968831168831,0.13151929136319288,77214.95699135585
Dawn-Elysium,330,500564.347,515394.969,Dawn,Elysium,14830.621999999974,14830.621999999974,1.029627803276209,2.88,0.972,0.9839219696969698,0.04028966443660543,-3087.7173304880284
Caelum-Dawn,199,232125.887,226556.901,Caelum,Dawn,-5568.985999999975,5568.985999999975,0.9760087680354239,2.46,1.0,0.9804744471744471,0.05446466415035868,-6484.057433327288
Elysium-Fenix,317,262692.189,256019.499,Elysium,Fenix,-6672.690000000002,6672.690000000002,0.9745988260046818,2.61,1.0,0.9777570719602977,0.055399164086247815,4312.254361379141
Caelum-Dawn,438,140179.828,144372.548,Caelum,Dawn,4192.720000000001,4192.720000000001,1.0299095815697534,2.9,0.9718,0.9804744471744471,0.05446466415035868,-6484.057433327288
Boreas-Elysium,155,353675.847,340605.058,Boreas,Elysium,-13070.78899999999,13070.78899999999,0.9630430262318704,3.84,1.0,0.9804581280788177,0.05527648369623914,-1839.5134922540726
Boreas-Dawn,330,82654.038,84011.596,Boreas,Dawn,1357.5580000000045,1357.5580000000045,1.0164245817004125,1.62,0.9841,0.9791679389312977,0.052929740107363066,-992.1216852668913
Aegis-Elysium,53,181051.24749094708,172781.994,Aegis,Elysium,-8269.25349094707,8269.25349094707,0.9543264484197462,4.79,1.0,0.7958968831168831,0.13151929136319288,77214.95699135585
Boreas-Elysium,460,44624.489,95957.775,Boreas,Elysium,51333.28599999999,51333.28599999999,2.150338909202971,53.5,0.6515,0.9804581280788177,0.05527648369623914,-1839.5134922540726
Aegis-Boreas,22,105379.408,100503.366,Aegis,Boreas,-4876.042000000001,4876.042000000001,0.9537287019110983,4.85,1.0,0.9849621693121693,0.03408513950102227,-4121.568080328588
Boreas-Elysium,66,106356.041,101909.108,Boreas,Elysium,-4446.9330000000045,4446.9330000000045,0.9581882424525373,4.36,1.0,0.9804581280788177,0.05527648369623914,-1839.5134922540726
Boreas-Dawn,153,105315.47,107393.677,Boreas,Dawn,2078.206999999995,2078.206999999995,1.0197331598102348,1.94,0.981,0.9791679389312977,0.052929740107363066,-992.1216852668913
Caelum-Elysium,161,128329.262,124391.806,Caelum,Elysium,-3937.4560000000056,3937.4560000000056,0.969317551284601,3.17,1.0,0.9780398457583547,0.06003094589396874,1753.5802267796134
Caelum-Fenix,331,144148.615,140030.583,Caelum,Fenix,-4118.031999999977,4118.031999999977,0.9714320390799456,2.94,1.0,0.9796862650602409,0.04873557984945812,1731.907948738127
Boreas-Fenix,243,197817.901,200939.847,Boreas,Fenix,3121.9459999999963,3121.9459999999963,1.0157819185433576,1.55,0.9847,0.8068014354066986,0.13514659878591953,61601.108196475456
Dawn-Fenix,244,160320.788,163605.381,Dawn,Fenix,3284.5929999999935,3284.5929999999935,1.0204876300882453,2.01,0.9803,0.9823136476426799,0.04646098172906777,-362.5543768567232
Dawn-Elysium,372,109350.648,113119.324,Dawn,Elysium,3768.675999999992,3768.675999999992,1.0344641396180843,3.33,0.9678,0.9839219696969698,0.04028966443660543,-3087.7173304880284
Boreas-Elysium,468,111497.04,107912.55,Boreas,Elysium,-3584.4899999999907,3584.4899999999907,0.9678512541678237,3.32,1.0,0.9804581280788177,0.05527648369623914,-1839.5134922540726
Boreas-Elysium,325,107239.13,111971.761,Boreas,Elysium,4732.630999999994,4732.630999999994,1.0441315683929924,4.23,0.9594,0.9804581280788177,0.05527648369623914,-1839.5134922540726
Aegis-Boreas,460,65002.067,62241.34,Aegis,Boreas,-2760.7270000000062,2760.7270000000062,0.9575286275127219,4.44,1.0,0.9849621693121693,0.03408513950102227,-4121.568080328588
Aegis-Elysium,67,190701.26,182433.952,Aegis,Elysium,-8267.30800000002,8267.30800000002,0.9566478585406304,4.53,1.0,0.7958968831168831,0.13151929136319288,77214.95699135585
Aegis-Boreas,87,88983.751,85817.292,Aegis,Boreas,-3166.4590000000026,3166.4590000000026,0.9644153121843559,3.69,1.0,0.9849621693121693,0.03408513950102227,-4121.568080328588
Aegis-Elysium,430,180794.885,189267.762,Aegis,Elysium,8472.876999999979,8472.876999999979,1.0468645835859791,4.48,0.9572,0.7958968831168831,0.13151929136319288,77214.95699135585
Caelum-Elysium,239,184697.323,176453.92,Caelum,Elysium,-8243.402999999991,8243.402999999991,0.9553680428817044,4.67,1.0,0.9780398457583547,0.06003094589396874,1753.5802267796134
Aegis-Boreas,282,66747.122,63924.349,Aegis,Boreas,-2822.773000000001,2822.773000000001,0.9577094425134914,4.42,1.0,0.9849621693121693,0.03408513950102227,-4121.568080328588
Boreas-Elysium,483,126551.201,121639.565,Boreas,Elysium,-4911.635999999999,4911.635999999999,0.96118854691865,4.04,1.0,0.9804581280788177,0.05527648369623914,-1839.5134922540726
Aegis-Boreas,462,66669.118,68883.142,Aegis,Boreas,2214.024000000005,2214.024000000005,1.0332091388999627,3.21,0.9689,0.9849621693121693,0.03408513950102227,-4121.568080328588
Aegis-Boreas,212,133387.644,139733.254,Aegis,Boreas,6345.609999999986,6345.609999999986,1.047572697213244,4.54,0.9566,0.9849621693121693,0.03408513950102227,-4121.568080328588
Boreas-Fenix,88,92409.622,144171.181,Boreas,Fenix,51761.55900000001,51761.55900000001,1.5601317036011684,35.9,0.7358,0.8068014354066986,0.13514659878591953,61601.108196475456
Caelum-Fenix,291,214656.36,207672.701,Caelum,Fenix,-6983.658999999985,6983.658999999985,0.9674658649760017,3.36,1.0,0.9796862650602409,0.04873557984945812,1731.907948738127
Boreas-Fenix,407,86506.362,162688.779,Boreas,Fenix,76182.41700000002,76182.41700000002,1.880656812270062,46.83,0.6811,0.8068014354066986,0.13514659878591953,61601.108196475456
Boreas-Fenix,81,92118.369,146091.107,Boreas,Fenix,53972.73799999998,53972.73799999998,1.5859063570697824,36.94,0.7302,0.8068014354066986,0.13514659878591953,61601.108196475456
Aegis-Elysium,368,181051.24749094708,319147.516,Aegis,Elysium,138096.26850905293,138096.26850905293,1.7627468488774596,43.27,0.698,0.7958968831168831,0.13151929136319288,77214.95699135585
Aegis-Boreas,234,63116.246,62023.368,Aegis,Boreas,-1092.877999999997,1092.877999999997,0.9826846799475368,1.76,1.0,0.9849621693121693,0.03408513950102227,-4121.568080328588
Caelum-Elysium,422,147467.905,148464.79,Caelum,Elysium,996.8850000000093,996.8850000000093,1.0067600133059462,0.67,0.9933,0.9780398457583547,0.06003094589396874,1753.5802267796134
Aegis-Dawn,97,145200.42,142865.127,Aegis,Dawn,-2335.293000000005,2335.293000000005,0.9839167613977976,1.63,1.0,0.9844383292383293,0.0367757216063089,-2180.4743005156975
Dawn-Fenix,295,255365.65,259802.49,Dawn,Fenix,4436.8399999999965,4436.8399999999965,1.0173744589376057,1.71,0.9832,0.9823136476426799,0.04646098172906777,-362.5543768567232
Boreas-Elysium,250,103378.9,102978.951,Boreas,Elysium,-399.94899999999325,399.94899999999325,0.9961312318084252,0.39,1.0,0.9804581280788177,0.05527648369623914,-1839.5134922540726
Elysium-Fenix,374,272931.561,265450.614,Elysium,Fenix,-7480.946999999986,7480.946999999986,0.9725903923584712,2.82,1.0,0.9777570719602977,0.055399164086247815,4312.254361379141
Boreas-Elysium,283,113328.191,109687.319,Boreas,Elysium,-3640.872000000003,3640.872000000003,0.9678732011172754,3.32,1.0,0.9804581280788177,0.05527648369623914,-1839.5134922540726
Aegis-Dawn,162,181009.496,175004.778,Aegis,Dawn,-6004.718000000023,6004.718000000023,0.9668265028482261,3.43,1.0,0.9844383292383293,0.0367757216063089,-2180.4743005156975
Elysium-Fenix,454,217044.969,208789.889,Elysium,Fenix,-8255.080000000016,8255.080000000016,0.9619660384756488,3.95,1.0,0.9777570719602977,0.055399164086247815,4312.254361379141
Boreas-Elysium,285,113478.779,118496.047,Boreas,Elysium,5017.268000000011,5017.268000000011,1.0442132709235443,4.23,0.9594,0.9804581280788177,0.05527648369623914,-1839.5134922540726
Caelum-Dawn,431,211581.68,212863.816,Caelum,Dawn,1282.1359999999986,1282.1359999999986,1.0060597685016963,0.6,0.994,0.9804744471744471,0.05446466415035868,-6484.057433327288
Elysium-Fenix,155,217792.592,224192.138,Elysium,Fenix,6399.546000000002,6399.546000000002,1.0293836715988944,2.85,0.9722,0.9777570719602977,0.055399164086247815,4312.254361379141
Caelum-Fenix,320,168371.327,177199.238,Caelum,Fenix,8827.911000000022,8827.911000000022,1.052431201661789,4.98,0.9525,0.9796862650602409,0.04873557984945812,1731.907948738127
Caelum-Elysium,184,283134.167,295179.258,Caelum,Elysium,12045.090999999957,12045.090999999957,1.0425419903490487,4.08,0.9608,0.9780398457583547,0.06003094589396874,1753.5802267796134
Dawn-Fenix,473,81148.991,82643.033,Dawn,Fenix,1494.0420000000013,1494.0420000000013,1.0184110976808078,1.81,0.9822,0.9823136476426799,0.04646098172906777,-362.5543768567232
Caelum-Dawn,468,366353.936,134502.52,Caelum,Dawn,-231851.416,231851.416,0.3671381873729889,172.38,1.0,0.9804744471744471,0.05446466415035868,-6484.057433327288
Caelum-Elysium,41,152712.907,149462.577,Caelum,Elysium,-3250.3300000000163,3250.3300000000163,0.9787160753871313,2.17,1.0,0.9780398457583547,0.06003094589396874,1753.5802267796134
Boreas-Fenix,490,181464.904,270635.288,Boreas,Fenix,89170.38399999999,89170.38399999999,1.4913919002211027,32.95,0.7522,0.8068014354066986,0.13514659878591953,61601.108196475456
Dawn-Fenix,333,214032.151,205505.544,Dawn,Fenix,-8526.607000000018,8526.607000000018,0.9601620272460841,4.15,1.0,0.9823136476426799,0.04646098172906777,-362.5543768567232
Aegis-Dawn,279,405569.02,418421.276,Aegis,Dawn,12852.255999999994,12852.255999999994,1.0316894421570957,3.07,0.9702,0.9844383292383293,0.0367757216063089,-2180.4743005156975
Boreas-Fenix,44,181051.24749094708,188157.421,Boreas,Fenix,7106.1735090529255,7106.1735090529255,1.0392495141985048,3.78,0.9636,0.8068014354066986,0.13514659878591953,61601.108196475456
Elysium-Fenix,198,307983.854,313031.227,Elysium,Fenix,5047.373000000021,5047.373000000021,1.016388433791078,1.61,0.9841,0.9777570719602977,0.055399164086247815,4312.254361379141
Dawn-Elysium,118,111989.482,107750.08,Dawn,Elysium,-4239.402000000002,4239.402000000002,0.9621446414048062,3.93,1.0,0.9839219696969698,0.04028966443660543,-3087.7173304880284
Elysium-Fenix,276,186795.409,188615.108,Elysium,Fenix,1819.6989999999932,1819.6989999999932,1.0097416687580367,0.96,0.9904,0.9777570719602977,0.055399164086247815,4312.254361379141
Elysium-Fenix,150,283535.163,289133.032,Elysium,Fenix,5597.869000000006,5597.869000000006,1.0197431208911467,1.94,0.981,0.9777570719602977,0.055399164086247815,4312.254361379141
Elysium-Fenix,283,175437.894,172349.592,Elysium,Fenix,-3088.301999999996,3088.301999999996,0.9823966081124982,1.79,1.0,0.9777570719602977,0.055399164086247815,4312.254361379141
Elysium-Fenix,296,172328.633,179387.832,Elysium,Fenix,7059.198999999993,7059.198999999993,1.0409635872873197,3.94,0.9621,0.9777570719602977,0.055399164086247815,4312.254361379141
Aegis-Dawn,185,124628.359,128787.999,Aegis,Dawn,4159.639999999999,4159.639999999999,1.0333763521671662,3.23,0.9687,0.9844383292383293,0.0367757216063089,-2180.4743005156975
Caelum-Elysium,320,316968.269,322324.716,Caelum,Elysium,5356.447000000044,5356.447000000044,1.0168990007009189,1.66,0.9837,0.9780398457583547,0.06003094589396874,1753.5802267796134
Dawn-Elysium,201,106414.706,111517.01,Dawn,Elysium,5102.303999999989,5102.303999999989,1.0479473579525747,4.58,0.9562,0.9839219696969698,0.04028966443660543,-3087.7173304880284
Caelum-Dawn,243,142806.278,146824.042,Caelum,Dawn,4017.7639999999956,4017.7639999999956,1.0281343653533215,2.74,0.9734,0.9804744471744471,0.05446466415035868,-6484.057433327288
Boreas-Dawn,248,181051.24749094708,125881.861,Boreas,Dawn,-55169.38649094707,55169.38649094707,0.695283035850357,43.83,1.0,0.9791679389312977,0.052929740107363066,-992.1216852668913
Caelum-Fenix,303,125416.555,128356.761,Caelum,Fenix,2940.2060000000056,2940.2060000000056,1.0234435238633368,2.29,0.9776,0.9796862650602409,0.04873557984945812,1731.907948738127
Dawn-Elysium,138,109595.201,113841.01,Dawn,Elysium,4245.808999999994,4245.808999999994,1.0387408295368699,3.73,0.964,0.9839219696969698,0.04028966443660543,-3087.7173304880284
Boreas-Fenix,337,235677.286,237932.163,Boreas,Fenix,2254.8770000000077,2254.8770000000077,1.0095676466674859,0.95,0.9906,0.8068014354066986,0.13514659878591953,61601.108196475456
Caelum-Dawn,32,128361.464,124495.712,Caelum,Dawn,-3865.7520000000077,3865.7520000000077,0.9698838586010518,3.11,1.0,0.9804744471744471,0.05446466415035868,-6484.057433327288
Boreas-Elysium,171,98470.477,99721.745,Boreas,Elysium,1251.2679999999964,1251.2679999999964,1.012707037054365,1.25,0.9876,0.9804581280788177,0.05527648369623914,-1839.5134922540726
Caelum-Elysium,267,141122.434,136748.16,Caelum,Elysium,-4374.274000000005,4374.274000000005,0.969003695046813,3.2,1.0,0.9780398457583547,0.06003094589396874,1753.5802267796134
Boreas-Dawn,350,180179.982,181039.25,Boreas,Dawn,859.2680000000109,859.2680000000109,1.00476894264536,0.47,0.9953,0.9791679389312977,0.052929740107363066,-992.1216852668913
Aegis-Boreas,487,110479.518,107899.955,Aegis,Boreas,-2579.5629999999946,2579.5629999999946,0.9766512105890977,2.39,1.0,0.9849621693121693,0.03408513950102227,-4121.568080328588
Boreas-Dawn,188,104054.259,109252.408,Boreas,Dawn,5198.14899999999,5198.14899999999,1.049956138748727,4.76,0.9546,0.9791679389312977,0.052929740107363066,-992.1216852668913
Boreas-Elysium,230,94651.707,99372.516,Boreas,Elysium,4720.809000000008,4720.809000000008,1.0498755822755528,4.75,0.9546,0.9804581280788177,0.05527648369623914,-1839.5134922540726
Caelum-Dawn,473,123983.438,122767.411,Caelum,Dawn,-1216.0270000000019,1216.0270000000019,0.9901920206471448,0.99,1.0,0.9804744471744471,0.05446466415035868,-6484.057433327288
Caelum-Fenix,374,152253.894,157815.521,Caelum,Fenix,5561.627000000008,5561.627000000008,1.0365286355171974,3.52,0.966,0.9796862650602409,0.04873557984945812,1731.907948738127
Boreas-Elysium,320,309625.611,317993.783,Boreas,Elysium,8368.17200000002,8368.17200000002,1.0270267435984164,2.63,0.9744,0.9804581280788177,0.05527648369623914,-1839.5134922540726
Aegis-Dawn,282,148513.878,153929.547,Aegis,Dawn,5415.668999999994,5415.668999999994,1.0364657436256564,3.52,0.966,0.9844383292383293,0.0367757216063089,-2180.4743005156975
Aegis-Dawn,21,126575.651,122369.399,Aegis,Dawn,-4206.251999999993,4206.251999999993,0.9667688693143677,3.44,1.0,0.9844383292383293,0.0367757216063089,-2180.4743005156975
Aegis-Dawn,22,145370.698,145832.698,Aegis,Dawn,462.0,462.0,1.003178082009347,0.32,0.9968,0.9844383292383293,0.0367757216063089,-2180.4743005156975
Caelum-Fenix,17,170902.354,163251.153,Caelum,Fenix,-7651.201000000001,7651.201000000001,0.9552305698492602,4.69,1.0,0.9796862650602409,0.04873557984945812,1731.907948738127
Boreas-Fenix,439,166382.894,167606.585,Boreas,Fenix,1223.6909999999916,1223.6909999999916,1.0073546683230548,0.73,0.9928,0.8068014354066986,0.13514659878591953,61601.108196475456
Dawn-Elysium,180,180536.148,187866.766,Dawn,Elysium,7330.618000000017,7330.618000000017,1.0406047103652616,3.9,0.9624,0.9839219696969698,0.04028966443660543,-3087.7173304880284
Dawn-Elysium,326,119313.922,122818.578,Dawn,Elysium,3504.655999999988,3504.655999999988,1.0293734037172961,2.85,0.9723,0.9839219696969698,0.04028966443660543,-3087.7173304880284
Boreas-Elysium,398,181051.24749094708,120407.164,Boreas,Elysium,-60644.08349094707,60644.08349094707,0.665044652652949,50.37,1.0,0.9804581280788177,0.05527648369623914,-1839.5134922540726
Boreas-Elysium,207,231369.967,237184.061,Boreas,Elysium,5814.093999999983,5814.093999999983,1.0251289917848325,2.45,0.9761,0.9804581280788177,0.05527648369623914,-1839.5134922540726
Dawn-Elysium,18,109672.601,115086.186,Dawn,Elysium,5413.585000000006,5413.585000000006,1.0493613258976142,4.7,0.9551,0.9839219696969698,0.04028966443660543,-3087.7173304880284
Aegis-Dawn,280,256026.96,246901.056,Aegis,Dawn,-9125.90399999998,9125.90399999998,0.964355691291261,3.7,1.0,0.9844383292383293,0.0367757216063089,-2180.4743005156975
Dawn-Elysium,187,127254.026,121411.779,Dawn,Elysium,-5842.247000000003,5842.247000000003,0.9540898847475364,4.81,1.0,0.9839219696969698,0.04028966443660543,-3087.7173304880284
Caelum-Elysium,496,160612.976,158775.729,Caelum,Elysium,-1837.247000000003,1837.247000000003,0.9885610300876313,1.16,1.0,0.9780398457583547,0.06003094589396874,1753.5802267796134
Boreas-Dawn,11,129093.49,123573.435,Boreas,Dawn,-5520.055000000008,5520.055000000008,0.9572398654649432,4.47,1.0,0.9791679389312977,0.052929740107363066,-992.1216852668913
Boreas-Dawn,382,80710.477,79271.566,Boreas,Dawn,-1438.9109999999928,1438.9109999999928,0.9821719428073756,1.82,1.0,0.9791679389312977,0.052929740107363066,-992.1216852668913
Aegis-Dawn,151,179181.125,181309.034,Aegis,Dawn,2127.909000000014,2127.909000000014,1.0118757430505028,1.17,0.9884,0.9844383292383293,0.0367757216063089,-2180.4743005156975
Caelum-Elysium,447,139728.94,138838.044,Caelum,Elysium,-890.8960000000079,890.8960000000079,0.9936241125138429,0.64,1.0,0.9780398457583547,0.06003094589396874,1753.5802267796134
Boreas-Dawn,301,86120.103,87037.191,Boreas,Dawn,917.0880000000034,917.0880000000034,1.010648942210392,1.05,0.9896,0.9791679389312977,0.052929740107363066,-992.1216852668913
Aegis-Boreas,369,181051.24749094708,95887.183,Aegis,Boreas,-85164.06449094707,85164.06449094707,0.5296134897098378,88.82,1.0,0.9849621693121693,0.03408513950102227,-4121.568080328588
Dawn-Fenix,234,81732.841,80554.51,Dawn,Fenix,-1178.3310000000056,1178.3310000000056,0.9855831390958255,1.46,1.0,0.9823136476426799,0.04646098172906777,-362.5543768567232
Caelum-Elysium,231,617962.43,631260.467,Caelum,Elysium,13298.036999999895,13298.036999999895,1.02151916743547,2.11,0.9794,0.9780398457583547,0.06003094589396874,1753.5802267796134
Aegis-Boreas,118,402894.021,393782.354,Aegis,Boreas,-9111.667000000016,9111.667000000016,0.9773844571399087,2.31,1.0,0.9849621693121693,0.03408513950102227,-4121.568080328588
Aegis-Boreas,377,62994.611,64473.258,Aegis,Boreas,1478.6470000000045,1478.6470000000045,1.023472595139924,2.29,0.9776,0.9849621693121693,0.03408513950102227,-4121.568080328588
Aegis-Boreas,216,64299.599,66370.272,Aegis,Boreas,2070.672999999995,2070.672999999995,1.0322035134309313,3.12,0.9697,0.9849621693121693,0.03408513950102227,-4121.568080328588
Boreas-Elysium,216,147170.599,143298.759,Boreas,Elysium,-3871.8399999999965,3871.8399999999965,0.9736914843976412,2.7,1.0,0.9804581280788177,0.05527648369623914,-1839.5134922540726
Dawn-Elysium,58,156569.953,154273.838,Dawn,Elysium,-2296.11500000002,2296.11500000002,0.9853348937263843,1.49,1.0,0.9839219696969698,0.04028966443660543,-3087.7173304880284
Boreas-Dawn,113,181051.24749094708,74279.75,Boreas,Dawn,-106771.49749094708,106771.49749094708,0.41026919741999646,143.74,1.0,0.9791679389312977,0.052929740107363066,-992.1216852668913
Boreas-Fenix,383,77576.113,140430.653,Boreas,Fenix,62854.53999999999,62854.53999999999,1.8102305925021016,44.76,0.6908,0.8068014354066986,0.13514659878591953,61601.108196475456
Caelum-Fenix,295,419811.955,414138.456,Caelum,Fenix,-5673.499000000011,5673.499000000011,0.986485618304986,1.37,1.0,0.9796862650602409,0.04873557984945812,1731.907948738127
Dawn-Fenix,381,181051.24749094708,75716.132,Dawn,Fenix,-105335.11549094708,105335.11549094708,0.4182027633020643,139.12,1.0,0.9823136476426799,0.04646098172906777,-362.5543768567232
Aegis-Dawn,462,178018.298,177079.14,Aegis,Dawn,-939.1579999999958,939.1579999999958,0.9947243737831939,0.53,1.0,0.9844383292383293,0.0367757216063089,-2180.4743005156975
Dawn-Fenix,397,71575.385,73882.339,Dawn,Fenix,2306.9540000000125,2306.9540000000125,1.0322311085018965,3.12,0.9697,0.9823136476426799,0.04646098172906777,-362.5543768567232
Boreas-Fenix,10,96835.052,171729.986,Boreas,Fenix,74894.93400000001,74894.93400000001,1.773427931860872,43.61,0.6963,0.8068014354066986,0.13514659878591953,61601.108196475456
Elysium-Fenix,129,181051.24749094708,221808.638,Elysium,Fenix,40757.39050905293,40757.39050905293,1.2251152150227016,18.38,0.8448,0.9777570719602977,0.055399164086247815,4312.254361379141
Dawn-Elysium,63,108352.776,112482.817,Dawn,Elysium,4130.040999999997,4130.040999999997,1.0381166145664786,3.67,0.9646,0.9839219696969698,0.04028966443660543,-3087.7173304880284
Caelum-Elysium,497,133371.05,134791.586,Caelum,Elysium,1420.5360000000219,1420.5360000000219,1.0106510070963677,1.05,0.9896,0.9780398457583547,0.06003094589396874,1753.5802267796134
Aegis-Boreas,359,113551.871,119481.443,Aegis,Boreas,5929.572,5929.572,1.052219060309451,4.96,0.9527,0.9849621693121693,0.03408513950102227,-4121.568080328588
Aegis-Elysium,246,184573.708,182628.737,Aegis,Elysium,-1944.9710000000196,1944.9710000000196,0.989462361562352,1.06,1.0,0.7958968831168831,0.13151929136319288,77214.95699135585
Caelum-Dawn,408,114411.135,116941.897,Caelum,Dawn,2530.7620000000024,2530.7620000000024,1.022119892438791,2.16,0.9788,0.9804744471744471,0.05446466415035868,-6484.057433327288
Dawn-Fenix,83,150666.629,158188.672,Dawn,Fenix,7522.043000000005,7522.043000000005,1.0499250766405612,4.76,0.9546,0.9823136476426799,0.04646098172906777,-362.5543768567232
Boreas-Elysium,415,116648.768,118360.553,Boreas,Elysium,1711.7850000000035,1711.7850000000035,1.0146746942068003,1.45,0.9857,0.9804581280788177,0.05527648369623914,-1839.5134922540726
Elysium-Fenix,79,312711.492,303383.955,Elysium,Fenix,-9327.537000000011,9327.537000000011,0.9701720683805249,3.07,1.0,0.9777570719602977,0.055399164086247815,4312.254361379141
Dawn-Fenix,319,126562.222,127985.795,Dawn,Fenix,1423.573000000004,1423.573000000004,1.0112480089042686,1.11,0.989,0.9823136476426799,0.04646098172906777,-362.5543768567232
Boreas-Elysium,185,235852.503,242002.647,Boreas,Elysium,6150.144,6150.144,1.0260762295153594,2.54,0.9752,0.9804581280788177,0.05527648369623914,-1839.5134922540726
Caelum-Elysium,495,181051.24749094708,332019.437,Caelum,Elysium,150968.1895090529,150968.1895090529,1.8338423048789079,45.47,0.6874,0.9780398457583547,0.06003094589396874,1753.5802267796134
Boreas-Fenix,67,81022.119,132748.299,Boreas,Fenix,51726.17999999999,51726.17999999999,1.6384204787337144,38.97,0.7196,0.8068014354066986,0.13514659878591953,61601.108196475456
Caelum-Dawn,423,253277.652,254339.968,Caelum,Dawn,1062.3159999999916,1062.3159999999916,1.0041942745110413,0.42,0.9958,0.9804744471744471,0.05446466415035868,-6484.057433327288
Boreas-Elysium,37,133866.791,140627.089,Boreas,Elysium,6760.29800000001,6760.29800000001,1.0505001871599358,4.81,0.9541,0.9804581280788177,0.05527648369623914,-1839.5134922540726
Dawn-Fenix,96,141870.072,145866.535,Dawn,Fenix,3996.463000000018,3996.463000000018,1.0281698806778643,2.74,0.9733,0.9823136476426799,0.04646098172906777,-362.5543768567232
Aegis-Dawn,272,334587.082,335748.932,Aegis,Dawn,1161.8499999999767,1161.8499999999767,1.003472489114209,0.35,0.9966,0.9844383292383293,0.0367757216063089,-2180.4743005156975
Aegis-Elysium,284,89868.254,154681.67,Aegis,Elysium,64813.41600000001,64813.41600000001,1.7212047983039707,41.9,0.7047,0.7958968831168831,0.13151929136319288,77214.95699135585
Elysium-Fenix,12,218271.801,210154.698,Elysium,Fenix,-8117.103000000003,8117.103000000003,0.9628119483927289,3.86,1.0,0.9777570719602977,0.055399164086247815,4312.254361379141
Caelum-Elysium,62,181051.24749094708,143033.234,Caelum,Elysium,-38018.01349094708,38018.01349094708,0.7900151806860759,26.58,1.0,0.9780398457583547,0.06003094589396874,1753.5802267796134
Elysium-Fenix,179,274491.603,284087.709,Elysium,Fenix,9596.10599999997,9596.10599999997,1.0349595612219875,3.38,0.9673,0.9777570719602977,0.055399164086247815,4312.254361379141
Boreas-Fenix,87,94716.989,195168.301,Boreas,Fenix,100451.312,100451.312,2.0605416521422573,51.47,0.6602,0.8068014354066986,0.13514659878591953,61601.108196475456
Dawn-Fenix,481,75456.28,74072.368,Dawn,Fenix,-1383.9119999999966,1383.9119999999966,0.981659419202749,1.87,1.0,0.9823136476426799,0.04646098172906777,-362.5543768567232
Aegis-Elysium,414,181051.24749094708,154415.439,Aegis,Elysium,-26635.808490947064,26635.808490947064,0.852882491227911,17.25,1.0,0.7958968831168831,0.13151929136319288,77214.95699135585
Aegis-Elysium,234,110359.197,161694.366,Aegis,Elysium,51335.16900000001,51335.16900000001,1.4651643940468324,31.75,0.759,0.7958968831168831,0.13151929136319288,77214.95699135585
Dawn-Fenix,200,77881.898,77812.772,Dawn,Fenix,-69.12600000000384,69.12600000000384,0.9991124253289255,0.09,1.0,0.9823136476426799,0.04646098172906777,-362.5543768567232
Aegis-Boreas,435,140171.688,64512.334,Aegis,Boreas,-75659.35399999999,75659.35399999999,0.4602379761596365,117.28,1.0,0.9849621693121693,0.03408513950102227,-4121.568080328588
Boreas-Dawn,174,349386.115,343441.449,Boreas,Dawn,-5944.665999999968,5944.665999999968,0.9829853971157384,1.73,1.0,0.9791679389312977,0.052929740107363066,-992.1216852668913
Caelum-Dawn,299,199252.74,201053.045,Caelum,Dawn,1800.3050000000221,1800.3050000000221,1.0090352835298526,0.9,0.9911,0.9804744471744471,0.05446466415035868,-6484.057433327288
Aegis-Boreas,365,137113.101,135546.908,Aegis,Boreas,-1566.1929999999993,1566.1929999999993,0.9885773643176519,1.16,1.0,0.9849621693121693,0.03408513950102227,-4121.568080328588
Dawn-Elysium,8,269602.334,267694.832,Dawn,Elysium,-1907.5019999999786,1907.5019999999786,0.9929247570979858,0.71,1.0,0.9839219696969698,0.04028966443660543,-3087.7173304880284
Aegis-Boreas,231,59778.35,61683.941,Aegis,Boreas,1905.5910000000003,1905.5910000000003,1.0318776112087402,3.09,0.97,0.9849621693121693,0.03408513950102227,-4121.568080328588
Dawn-Fenix,102,83643.656,80308.387,Dawn,Fenix,-3335.2690000000002,3335.2690000000002,0.9601252604262062,4.15,1.0,0.9823136476426799,0.04646098172906777,-362.5543768567232
Aegis-Boreas,147,361347.353,348349.442,Aegis,Boreas,-12997.911000000022,12997.911000000022,0.9640293172425701,3.73,1.0,0.9849621693121693,0.03408513950102227,-4121.568080328588
Dawn-Fenix,266,195626.171,196736.36,Dawn,Fenix,1110.188999999984,1110.188999999984,1.0056750535693917,0.56,0.9944,0.9823136476426799,0.04646098172906777,-362.5543768567232
Caelum-Dawn,88,199042.674,206535.334,Caelum,Dawn,7492.6600000000035,7492.6600000000035,1.0376434854366958,3.63,0.965,0.9804744471744471,0.05446466415035868,-6484.057433327288
Caelum-Fenix,35,136563.356,133029.053,Caelum,Fenix,-3534.3029999999853,3534.3029999999853,0.9741196825889371,2.66,1.0,0.9796862650602409,0.04873557984945812,1731.907948738127
Caelum-Elysium,54,155010.972,154218.902,Caelum,Elysium,-792.070000000007,792.070000000007,0.9948902326733361,0.51,1.0,0.9780398457583547,0.06003094589396874,1753.5802267796134
Aegis-Boreas,407,68357.784,65585.231,Aegis,Boreas,-2772.553,2772.553,0.9594405664174251,4.23,1.0,0.9849621693121693,0.03408513950102227,-4121.568080328588
Elysium-Fenix,38,174820.504,175228.301,Elysium,Fenix,407.7970000000205,407.7970000000205,1.0023326611619883,0.23,0.9977,0.9777570719602977,0.055399164086247815,4312.254361379141
Caelum-Dawn,456,311271.317,320443.03,Caelum,Dawn,9171.713000000047,9171.713000000047,1.0294653329718781,2.86,0.9722,0.9804744471744471,0.05446466415035868,-6484.057433327288
Boreas-Elysium,90,224895.139,217849.914,Boreas,Elysium,-7045.225000000006,7045.225000000006,0.9686732891100861,3.23,1.0,0.9804581280788177,0.05527648369623914,-1839.5134922540726
Aegis-Boreas,86,150086.057,154107.212,Aegis,Boreas,4021.154999999999,4021.154999999999,1.0267923288836884,2.61,0.9746,0.9849621693121693,0.03408513950102227,-4121.568080328588
Caelum-Elysium,76,199163.707,195950.022,Caelum,Elysium,-3213.6849999999977,3213.6849999999977,0.9838641033127586,1.64,1.0,0.9780398457583547,0.06003094589396874,1753.5802267796134
Caelum-Dawn,271,261996.393,252340.061,Caelum,Dawn,-9656.332000000024,9656.332000000024,0.963143263579205,3.83,1.0,0.9804744471744471,0.05446466415035868,-6484.057433327288
Aegis-Dawn,344,139748.342,133100.752,Aegis,Dawn,-6647.5899999999965,6647.5899999999965,0.9524317075618687,4.99,1.0,0.9844383292383293,0.0367757216063089,-2180.4743005156975
Aegis-Elysium,31,175245.26,169275.084,Aegis,Elysium,-5970.176000000007,5970.176000000007,0.9659324537508175,3.53,1.0,0.7958968831168831,0.13151929136319288,77214.95699135585
Caelum-Elysium,218,134999.276,141751.343,Caelum,Elysium,6752.066999999981,6752.066999999981,1.0500155793428105,4.76,0.9545,0.9780398457583547,0.06003094589396874,1753.5802267796134
Caelum-Fenix,329,250119.41,259411.397,Caelum,Fenix,9291.986999999994,9291.986999999994,1.0371502035767635,3.58,0.9654,0.9796862650602409,0.04873557984945812,1731.907948738127
Caelum-Elysium,355,137850.816,135308.648,Caelum,Elysium,-2542.168000000005,2542.168000000005,0.9815585567516698,1.88,1.0,0.9780398457583547,0.06003094589396874,1753.5802267796134
Boreas-Fenix,487,302680.905,306117.35,Boreas,Fenix,3436.444999999949,3436.444999999949,1.011353359076285,1.12,0.9889,0.8068014354066986,0.13514659878591953,61601.108196475456
Caelum-Fenix,350,123433.899,129173.999,Caelum,Fenix,5740.099999999991,5740.099999999991,1.046503432578112,4.44,0.9575,0.9796862650602409,0.04873557984945812,1731.907948738127
Boreas-Fenix,128,111849.452,147746.032,Boreas,Fenix,35896.58,35896.58,1.3209365746378445,24.3,0.8045,0.8068014354066986,0.13514659878591953,61601.108196475456
Caelum-Elysium,253,174596.372,173232.036,Caelum,Elysium,-1364.3360000000102,1364.3360000000102,0.9921857711911677,0.79,1.0,0.9780398457583547,0.06003094589396874,1753.5802267796134
Dawn-Fenix,304,113281.623,108838.352,Dawn,Fenix,-4443.271000000008,4443.271000000008,0.9607767713568157,4.08,1.0,0.9823136476426799,0.04646098172906777,-362.5543768567232
Aegis-Dawn,355,199496.487,198363.251,Aegis,Dawn,-1133.2360000000044,1133.2360000000044,0.9943195190199013,0.57,1.0,0.9844383292383293,0.0367757216063089,-2180.4743005156975
Caelum-Dawn,3,422037.23,402138.137,Caelum,Dawn,-19899.092999999993,19899.092999999993,0.9528499108953018,4.95,1.0,0.9804744471744471,0.05446466415035868,-6484.057433327288
Aegis-Boreas,78,82001.613,80817.545,Aegis,Boreas,-1184.0679999999993,1184.0679999999993,0.9855604303783634,1.47,1.0,0.9849621693121693,0.03408513950102227,-4121.568080328588
Boreas-Fenix,492,160970.376,283224.652,Boreas,Fenix,122254.27600000001,122254.27600000001,1.759483074078177,43.17,0.6985,0.8068014354066986,0.13514659878591953,61601.108196475456
Boreas-Elysium,247,168110.71,174267.921,Boreas,Elysium,6157.21100000001,6157.21100000001,1.0366259294247226,3.53,0.9659,0.9804581280788177,0.05527648369623914,-1839.5134922540726
Caelum-Fenix,56,178093.284,182116.501,Caelum,Fenix,4023.216999999975,4023.216999999975,1.022590503749709,2.21,0.9784,0.9796862650602409,0.04873557984945812,1731.907948738127
Dawn-Fenix,475,75338.622,76286.77,Dawn,Fenix,948.148000000001,948.148000000001,1.0125851518760192,1.24,0.9877,0.9823136476426799,0.04646098172906777,-362.5543768567232
Elysium-Fenix,15,197338.822,198227.382,Elysium,Fenix,888.5600000000268,888.5600000000268,1.004502712598538,0.45,0.9955,0.9777570719602977,0.055399164086247815,4312.254361379141
Aegis-Dawn,258,73637.011,175664.666,Aegis,Dawn,102027.655,102027.655,2.3855485660600753,58.08,0.6326,0.9844383292383293,0.0367757216063089,-2180.4743005156975
Dawn-Elysium,196,109675.404,106645.155,Dawn,Elysium,-3030.248999999996,3030.248999999996,0.9723707514220782,2.84,1.0,0.9839219696969698,0.04028966443660543,-3087.7173304880284
Caelum-Dawn,355,357713.354,353601.678,Caelum,Dawn,-4111.675999999978,4111.675999999978,0.9885056681445559,1.16,1.0,0.9804744471744471,0.05446466415035868,-6484.057433327288
Aegis-Dawn,288,157964.323,153702.269,Aegis,Dawn,-4262.054000000004,4262.054000000004,0.9730188822446952,2.77,1.0,0.9844383292383293,0.0367757216063089,-2180.4743005156975
Boreas-Elysium,279,184679.351,182638.877,Boreas,Elysium,-2040.4739999999874,2040.4739999999874,0.9889512607178266,1.12,1.0,0.9804581280788177,0.05527648369623914,-1839.5134922540726
Caelum-Elysium,174,231054.667,220554.872,Caelum,Elysium,-10499.794999999984,10499.794999999984,0.9545570962217353,4.76,1.0,0.9780398457583547,0.06003094589396874,1753.5802267796134
Caelum-Fenix,247,177276.997,184384.107,Caelum,Fenix,7107.109999999986,7107.109999999986,1.0400904241400253,3.85,0.9629,0.9796862650602409,0.04873557984945812,1731.907948738127
Dawn-Elysium,477,123416.585,119535.215,Dawn,Elysium,-3881.37000000001,3881.37000000001,0.9685506611611396,3.25,1.0,0.9839219696969698,0.04028966443660543,-3087.7173304880284
Dawn-Elysium,273,283357.335,272125.075,Dawn,Elysium,-11232.26000000001,11232.26000000001,0.9603600873787156,4.13,1.0,0.9839219696969698,0.04028966443660543,-3087.7173304880284
Caelum-Fenix,486,107537.351,106301.081,Caelum,Fenix,-1236.2699999999895,1236.2699999999895,0.9885038083186558,1.16,1.0,0.9796862650602409,0.04873557984945812,1731.907948738127
Dawn-Elysium,460,141255.152,145075.701,Dawn,Elysium,3820.548999999999,3820.548999999999,1.027047147986503,2.63,0.9743,0.9839219696969698,0.04028966443660543,-3087.7173304880284
Boreas-Elysium,176,105290.648,101465.779,Boreas,Elysium,-3824.869000000006,3824.869000000006,0.9636732314535664,3.77,1.0,0.9804581280788177,0.05527648369623914,-1839.5134922540726
Aegis-Boreas,424,81674.223,83442.652,Aegis,Boreas,1768.4290000000037,1768.4290000000037,1.021652229247409,2.12,0.9792,0.9849621693121693,0.03408513950102227,-4121.568080328588
Aegis-Boreas,392,57023.077,59518.021,Aegis,Boreas,2494.944000000003,2494.944000000003,1.0437532334496786,4.19,0.9598,0.9849621693121693,0.03408513950102227,-4121.568080328588
Elysium-Fenix,390,181580.294,189545.485,Elysium,Fenix,7965.190999999992,7965.190999999992,1.0438659439553502,4.2,0.9597,0.9777570719602977,0.055399164086247815,4312.254361379141
Elysium-Fenix,165,339766.973,343940.254,Elysium,Fenix,4173.281000000017,4173.281000000017,1.0122827741706373,1.21,0.988,0.9777570719602977,0.055399164086247815,4312.254361379141
Boreas-Elysium,239,113954.78,118148.233,Boreas,Elysium,4193.452999999994,4193.452999999994,1.0367992724833481,3.55,0.9657,0.9804581280788177,0.05527648369623914,-1839.5134922540726
Aegis-Boreas,104,116441.308,117300.056,Aegis,Boreas,858.7479999999923,858.7479999999923,1.0073749429197412,0.73,0.9927,0.9849621693121693,0.03408513950102227,-4121.568080328588
Boreas-Fenix,172,175417.021,171928.807,Boreas,Fenix,-3488.214000000007,3488.214000000007,0.9801147347041083,2.03,1.0,0.8068014354066986,0.13514659878591953,61601.108196475456
Dawn-Fenix,485,311182.223,302368.827,Dawn,Fenix,-8813.396000000008,8813.396000000008,0.9716777008820326,2.91,1.0,0.9823136476426799,0.04646098172906777,-362.5543768567232
Dawn-Fenix,23,59543.206,116931.109,Dawn,Fenix,57387.903,57387.903,1.963802704879546,49.08,0.6708,0.9823136476426799,0.04646098172906777,-362.5543768567232
Boreas-Elysium,68,187899.682,184320.439,Boreas,Elysium,-3579.2429999999877,3579.2429999999877,0.9809513089010976,1.94,1.0,0.9804581280788177,0.05527648369623914,-1839.5134922540726
Caelum-Elysium,475,192792.988,185502.073,Caelum,Elysium,-7290.915000000008,7290.915000000008,0.9621826754404573,3.93,1.0,0.9780398457583547,0.06003094589396874,1753.5802267796134
Caelum-Dawn,493,115005.07,111048.845,Caelum,Dawn,-3956.225000000006,3956.225000000006,0.9655995600889595,3.56,1.0,0.9804744471744471,0.05446466415035868,-6484.057433327288
Boreas-Dawn,448,271904.497,263295.992,Boreas,Dawn,-8608.504999999946,8608.504999999946,0.9683399682793773,3.27,1.0,0.9791679389312977,0.052929740107363066,-992.1216852668913
Aegis-Elysium,459,148721.897,152906.473,Aegis,Elysium,4184.576000000001,4184.576000000001,1.02813691920565,2.74,0.9734,0.7958968831168831,0.13151929136319288,77214.95699135585
Boreas-Dawn,268,92744.179,92623.274,Boreas,Dawn,-120.90499999999884,120.90499999999884,0.9986963602319452,0.13,1.0,0.9791679389312977,0.052929740107363066,-992.1216852668913
Caelum-Dawn,298,128593.628,123173.104,Caelum,Dawn,-5420.52399999999,5420.52399999999,0.9578476470078285,4.4,1.0,0.9804744471744471,0.05446466415035868,-6484.057433327288
Dawn-Fenix,482,124950.829,119039.012,Dawn,Fenix,-5911.8169999999955,5911.8169999999955,0.9526868525218029,4.97,1.0,0.9823136476426799,0.04646098172906777,-362.5543768567232
Caelum-Elysium,331,133845.915,134837.859,Caelum,Elysium,991.9439999999886,991.9439999999886,1.0074110890870296,0.74,0.9927,0.9780398457583547,0.06003094589396874,1753.5802267796134
Elysium-Fenix,241,779866.199,790208.554,Elysium,Fenix,10342.354999999981,10342.354999999981,1.0132617043965513,1.31,0.9871,0.9777570719602977,0.055399164086247815,4312.254361379141
Boreas-Dawn,87,87699.948,91306.561,Boreas,Dawn,3606.6129999999976,3606.6129999999976,1.0411244599597709,3.95,0.962,0.9791679389312977,0.052929740107363066,-992.1216852668913
Dawn-Elysium,139,103104.894,107455.159,Dawn,Elysium,4350.264999999999,4350.264999999999,1.0421926140576798,4.05,0.9611,0.9839219696969698,0.04028966443660543,-3087.7173304880284
Boreas-Dawn,231,67682.012,71149.162,Boreas,Dawn,3467.149999999994,3467.149999999994,1.0512270527655116,4.87,0.9535,0.9791679389312977,0.052929740107363066,-992.1216852668913
Elysium-Fenix,212,365274.896,352443.073,Elysium,Fenix,-12831.823000000033,12831.823000000033,0.9648707777607579,3.64,1.0,0.9777570719602977,0.055399164086247815,4312.254361379141
Dawn-Elysium,172,121166.158,115438.755,Dawn,Elysium,-5727.402999999991,5727.402999999991,0.9527310010110249,4.96,1.0,0.9839219696969698,0.04028966443660543,-3087.7173304880284
Aegis-Boreas,182,85162.648,82514.777,Aegis,Boreas,-2647.870999999999,2647.870999999999,0.9689080710595096,3.21,1.0,0.9849621693121693,0.03408513950102227,-4121.568080328588
Boreas-Dawn,291,306084.855,297802.138,Boreas,Dawn,-8282.717000000004,8282.717000000004,0.972939801284843,2.78,1.0,0.9791679389312977,0.052929740107363066,-992.1216852668913
Boreas-Elysium,355,127639.215,131470.139,Boreas,Elysium,3830.923999999999,3830.923999999999,1.0300136913251934,2.91,0.9717,0.9804581280788177,0.05527648369623914,-1839.5134922540726
Boreas-Dawn,440,511020.305,492969.597,Boreas,Dawn,-18050.707999999984,18050.707999999984,0.9646771217828615,3.66,1.0,0.9791679389312977,0.052929740107363066,-992.1216852668913
Aegis-Dawn,202,128934.908,131894.724,Aegis,Dawn,2959.8159999999916,2959.8159999999916,1.0229558933721812,2.24,0.9781,0.9844383292383293,0.0367757216063089,-2180.4743005156975
Boreas-Elysium,442,161401.589,166507.598,Boreas,Elysium,5106.008999999991,5106.008999999991,1.0316354320402632,3.07,0.9702,0.9804581280788177,0.05527648369623914,-1839.5134922540726
Dawn-Fenix,230,96601.098,94122.45,Dawn,Fenix,-2478.648000000001,2478.648000000001,0.9743414096597536,2.63,1.0,0.9823136476426799,0.04646098172906777,-362.5543768567232
Aegis-Boreas,496,72867.06,76170.011,Aegis,Boreas,3302.951000000001,3302.951000000001,1.0453284515664554,4.34,0.9584,0.9849621693121693,0.03408513950102227,-4121.568080328588
Dawn-Elysium,163,180160.699,185306.587,Dawn,Elysium,5145.888000000006,5145.888000000006,1.0285627666220367,2.78,0.973,0.9839219696969698,0.04028966443660543,-3087.7173304880284
Aegis-Boreas,464,99638.081,102532.562,Aegis,Boreas,2894.4809999999998,2894.4809999999998,1.0290499472786916,2.82,0.9725,0.9849621693121693,0.03408513950102227,-4121.568080328588
Caelum-Elysium,300,172006.6,173103.607,Caelum,Elysium,1097.0069999999832,1097.0069999999832,1.0063777029486076,0.63,0.9937,0.9780398457583547,0.06003094589396874,1753.5802267796134
Dawn-Fenix,183,88931.581,88411.905,Dawn,Fenix,-519.6760000000068,519.6760000000068,0.9941564515759592,0.59,1.0,0.9823136476426799,0.04646098172906777,-362.5543768567232
Aegis-Boreas,172,91576.289,88902.888,Aegis,Boreas,-2673.400999999998,2673.400999999998,0.9708068428062203,3.01,1.0,0.9849621693121693,0.03408513950102227,-4121.568080328588
Boreas-Elysium,20,115095.889,112873.635,Boreas,Elysium,-2222.254000000001,2222.254000000001,0.9806921513938694,1.97,1.0,0.9804581280788177,0.05527648369623914,-1839.5134922540726
Elysium-Fenix,250,192136.45,196696.324,Elysium,Fenix,4559.873999999982,4559.873999999982,1.0237324776220231,2.32,0.9773,0.9777570719602977,0.055399164086247815,4312.254361379141
Dawn-Fenix,338,108708.337,106758.814,Dawn,Fenix,-1949.523000000001,1949.523000000001,0.9820664812488117,1.83,1.0,0.9823136476426799,0.04646098172906777,-362.5543768567232
Boreas-Fenix,40,133685.788,242865.527,Boreas,Fenix,109179.739,109179.739,1.8166891981068325,44.95,0.6899,0.8068014354066986,0.13514659878591953,61601.108196475456
Elysium-Fenix,447,197622.147,201254.693,Elysium,Fenix,3632.546000000002,3632.546000000002,1.0183812697875405,1.8,0.9823,0.9777570719602977,0.055399164086247815,4312.254361379141
Boreas-Elysium,9,177221.571,185930.069,Boreas,Elysium,8708.497999999992,8708.497999999992,1.0491390407548074,4.68,0.9553,0.9804581280788177,0.05527648369623914,-1839.5134922540726
Boreas-Elysium,260,110459.008,108144.061,Boreas,Elysium,-2314.947,2314.947,0.9790424788171191,2.14,1.0,0.9804581280788177,0.05527648369623914,-1839.5134922540726
Caelum-Dawn,84,425379.284,421444.157,Caelum,Dawn,-3935.1269999999786,3935.1269999999786,0.9907491334251247,0.93,1.0,0.9804744471744471,0.05446466415035868,-6484.057433327288
Boreas-Elysium,112,107013.288,106760.401,Boreas,Elysium,-252.88700000000244,252.88700000000244,0.9976368635640838,0.24,1.0,0.9804581280788177,0.05527648369623914,-1839.5134922540726
Aegis-Dawn,400,224418.104,231719.734,Aegis,Dawn,7301.630000000005,7301.630000000005,1.0325358332053283,3.15,0.9695,0.9844383292383293,0.0367757216063089,-2180.4743005156975
Aegis-Elysium,446,181051.24749094708,254235.901,Aegis,Elysium,73184.65350905294,73184.65350905294,1.4042206531203951,28.79,0.7765,0.7958968831168831,0.13151929136319288,77214.95699135585
Boreas-Dawn,411,181051.24749094708,200549.604,Boreas,Dawn,19498.356509052915,19498.356509052915,1.1076952342459163,9.72,0.9114,0.9791679389312977,0.052929740107363066,-992.1216852668913
Caelum-Elysium,42,133153.99,130275.969,Caelum,Elysium,-2878.0209999999934,2878.0209999999934,0.9783857697392321,2.21,1.0,0.9780398457583547,0.06003094589396874,1753.5802267796134
Boreas-Fenix,197,141853.167,211976.265,Boreas,Fenix,70123.09800000003,70123.09800000003,1.4943357944204378,33.08,0.7514,0.8068014354066986,0.13514659878591953,61601.108196475456
Elysium-Fenix,132,182528.051,175399.148,Elysium,Fenix,-7128.90300000002,7128.90300000002,0.9609435209495552,4.06,1.0,0.9777570719602977,0.055399164086247815,4312.254361379141
Caelum-Elysium,162,126370.404,127245.145,Caelum,Elysium,874.7410000000091,874.7410000000091,1.0069220400688124,0.69,0.9932,0.9780398457583547,0.06003094589396874,1753.5802267796134
Aegis-Dawn,241,149089.688,156712.036,Aegis,Dawn,7622.347999999998,7622.347999999998,1.0511259236118329,4.86,0.9536,0.9844383292383293,0.0367757216063089,-2180.4743005156975
Boreas-Elysium,293,150815.811,151177.717,Boreas,Elysium,361.90600000001723,361.90600000001723,1.002399655563965,0.24,0.9976,0.9804581280788177,0.05527648369623914,-1839.5134922540726
Boreas-Elysium,452,106123.35,107124.708,Boreas,Elysium,1001.3579999999929,1001.3579999999929,1.0094357933480238,0.93,0.9907,0.9804581280788177,0.05527648369623914,-1839.5134922540726
Caelum-Elysium,205,132082.147,135872.688,Caelum,Elysium,3790.5409999999974,3790.5409999999974,1.0286983599683612,2.79,0.9729,0.9780398457583547,0.06003094589396874,1753.5802267796134
Dawn-Elysium,397,151756.745,152185.038,Dawn,Elysium,428.2930000000051,428.2930000000051,1.0028222337003867,0.28,0.9972,0.9839219696969698,0.04028966443660543,-3087.7173304880284
Aegis-Elysium,206,165651.867,159844.732,Aegis,Elysium,-5807.135000000009,5807.135000000009,0.9649437395112486,3.63,1.0,0.7958968831168831,0.13151929136319288,77214.95699135585
Aegis-Dawn,9,130106.459,128013.369,Aegis,Dawn,-2093.0899999999965,2093.0899999999965,0.9839124820082914,1.64,1.0,0.9844383292383293,0.0367757216063089,-2180.4743005156975
Dawn-Fenix,288,153651.239,148064.473,Dawn,Fenix,-5586.766000000003,5586.766000000003,0.9636399547679534,3.77,1.0,0.9823136476426799,0.04646098172906777,-362.5543768567232
Caelum-Elysium,203,181051.24749094708,218386.47,Caelum,Elysium,37335.222509052925,37335.222509052925,1.2062135612234308,17.1,0.854,0.9780398457583547,0.06003094589396874,1753.5802267796134
Caelum-Elysium,468,149644.618,149197.047,Caelum,Elysium,-447.5709999999963,447.5709999999963,0.9970091072703998,0.3,1.0,0.9780398457583547,0.06003094589396874,1753.5802267796134
Dawn-Fenix,431,86973.418,85040.368,Dawn,Fenix,-1933.050000000003,1933.050000000003,0.9777742436200448,2.27,1.0,0.9823136476426799,0.04646098172906777,-362.5543768567232
Boreas-Dawn,49,74593.893,155085.396,Boreas,Dawn,80491.50300000001,80491.50300000001,2.079062906664491,51.9,0.6583,0.9791679389312977,0.052929740107363066,-992.1216852668913
Caelum-Dawn,29,142794.724,142210.345,Caelum,Dawn,-584.3789999999863,584.3789999999863,0.9959075588815173,0.41,1.0,0.9804744471744471,0.05446466415035868,-6484.057433327288
Dawn-Elysium,22,98833.511,102305.594,Dawn,Elysium,3472.0829999999987,3472.0829999999987,1.0351306248747958,3.39,0.9672,0.9839219696969698,0.04028966443660543,-3087.7173304880284
Boreas-Elysium,202,121087.294,127066.089,Boreas,Elysium,5978.795000000013,5978.795000000013,1.0493759072690154,4.71,0.9551,0.9804581280788177,0.05527648369623914,-1839.5134922540726
Boreas-Fenix,66,205087.066,206053.993,Boreas,Fenix,966.926999999996,966.926999999996,1.004714714676351,0.47,0.9953,0.8068014354066986,0.13514659878591953,61601.108196475456
Caelum-Elysium,289,189685.014,181568.682,Caelum,Elysium,-8116.331999999995,8116.331999999995,0.9572115275274198,4.47,1.0,0.9780398457583547,0.06003094589396874,1753.5802267796134
Boreas-Elysium,44,181051.24749094708,141561.124,Boreas,Elysium,-39490.123490947066,39490.123490947066,0.7818842784117152,27.9,1.0,0.9804581280788177,0.05527648369623914,-1839.5134922540726
Aegis-Dawn,267,130408.4,134522.079,Aegis,Dawn,4113.679000000004,4113.679000000004,1.0315445860849455,3.06,0.9703,0.9844383292383293,0.0367757216063089,-2180.4743005156975
Elysium-Fenix,380,272127.342,269437.813,Elysium,Fenix,-2689.5289999999804,2689.5289999999804,0.990116652813226,1.0,1.0,0.9777570719602977,0.055399164086247815,4312.254361379141
Caelum-Elysium,199,529060.051,505816.708,Caelum,Elysium,-23243.342999999993,23243.342999999993,0.9560667206755326,4.6,1.0,0.9780398457583547,0.06003094589396874,1753.5802267796134
Boreas-Dawn,8,78228.626,81534.843,Boreas,Dawn,3306.2169999999896,3306.2169999999896,1.0422635187277862,4.05,0.961,0.9791679389312977,0.052929740107363066,-992.1216852668913
Caelum-Dawn,134,114982.499,116962.625,Caelum,Dawn,1980.1260000000038,1980.1260000000038,1.0172211077096176,1.69,0.9834,0.9804744471744471,0.05446466415035868,-6484.057433327288
Elysium-Fenix,333,457955.455,444444.188,Elysium,Fenix,-13511.266999999993,13511.266999999993,0.9704965475299339,3.04,1.0,0.9777570719602977,0.055399164086247815,4312.254361379141
Aegis-Boreas,421,112209.675,108685.724,Aegis,Boreas,-3523.951000000001,3523.951000000001,0.9685949451328506,3.24,1.0,0.9849621693121693,0.03408513950102227,-4121.568080328588
Aegis-Boreas,123,127007.732,129016.824,Aegis,Boreas,2009.0919999999896,2009.0919999999896,1.0158186589773919,1.56,0.9847,0.9849621693121693,0.03408513950102227,-4121.568080328588
Dawn-Fenix,424,96436.209,93260.361,Dawn,Fenix,-3175.847999999998,3175.847999999998,0.9670678883696061,3.41,1.0,0.9823136476426799,0.04646098172906777,-362.5543768567232
Caelum-Elysium,215,138653.99,133914.168,Caelum,Elysium,-4739.821999999986,4739.821999999986,0.9658154662552445,3.54,1.0,0.9780398457583547,0.06003094589396874,1753.5802267796134
Caelum-Dawn,292,247912.794,238866.937,Caelum,Dawn,-9045.856999999989,9045.856999999989,0.9635119396056664,3.79,1.0,0.9804744471744471,0.05446466415035868,-6484.057433327288
Aegis-Dawn,319,132595.593,136700.703,Aegis,Dawn,4105.110000000015,4105.110000000015,1.0309596262373517,3.0,0.9708,0.9844383292383293,0.0367757216063089,-2180.4743005156975
Aegis-Elysium,403,194392.291,185429.065,Aegis,Elysium,-8963.225999999995,8963.225999999995,0.9538910419035085,4.83,1.0,0.7958968831168831,0.13151929136319288,77214.95699135585
Aegis-Elysium,382,115043.128,198394.604,Aegis,Elysium,83351.476,83351.476,1.7245237281795744,42.01,0.7042,0.7958968831168831,0.13151929136319288,77214.95699135585
Boreas-Elysium,148,92773.504,95602.606,Boreas,Elysium,2829.101999999999,2829.101999999999,1.0304947196992797,2.96,0.9713,0.9804581280788177,0.05527648369623914,-1839.5134922540726
Dawn-Fenix,44,70951.11,72740.489,Dawn,Fenix,1789.3790000000008,1789.3790000000008,1.025219887328049,2.46,0.976,0.9823136476426799,0.04646098172906777,-362.5543768567232
Boreas-Dawn,75,129544.981,130368.355,Boreas,Dawn,823.3739999999962,823.3739999999962,1.0063558927072598,0.63,0.9937,0.9791679389312977,0.052929740107363066,-992.1216852668913
Boreas-Dawn,138,81318.63,77512.298,Boreas,Dawn,-3806.3320000000094,3806.3320000000094,0.9531923742443766,4.91,1.0,0.9791679389312977,0.052929740107363066,-992.1216852668913
Boreas-Dawn,295,70500.702,67881.838,Boreas,Dawn,-2618.8640000000014,2618.8640000000014,0.9628533627934655,3.86,1.0,0.9791679389312977,0.052929740107363066,-992.1216852668913
Caelum-Dawn,331,270827.409,260575.833,Caelum,Dawn,-10251.575999999972,10251.575999999972,0.9621471990672851,3.93,1.0,0.9804744471744471,0.05446466415035868,-6484.057433327288
Elysium-Fenix,270,223764.621,232502.791,Elysium,Fenix,8738.169999999984,8738.169999999984,1.0390507219637728,3.76,0.9638,0.9777570719602977,0.055399164086247815,4312.254361379141
Dawn-Fenix,336,71564.136,74014.043,Dawn,Fenix,2449.9070000000065,2449.9070000000065,1.0342337256751064,3.31,0.968,0.9823136476426799,0.04646098172906777,-362.5543768567232
Aegis-Boreas,399,65947.59,66741.595,Aegis,Boreas,794.0050000000047,794.0050000000047,1.0120399395944568,1.19,0.9882,0.9849621693121693,0.03408513950102227,-4121.568080328588
Caelum-Dawn,151,157390.197,151744.431,Caelum,Dawn,-5645.765999999974,5645.765999999974,0.9641288586734537,3.72,1.0,0.9804744471744471,0.05446466415035868,-6484.057433327288
Boreas-Elysium,310,150748.648,150889.056,Boreas,Elysium,140.4080000000249,140.4080000000249,1.0009314047048703,0.09,0.9991,0.9804581280788177,0.05527648369623914,-1839.5134922540726
Aegis-Dawn,382,138840.935,134488.12,Aegis,Dawn,-4352.815000000002,4352.815000000002,0.9686489074709846,3.24,1.0,0.9844383292383293,0.0367757216063089,-2180.4743005156975
Caelum-Elysium,65,138207.093,138505.464,Caelum,Elysium,298.37100000001374,298.37100000001374,1.0021588689373564,0.22,0.9979,0.9780398457583547,0.06003094589396874,1753.5802267796134
Elysium-Fenix,464,227147.682,221571.672,Elysium,Fenix,-5576.010000000009,5576.010000000009,0.9754520497374038,2.52,1.0,0.9777570719602977,0.055399164086247815,4312.254361379141
Aegis-Elysium,179,98265.636,155263.626,Aegis,Elysium,56997.98999999999,56997.98999999999,1.5800399032679133,36.71,0.7315,0.7958968831168831,0.13151929136319288,77214.95699135585
Aegis-Elysium,352,145088.635,227042.06,Aegis,Elysium,81953.42499999999,81953.42499999999,1.564850754850647,36.1,0.7348,0.7958968831168831,0.13151929136319288,77214.95699135585
Caelum-Elysium,382,158127.879,159545.808,Caelum,Elysium,1417.9290000000037,1417.9290000000037,1.0089669766581768,0.89,0.9912,0.9780398457583547,0.06003094589396874,1753.5802267796134
Dawn-Fenix,455,74416.304,76585.986,Dawn,Fenix,2169.6820000000007,2169.6820000000007,1.02915600323284,2.83,0.9725,0.9823136476426799,0.04646098172906777,-362.5543768567232
Boreas-Elysium,130,101851.685,101333.896,Boreas,Elysium,-517.7890000000043,517.7890000000043,0.9949162451264306,0.51,1.0,0.9804581280788177,0.05527648369623914,-1839.5134922540726
Aegis-Dawn,482,140937.981,136309.276,Aegis,Dawn,-4628.704999999987,4628.704999999987,0.9671578593140199,3.4,1.0,0.9844383292383293,0.0367757216063089,-2180.4743005156975
Aegis-Boreas,456,218626.661,218091.565,Aegis,Boreas,-535.0959999999905,535.0959999999905,0.997552466851241,0.25,1.0,0.9849621693121693,0.03408513950102227,-4121.568080328588
Aegis-Elysium,486,169027.179,350709.8,Aegis,Elysium,181682.62099999998,181682.62099999998,2.0748722310510783,51.8,0.6587,0.7958968831168831,0.13151929136319288,77214.95699135585
Aegis-Elysium,79,140477.289,201872.731,Aegis,Elysium,61395.44200000001,61395.44200000001,1.4370488812607995,30.41,0.7668,0.7958968831168831,0.13151929136319288,77214.95699135585
Boreas-Dawn,450,97026.051,95156.463,Boreas,Dawn,-1869.5880000000034,1869.5880000000034,0.9807310719056266,1.96,1.0,0.9791679389312977,0.052929740107363066,-992.1216852668913
Dawn-Fenix,158,85041.795,88817.737,Dawn,Fenix,3775.9419999999955,3775.9419999999955,1.0444010148186547,4.25,0.9592,0.9823136476426799,0.04646098172906777,-362.5543768567232
Aegis-Dawn,189,306819.879,294410.308,Aegis,Dawn,-12409.570999999996,12409.570999999996,0.9595542145429241,4.22,1.0,0.9844383292383293,0.0367757216063089,-2180.4743005156975
Boreas-Elysium,429,119058.465,113805.31,Boreas,Elysium,-5253.154999999999,5253.154999999999,0.9558775178228612,4.62,1.0,0.9804581280788177,0.05527648369623914,-1839.5134922540726
Aegis-Dawn,141,181051.24749094708,117452.388,Aegis,Dawn,-63598.85949094707,63598.85949094707,0.6487245441701409,54.15,1.0,0.9844383292383293,0.0367757216063089,-2180.4743005156975
Boreas-Elysium,392,103854.29,102660.608,Boreas,Elysium,-1193.6820000000007,1193.6820000000007,0.9885061849635677,1.16,1.0,0.9804581280788177,0.05527648369623914,-1839.5134922540726
Boreas-Fenix,325,153695.714,152051.472,Boreas,Fenix,-1644.2419999999984,1644.2419999999984,0.9893019658310056,1.08,1.0,0.8068014354066986,0.13514659878591953,61601.108196475456
Boreas-Dawn,453,77365.285,80148.144,Boreas,Dawn,2782.8589999999967,2782.8589999999967,1.0359703838743695,3.47,0.9664,0.9791679389312977,0.052929740107363066,-992.1216852668913
Caelum-Elysium,38,189778.833,181807.504,Caelum,Elysium,-7971.329000000027,7971.329000000027,0.9579967435040554,4.38,1.0,0.9780398457583547,0.06003094589396874,1753.5802267796134
Caelum-Elysium,389,315882.98,177872.089,Caelum,Elysium,-138010.89099999997,138010.89099999997,0.5630948808954507,77.59,1.0,0.9780398457583547,0.06003094589396874,1753.5802267796134
Caelum-Dawn,58,210913.692,204827.566,Caelum,Dawn,-6086.126000000018,6086.126000000018,0.9711439976120658,2.97,1.0,0.9804744471744471,0.05446466415035868,-6484.057433327288
Caelum-Elysium,415,371311.445,387147.207,Caelum,Elysium,15835.761999999988,15835.761999999988,1.0426481925435938,4.09,0.9607,0.9780398457583547,0.06003094589396874,1753.5802267796134
Dawn-Elysium,300,494428.823,478893.416,Dawn,Elysium,-15535.406999999948,15535.406999999948,0.9685790830200044,3.24,1.0,0.9839219696969698,0.04028966443660543,-3087.7173304880284
Boreas-Fenix,210,84170.422,139608.999,Boreas,Fenix,55438.577000000005,55438.577000000005,1.6586467749918137,39.71,0.7158,0.8068014354066986,0.13514659878591953,61601.108196475456
Aegis-Elysium,83,212789.754,219645.866,Aegis,Elysium,6856.112000000023,6856.112000000023,1.032220122779032,3.12,0.9697,0.7958968831168831,0.13151929136319288,77214.95699135585
Caelum-Fenix,448,181051.24749094708,110267.687,Caelum,Fenix,-70783.56049094707,70783.56049094707,0.6090412992349783,64.19,1.0,0.9796862650602409,0.04873557984945812,1731.907948738127
Elysium-Fenix,214,181051.24749094708,172683.846,Elysium,Fenix,-8367.401490947086,8367.401490947086,0.9537843477639364,4.85,1.0,0.9777570719602977,0.055399164086247815,4312.254361379141
Caelum-Fenix,118,351408.846,336197.662,Caelum,Fenix,-15211.184000000008,15211.184000000008,0.9567137134618404,4.52,1.0,0.9796862650602409,0.04873557984945812,1731.907948738127
Boreas-Dawn,384,152992.519,158900.827,Boreas,Dawn,5908.30799999999,5908.30799999999,1.03861828041409,3.72,0.9642,0.9791679389312977,0.052929740107363066,-992.1216852668913
Dawn-Elysium,10,114842.562,109544.78,Dawn,Elysium,-5297.7820000000065,5297.7820000000065,0.9538691761334965,4.84,1.0,0.9839219696969698,0.04028966443660543,-3087.7173304880284
Aegis-Boreas,389,175559.708,172275.318,Aegis,Boreas,-3284.390000000014,3284.390000000014,0.9812918918730487,1.91,1.0,0.9849621693121693,0.03408513950102227,-4121.568080328588
Boreas-Elysium,494,188939.181,187385.997,Boreas,Elysium,-1553.1840000000084,1553.1840000000084,0.9917794499172725,0.83,1.0,0.9804581280788177,0.05527648369623914,-1839.5134922540726
Boreas-Dawn,351,147001.516,323234.4,Boreas,Dawn,176232.88400000002,176232.88400000002,2.198850792804069,54.52,0.6472,0.9791679389312977,0.052929740107363066,-992.1216852668913
Caelum-Dawn,36,173643.449,174105.661,Caelum,Dawn,462.21199999999953,462.21199999999953,1.0026618453080829,0.27,0.9974,0.9804744471744471,0.05446466415035868,-6484.057433327288
Elysium-Fenix,295,164776.282,164517.702,Elysium,Fenix,-258.5800000000163,258.5800000000163,0.9984307207514246,0.16,1.0,0.9777570719602977,0.055399164086247815,4312.254361379141
Caelum-Elysium,103,216006.815,211917.876,Caelum,Elysium,-4088.939000000013,4088.939000000013,0.9810703241006539,1.93,1.0,0.9780398457583547,0.06003094589396874,1753.5802267796134
Aegis-Dawn,345,467257.276,461390.089,Aegis,Dawn,-5867.1870000000345,5867.1870000000345,0.9874433480196891,1.27,1.0,0.9844383292383293,0.0367757216063089,-2180.4743005156975
Aegis-Dawn,42,130553.903,129534.004,Aegis,Dawn,-1019.8990000000049,1019.8990000000049,0.992187908775121,0.79,1.0,0.9844383292383293,0.0367757216063089,-2180.4743005156975
Caelum-Elysium,224,181051.24749094708,235519.894,Caelum,Elysium,54468.646509052924,54468.646509052924,1.30084656838267,23.13,0.8122,0.9780398457583547,0.06003094589396874,1753.5802267796134
Aegis-Boreas,91,99279.125,96880.954,Aegis,Boreas,-2398.171000000002,2398.171000000002,0.975844156563628,2.48,1.0,0.9849621693121693,0.03408513950102227,-4121.568080328588
Caelum-Elysium,179,166251.254,171146.321,Caelum,Elysium,4895.06700000001,4895.06700000001,1.029443789939774,2.86,0.9722,0.9780398457583547,0.06003094589396874,1753.5802267796134
Elysium-Fenix,141,481212.274,479170.707,Elysium,Fenix,-2041.566999999981,2041.566999999981,0.9957574502765073,0.43,1.0,0.9777570719602977,0.055399164086247815,4312.254361379141
Caelum-Elysium,404,135304.549,132762.149,Caelum,Elysium,-2542.399999999994,2542.399999999994,0.98120979657528,1.92,1.0,0.9780398457583547,0.06003094589396874,1753.5802267796134
Boreas-Dawn,479,157046.229,151392.067,Boreas,Dawn,-5654.161999999982,5654.161999999982,0.9639968305128805,3.73,1.0,0.9791679389312977,0.052929740107363066,-992.1216852668913
Caelum-Dawn,244,150539.474,152084.834,Caelum,Dawn,1545.3600000000151,1545.3600000000151,1.0102654802686504,1.02,0.9899,0.9804744471744471,0.05446466415035868,-6484.057433327288
Caelum-Elysium,478,268178.507,270347.221,Caelum,Elysium,2168.7140000000363,2168.7140000000363,1.0080868300158001,0.8,0.992,0.9780398457583547,0.06003094589396874,1753.5802267796134
Caelum-Dawn,150,244612.317,239864.47,Caelum,Dawn,-4747.847000000009,4747.847000000009,0.9805903191702321,1.98,1.0,0.9804744471744471,0.05446466415035868,-6484.057433327288
Dawn-Elysium,400,135790.595,129545.887,Dawn,Elysium,-6244.707999999999,6244.707999999999,0.9540122200657564,4.82,1.0,0.9839219696969698,0.04028966443660543,-3087.7173304880284
Caelum-Fenix,104,121454.29,120846.037,Caelum,Fenix,-608.252999999997,608.252999999997,0.9949919183587504,0.5,1.0,0.9796862650602409,0.04873557984945812,1731.907948738127
Dawn-Elysium,122,134068.439,133423.527,Dawn,Elysium,-644.9120000000112,644.9120000000112,0.9951896806973339,0.48,1.0,0.9839219696969698,0.04028966443660543,-3087.7173304880284
Boreas-Fenix,464,105048.583,218452.518,Boreas,Fenix,113403.93500000001,113403.93500000001,2.0795379791082,51.91,0.6583,0.8068014354066986,0.13514659878591953,61601.108196475456
Caelum-Dawn,463,138809.042,136820.116,Caelum,Dawn,-1988.9259999999776,1988.9259999999776,0.9856714953770809,1.45,1.0,0.9804744471744471,0.05446466415035868,-6484.057433327288
Boreas-Fenix,29,141896.14,145015.807,Boreas,Fenix,3119.6669999999867,3119.6669999999867,1.0219855663445108,2.15,0.9789,0.8068014354066986,0.13514659878591953,61601.108196475456
Caelum-Fenix,108,155625.196,154425.729,Caelum,Fenix,-1199.4670000000042,1199.4670000000042,0.992292591233106,0.78,1.0,0.9796862650602409,0.04873557984945812,1731.907948738127
Boreas-Dawn,176,275577.932,288732.855,Boreas,Dawn,13154.92300000001,13154.92300000001,1.0477357635443756,4.56,0.9564,0.9791679389312977,0.052929740107363066,-992.1216852668913
Aegis-Elysium,48,89192.387,195770.658,Aegis,Elysium,106578.271,106578.271,2.194925649876373,54.44,0.6475,0.7958968831168831,0.13151929136319288,77214.95699135585
Boreas-Fenix,449,83983.712,151418.727,Boreas,Fenix,67435.01500000001,67435.01500000001,1.8029534941251468,44.54,0.6919,0.8068014354066986,0.13514659878591953,61601.108196475456
Boreas-Dawn,460,118806.482,120910.405,Boreas,Dawn,2103.922999999995,2103.922999999995,1.0177088233283433,1.74,0.9829,0.9791679389312977,0.052929740107363066,-992.1216852668913
Boreas-Fenix,30,90889.183,138440.819,Boreas,Fenix,47551.635999999984,47551.635999999984,1.52318256618062,34.35,0.7443,0.8068014354066986,0.13514659878591953,61601.108196475456
Caelum-Fenix,412,114780.005,116001.506,Caelum,Fenix,1221.5009999999893,1221.5009999999893,1.0106421061752,1.05,0.9896,0.9796862650602409,0.04873557984945812,1731.907948738127
Dawn-Elysium,403,201889.116,192319.221,Dawn,Elysium,-9569.895000000019,9569.895000000019,0.9525982619092749,4.98,1.0,0.9839219696969698,0.04028966443660543,-3087.7173304880284
Caelum-Elysium,439,271762.425,266013.001,Caelum,Elysium,-5749.423999999999,5749.423999999999,0.978843933262665,2.16,1.0,0.9780398457583547,0.06003094589396874,1753.5802267796134
Aegis-Boreas,237,93030.867,92603.512,Aegis,Boreas,-427.3549999999959,427.3549999999959,0.9954063096068965,0.46,1.0,0.9849621693121693,0.03408513950102227,-4121.568080328588
Caelum-Fenix,149,140109.057,134235.747,Caelum,Fenix,-5873.309999999998,5873.309999999998,0.9580804401531302,4.38,1.0,0.9796862650602409,0.04873557984945812,1731.907948738127
Dawn-Elysium,357,198660.774,193404.456,Dawn,Elysium,-5256.317999999999,5256.317999999999,0.9735412386946605,2.72,1.0,0.9839219696969698,0.04028966443660543,-3087.7173304880284
Aegis-Elysium,133,333072.434,320376.571,Aegis,Elysium,-12695.863000000012,12695.863000000012,0.9618825765689153,3.96,1.0,0.7958968831168831,0.13151929136319288,77214.95699135585
Boreas-Fenix,380,69980.495,168415.225,Boreas,Fenix,98434.73000000001,98434.73000000001,2.406602368274189,58.45,0.6311,0.8068014354066986,0.13514659878591953,61601.108196475456
Boreas-Dawn,305,88827.559,86003.953,Boreas,Dawn,-2823.6059999999998,2823.6059999999998,0.9682125003570119,3.28,1.0,0.9791679389312977,0.052929740107363066,-992.1216852668913
Dawn-Elysium,458,105483.539,102239.774,Dawn,Elysium,-3243.7649999999994,3243.7649999999994,0.969248614231648,3.17,1.0,0.9839219696969698,0.04028966443660543,-3087.7173304880284
Aegis-Boreas,163,67996.323,65647.962,Aegis,Boreas,-2348.3610000000044,2348.3610000000044,0.965463411896552,3.58,1.0,0.9849621693121693,0.03408513950102227,-4121.568080328588
Dawn-Elysium,27,110667.476,106759.802,Dawn,Elysium,-3907.673999999999,3907.673999999999,0.9646899510024065,3.66,1.0,0.9839219696969698,0.04028966443660543,-3087.7173304880284
Elysium-Fenix,204,195481.54,192158.908,Elysium,Fenix,-3322.6320000000123,3322.6320000000123,0.9830028349479956,1.73,1.0,0.9777570719602977,0.055399164086247815,4312.254361379141
Elysium-Fenix,147,175609.893,172854.232,Elysium,Fenix,-2755.661000000022,2755.661000000022,0.9843080537609574,1.59,1.0,0.9777570719602977,0.055399164086247815,4312.254361379141
Caelum-Fenix,428,151829.468,159506.376,Caelum,Fenix,7676.907999999996,7676.907999999996,1.0505627010429885,4.81,0.9541,0.9796862650602409,0.04873557984945812,1731.907948738127
Caelum-Fenix,498,189934.89,186164.837,Caelum,Fenix,-3770.0530000000144,3770.0530000000144,0.9801508137867665,2.03,1.0,0.9796862650602409,0.04873557984945812,1731.907948738127
Caelum-Fenix,326,181051.24749094708,128795.36,Caelum,Fenix,-52255.887490947076,52255.887490947076,0.7113751591600606,40.57,1.0,0.9796862650602409,0.04873557984945812,1731.907948738127
Aegis-Boreas,265,71963.653,75591.336,Aegis,Boreas,3627.68299999999,3627.68299999999,1.0504099340260005,4.8,0.9542,0.9849621693121693,0.03408513950102227,-4121.568080328588
Boreas-Elysium,1,181051.24749094708,208414.873,Boreas,Elysium,27363.625509052916,27363.625509052916,1.1511374590800383,13.13,0.8839,0.9804581280788177,0.05527648369623914,-1839.5134922540726
Boreas-Dawn,311,93811.165,89914.886,Boreas,Dawn,-3896.278999999995,3896.278999999995,0.9584667880417006,4.33,1.0,0.9791679389312977,0.052929740107363066,-992.1216852668913
Caelum-Dawn,277,124035.213,119017.466,Caelum,Dawn,-5017.747000000003,5017.747000000003,0.9595457864050267,4.22,1.0,0.9804744471744471,0.05446466415035868,-6484.057433327288
Elysium-Fenix,109,188503.19,180865.579,Elysium,Fenix,-7637.611000000004,7637.611000000004,0.9594828554360273,4.22,1.0,0.9777570719602977,0.055399164086247815,4312.254361379141
Boreas-Fenix,478,156599.783,149598.753,Boreas,Fenix,-7001.029999999999,7001.029999999999,0.9552934884973627,4.68,1.0,0.8068014354066986,0.13514659878591953,61601.108196475456
Caelum-Fenix,260,728432.285,242082.281,Caelum,Fenix,-486350.0040000001,486350.0040000001,0.3323332669144394,200.9,1.0,0.9796862650602409,0.04873557984945812,1731.907948738127
Boreas-Fenix,406,207358.471,205041.677,Boreas,Fenix,-2316.7939999999944,2316.7939999999944,0.9888271070440137,1.13,1.0,0.8068014354066986,0.13514659878591953,61601.108196475456
Caelum-Fenix,290,113234.121,113901.266,Caelum,Fenix,667.1450000000041,667.1450000000041,1.005891731168205,0.59,0.9942,0.9796862650602409,0.04873557984945812,1731.907948738127
Dawn-Fenix,497,83579.569,87528.98,Dawn,Fenix,3949.410999999993,3949.410999999993,1.0472533066065464,4.51,0.9568,0.9823136476426799,0.04646098172906777,-362.5543768567232
Aegis-Elysium,428,106214.035,161203.359,Aegis,Elysium,54989.32399999999,54989.32399999999,1.5177218246157393,34.11,0.7456,0.7958968831168831,0.13151929136319288,77214.95699135585
Aegis-Boreas,398,102072.784,101286.848,Aegis,Boreas,-785.9360000000015,785.9360000000015,0.9923002394056383,0.78,1.0,0.9849621693121693,0.03408513950102227,-4121.568080328588
Caelum-Elysium,464,138603.962,145682.787,Caelum,Elysium,7078.825000000012,7078.825000000012,1.0510723135028421,4.86,0.9537,0.9780398457583547,0.06003094589396874,1753.5802267796134
Dawn-Fenix,5,118006.998,114145.884,Dawn,Fenix,-3861.1140000000014,3861.1140000000014,0.9672806353399482,3.38,1.0,0.9823136476426799,0.04646098172906777,-362.5543768567232
Aegis-Dawn,447,124449.126,122907.354,Aegis,Dawn,-1541.7719999999972,1541.7719999999972,0.9876112267755098,1.25,1.0,0.9844383292383293,0.0367757216063089,-2180.4743005156975
Caelum-Dawn,78,181397.456,182362.982,Caelum,Dawn,965.5259999999835,965.5259999999835,1.0053227097076818,0.53,0.9947,0.9804744471744471,0.05446466415035868,-6484.057433327288
Caelum-Dawn,138,449503.535,430752.894,Caelum,Dawn,-18750.641000000003,18750.641000000003,0.9582858875625972,4.35,1.0,0.9804744471744471,0.05446466415035868,-6484.057433327288
Dawn-Fenix,347,102252.085,98430.282,Dawn,Fenix,-3821.803,3821.803,0.9626237156924478,3.88,1.0,0.9823136476426799,0.04646098172906777,-362.5543768567232
Dawn-Elysium,423,117950.934,117733.065,Dawn,Elysium,-217.8689999999915,217.8689999999915,0.9981528844866969,0.19,1.0,0.9839219696969698,0.04028966443660543,-3087.7173304880284
Elysium-Fenix,73,159260.085,165691.108,Elysium,Fenix,6431.023000000016,6431.023000000016,1.040380632724138,3.88,0.9626,0.9777570719602977,0.055399164086247815,4312.254361379141
Dawn-Fenix,148,94322.135,90358.768,Dawn,Fenix,-3963.3669999999984,3963.3669999999984,0.95798052069114,4.39,1.0,0.9823136476426799,0.04646098172906777,-362.5543768567232
Caelum-Dawn,229,118288.083,115803.793,Caelum,Dawn,-2484.2899999999936,2484.2899999999936,0.9789979688824614,2.15,1.0,0.9804744471744471,0.05446466415035868,-6484.057433327288
Caelum-Elysium,494,148839.173,144247.37,Caelum,Elysium,-4591.803000000014,4591.803000000014,0.9691492306262679,3.18,1.0,0.9780398457583547,0.06003094589396874,1753.5802267796134
Aegis-Elysium,452,118760.901,209479.918,Aegis,Elysium,90719.017,90719.017,1.7638794943126948,43.31,0.6978,0.7958968831168831,0.13151929136319288,77214.95699135585
Aegis-Dawn,93,140607.845,138667.512,Aegis,Dawn,-1940.3330000000133,1940.3330000000133,0.9862003930150554,1.4,1.0,0.9844383292383293,0.0367757216063089,-2180.4743005156975
Boreas-Fenix,225,144831.468,144616.347,Boreas,Fenix,-215.12099999998463,215.12099999998463,0.9985146805250915,0.15,1.0,0.8068014354066986,0.13514659878591953,61601.108196475456
Aegis-Boreas,41,61288.982,63794.998,Aegis,Boreas,2506.015999999996,2506.015999999996,1.0408885238133012,3.93,0.9622,0.9849621693121693,0.03408513950102227,-4121.568080328588
Aegis-Dawn,60,119061.562,123371.23,Aegis,Dawn,4309.667999999991,4309.667999999991,1.0361969717817072,3.49,0.9662,0.9844383292383293,0.0367757216063089,-2180.4743005156975
Dawn-Elysium,331,440848.284,424237.274,Dawn,Elysium,-16611.01000000001,16611.01000000001,0.9623203478319539,3.92,1.0,0.9839219696969698,0.04028966443660543,-3087.7173304880284
Dawn-Fenix,150,138830.428,139803.796,Dawn,Fenix,973.3679999999877,973.3679999999877,1.007011200743399,0.7,0.9931,0.9823136476426799,0.04646098172906777,-362.5543768567232
Aegis-Boreas,489,65832.146,68789.029,Aegis,Boreas,2956.8830000000016,2956.8830000000016,1.044915488551748,4.3,0.9588,0.9849621693121693,0.03408513950102227,-4121.568080328588
Aegis-Boreas,243,117674.692,112712.537,Aegis,Boreas,-4962.154999999999,4962.154999999999,0.9578315871011586,4.4,1.0,0.9849621693121693,0.03408513950102227,-4121.568080328588
Caelum-Dawn,172,155552.617,161913.092,Caelum,Dawn,6360.475000000006,6360.475000000006,1.0408895402897658,3.93,0.9622,0.9804744471744471,0.05446466415035868,-6484.057433327288
Aegis-Elysium,339,183854.235,180670.167,Aegis,Elysium,-3184.0679999999993,3184.0679999999993,0.9826815629240196,1.76,1.0,0.7958968831168831,0.13151929136319288,77214.95699135585
Caelum-Elysium,436,127956.525,133151.182,Caelum,Elysium,5194.6570000000065,5194.6570000000065,1.040597046535923,3.9,0.9625,0.9780398457583547,0.06003094589396874,1753.5802267796134
Elysium-Fenix,489,264990.286,266646.989,Elysium,Fenix,1656.7029999999795,1656.7029999999795,1.0062519386087987,0.62,0.9938,0.9777570719602977,0.055399164086247815,4312.254361379141
Aegis-Boreas,405,63535.472,64749.133,Aegis,Boreas,1213.661,1213.661,1.0191021009492147,1.87,0.9816,0.9849621693121693,0.03408513950102227,-4121.568080328588
Aegis-Elysium,442,146848.413,152597.824,Aegis,Elysium,5749.410999999993,5749.410999999993,1.039152013171569,3.77,0.9637,0.7958968831168831,0.13151929136319288,77214.95699135585
Aegis-Boreas,261,64249.75,64200.183,Aegis,Boreas,-49.567000000002736,49.567000000002736,0.9992285261810356,0.08,1.0,0.9849621693121693,0.03408513950102227,-4121.568080328588
Caelum-Elysium,412,181051.24749094708,787340.057,Caelum,Elysium,606288.8095090529,606288.8095090529,4.348713791874693,77.0,0.565,0.9780398457583547,0.06003094589396874,1753.5802267796134
Caelum-Elysium,37,128545.37,127249.374,Caelum,Elysium,-1295.9959999999992,1295.9959999999992,0.9899179877112649,1.02,1.0,0.9780398457583547,0.06003094589396874,1753.5802267796134
Dawn-Fenix,468,86426.18,83052.746,Dawn,Fenix,-3373.433999999994,3373.433999999994,0.9609674522233889,4.06,1.0,0.9823136476426799,0.04646098172906777,-362.5543768567232
Boreas-Dawn,189,78130.67,77978.923,Boreas,Dawn,-151.74700000000303,151.74700000000303,0.9980577793586052,0.19,1.0,0.9791679389312977,0.052929740107363066,-992.1216852668913
Caelum-Dawn,478,298822.569,297602.946,Caelum,Dawn,-1219.6230000000214,1219.6230000000214,0.9959185713312035,0.41,1.0,0.9804744471744471,0.05446466415035868,-6484.057433327288
Boreas-Dawn,225,77363.989,74075.039,Boreas,Dawn,-3288.949999999997,3288.949999999997,0.9574873265648182,4.44,1.0,0.9791679389312977,0.052929740107363066,-992.1216852668913
Aegis-Elysium,203,114399.825,188827.495,Aegis,Elysium,74427.67,74427.67,1.6505925162035868,39.42,0.7173,0.7958968831168831,0.13151929136319288,77214.95699135585
Aegis-Dawn,334,134131.755,132997.254,Aegis,Dawn,-1134.5010000000184,1134.5010000000184,0.9915418910309493,0.85,1.0,0.9844383292383293,0.0367757216063089,-2180.4743005156975
Boreas-Dawn,366,79204.256,78895.006,Boreas,Dawn,-309.25,309.25,0.9960955380983567,0.39,1.0,0.9791679389312977,0.052929740107363066,-992.1216852668913
Boreas-Elysium,496,400238.462,413780.812,Boreas,Elysium,13542.349999999977,13542.349999999977,1.033835703676075,3.27,0.9683,0.9804581280788177,0.05527648369623914,-1839.5134922540726
Caelum-Dawn,16,119598.422,123119.944,Caelum,Dawn,3521.521999999997,3521.521999999997,1.0294445523704316,2.86,0.9722,0.9804744471744471,0.05446466415035868,-6484.057433327288
Dawn-Elysium,11,96929.327,101087.435,Dawn,Elysium,4158.107999999993,4158.107999999993,1.0428983479891487,4.11,0.9605,0.9839219696969698,0.04028966443660543,-3087.7173304880284
Boreas-Elysium,10,332526.105,316786.492,Boreas,Elysium,-15739.612999999954,15739.612999999954,0.9526665342560099,4.97,1.0,0.9804581280788177,0.05527648369623914,-1839.5134922540726
Caelum-Elysium,431,185216.128,179576.911,Caelum,Elysium,-5639.217000000004,5639.217000000004,0.9695533155730369,3.14,1.0,0.9780398457583547,0.06003094589396874,1753.5802267796134
Aegis-Boreas,340,86523.095,84721.473,Aegis,Boreas,-1801.622000000003,1801.622000000003,0.9791775594712602,2.13,1.0,0.9849621693121693,0.03408513950102227,-4121.568080328588
Caelum-Fenix,172,132461.148,136706.074,Caelum,Fenix,4244.926000000007,4244.926000000007,1.0320465741396112,3.11,0.9699,0.9796862650602409,0.04873557984945812,1731.907948738127
Boreas-Dawn,101,83190.981,83372.95,Boreas,Dawn,181.96899999999732,181.96899999999732,1.0021873645173147,0.22,0.9978,0.9791679389312977,0.052929740107363066,-992.1216852668913
Boreas-Fenix,296,86038.013,145709.897,Boreas,Fenix,59671.88399999999,59671.88399999999,1.6935525579838762,40.95,0.7095,0.8068014354066986,0.13514659878591953,61601.108196475456
Dawn-Fenix,367,88708.168,92631.261,Dawn,Fenix,3923.0929999999935,3923.0929999999935,1.0442247099500466,4.24,0.9594,0.9823136476426799,0.04646098172906777,-362.5543768567232
Elysium-Fenix,259,181051.24749094708,977852.054,Elysium,Fenix,796800.8065090529,796800.8065090529,5.400968331073745,81.48,0.551,0.9777570719602977,0.055399164086247815,4312.254361379141
Aegis-Boreas,480,118391.842,114174.075,Aegis,Boreas,-4217.767000000007,4217.767000000007,0.9643745132371535,3.69,1.0,0.9849621693121693,0.03408513950102227,-4121.568080328588
Caelum-Elysium,225,143366.307,138761.704,Caelum,Elysium,-4604.603000000003,4604.603000000003,0.9678822514414074,3.32,1.0,0.9780398457583547,0.06003094589396874,1753.5802267796134
Elysium-Fenix,405,186142.937,190214.537,Elysium,Fenix,4071.600000000006,4071.600000000006,1.021873513256106,2.14,0.979,0.9777570719602977,0.055399164086247815,4312.254361379141
Boreas-Fenix,285,122905.818,189925.569,Boreas,Fenix,67019.75099999999,67019.75099999999,1.5452935596588275,35.29,0.7392,0.8068014354066986,0.13514659878591953,61601.108196475456
Boreas-Dawn,23,96637.133,100205.508,Boreas,Dawn,3568.375,3568.375,1.0369255056438813,3.56,0.9656,0.9791679389312977,0.052929740107363066,-992.1216852668913
Caelum-Elysium,121,227523.699,231470.479,Caelum,Elysium,3946.779999999999,3946.779999999999,1.0173466764884127,1.71,0.9832,0.9780398457583547,0.06003094589396874,1753.5802267796134
Caelum-Fenix,467,148381.552,148268.788,Caelum,Fenix,-112.76399999999558,112.76399999999558,0.9992400402982711,0.08,1.0,0.9796862650602409,0.04873557984945812,1731.907948738127
Dawn-Fenix,320,80201.652,76526.627,Dawn,Fenix,-3675.0250000000087,3675.0250000000087,0.9541776895069443,4.8,1.0,0.9823136476426799,0.04646098172906777,-362.5543768567232
Elysium-Fenix,60,182606.683,190164.821,Elysium,Fenix,7558.138000000006,7558.138000000006,1.0413902595229771,3.97,0.9618,0.9777570719602977,0.055399164086247815,4312.254361379141
Elysium-Fenix,144,285078.38,292231.863,Elysium,Fenix,7153.483000000007,7153.483000000007,1.025093039324834,2.45,0.9761,0.9777570719602977,0.055399164086247815,4312.254361379141
Aegis-Dawn,299,168145.733,166439.537,Aegis,Dawn,-1706.1959999999963,1706.1959999999963,0.9898528736378936,1.03,1.0,0.9844383292383293,0.0367757216063089,-2180.4743005156975
Boreas-Dawn,266,181051.24749094708,106399.072,Boreas,Dawn,-74652.17549094708,74652.17549094708,0.5876737855966453,70.16,1.0,0.9791679389312977,0.052929740107363066,-992.1216852668913
Dawn-Fenix,363,318225.478,324785.47,Dawn,Fenix,6559.991999999969,6559.991999999969,1.0206142890922139,2.02,0.9802,0.9823136476426799,0.04646098172906777,-362.5543768567232
Caelum-Dawn,25,124511.772,124116.834,Caelum,Dawn,-394.93799999999464,394.93799999999464,0.9968281071447607,0.32,1.0,0.9804744471744471,0.05446466415035868,-6484.057433327288
Boreas-Elysium,453,99050.137,97631.359,Boreas,Elysium,-1418.7780000000057,1418.7780000000057,0.9856761631738076,1.45,1.0,0.9804581280788177,0.05527648369623914,-1839.5134922540726
Caelum-Fenix,73,117122.748,121596.78,Caelum,Fenix,4474.031999999992,4474.031999999992,1.0381995135564954,3.68,0.9645,0.9796862650602409,0.04873557984945812,1731.907948738127
Dawn-Elysium,239,127872.808,131099.458,Dawn,Elysium,3226.6500000000087,3226.6500000000087,1.0252332771170554,2.46,0.976,0.9839219696969698,0.04028966443660543,-3087.7173304880284
Dawn-Elysium,355,472306.919,455475.322,Dawn,Elysium,-16831.59700000001,16831.59700000001,0.9643630098927262,3.7,1.0,0.9839219696969698,0.04028966443660543,-3087.7173304880284
Caelum-Elysium,204,440111.736,443464.047,Caelum,Elysium,3352.311000000045,3352.311000000045,1.0076169543454303,0.76,0.9925,0.9780398457583547,0.06003094589396874,1753.5802267796134
Elysium-Fenix,110,282625.541,272125.076,Elysium,Fenix,-10500.465000000026,10500.465000000026,0.9628467230426283,3.86,1.0,0.9777570719602977,0.055399164086247815,4312.254361379141
Aegis-Boreas,363,61538.401,61635.595,Aegis,Boreas,97.19400000000314,97.19400000000314,1.0015794040537387,0.16,0.9984,0.9849621693121693,0.03408513950102227,-4121.568080328588
Aegis-Elysium,271,100602.85,163063.538,Aegis,Elysium,62460.687999999995,62460.687999999995,1.6208640013677544,38.3,0.723,0.7958968831168831,0.13151929136319288,77214.95699135585
Boreas-Elysium,3,123744.429,121902.418,Boreas,Elysium,-1842.0109999999986,1842.0109999999986,0.9851143925032779,1.51,1.0,0.9804581280788177,0.05527648369623914,-1839.5134922540726
Dawn-Fenix,394,93186.545,91815.379,Dawn,Fenix,-1371.1659999999974,1371.1659999999974,0.985285794209883,1.49,1.0,0.9823136476426799,0.04646098172906777,-362.5543768567232
Caelum-Fenix,245,142625.517,137601.294,Caelum,Fenix,-5024.222999999998,5024.222999999998,0.9647733231354386,3.65,1.0,0.9796862650602409,0.04873557984945812,1731.907948738127
Elysium-Fenix,123,166879.845,174162.778,Elysium,Fenix,7282.93299999999,7282.93299999999,1.0436417771121491,4.18,0.9599,0.9777570719602977,0.055399164086247815,4312.254361379141
Dawn-Elysium,457,115177.86,116988.852,Dawn,Elysium,1810.9919999999984,1810.9919999999984,1.0157234385150062,1.55,0.9848,0.9839219696969698,0.04028966443660543,-3087.7173304880284
Aegis-Boreas,347,211798.067,210132.751,Aegis,Boreas,-1665.3160000000207,1665.3160000000207,0.9921372464650491,0.79,1.0,0.9849621693121693,0.03408513950102227,-4121.568080328588
Caelum-Dawn,350,182526.607,186073.294,Caelum,Dawn,3546.6870000000054,3546.6870000000054,1.019431068479786,1.91,0.9813,0.9804744471744471,0.05446466415035868,-6484.057433327288
Elysium-Fenix,395,199014.836,194069.97,Elysium,Fenix,-4944.866000000009,4944.866000000009,0.9751532795273614,2.55,1.0,0.9777570719602977,0.055399164086247815,4312.254361379141
Caelum-Elysium,113,433718.831,432317.061,Caelum,Elysium,-1401.7700000000186,1401.7700000000186,0.996768021354369,0.32,1.0,0.9780398457583547,0.06003094589396874,1753.5802267796134
Elysium-Fenix,218,941742.853,985989.976,Elysium,Fenix,44247.12300000002,44247.12300000002,1.0469842939174394,4.49,0.9571,0.9777570719602977,0.055399164086247815,4312.254361379141
Boreas-Fenix,62,131902.762,132553.316,Boreas,Fenix,650.5540000000037,650.5540000000037,1.0049320726127025,0.49,0.9951,0.8068014354066986,0.13514659878591953,61601.108196475456
Caelum-Dawn,27,125857.099,125546.967,Caelum,Dawn,-310.1319999999978,310.1319999999978,0.9975358402309908,0.25,1.0,0.9804744471744471,0.05446466415035868,-6484.057433327288
Caelum-Fenix,180,158555.111,155556.462,Caelum,Fenix,-2998.649000000005,2998.649000000005,0.9810876547524223,1.93,1.0,0.9796862650602409,0.04873557984945812,1731.907948738127
Dawn-Fenix,498,79418.602,76243.71,Dawn,Fenix,-3174.8919999999925,3174.8919999999925,0.9600233204810128,4.16,1.0,0.9823136476426799,0.04646098172906777,-362.5543768567232
Aegis-Elysium,423,294709.059,299731.035,Aegis,Elysium,5021.975999999966,5021.975999999966,1.0170404534459865,1.68,0.9835,0.7958968831168831,0.13151929136319288,77214.95699135585
Aegis-Dawn,156,169903.678,170701.266,Aegis,Dawn,797.5879999999888,797.5879999999888,1.0046943539385886,0.47,0.9953,0.9844383292383293,0.0367757216063089,-2180.4743005156975
Caelum-Dawn,83,181051.24749094708,163413.456,Caelum,Dawn,-17637.79149094707,17637.79149094707,0.9025812208677049,10.79,1.0,0.9804744471744471,0.05446466415035868,-6484.057433327288
Elysium-Fenix,24,172930.708,167501.169,Elysium,Fenix,-5429.539000000019,5429.539000000019,0.9686028059284877,3.24,1.0,0.9777570719602977,0.055399164086247815,4312.254361379141
Boreas-Elysium,102,242245.029,237072.322,Boreas,Elysium,-5172.707000000024,5172.707000000024,0.978646798155763,2.18,1.0,0.9804581280788177,0.05527648369623914,-1839.5134922540726
Aegis-Dawn,132,145715.003,143531.597,Aegis,Dawn,-2183.405999999988,2183.405999999988,0.9850159149363639,1.52,1.0,0.9844383292383293,0.0367757216063089,-2180.4743005156975
Dawn-Elysium,360,263331.189,255846.633,Dawn,Elysium,-7484.556000000011,7484.556000000011,0.9715774039967593,2.93,1.0,0.9839219696969698,0.04028966443660543,-3087.7173304880284
Boreas-Elysium,493,100568.642,99037.994,Boreas,Elysium,-1530.648000000001,1530.648000000001,0.9847800669317976,1.55,1.0,0.9804581280788177,0.05527648369623914,-1839.5134922540726
Boreas-Fenix,165,82346.912,156537.556,Boreas,Fenix,74190.64400000001,74190.64400000001,1.9009523514372952,47.39,0.6785,0.8068014354066986,0.13514659878591953,61601.108196475456
Caelum-Fenix,338,125773.442,120362.435,Caelum,Fenix,-5411.006999999998,5411.006999999998,0.9569781432871973,4.5,1.0,0.9796862650602409,0.04873557984945812,1731.907948738127
Elysium-Fenix,168,173009.957,168353.842,Elysium,Fenix,-4656.114999999991,4656.114999999991,0.9730875894038862,2.77,1.0,0.9777570719602977,0.055399164086247815,4312.254361379141
Caelum-Fenix,403,110163.243,113992.997,Caelum,Fenix,3829.754000000001,3829.754000000001,1.0347643542047869,3.36,0.9675,0.9796862650602409,0.04873557984945812,1731.907948738127
Elysium-Fenix,40,202139.516,198980.352,Elysium,Fenix,-3159.1639999999898,3159.1639999999898,0.9843713685353833,1.59,1.0,0.9777570719602977,0.055399164086247815,4312.254361379141
Boreas-Elysium,334,223390.1,222935.718,Boreas,Elysium,-454.38200000001234,454.38200000001234,0.9979659707390792,0.2,1.0,0.9804581280788177,0.05527648369623914,-1839.5134922540726
Caelum-Elysium,48,317275.769,317053.934,Caelum,Elysium,-221.83499999996275,221.83499999996275,0.9993008132934351,0.07,1.0,0.9780398457583547,0.06003094589396874,1753.5802267796134
Dawn-Elysium,93,296289.734,287632.271,Dawn,Elysium,-8657.462999999989,8657.462999999989,0.9707804152269414,3.01,1.0,0.9839219696969698,0.04028966443660543,-3087.7173304880284
Boreas-Fenix,0,87710.995,139913.191,Boreas,Fenix,52202.195999999996,52202.195999999996,1.595161370589856,37.31,0.7283,0.8068014354066986,0.13514659878591953,61601.108196475456
Caelum-Elysium,119,156037.713,153335.261,Caelum,Elysium,-2702.45199999999,2702.45199999999,0.9826807766658309,1.76,1.0,0.9780398457583547,0.06003094589396874,1753.5802267796134
Aegis-Elysium,465,311115.301,317839.036,Aegis,Elysium,6723.735000000044,6723.735000000044,1.0216117143013808,2.12,0.9793,0.7958968831168831,0.13151929136319288,77214.95699135585
Caelum-Elysium,440,251778.469,255386.217,Caelum,Elysium,3607.7479999999923,3607.7479999999923,1.0143290568662564,1.41,0.9861,0.9780398457583547,0.06003094589396874,1753.5802267796134
Caelum-Fenix,13,181051.24749094708,196416.562,Caelum,Fenix,15365.314509052929,15365.314509052929,1.0848672114773539,7.82,0.9274,0.9796862650602409,0.04873557984945812,1731.907948738127
Dawn-Fenix,405,75175.053,74077.509,Dawn,Fenix,-1097.5439999999944,1097.5439999999944,0.9854001566184464,1.48,1.0,0.9823136476426799,0.04646098172906777,-362.5543768567232
Aegis-Boreas,115,72544.352,69189.076,Aegis,Boreas,-3355.275999999998,3355.275999999998,0.9537486253926426,4.85,1.0,0.9849621693121693,0.03408513950102227,-4121.568080328588
Boreas-Dawn,321,91427.161,94478.318,Boreas,Dawn,3051.1570000000065,3051.1570000000065,1.0333725445111437,3.23,0.9687,0.9791679389312977,0.052929740107363066,-992.1216852668913
Aegis-Elysium,494,128408.972,371780.519,Aegis,Elysium,243371.54699999996,243371.54699999996,2.8952845989608886,65.46,0.6044,0.7958968831168831,0.13151929136319288,77214.95699135585
Boreas-Elysium,401,158343.774,158323.074,Boreas,Elysium,-20.70000000001164,20.70000000001164,0.9998692717782512,0.01,1.0,0.9804581280788177,0.05527648369623914,-1839.5134922540726
Caelum-Elysium,374,145944.664,150969.853,Caelum,Elysium,5025.189000000013,5025.189000000013,1.0344321529973854,3.33,0.9678,0.9780398457583547,0.06003094589396874,1753.5802267796134
Aegis-Elysium,232,161559.363,241021.016,Aegis,Elysium,79461.65299999999,79461.65299999999,1.4918418315377981,32.97,0.7521,0.7958968831168831,0.13151929136319288,77214.95699135585
Boreas-Fenix,161,273141.755,277829.999,Boreas,Fenix,4688.244000000006,4688.244000000006,1.0171641424797904,1.69,0.9834,0.8068014354066986,0.13514659878591953,61601.108196475456
Boreas-Fenix,317,83819.789,147273.621,Boreas,Fenix,63453.83200000001,63453.83200000001,1.7570268639068038,43.09,0.6989,0.8068014354066986,0.13514659878591953,61601.108196475456
Elysium-Fenix,200,327651.555,340848.202,Elysium,Fenix,13196.646999999997,13196.646999999997,1.0402764668704227,3.87,0.9627,0.9777570719602977,0.055399164086247815,4312.254361379141
Dawn-Fenix,478,75787.11,74642.244,Dawn,Fenix,-1144.8659999999945,1144.8659999999945,0.9848936580376267,1.53,1.0,0.9823136476426799,0.04646098172906777,-362.5543768567232
Aegis-Elysium,153,131036.057,188662.454,Aegis,Elysium,57626.397,57626.397,1.4397751147228124,30.54,0.766,0.7958968831168831,0.13151929136319288,77214.95699135585
Caelum-Elysium,409,214750.577,208297.682,Caelum,Elysium,-6452.8949999999895,6452.8949999999895,0.9699516756129601,3.1,1.0,0.9780398457583547,0.06003094589396874,1753.5802267796134
Dawn-Elysium,260,386950.703,390849.097,Dawn,Elysium,3898.3940000000293,3898.3940000000293,1.010074652842794,1.0,0.9901,0.9839219696969698,0.04028966443660543,-3087.7173304880284
Dawn-Fenix,326,106861.093,103673.204,Dawn,Fenix,-3187.8889999999956,3187.8889999999956,0.9701679169611339,3.07,1.0,0.9823136476426799,0.04646098172906777,-362.5543768567232
Aegis-Boreas,57,67385.415,66657.744,Aegis,Boreas,-727.6709999999875,727.6709999999875,0.9892013575934794,1.09,1.0,0.9849621693121693,0.03408513950102227,-4121.568080328588
Elysium-Fenix,82,227899.025,238076.049,Elysium,Fenix,10177.024000000005,10177.024000000005,1.0446558470357652,4.27,0.959,0.9777570719602977,0.055399164086247815,4312.254361379141
Caelum-Elysium,383,136629.776,132343.944,Caelum,Elysium,-4285.832000000024,4285.832000000024,0.9686317863830793,3.24,1.0,0.9780398457583547,0.06003094589396874,1753.5802267796134
Caelum-Dawn,61,121772.955,117995.84,Caelum,Dawn,-3777.1150000000052,3777.1150000000052,0.9689823163115323,3.2,1.0,0.9804744471744471,0.05446466415035868,-6484.057433327288
Dawn-Fenix,179,83373.451,80225.993,Dawn,Fenix,-3147.4579999999987,3147.4579999999987,0.9622486779394558,3.92,1.0,0.9823136476426799,0.04646098172906777,-362.5543768567232
Elysium-Fenix,434,250990.994,247615.59,Elysium,Fenix,-3375.4040000000095,3375.4040000000095,0.9865516927671117,1.36,1.0,0.9777570719602977,0.055399164086247815,4312.254361379141
Boreas-Dawn,235,65235.132,68443.684,Boreas,Dawn,3208.551999999996,3208.551999999996,1.0491844179912135,4.69,0.9552,0.9791679389312977,0.052929740107363066,-992.1216852668913
Dawn-Fenix,401,73221.725,75609.407,Dawn,Fenix,2387.6820000000007,2387.6820000000007,1.0326089285659414,3.16,0.9694,0.9823136476426799,0.04646098172906777,-362.5543768567232
Boreas-Fenix,323,148943.921,150302.356,Boreas,Fenix,1358.4349999999977,1358.4349999999977,1.0091204460771515,0.9,0.991,0.8068014354066986,0.13514659878591953,61601.108196475456
Boreas-Elysium,196,105261.262,101648.772,Boreas,Elysium,-3612.4900000000052,3612.4900000000052,0.9656807268755717,3.55,1.0,0.9804581280788177,0.05527648369623914,-1839.5134922540726
Aegis-Boreas,159,63137.834,61118.04,Aegis,Boreas,-2019.7940000000017,2019.7940000000017,0.9680097673290471,3.3,1.0,0.9849621693121693,0.03408513950102227,-4121.568080328588
Caelum-Fenix,100,125576.074,124296.959,Caelum,Fenix,-1279.1149999999907,1279.1149999999907,0.9898140230120589,1.03,1.0,0.9796862650602409,0.04873557984945812,1731.907948738127
Boreas-Elysium,475,310201.971,318716.026,Boreas,Elysium,8514.054999999993,8514.054999999993,1.0274468114195185,2.67,0.974,0.9804581280788177,0.05527648369623914,-1839.5134922540726
Boreas-Fenix,64,103151.669,169666.604,Boreas,Fenix,66514.935,66514.935,1.6448265514734426,39.2,0.7184,0.8068014354066986,0.13514659878591953,61601.108196475456
Caelum-Fenix,294,142603.12,147288.839,Caelum,Fenix,4685.719000000012,4685.719000000012,1.032858460600301,3.18,0.9692,0.9796862650602409,0.04873557984945812,1731.907948738127
Dawn-Fenix,49,185941.829,182135.573,Dawn,Fenix,-3806.255999999994,3806.255999999994,0.9795298560820331,2.09,1.0,0.9823136476426799,0.04646098172906777,-362.5543768567232
Caelum-Fenix,139,200327.561,206866.386,Caelum,Fenix,6538.825000000012,6538.825000000012,1.0326406659540972,3.16,0.9694,0.9796862650602409,0.04873557984945812,1731.907948738127
Boreas-Fenix,108,249936.926,327000.814,Boreas,Fenix,77063.888,77063.888,1.3083333432691735,23.57,0.8093,0.8068014354066986,0.13514659878591953,61601.108196475456
Elysium-Fenix,355,188379.231,188054.336,Elysium,Fenix,-324.8949999999895,324.8949999999895,0.9982753141188904,0.17,1.0,0.9777570719602977,0.055399164086247815,4312.254361379141
Aegis-Dawn,207,190144.227,198444.335,Aegis,Dawn,8300.107999999978,8300.107999999978,1.0436516434443206,4.18,0.9599,0.9844383292383293,0.0367757216063089,-2180.4743005156975
Caelum-Dawn,46,184915.674,186402.537,Caelum,Dawn,1486.863000000012,1486.863000000012,1.0080407624071932,0.8,0.9921,0.9804744471744471,0.05446466415035868,-6484.057433327288
Elysium-Fenix,54,162828.388,158922.656,Elysium,Fenix,-3905.732000000018,3905.732000000018,0.9760131998604566,2.46,1.0,0.9777570719602977,0.055399164086247815,4312.254361379141
Aegis-Elysium,93,676690.015,670821.371,Aegis,Elysium,-5868.643999999971,5868.643999999971,0.9913274263401094,0.87,1.0,0.7958968831168831,0.13151929136319288,77214.95699135585
Dawn-Elysium,74,279621.364,267038.107,Dawn,Elysium,-12583.256999999983,12583.256999999983,0.9549989427846437,4.71,1.0,0.9839219696969698,0.04028966443660543,-3087.7173304880284
Aegis-Elysium,376,126386.981,203684.464,Aegis,Elysium,77297.48300000001,77297.48300000001,1.6115937131214488,37.95,0.7249,0.7958968831168831,0.13151929136319288,77214.95699135585
Elysium-Fenix,397,283628.926,281466.428,Elysium,Fenix,-2162.497999999963,2162.497999999963,0.9923756084032136,0.77,1.0,0.9777570719602977,0.055399164086247815,4312.254361379141
Aegis-Boreas,72,66338.542,65830.036,Aegis,Boreas,-508.5060000000085,508.5060000000085,0.9923346823027854,0.77,1.0,0.9849621693121693,0.03408513950102227,-4121.568080328588
Boreas-Dawn,422,76166.421,79924.621,Boreas,Dawn,3758.199999999997,3758.199999999997,1.0493419534574167,4.7,0.9551,0.9791679389312977,0.052929740107363066,-992.1216852668913
Caelum-Fenix,438,438739.153,442919.755,Caelum,Fenix,4180.6020000000135,4180.6020000000135,1.009528673179528,0.94,0.9906,0.9796862650602409,0.04873557984945812,1731.907948738127
Caelum-Fenix,305,109906.035,115279.534,Caelum,Fenix,5373.498999999996,5373.498999999996,1.048891755580119,4.66,0.9555,0.9796862650602409,0.04873557984945812,1731.907948738127
Boreas-Dawn,264,76889.548,74932.179,Boreas,Dawn,-1957.3689999999915,1957.3689999999915,0.9745431069512857,2.61,1.0,0.9791679389312977,0.052929740107363066,-992.1216852668913
Aegis-Dawn,243,233477.669,241567.194,Aegis,Dawn,8089.524999999994,8089.524999999994,1.0346479602723804,3.35,0.9676,0.9844383292383293,0.0367757216063089,-2180.4743005156975
Caelum-Fenix,74,109279.392,112199.954,Caelum,Fenix,2920.561999999991,2920.561999999991,1.0267256428366658,2.6,0.9746,0.9796862650602409,0.04873557984945812,1731.907948738127
Aegis-Elysium,5,180755.652,317062.244,Aegis,Elysium,136306.592,136306.592,1.7540931112903735,42.99,0.6993,0.7958968831168831,0.13151929136319288,77214.95699135585
Boreas-Fenix,168,85947.759,130194.329,Boreas,Fenix,44246.56999999999,44246.56999999999,1.5148077217464155,33.99,0.7464,0.8068014354066986,0.13514659878591953,61601.108196475456
Aegis-Elysium,190,108087.091,201956.238,Aegis,Elysium,93869.14700000001,93869.14700000001,1.8684584452365363,46.48,0.6827,0.7958968831168831,0.13151929136319288,77214.95699135585
Caelum-Fenix,316,174802.311,174692.541,Caelum,Fenix,-109.76999999998952,109.76999999998952,0.9993720334738596,0.06,1.0,0.9796862650602409,0.04873557984945812,1731.907948738127
Boreas-Fenix,101,213703.586,371055.391,Boreas,Fenix,157351.805,157351.805,1.7363086785076223,42.41,0.7022,0.8068014354066986,0.13514659878591953,61601.108196475456
Aegis-Elysium,125,362644.23,582764.392,Aegis,Elysium,220120.162,220120.162,1.6069865278154296,37.77,0.7258,0.7958968831168831,0.13151929136319288,77214.95699135585
Aegis-Elysium,241,107506.601,172291.893,Aegis,Elysium,64785.292000000016,64785.292000000016,1.602616875590737,37.6,0.7267,0.7958968831168831,0.13151929136319288,77214.95699135585
Caelum-Fenix,37,1337752.536,1373164.586,Caelum,Fenix,35412.049999999814,35412.049999999814,1.0264713009671318,2.58,0.9749,0.9796862650602409,0.04873557984945812,1731.907948738127
Dawn-Fenix,372,74570.042,71913.125,Dawn,Fenix,-2656.9170000000013,2656.9170000000013,0.9643701823313979,3.69,1.0,0.9823136476426799,0.04646098172906777,-362.5543768567232
Dawn-Elysium,444,117670.742,117651.215,Dawn,Elysium,-19.527000000001863,19.527000000001863,0.9998340539061104,0.02,1.0,0.9839219696969698,0.04028966443660543,-3087.7173304880284
Elysium-Fenix,151,155612.606,159419.254,Elysium,Fenix,3806.6479999999865,3806.6479999999865,1.0244623369394636,2.39,0.9767,0.9777570719602977,0.055399164086247815,4312.254361379141
Caelum-Dawn,351,212583.622,214263.64,Caelum,Dawn,1680.018000000011,1680.018000000011,1.0079028571636623,0.78,0.9922,0.9804744471744471,0.05446466415035868,-6484.057433327288
Aegis-Dawn,498,134409.866,138761.12,Aegis,Dawn,4351.253999999986,4351.253999999986,1.0323730253551475,3.14,0.9696,0.9844383292383293,0.0367757216063089,-2180.4743005156975
Caelum-Fenix,461,330415.672,346790.88,Caelum,Fenix,16375.207999999984,16375.207999999984,1.0495594167821434,4.72,0.9549,0.9796862650602409,0.04873557984945812,1731.907948738127
Caelum-Elysium,324,141635.678,144722.111,Caelum,Elysium,3086.43299999999,3086.43299999999,1.021791352599731,2.13,0.9791,0.9780398457583547,0.06003094589396874,1753.5802267796134
Caelum-Fenix,31,162995.853,159941.85,Caelum,Fenix,-3054.002999999997,3054.002999999997,0.9812633085824582,1.91,1.0,0.9796862650602409,0.04873557984945812,1731.907948738127
Boreas-Fenix,184,138479.76,139162.724,Boreas,Fenix,682.9639999999781,682.9639999999781,1.0049318687438509,0.49,0.9951,0.8068014354066986,0.13514659878591953,61601.108196475456
Dawn-Fenix,194,89478.663,91533.097,Dawn,Fenix,2054.433999999994,2054.433999999994,1.0229600435580937,2.24,0.978,0.9823136476426799,0.04646098172906777,-362.5543768567232
Boreas-Dawn,77,113066.459,116311.225,Boreas,Dawn,3244.7660000000033,3244.7660000000033,1.028697865208638,2.79,0.9729,0.9791679389312977,0.052929740107363066,-992.1216852668913
Caelum-Elysium,406,206804.413,214802.359,Caelum,Elysium,7997.945999999996,7997.945999999996,1.0386739619526397,3.72,0.9641,0.9780398457583547,0.06003094589396874,1753.5802267796134
Caelum-Elysium,229,143376.638,144151.102,Caelum,Elysium,774.4640000000072,774.4640000000072,1.005401605246177,0.54,0.9947,0.9780398457583547,0.06003094589396874,1753.5802267796134
Caelum-Elysium,168,243748.585,245163.994,Caelum,Elysium,1415.4090000000142,1415.4090000000142,1.005806839863296,0.58,0.9943,0.9780398457583547,0.06003094589396874,1753.5802267796134
Elysium-Fenix,242,246288.758,248651.598,Elysium,Fenix,2362.8399999999965,2362.8399999999965,1.0095937793474115,0.95,0.9906,0.9777570719602977,0.055399164086247815,4312.254361379141
Boreas-Dawn,326,71399.409,74608.287,Boreas,Dawn,3208.877999999997,3208.877999999997,1.0449426409117755,4.3,0.9588,0.9791679389312977,0.052929740107363066,-992.1216852668913
Aegis-Elysium,343,181051.24749094708,193227.569,Aegis,Elysium,12176.321509052912,12176.321509052912,1.0672534526980366,6.3,0.9407,0.7958968831168831,0.13151929136319288,77214.95699135585
Elysium-Fenix,483,475243.004,487033.611,Elysium,Fenix,11790.60699999996,11790.60699999996,1.0248096382287828,2.42,0.9764,0.9777570719602977,0.055399164086247815,4312.254361379141
Dawn-Fenix,146,73495.714,73879.357,Dawn,Fenix,383.6429999999964,383.6429999999964,1.0052199370428594,0.52,0.9948,0.9823136476426799,0.04646098172906777,-362.5543768567232
Dawn-Elysium,451,533853.913,555293.925,Dawn,Elysium,21440.012000000104,21440.012000000104,1.0401608220487093,3.86,0.9628,0.9839219696969698,0.04028966443660543,-3087.7173304880284
Aegis-Boreas,440,74983.821,76463.904,Aegis,Boreas,1480.0829999999987,1480.0829999999987,1.0197386980319394,1.94,0.981,0.9849621693121693,0.03408513950102227,-4121.568080328588
Elysium-Fenix,440,382321.308,368233.242,Elysium,Fenix,-14088.065999999992,14088.065999999992,0.9631512403174767,3.83,1.0,0.9777570719602977,0.055399164086247815,4312.254361379141
Aegis-Elysium,100,240868.394,237475.676,Aegis,Elysium,-3392.7179999999935,3392.7179999999935,0.9859146401748334,1.43,1.0,0.7958968831168831,0.13151929136319288,77214.95699135585
Boreas-Fenix,137,164456.981,246123.006,Boreas,Fenix,81666.025,81666.025,1.4965798624261502,33.18,0.7509,0.8068014354066986,0.13514659878591953,61601.108196475456
Caelum-Fenix,217,828934.421,799893.267,Caelum,Fenix,-29041.15399999998,29041.15399999998,0.9649656797156937,3.63,1.0,0.9796862650602409,0.04873557984945812,1731.907948738127
Aegis-Dawn,149,165627.098,158602.932,Aegis,Dawn,-7024.165999999997,7024.165999999997,0.957590478340688,4.43,1.0,0.9844383292383293,0.0367757216063089,-2180.4743005156975
Boreas-Dawn,46,262600.445,273391.726,Boreas,Dawn,10791.281000000017,10791.281000000017,1.0410939174151057,3.95,0.962,0.9791679389312977,0.052929740107363066,-992.1216852668913
Caelum-Dawn,231,115873.12,112891.356,Caelum,Dawn,-2981.7639999999956,2981.7639999999956,0.9742669913436353,2.64,1.0,0.9804744471744471,0.05446466415035868,-6484.057433327288
Caelum-Fenix,490,178018.356,175268.56,Caelum,Fenix,-2749.796000000002,2749.796000000002,0.9845533007843303,1.57,1.0,0.9796862650602409,0.04873557984945812,1731.907948738127
Dawn-Elysium,56,97185.205,102049.232,Dawn,Elysium,4864.027000000002,4864.027000000002,1.050049048103567,4.77,0.9545,0.9839219696969698,0.04028966443660543,-3087.7173304880284
Dawn-Elysium,73,133584.955,139954.869,Dawn,Elysium,6369.914000000019,6369.914000000019,1.0476843668510427,4.55,0.9565,0.9839219696969698,0.04028966443660543,-3087.7173304880284
Caelum-Fenix,145,114791.995,116710.598,Caelum,Fenix,1918.6030000000028,1918.6030000000028,1.0167137351345799,1.64,0.9838,0.9796862650602409,0.04873557984945812,1731.907948738127
Boreas-Fenix,352,85599.273,176145.566,Boreas,Fenix,90546.29299999999,90546.29299999999,2.057792780553171,51.4,0.6605,0.8068014354066986,0.13514659878591953,61601.108196475456
Caelum-Elysium,3,140249.046,138393.038,Caelum,Elysium,-1856.0080000000016,1856.0080000000016,0.9867663413553629,1.34,1.0,0.9780398457583547,0.06003094589396874,1753.5802267796134
Dawn-Fenix,384,149260.779,155846.614,Dawn,Fenix,6585.834999999992,6585.834999999992,1.0441230110423045,4.23,0.9595,0.9823136476426799,0.04646098172906777,-362.5543768567232
Dawn-Elysium,190,308394.138,294015.854,Dawn,Elysium,-14378.283999999985,14378.283999999985,0.9533769218401941,4.89,1.0,0.9839219696969698,0.04028966443660543,-3087.7173304880284
Aegis-Dawn,130,136783.349,133547.032,Aegis,Dawn,-3236.316999999981,3236.316999999981,0.9763398321238649,2.42,1.0,0.9844383292383293,0.0367757216063089,-2180.4743005156975
Aegis-Dawn,172,290279.056,298897.316,Aegis,Dawn,8618.26000000001,8618.26000000001,1.0296895687851486,2.88,0.972,0.9844383292383293,0.0367757216063089,-2180.4743005156975
Aegis-Elysium,249,216313.058,215124.774,Aegis,Elysium,-1188.283999999985,1188.283999999985,0.9945066469357574,0.55,1.0,0.7958968831168831,0.13151929136319288,77214.95699135585
Caelum-Fenix,87,150291.48,151726.322,Caelum,Fenix,1434.841999999975,1434.841999999975,1.0095470614834585,0.95,0.9906,0.9796862650602409,0.04873557984945812,1731.907948738127
Aegis-Boreas,482,141094.59,145883.361,Aegis,Boreas,4788.771000000008,4788.771000000008,1.0339401461104922,3.28,0.9682,0.9849621693121693,0.03408513950102227,-4121.568080328588
Boreas-Dawn,84,73000.973,74671.459,Boreas,Dawn,1670.4860000000044,1670.4860000000044,1.0228830648599712,2.24,0.9781,0.9791679389312977,0.052929740107363066,-992.1216852668913
Caelum-Fenix,233,148705.741,150439.544,Caelum,Fenix,1733.8029999999853,1733.8029999999853,1.0116592875859445,1.15,0.9886,0.9796862650602409,0.04873557984945812,1731.907948738127
Elysium-Fenix,43,206572.527,212362.232,Elysium,Fenix,5789.704999999987,5789.704999999987,1.0280274685316697,2.73,0.9735,0.9777570719602977,0.055399164086247815,4312.254361379141
Caelum-Fenix,204,116483.456,115440.012,Caelum,Fenix,-1043.4440000000031,1043.4440000000031,0.9910421270467799,0.9,1.0,0.9796862650602409,0.04873557984945812,1731.907948738127
Aegis-Elysium,462,180751.07,234268.154,Aegis,Elysium,53517.084,53517.084,1.2960816995440192,22.84,0.814,0.7958968831168831,0.13151929136319288,77214.95699135585
Caelum-Dawn,40,236357.648,235316.785,Caelum,Dawn,-1040.862999999983,1040.862999999983,0.9955962372751316,0.44,1.0,0.9804744471744471,0.05446466415035868,-6484.057433327288
Caelum-Fenix,470,116848.586,111440.729,Caelum,Fenix,-5407.856999999989,5407.856999999989,0.9537191061944046,4.85,1.0,0.9796862650602409,0.04873557984945812,1731.907948738127
Dawn-Elysium,310,99065.024,102100.885,Dawn,Elysium,3035.86099999999,3035.86099999999,1.0306451346541843,2.97,0.9711,0.9839219696969698,0.04028966443660543,-3087.7173304880284
Dawn-Elysium,110,194759.929,193958.385,Dawn,Elysium,-801.5439999999944,801.5439999999944,0.9958844511593553,0.41,1.0,0.9839219696969698,0.04028966443660543,-3087.7173304880284
Elysium-Fenix,472,181051.24749094708,276505.256,Elysium,Fenix,95454.00850905292,95454.00850905292,1.5272209378939838,34.52,0.7434,0.9777570719602977,0.055399164086247815,4312.254361379141
Caelum-Dawn,273,184228.494,177231.09,Caelum,Dawn,-6997.40400000001,6997.40400000001,0.9620177973120705,3.95,1.0,0.9804744471744471,0.05446466415035868,-6484.057433327288
Caelum-Dawn,238,130595.97,135767.54,Caelum,Dawn,5171.570000000007,5171.570000000007,1.0395997671291082,3.81,0.9633,0.9804744471744471,0.05446466415035868,-6484.057433327288
Caelum-Dawn,131,628586.649,624866.353,Caelum,Dawn,-3720.295999999973,3720.295999999973,0.9940814905853974,0.6,1.0,0.9804744471744471,0.05446466415035868,-6484.057433327288
Caelum-Elysium,183,149507.937,153064.007,Caelum,Elysium,3556.070000000007,3556.070000000007,1.0237851586434505,2.32,0.9773,0.9780398457583547,0.06003094589396874,1753.5802267796134
Boreas-Fenix,78,92033.204,150827.774,Boreas,Fenix,58794.57000000001,58794.57000000001,1.6388408470490716,38.98,0.7195,0.8068014354066986,0.13514659878591953,61601.108196475456
Dawn-Fenix,410,72784.028,71598.247,Dawn,Fenix,-1185.7810000000027,1185.7810000000027,0.98370822510675,1.66,1.0,0.9823136476426799,0.04646098172906777,-362.5543768567232
Aegis-Boreas,49,61671.54,64615.081,Aegis,Boreas,2943.5409999999974,2943.5409999999974,1.0477293253906097,4.56,0.9564,0.9849621693121693,0.03408513950102227,-4121.568080328588
Dawn-Fenix,125,131776.325,131323.095,Dawn,Fenix,-453.2300000000105,453.2300000000105,0.9965606113237715,0.35,1.0,0.9823136476426799,0.04646098172906777,-362.5543768567232
Caelum-Fenix,216,121197.725,121424.942,Caelum,Fenix,227.21699999998964,227.21699999998964,1.0018747629132476,0.19,0.9981,0.9796862650602409,0.04873557984945812,1731.907948738127
Aegis-Dawn,358,119482.339,122431.338,Aegis,Dawn,2948.998999999996,2948.998999999996,1.024681463592707,2.41,0.9765,0.9844383292383293,0.0367757216063089,-2180.4743005156975
Caelum-Dawn,225,125079.45,122069.29,Caelum,Dawn,-3010.1600000000035,3010.1600000000035,0.9759340163392147,2.47,1.0,0.9804744471744471,0.05446466415035868,-6484.057433327288
Aegis-Elysium,72,390852.576,380588.126,Aegis,Elysium,-10264.450000000012,10264.450000000012,0.9737383079189428,2.7,1.0,0.7958968831168831,0.13151929136319288,77214.95699135585
Aegis-Dawn,219,206416.015,198236.249,Aegis,Dawn,-8179.766000000003,8179.766000000003,0.9603724255601,4.13,1.0,0.9844383292383293,0.0367757216063089,-2180.4743005156975
Boreas-Elysium,199,186665.793,186655.035,Boreas,Elysium,-10.75800000000163,10.75800000000163,0.9999423675874026,0.01,1.0,0.9804581280788177,0.05527648369623914,-1839.5134922540726
Boreas-Fenix,131,154044.042,152586.737,Boreas,Fenix,-1457.304999999993,1457.304999999993,0.9905396860464101,0.96,1.0,0.8068014354066986,0.13514659878591953,61601.108196475456
Elysium-Fenix,348,228922.994,226231.522,Elysium,Fenix,-2691.472000000009,2691.472000000009,0.9882428935906717,1.19,1.0,0.9777570719602977,0.055399164086247815,4312.254361379141
Boreas-Dawn,160,82316.198,85669.453,Boreas,Dawn,3353.25499999999,3353.25499999999,1.0407362716144881,3.91,0.9623,0.9791679389312977,0.052929740107363066,-992.1216852668913
Boreas-Dawn,156,133407.751,130458.412,Boreas,Dawn,-2949.3389999999927,2949.3389999999927,0.9778922965278083,2.26,1.0,0.9791679389312977,0.052929740107363066,-992.1216852668913
Boreas-Elysium,425,104931.942,104717.715,Boreas,Elysium,-214.22699999999895,214.22699999999895,0.9979584195630345,0.2,1.0,0.9804581280788177,0.05527648369623914,-1839.5134922540726
Elysium-Fenix,26,174276.942,177491.999,Elysium,Fenix,3215.0570000000007,3215.0570000000007,1.0184479768987456,1.81,0.9822,0.9777570719602977,0.055399164086247815,4312.254361379141
Dawn-Fenix,54,194357.824,194340.278,Dawn,Fenix,-17.546000000002095,17.546000000002095,0.9999097232123776,0.01,1.0,0.9823136476426799,0.04646098172906777,-362.5543768567232
Elysium-Fenix,465,191285.868,193309.294,Elysium,Fenix,2023.4260000000068,2023.4260000000068,1.0105780213727027,1.05,0.9896,0.9777570719602977,0.055399164086247815,4312.254361379141
Caelum-Fenix,404,241269.36,251965.775,Caelum,Fenix,10696.415000000008,10696.415000000008,1.0443339137634386,4.25,0.9593,0.9796862650602409,0.04873557984945812,1731.907948738127
Caelum-Dawn,97,65727.335,119489.973,Caelum,Dawn,53762.63799999999,53762.63799999999,1.81796467177621,44.99,0.6897,0.9804744471744471,0.05446466415035868,-6484.057433327288
Caelum-Elysium,476,271762.606,260963.112,Caelum,Elysium,-10799.494000000035,10799.494000000035,0.9602612951098944,4.14,1.0,0.9780398457583547,0.06003094589396874,1753.5802267796134
Dawn-Fenix,366,319058.416,312406.27,Dawn,Fenix,-6652.146000000008,6652.146000000008,0.9791506957146054,2.13,1.0,0.9823136476426799,0.04646098172906777,-362.5543768567232
Elysium-Fenix,377,199825.539,200832.967,Elysium,Fenix,1007.4280000000144,1007.4280000000144,1.0050415377585946,0.5,0.995,0.9777570719602977,0.055399164086247815,4312.254361379141
Elysium-Fenix,197,241463.566,232837.021,Elysium,Fenix,-8626.544999999984,8626.544999999984,0.9642739269410111,3.7,1.0,0.9777570719602977,0.055399164086247815,4312.254361379141
Caelum-Dawn,189,207981.242,205750.008,Caelum,Dawn,-2231.2339999999967,2231.2339999999967,0.9892719459767434,1.08,1.0,0.9804744471744471,0.05446466415035868,-6484.057433327288
Caelum-Elysium,489,166030.84,160888.524,Caelum,Elysium,-5142.315999999992,5142.315999999992,0.9690279468561384,3.2,1.0,0.9780398457583547,0.06003094589396874,1753.5802267796134
Boreas-Fenix,434,371799.73,379769.802,Boreas,Fenix,7970.072000000044,7970.072000000044,1.0214364652712364,2.1,0.9794,0.8068014354066986,0.13514659878591953,61601.108196475456
Dawn-Elysium,440,96256.38,101280.733,Dawn,Elysium,5024.352999999988,5024.352999999988,1.0521976101739956,4.96,0.9527,0.9839219696969698,0.04028966443660543,-3087.7173304880284
Caelum-Fenix,257,264057.587,269595.992,Caelum,Fenix,5538.405000000028,5538.405000000028,1.0209742316550066,2.05,0.9799,0.9796862650602409,0.04873557984945812,1731.907948738127
Boreas-Fenix,106,70442.936,158388.597,Boreas,Fenix,87945.66100000001,87945.66100000001,2.2484667163787724,55.53,0.643,0.8068014354066986,0.13514659878591953,61601.108196475456
Aegis-Elysium,385,97433.186,166978.092,Aegis,Elysium,69544.906,69544.906,1.7137702137750068,41.65,0.706,0.7958968831168831,0.13151929136319288,77214.95699135585
Elysium-Fenix,71,242839.341,236807.983,Elysium,Fenix,-6031.357999999978,6031.357999999978,0.9751631758875512,2.55,1.0,0.9777570719602977,0.055399164086247815,4312.254361379141
Aegis-Elysium,399,163009.196,157764.677,Aegis,Elysium,-5244.519,5244.519,0.9678268519280347,3.32,1.0,0.7958968831168831,0.13151929136319288,77214.95699135585
Aegis-Elysium,195,382402.991,639027.936,Aegis,Elysium,256624.945,256624.945,1.67108508834859,40.16,0.7135,0.7958968831168831,0.13151929136319288,77214.95699135585
Aegis-Elysium,408,471238.572,467388.304,Aegis,Elysium,-3850.267999999982,3850.267999999982,0.9918294718879677,0.82,1.0,0.7958968831168831,0.13151929136319288,77214.95699135585
Boreas-Dawn,345,207166.021,205682.909,Boreas,Dawn,-1483.1119999999937,1483.1119999999937,0.992840949530039,0.72,1.0,0.9791679389312977,0.052929740107363066,-992.1216852668913
Boreas-Dawn,298,74342.527,71887.29,Boreas,Dawn,-2455.2370000000083,2455.2370000000083,0.9669739905397619,3.42,1.0,0.9791679389312977,0.052929740107363066,-992.1216852668913
Caelum-Elysium,457,139212.219,139981.357,Caelum,Elysium,769.1379999999772,769.1379999999772,1.0055249316872104,0.55,0.9945,0.9780398457583547,0.06003094589396874,1753.5802267796134
Aegis-Elysium,475,765658.805,791385.984,Aegis,Elysium,25727.179000000004,25727.179000000004,1.0336013624240892,3.25,0.9685,0.7958968831168831,0.13151929136319288,77214.95699135585
Dawn-Fenix,218,111495.386,111986.191,Dawn,Fenix,490.80500000000757,490.80500000000757,1.0044020207257724,0.44,0.9956,0.9823136476426799,0.04646098172906777,-362.5543768567232
Aegis-Boreas,35,289894.653,289064.807,Aegis,Boreas,-829.8460000000196,829.8460000000196,0.9971374221931578,0.29,1.0,0.9849621693121693,0.03408513950102227,-4121.568080328588
Dawn-Elysium,364,113825.43,113103.159,Dawn,Elysium,-722.2709999999934,722.2709999999934,0.9936545726205471,0.64,1.0,0.9839219696969698,0.04028966443660543,-3087.7173304880284
Boreas-Elysium,345,147285.6,148321.539,Boreas,Elysium,1035.938999999984,1035.938999999984,1.0070335389203016,0.7,0.9931,0.9804581280788177,0.05527648369623914,-1839.5134922540726
Aegis-Boreas,444,87478.394,83772.29,Aegis,Boreas,-3706.1040000000066,3706.1040000000066,0.9576340644753949,4.42,1.0,0.9849621693121693,0.03408513950102227,-4121.568080328588
Dawn-Fenix,356,96782.671,95960.719,Dawn,Fenix,-821.9520000000048,821.9520000000048,0.9915072399686096,0.86,1.0,0.9823136476426799,0.04646098172906777,-362.5543768567232
Caelum-Dawn,312,151353.769,151300.527,Caelum,Dawn,-53.24199999999837,53.24199999999837,0.9996482281191161,0.04,1.0,0.9804744471744471,0.05446466415035868,-6484.057433327288
Boreas-Elysium,359,96632.296,96440.444,Boreas,Elysium,-191.85199999999895,191.85199999999895,0.9980146182183232,0.2,1.0,0.9804581280788177,0.05527648369623914,-1839.5134922540726
Caelum-Dawn,6,192193.025,185935.381,Caelum,Dawn,-6257.644,6257.644,0.9674408371479662,3.37,1.0,0.9804744471744471,0.05446466415035868,-6484.057433327288
Caelum-Elysium,154,356826.214,345796.308,Caelum,Elysium,-11029.905999999959,11029.905999999959,0.9690888573562032,3.19,1.0,0.9780398457583547,0.06003094589396874,1753.5802267796134
Boreas-Elysium,206,108391.675,103570.991,Boreas,Elysium,-4820.684000000008,4820.684000000008,0.955525329782015,4.65,1.0,0.9804581280788177,0.05527648369623914,-1839.5134922540726
Caelum-Fenix,327,115081.937,116501.848,Caelum,Fenix,1419.9109999999928,1419.9109999999928,1.0123382612164409,1.22,0.988,0.9796862650602409,0.04873557984945812,1731.907948738127
Dawn-Fenix,132,90976.611,94248.66,Dawn,Fenix,3272.048999999999,3272.048999999999,1.0359658264254314,3.47,0.9664,0.9823136476426799,0.04646098172906777,-362.5543768567232
Caelum-Elysium,157,181183.178,189889.555,Caelum,Elysium,8706.376999999979,8706.376999999979,1.0480528992597755,4.58,0.9562,0.9780398457583547,0.06003094589396874,1753.5802267796134
Caelum-Dawn,179,228181.207,231887.697,Caelum,Dawn,3706.4899999999907,3706.4899999999907,1.0162436251816303,1.6,0.9843,0.9804744471744471,0.05446466415035868,-6484.057433327288
Caelum-Dawn,422,245247.167,235593.085,Caelum,Dawn,-9654.081999999995,9654.081999999995,0.9606352965537008,4.1,1.0,0.9804744471744471,0.05446466415035868,-6484.057433327288
Aegis-Elysium,286,111061.827,177848.042,Aegis,Elysium,66786.21499999998,66786.21499999998,1.6013426647483475,37.55,0.727,0.7958968831168831,0.13151929136319288,77214.95699135585
Caelum-Fenix,445,121111.105,123927.532,Caelum,Fenix,2816.4270000000106,2816.4270000000106,1.023254903008275,2.27,0.9778,0.9796862650602409,0.04873557984945812,1731.907948738127
Aegis-Boreas,349,64303.962,66808.026,Aegis,Boreas,2504.0639999999985,2504.0639999999985,1.0389410531189354,3.75,0.9639,0.9849621693121693,0.03408513950102227,-4121.568080328588
Caelum-Dawn,416,227177.965,226030.866,Caelum,Dawn,-1147.0989999999874,1147.0989999999874,0.9949506590570966,0.51,1.0,0.9804744471744471,0.05446466415035868,-6484.057433327288
Boreas-Elysium,137,106459.032,112011.187,Boreas,Elysium,5552.154999999999,5552.154999999999,1.0521529727980243,4.96,0.9528,0.9804581280788177,0.05527648369623914,-1839.5134922540726
Boreas-Fenix,191,144719.394,187753.609,Boreas,Fenix,43034.215,43034.215,1.2973631509264059,22.92,0.8135,0.8068014354066986,0.13514659878591953,61601.108196475456
Boreas-Fenix,136,114639.197,149025.691,Boreas,Fenix,34386.49399999999,34386.49399999999,1.2999540724277752,23.07,0.8125,0.8068014354066986,0.13514659878591953,61601.108196475456
Caelum-Fenix,16,115896.73,119633.325,Caelum,Fenix,3736.595000000001,3736.595000000001,1.0322407284485076,3.12,0.9697,0.9796862650602409,0.04873557984945812,1731.907948738127
Boreas-Dawn,181,115445.275,115680.736,Boreas,Dawn,235.46100000001024,235.46100000001024,1.0020395897536734,0.2,0.998,0.9791679389312977,0.052929740107363066,-992.1216852668913
Dawn-Fenix,432,73195.611,74484.375,Dawn,Fenix,1288.7639999999956,1288.7639999999956,1.017607121279444,1.73,0.983,0.9823136476426799,0.04646098172906777,-362.5543768567232
Boreas-Dawn,192,181051.24749094708,99979.166,Boreas,Dawn,-81072.08149094708,81072.08149094708,0.5522147313842681,81.09,1.0,0.9791679389312977,0.052929740107363066,-992.1216852668913
Caelum-Fenix,424,297218.417,306597.265,Caelum,Fenix,9378.847999999998,9378.847999999998,1.031555406608602,3.06,0.9703,0.9796862650602409,0.04873557984945812,1731.907948738127
Dawn-Elysium,276,95107.793,99540.274,Dawn,Elysium,4432.481,4432.481,1.0466048139714481,4.45,0.9574,0.9839219696969698,0.04028966443660543,-3087.7173304880284
Caelum-Elysium,135,142828.95,141264.305,Caelum,Elysium,-1564.6450000000186,1564.6450000000186,0.9890453230945125,1.11,1.0,0.9780398457583547,0.06003094589396874,1753.5802267796134
Aegis-Boreas,372,63489.511,65032.697,Aegis,Boreas,1543.1860000000015,1543.1860000000015,1.024306156650033,2.37,0.9768,0.9849621693121693,0.03408513950102227,-4121.568080328588
Dawn-Elysium,104,133918.229,129752.136,Dawn,Elysium,-4166.0929999999935,4166.0929999999935,0.9688907699040734,3.21,1.0,0.9839219696969698,0.04028966443660543,-3087.7173304880284
Aegis-Boreas,140,57765.593,58847.563,Aegis,Boreas,1081.9700000000012,1081.9700000000012,1.0187303538976913,1.84,0.9819,0.9849621693121693,0.03408513950102227,-4121.568080328588
Elysium-Fenix,90,219670.384,222267.786,Elysium,Fenix,2597.402000000002,2597.402000000002,1.011824088221196,1.17,0.9884,0.9777570719602977,0.055399164086247815,4312.254361379141
Aegis-Dawn,214,173589.364,169317.24,Aegis,Dawn,-4272.124000000011,4272.124000000011,0.9753894829639447,2.52,1.0,0.9844383292383293,0.0367757216063089,-2180.4743005156975
Caelum-Dawn,188,221417.695,224422.938,Caelum,Dawn,3005.2429999999877,3005.2429999999877,1.013572731845122,1.34,0.9868,0.9804744471744471,0.05446466415035868,-6484.057433327288
Dawn-Fenix,399,90095.201,88265.644,Dawn,Fenix,-1829.5570000000007,1829.5570000000007,0.9796930693345143,2.07,1.0,0.9823136476426799,0.04646098172906777,-362.5543768567232
Caelum-Fenix,189,172790.451,172269.786,Caelum,Fenix,-520.6650000000081,520.6650000000081,0.9969867258463257,0.3,1.0,0.9796862650602409,0.04873557984945812,1731.907948738127
Aegis-Boreas,406,63343.656,61901.296,Aegis,Boreas,-1442.3600000000006,1442.3600000000006,0.9772296060713641,2.33,1.0,0.9849621693121693,0.03408513950102227,-4121.568080328588
Aegis-Boreas,20,122405.764,117313.0,Aegis,Boreas,-5092.763999999996,5092.763999999996,0.9583944102501578,4.34,1.0,0.9849621693121693,0.03408513950102227,-4121.568080328588
Aegis-Elysium,4,181051.24749094708,225739.144,Aegis,Elysium,44687.896509052924,44687.896509052924,1.2468245710998893,19.8,0.8348,0.7958968831168831,0.13151929136319288,77214.95699135585
Boreas-Elysium,411,188244.026,182395.048,Boreas,Elysium,-5848.978000000003,5848.978000000003,0.9689287457122278,3.21,1.0,0.9804581280788177,0.05527648369623914,-1839.5134922540726
Boreas-Fenix,45,222341.634,225518.723,Boreas,Fenix,3177.089000000007,3177.089000000007,1.0142892221436135,1.41,0.9861,0.8068014354066986,0.13514659878591953,61601.108196475456
Boreas-Elysium,390,99062.207,98765.525,Boreas,Elysium,-296.6820000000007,296.6820000000007,0.9970050939809972,0.3,1.0,0.9804581280788177,0.05527648369623914,-1839.5134922540726
Dawn-Elysium,318,213890.044,206931.866,Dawn,Elysium,-6958.177999999985,6958.177999999985,0.9674684343886526,3.36,1.0,0.9839219696969698,0.04028966443660543,-3087.7173304880284
Aegis-Boreas,42,63310.885,64904.808,Aegis,Boreas,1593.9229999999952,1593.9229999999952,1.0251761288757848,2.46,0.976,0.9849621693121693,0.03408513950102227,-4121.568080328588
Boreas-Fenix,330,77197.964,171159.924,Boreas,Fenix,93961.95999999999,93961.95999999999,2.2171559343197185,54.9,0.6456,0.8068014354066986,0.13514659878591953,61601.108196475456
Caelum-Dawn,371,119443.564,118952.798,Caelum,Dawn,-490.76600000000326,490.76600000000326,0.9958912311089444,0.41,1.0,0.9804744471744471,0.05446466415035868,-6484.057433327288
Caelum-Dawn,22,104294.001,108325.193,Caelum,Dawn,4031.1919999999955,4031.1919999999955,1.0386521943865208,3.72,0.9641,0.9804744471744471,0.05446466415035868,-6484.057433327288
Caelum-Dawn,364,174035.762,169829.086,Caelum,Dawn,-4206.675999999978,4206.675999999978,0.9758286690525136,2.48,1.0,0.9804744471744471,0.05446466415035868,-6484.057433327288
Aegis-Boreas,11,137385.017,132931.501,Aegis,Boreas,-4453.516000000003,4453.516000000003,0.9675836849079401,3.35,1.0,0.9849621693121693,0.03408513950102227,-4121.568080328588
Aegis-Elysium,177,169337.292,162932.417,Aegis,Elysium,-6404.875,6404.875,0.9621768192679023,3.93,1.0,0.7958968831168831,0.13151929136319288,77214.95699135585
Boreas-Dawn,447,103519.3,100568.993,Boreas,Dawn,-2950.3070000000007,2950.3070000000007,0.9714999328627608,2.93,1.0,0.9791679389312977,0.052929740107363066,-992.1216852668913
Boreas-Fenix,1,172146.49,240774.52,Boreas,Fenix,68628.03,68628.03,1.3986606407136155,28.5,0.7782,0.8068014354066986,0.13514659878591953,61601.108196475456
Boreas-Fenix,363,108803.928,180502.512,Boreas,Fenix,71698.58399999999,71698.58399999999,1.658970547460382,39.72,0.7157,0.8068014354066986,0.13514659878591953,61601.108196475456
Caelum-Elysium,365,126843.745,129137.544,Caelum,Elysium,2293.798999999999,2293.798999999999,1.0180836587566853,1.78,0.9825,0.9780398457583547,0.06003094589396874,1753.5802267796134
Aegis-Elysium,26,275638.096,489484.941,Aegis,Elysium,213846.84499999997,213846.84499999997,1.7758247067560644,43.69,0.696,0.7958968831168831,0.13151929136319288,77214.95699135585
Caelum-Elysium,348,265278.616,273173.845,Caelum,Elysium,7895.228999999992,7895.228999999992,1.0297620257488074,2.89,0.9719,0.9780398457583547,0.06003094589396874,1753.5802267796134
Boreas-Fenix,489,69264.006,135004.206,Boreas,Fenix,65740.20000000001,65740.20000000001,1.9491250044070512,48.69,0.6725,0.8068014354066986,0.13514659878591953,61601.108196475456
Aegis-Dawn,461,113876.146,117830.106,Aegis,Dawn,3953.9600000000064,3953.9600000000064,1.0347215825165001,3.36,0.9675,0.9844383292383293,0.0367757216063089,-2180.4743005156975
Boreas-Fenix,389,210202.501,214608.51,Boreas,Fenix,4406.00900000002,4406.00900000002,1.0209607829547187,2.05,0.9799,0.8068014354066986,0.13514659878591953,61601.108196475456
Caelum-Dawn,15,114436.256,111635.33,Caelum,Dawn,-2800.925999999992,2800.925999999992,0.9755241380843498,2.51,1.0,0.9804744471744471,0.05446466415035868,-6484.057433327288
Caelum-Dawn,338,225854.181,233566.126,Caelum,Dawn,7711.944999999978,7711.944999999978,1.0341456818105128,3.3,0.968,0.9804744471744471,0.05446466415035868,-6484.057433327288
Caelum-Fenix,230,187203.291,192085.046,Caelum,Fenix,4881.755000000005,4881.755000000005,1.0260772926262285,2.54,0.9752,0.9796862650602409,0.04873557984945812,1731.907948738127
Aegis-Dawn,235,124308.707,121633.008,Aegis,Dawn,-2675.6989999999932,2675.6989999999932,0.9784753693882441,2.2,1.0,0.9844383292383293,0.0367757216063089,-2180.4743005156975
Aegis-Elysium,440,153836.566,230783.679,Aegis,Elysium,76947.11300000001,76947.11300000001,1.5001874066793717,33.34,0.75,0.7958968831168831,0.13151929136319288,77214.95699135585
Boreas-Fenix,375,90526.527,164188.781,Boreas,Fenix,73662.25399999999,73662.25399999999,1.81370904685209,44.86,0.6903,0.8068014354066986,0.13514659878591953,61601.108196475456
Caelum-Elysium,486,141103.205,135501.004,Caelum,Elysium,-5602.201000000001,5602.201000000001,0.9602971385377107,4.13,1.0,0.9780398457583547,0.06003094589396874,1753.5802267796134
Aegis-Dawn,416,171019.685,168974.225,Aegis,Dawn,-2045.4599999999919,2045.4599999999919,0.9880396224563273,1.21,1.0,0.9844383292383293,0.0367757216063089,-2180.4743005156975
Dawn-Fenix,2,100871.562,97651.58,Dawn,Fenix,-3219.9820000000036,3219.9820000000036,0.9680783965653272,3.3,1.0,0.9823136476426799,0.04646098172906777,-362.5543768567232
Caelum-Fenix,89,231917.842,232273.191,Caelum,Fenix,355.3489999999874,355.3489999999874,1.0015322193279117,0.15,0.9985,0.9796862650602409,0.04873557984945812,1731.907948738127
Elysium-Fenix,41,256941.539,267115.809,Elysium,Fenix,10174.270000000019,10174.270000000019,1.0395976066758128,3.81,0.9633,0.9777570719602977,0.055399164086247815,4312.254361379141
Dawn-Elysium,185,181051.24749094708,142619.651,Dawn,Elysium,-38431.596490947064,38431.596490947064,0.7877308385137268,26.95,1.0,0.9839219696969698,0.04028966443660543,-3087.7173304880284
Boreas-Fenix,272,133934.993,206906.364,Boreas,Fenix,72971.37100000001,72971.37100000001,1.5448267802574942,35.27,0.7393,0.8068014354066986,0.13514659878591953,61601.108196475456
Boreas-Dawn,124,524932.852,502642.462,Boreas,Dawn,-22290.389999999956,22290.389999999956,0.9575366831870528,4.43,1.0,0.9791679389312977,0.052929740107363066,-992.1216852668913
Elysium-Fenix,169,180809.114,181677.209,Elysium,Fenix,868.0950000000012,868.0950000000012,1.0048011683747313,0.48,0.9952,0.9777570719602977,0.055399164086247815,4312.254361379141
Aegis-Dawn,321,250885.109,241235.769,Aegis,Dawn,-9649.339999999997,9649.339999999997,0.9615388093838603,4.0,1.0,0.9844383292383293,0.0367757216063089,-2180.4743005156975
Aegis-Elysium,367,271591.862,498047.098,Aegis,Elysium,226455.23599999998,226455.23599999998,1.833807148463086,45.47,0.6874,0.7958968831168831,0.13151929136319288,77214.95699135585
Caelum-Elysium,212,259155.836,267132.855,Caelum,Elysium,7977.018999999971,7977.018999999971,1.0307807808734817,2.99,0.971,0.9780398457583547,0.06003094589396874,1753.5802267796134
Elysium-Fenix,498,195342.869,200591.029,Elysium,Fenix,5248.1600000000035,5248.1600000000035,1.0268664017625337,2.62,0.9745,0.9777570719602977,0.055399164086247815,4312.254361379141
Aegis-Dawn,350,139051.639,133138.666,Aegis,Dawn,-5912.972999999998,5912.972999999998,0.9574764235608902,4.44,1.0,0.9844383292383293,0.0367757216063089,-2180.4743005156975
Aegis-Elysium,0,298319.258,461153.363,Aegis,Elysium,162834.10500000004,162834.10500000004,1.5458383950525918,35.31,0.739,0.7958968831168831,0.13151929136319288,77214.95699135585
Dawn-Elysium,152,181051.24749094708,173802.691,Dawn,Elysium,-7248.556490947085,7248.556490947085,0.9599640621569894,4.17,1.0,0.9839219696969698,0.04028966443660543,-3087.7173304880284
Caelum-Fenix,114,240327.221,232944.814,Caelum,Fenix,-7382.406999999977,7382.406999999977,0.9692818525954662,3.17,1.0,0.9796862650602409,0.04873557984945812,1731.907948738127
Boreas-Dawn,137,69951.648,69988.069,Boreas,Dawn,36.421000000002095,36.421000000002095,1.0005206596419287,0.05,0.9995,0.9791679389312977,0.052929740107363066,-992.1216852668913
Boreas-Dawn,167,125799.901,121071.907,Boreas,Dawn,-4727.9939999999915,4727.9939999999915,0.9624165522991946,3.91,1.0,0.9791679389312977,0.052929740107363066,-992.1216852668913
Caelum-Dawn,173,137987.115,140942.634,Caelum,Dawn,2955.5190000000002,2955.5190000000002,1.021418804212263,2.1,0.9795,0.9804744471744471,0.05446466415035868,-6484.057433327288
Dawn-Elysium,60,211138.309,220664.852,Dawn,Elysium,9526.543000000005,9526.543000000005,1.0451199171060899,4.32,0.9586,0.9839219696969698,0.04028966443660543,-3087.7173304880284
Aegis-Elysium,347,95451.966,157261.772,Aegis,Elysium,61809.806,61809.806,1.6475487995710847,39.3,0.7179,0.7958968831168831,0.13151929136319288,77214.95699135585
Elysium-Fenix,220,256653.203,245246.886,Elysium,Fenix,-11406.31700000001,11406.31700000001,0.955557472625814,4.65,1.0,0.9777570719602977,0.055399164086247815,4312.254361379141
Caelum-Dawn,230,114133.49,110699.681,Caelum,Dawn,-3433.8090000000084,3433.8090000000084,0.9699140979566996,3.1,1.0,0.9804744471744471,0.05446466415035868,-6484.057433327288
Caelum-Fenix,210,135993.622,142962.063,Caelum,Fenix,6968.440999999992,6968.440999999992,1.0512409398140745,4.87,0.9535,0.9796862650602409,0.04873557984945812,1731.907948738127
Dawn-Elysium,106,120237.068,121021.071,Dawn,Elysium,784.002999999997,784.002999999997,1.00652047669692,0.65,0.9936,0.9839219696969698,0.04028966443660543,-3087.7173304880284
Caelum-Dawn,232,147186.642,150177.627,Caelum,Dawn,2990.985000000015,2990.985000000015,1.0203210356548524,1.99,0.9805,0.9804744471744471,0.05446466415035868,-6484.057433327288
Dawn-Elysium,401,177645.388,171154.941,Dawn,Elysium,-6490.447000000015,6490.447000000015,0.9634640275603439,3.79,1.0,0.9839219696969698,0.04028966443660543,-3087.7173304880284
Aegis-Dawn,203,139832.613,138689.086,Aegis,Dawn,-1143.5270000000019,1143.5270000000019,0.9918221724140991,0.82,1.0,0.9844383292383293,0.0367757216063089,-2180.4743005156975
Dawn-Elysium,281,181051.24749094708,198883.311,Dawn,Elysium,17832.06350905291,17832.06350905291,1.09849180138869,8.97,0.9177,0.9839219696969698,0.04028966443660543,-3087.7173304880284
Caelum-Dawn,291,164254.584,159254.576,Caelum,Dawn,-5000.008000000002,5000.008000000002,0.9695594005461667,3.14,1.0,0.9804744471744471,0.05446466415035868,-6484.057433327288
Caelum-Elysium,173,137038.61,132228.054,Caelum,Elysium,-4810.555999999982,4810.555999999982,0.9648963456357301,3.64,1.0,0.9780398457583547,0.06003094589396874,1753.5802267796134
Boreas-Elysium,408,103990.67,103108.653,Boreas,Elysium,-882.0169999999925,882.0169999999925,0.991518306401911,0.86,1.0,0.9804581280788177,0.05527648369623914,-1839.5134922540726
Aegis-Elysium,327,290873.496,303727.372,Aegis,Elysium,12853.87599999999,12853.87599999999,1.0441906058020494,4.23,0.9594,0.7958968831168831,0.13151929136319288,77214.95699135585
Elysium-Fenix,86,286343.564,281270.493,Elysium,Fenix,-5073.070999999996,5073.070999999996,0.9822832721324932,1.8,1.0,0.9777570719602977,0.055399164086247815,4312.254361379141
Elysium-Fenix,196,208464.826,207053.043,Elysium,Fenix,-1411.7829999999958,1411.7829999999958,0.9932277160272592,0.68,1.0,0.9777570719602977,0.055399164086247815,4312.254361379141
Dawn-Fenix,8,87626.594,87297.031,Dawn,Fenix,-329.56299999999464,329.56299999999464,0.9962390070758657,0.38,1.0,0.9823136476426799,0.04646098172906777,-362.5543768567232
Aegis-Dawn,486,272459.628,132578.904,Aegis,Dawn,-139880.72400000002,139880.72400000002,0.48660017989894633,105.51,1.0,0.9844383292383293,0.0367757216063089,-2180.4743005156975
Dawn-Fenix,440,95408.09,99464.051,Dawn,Fenix,4055.9610000000102,4055.9610000000102,1.0425117094367995,4.08,0.9608,0.9823136476426799,0.04646098172906777,-362.5543768567232
Dawn-Fenix,156,80304.56,82216.889,Dawn,Fenix,1912.328999999998,1912.328999999998,1.0238134546780406,2.33,0.9773,0.9823136476426799,0.04646098172906777,-362.5543768567232
Dawn-Fenix,307,88019.109,90793.92,Dawn,Fenix,2774.8110000000015,2774.8110000000015,1.031525097578527,3.06,0.9703,0.9823136476426799,0.04646098172906777,-362.5543768567232
Caelum-Fenix,49,146280.939,151977.618,Caelum,Fenix,5696.678999999975,5696.678999999975,1.0389434128529895,3.75,0.9639,0.9796862650602409,0.04873557984945812,1731.907948738127
Caelum-Dawn,485,251569.875,251194.693,Caelum,Dawn,-375.1820000000007,375.1820000000007,0.9985086370138714,0.15,1.0,0.9804744471744471,0.05446466415035868,-6484.057433327288
Boreas-Elysium,474,244799.782,239728.068,Boreas,Elysium,-5071.714000000007,5071.714000000007,0.9792821956026088,2.12,1.0,0.9804581280788177,0.05527648369623914,-1839.5134922540726
Caelum-Elysium,373,177050.169,171371.817,Caelum,Elysium,-5678.351999999984,5678.351999999984,0.9679280057620279,3.31,1.0,0.9780398457583547,0.06003094589396874,1753.5802267796134
Aegis-Elysium,198,120316.539,194189.019,Aegis,Elysium,73872.48,73872.48,1.613984416556397,38.04,0.7244,0.7958968831168831,0.13151929136319288,77214.95699135585
Caelum-Fenix,181,181051.24749094708,255663.773,Caelum,Fenix,74612.52550905291,74612.52550905291,1.4121072157361616,29.18,0.7741,0.9796862650602409,0.04873557984945812,1731.907948738127
Boreas-Dawn,18,109200.451,107314.4,Boreas,Dawn,-1886.0510000000068,1886.0510000000068,0.9827285420277247,1.76,1.0,0.9791679389312977,0.052929740107363066,-992.1216852668913
Boreas-Dawn,299,181051.24749094708,265322.758,Boreas,Dawn,84271.5105090529,84271.5105090529,1.4654566686333748,31.76,0.7589,0.9791679389312977,0.052929740107363066,-992.1216852668913
Aegis-Elysium,14,80962.683,152278.006,Aegis,Elysium,71315.32299999999,71315.32299999999,1.8808418935424853,46.83,0.681,0.7958968831168831,0.13151929136319288,77214.95699135585
Aegis-Boreas,128,58803.687,61696.092,Aegis,Boreas,2892.404999999999,2892.404999999999,1.0491874769689187,4.69,0.9552,0.9849621693121693,0.03408513950102227,-4121.568080328588
Aegis-Elysium,364,366811.147,621490.219,Aegis,Elysium,254679.07200000004,254679.07200000004,1.6943057049463113,40.98,0.7093,0.7958968831168831,0.13151929136319288,77214.95699135585
Elysium-Fenix,7,196671.291,195240.48,Elysium,Fenix,-1430.810999999987,1430.810999999987,0.9927248608949235,0.73,1.0,0.9777570719602977,0.055399164086247815,4312.254361379141
Aegis-Dawn,391,181051.24749094708,122803.844,Aegis,Dawn,-58247.40349094708,58247.40349094708,0.6782822305940777,47.43,1.0,0.9844383292383293,0.0367757216063089,-2180.4743005156975
Boreas-Fenix,293,63090.729,163462.623,Boreas,Fenix,100371.894,100371.894,2.590913523918863,61.4,0.6196,0.8068014354066986,0.13514659878591953,61601.108196475456
Dawn-Fenix,33,71284.607,72937.356,Dawn,Fenix,1652.7489999999962,1652.7489999999962,1.0231852158489139,2.27,0.9778,0.9823136476426799,0.04646098172906777,-362.5543768567232
Elysium-Fenix,215,423160.899,442585.348,Elysium,Fenix,19424.449000000022,19424.449000000022,1.0459032227360876,4.39,0.958,0.9777570719602977,0.055399164086247815,4312.254361379141
Dawn-Fenix,141,114869.405,118487.408,Dawn,Fenix,3618.002999999997,3618.002999999997,1.0314966635371707,3.05,0.9704,0.9823136476426799,0.04646098172906777,-362.5543768567232
Caelum-Dawn,249,511765.309,515681.523,Caelum,Dawn,3916.213999999978,3916.213999999978,1.007652363165554,0.76,0.9925,0.9804744471744471,0.05446466415035868,-6484.057433327288
Aegis-Elysium,208,184874.505,191021.37,Aegis,Elysium,6146.864999999991,6146.864999999991,1.0332488517007794,3.22,0.9688,0.7958968831168831,0.13151929136319288,77214.95699135585
Caelum-Elysium,368,147885.045,143945.796,Caelum,Elysium,-3939.2490000000107,3939.2490000000107,0.9733627629487484,2.74,1.0,0.9780398457583547,0.06003094589396874,1753.5802267796134
Caelum-Fenix,65,120606.988,118068.399,Caelum,Fenix,-2538.5889999999927,2538.5889999999927,0.9789515595895655,2.15,1.0,0.9796862650602409,0.04873557984945812,1731.907948738127
Dawn-Fenix,129,342025.814,355226.904,Dawn,Fenix,13201.089999999967,13201.089999999967,1.0385967650968004,3.72,0.9642,0.9823136476426799,0.04646098172906777,-362.5543768567232
Aegis-Elysium,239,133968.586,200168.453,Aegis,Elysium,66199.867,66199.867,1.4941447019527399,33.07,0.7515,0.7958968831168831,0.13151929136319288,77214.95699135585
Boreas-Elysium,289,148651.771,145853.845,Boreas,Elysium,-2797.9260000000068,2797.9260000000068,0.981177984082006,1.92,1.0,0.9804581280788177,0.05527648369623914,-1839.5134922540726
Boreas-Fenix,240,143633.173,141856.65,Boreas,Fenix,-1776.5230000000156,1776.5230000000156,0.9876315271542458,1.25,1.0,0.8068014354066986,0.13514659878591953,61601.108196475456
Aegis-Boreas,275,78275.296,76068.465,Aegis,Boreas,-2206.8310000000056,2206.8310000000056,0.9718068009605482,2.9,1.0,0.9849621693121693,0.03408513950102227,-4121.568080328588
Aegis-Elysium,35,136481.298,201498.868,Aegis,Elysium,65017.56999999998,65017.56999999998,1.4763844640457624,32.27,0.756,0.7958968831168831,0.13151929136319288,77214.95699135585
Aegis-Elysium,229,179470.019,260215.499,Aegis,Elysium,80745.48000000001,80745.48000000001,1.4499106895397387,31.03,0.7632,0.7958968831168831,0.13151929136319288,77214.95699135585
Aegis-Elysium,8,80054.889,159750.863,Aegis,Elysium,79695.97400000002,79695.97400000002,1.9955166385903054,49.89,0.6672,0.7958968831168831,0.13151929136319288,77214.95699135585
Caelum-Elysium,328,141260.712,140253.823,Caelum,Elysium,-1006.8889999999956,1006.8889999999956,0.9928721228589023,0.72,1.0,0.9780398457583547,0.06003094589396874,1753.5802267796134
Boreas-Fenix,32,175178.621,176441.859,Boreas,Fenix,1263.237999999983,1263.237999999983,1.0072111425057968,0.72,0.9929,0.8068014354066986,0.13514659878591953,61601.108196475456
Aegis-Elysium,58,180020.969,172661.638,Aegis,Elysium,-7359.331000000006,7359.331000000006,0.9591195901184155,4.26,1.0,0.7958968831168831,0.13151929136319288,77214.95699135585
Elysium-Fenix,17,344176.614,330679.271,Elysium,Fenix,-13497.342999999993,13497.342999999993,0.9607836719551202,4.08,1.0,0.9777570719602977,0.055399164086247815,4312.254361379141
Aegis-Boreas,281,181051.24749094708,60919.99,Aegis,Boreas,-120131.25749094709,120131.25749094709,0.3364792612271071,197.2,1.0,0.9849621693121693,0.03408513950102227,-4121.568080328588
Aegis-Elysium,43,180403.334,365191.335,Aegis,Elysium,184788.00100000002,184788.00100000002,2.0243048002649444,50.6,0.664,0.7958968831168831,0.13151929136319288,77214.95699135585
Aegis-Elysium,316,159230.393,271962.066,Aegis,Elysium,112731.67299999998,112731.67299999998,1.7079783631508085,41.45,0.707,0.7958968831168831,0.13151929136319288,77214.95699135585
Aegis-Dawn,468,124013.078,126592.874,Aegis,Dawn,2579.796000000002,2579.796000000002,1.0208026124470517,2.04,0.98,0.9844383292383293,0.0367757216063089,-2180.4743005156975
Boreas-Elysium,381,204805.181,208431.508,Boreas,Elysium,3626.32699999999,3626.32699999999,1.0177062268751882,1.74,0.9829,0.9804581280788177,0.05527648369623914,-1839.5134922540726
Dawn-Elysium,287,113393.834,110530.483,Dawn,Elysium,-2863.3510000000097,2863.3510000000097,0.974748618165605,2.59,1.0,0.9839219696969698,0.04028966443660543,-3087.7173304880284
Boreas-Dawn,439,304701.846,309238.736,Boreas,Dawn,4536.889999999956,4536.889999999956,1.0148896045743023,1.47,0.9855,0.9791679389312977,0.052929740107363066,-992.1216852668913
Dawn-Fenix,201,86552.325,87123.004,Dawn,Fenix,570.6790000000037,570.6790000000037,1.0065934566171388,0.66,0.9935,0.9823136476426799,0.04646098172906777,-362.5543768567232
Aegis-Elysium,274,330442.332,543286.533,Aegis,Elysium,212844.20100000006,212844.20100000006,1.644119050097976,39.18,0.7185,0.7958968831168831,0.13151929136319288,77214.95699135585
Aegis-Dawn,119,181051.24749094708,258744.967,Aegis,Dawn,77693.71950905293,77693.71950905293,1.4291255685103068,30.03,0.7691,0.9844383292383293,0.0367757216063089,-2180.4743005156975
Caelum-Fenix,354,105930.826,109254.239,Caelum,Fenix,3323.4130000000005,3323.4130000000005,1.0313734266548624,3.04,0.9705,0.9796862650602409,0.04873557984945812,1731.907948738127
Boreas-Dawn,242,79352.916,76273.988,Boreas,Dawn,-3078.928,3078.928,0.9611995607067546,4.04,1.0,0.9791679389312977,0.052929740107363066,-992.1216852668913
Aegis-Elysium,390,93165.701,168563.626,Aegis,Elysium,75397.92499999999,75397.92499999999,1.809288441891292,44.73,0.6909,0.7958968831168831,0.13151929136319288,77214.95699135585
Dawn-Elysium,380,112431.303,107564.846,Dawn,Elysium,-4866.456999999995,4866.456999999995,0.9567161736086969,4.52,1.0,0.9839219696969698,0.04028966443660543,-3087.7173304880284
Boreas-Dawn,79,181051.24749094708,77256.087,Boreas,Dawn,-103795.16049094708,103795.16049094708,0.42670839373179664,134.35,1.0,0.9791679389312977,0.052929740107363066,-992.1216852668913
Boreas-Dawn,155,135541.425,134952.505,Boreas,Dawn,-588.9199999999837,588.9199999999837,0.9956550552718478,0.44,1.0,0.9791679389312977,0.052929740107363066,-992.1216852668913
Caelum-Elysium,68,143011.192,136568.098,Caelum,Elysium,-6443.094000000012,6443.094000000012,0.9549469247134168,4.72,1.0,0.9780398457583547,0.06003094589396874,1753.5802267796134
Boreas-Elysium,352,216324.02,209053.199,Boreas,Elysium,-7270.820999999996,7270.820999999996,0.9663892109623333,3.48,1.0,0.9804581280788177,0.05527648369623914,-1839.5134922540726
Boreas-Elysium,212,170329.706,162488.93,Boreas,Elysium,-7840.776000000013,7840.776000000013,0.9539670666724452,4.83,1.0,0.9804581280788177,0.05527648369623914,-1839.5134922540726
Elysium-Fenix,463,197699.494,199388.913,Elysium,Fenix,1689.4189999999944,1689.4189999999944,1.008545388588602,0.85,0.9916,0.9777570719602977,0.055399164086247815,4312.254361379141
Caelum-Dawn,178,177990.316,176250.488,Caelum,Dawn,-1739.8279999999795,1739.8279999999795,0.9902251535976824,0.99,1.0,0.9804744471744471,0.05446466415035868,-6484.057433327288
Caelum-Dawn,192,118968.797,119502.105,Caelum,Dawn,533.30799999999,533.30799999999,1.0044827552555649,0.45,0.9956,0.9804744471744471,0.05446466415035868,-6484.057433327288
Aegis-Elysium,307,791026.059,771751.815,Aegis,Elysium,-19274.244000000064,19274.244000000064,0.9756338697307062,2.5,1.0,0.7958968831168831,0.13151929136319288,77214.95699135585
Aegis-Dawn,75,143164.548,142037.515,Aegis,Dawn,-1127.0329999999958,1127.0329999999958,0.9921277088794357,0.79,1.0,0.9844383292383293,0.0367757216063089,-2180.4743005156975
Boreas-Elysium,360,100651.11,101245.075,Boreas,Elysium,593.9649999999965,593.9649999999965,1.0059012265239797,0.59,0.9942,0.9804581280788177,0.05527648369623914,-1839.5134922540726
Aegis-Elysium,280,395833.075,665137.796,Aegis,Elysium,269304.72099999996,269304.72099999996,1.6803492128594861,40.49,0.7118,0.7958968831168831,0.13151929136319288,77214.95699135585
Dawn-Elysium,377,191449.337,182547.273,Dawn,Elysium,-8902.064000000013,8902.064000000013,0.9535017245841911,4.88,1.0,0.9839219696969698,0.04028966443660543,-3087.7173304880284
Dawn-Elysium,461,114746.341,113285.672,Dawn,Elysium,-1460.6689999999944,1460.6689999999944,0.9872704524844065,1.29,1.0,0.9839219696969698,0.04028966443660543,-3087.7173304880284
Boreas-Dawn,493,75425.317,77356.831,Boreas,Dawn,1931.5140000000101,1931.5140000000101,1.0256082980731789,2.5,0.9756,0.9791679389312977,0.052929740107363066,-992.1216852668913
Boreas-Fenix,139,251443.259,358509.847,Boreas,Fenix,107066.58800000002,107066.58800000002,1.425808146242648,29.86,0.77,0.8068014354066986,0.13514659878591953,61601.108196475456
Aegis-Boreas,269,112830.062,108255.559,Aegis,Boreas,-4574.5030000000115,4574.5030000000115,0.9594567004669375,4.23,1.0,0.9849621693121693,0.03408513950102227,-4121.568080328588
Aegis-Dawn,129,183996.389,184745.368,Aegis,Dawn,748.9789999999921,748.9789999999921,1.004070617929355,0.41,0.996,0.9844383292383293,0.0367757216063089,-2180.4743005156975
Caelum-Fenix,444,120932.0,115595.515,Caelum,Fenix,-5336.485000000001,5336.485000000001,0.9558720189858764,4.62,1.0,0.9796862650602409,0.04873557984945812,1731.907948738127
Caelum-Dawn,81,139110.338,133061.181,Caelum,Dawn,-6049.156999999977,6049.156999999977,0.9565154029026945,4.55,1.0,0.9804744471744471,0.05446466415035868,-6484.057433327288
Caelum-Dawn,466,255728.471,246815.667,Caelum,Dawn,-8912.804000000004,8912.804000000004,0.9651473926029925,3.61,1.0,0.9804744471744471,0.05446466415035868,-6484.057433327288
Dawn-Fenix,233,92836.906,88512.034,Dawn,Fenix,-4324.872000000003,4324.872000000003,0.9534143027127595,4.89,1.0,0.9823136476426799,0.04646098172906777,-362.5543768567232
Caelum-Fenix,23,174968.741,171513.068,Caelum,Fenix,-3455.67300000001,3455.67300000001,0.9802497693002202,2.01,1.0,0.9796862650602409,0.04873557984945812,1731.907948738127
Boreas-Elysium,46,121244.035,118603.698,Boreas,Elysium,-2640.3369999999995,2640.3369999999995,0.9782229534013777,2.23,1.0,0.9804581280788177,0.05527648369623914,-1839.5134922540726
Dawn-Elysium,210,140835.367,140392.996,Dawn,Elysium,-442.37099999998463,442.37099999998463,0.9968589494995246,0.32,1.0,0.9839219696969698,0.04028966443660543,-3087.7173304880284
Boreas-Elysium,113,150975.498,147784.31,Boreas,Elysium,-3191.1879999999946,3191.1879999999946,0.9788628748222443,2.16,1.0,0.9804581280788177,0.05527648369623914,-1839.5134922540726
Aegis-Boreas,27,115518.504,118154.078,Aegis,Boreas,2635.5739999999932,2635.5739999999932,1.0228151673432335,2.23,0.9782,0.9849621693121693,0.03408513950102227,-4121.568080328588
Boreas-Elysium,40,115680.344,115741.792,Boreas,Elysium,61.44800000000396,61.44800000000396,1.000531187908639,0.05,0.9995,0.9804581280788177,0.05527648369623914,-1839.5134922540726
Caelum-Elysium,428,188181.61,182737.035,Caelum,Elysium,-5444.5749999999825,5444.5749999999825,0.9710674438378969,2.98,1.0,0.9780398457583547,0.06003094589396874,1753.5802267796134
Dawn-Fenix,421,121952.939,124396.248,Dawn,Fenix,2443.3090000000084,2443.3090000000084,1.0200348513126036,1.96,0.9807,0.9823136476426799,0.04646098172906777,-362.5543768567232
Caelum-Dawn,216,153008.167,154242.058,Caelum,Dawn,1233.8910000000033,1233.8910000000033,1.0080642165983205,0.8,0.9921,0.9804744471744471,0.05446466415035868,-6484.057433327288
Caelum-Elysium,314,227331.47,216745.252,Caelum,Elysium,-10586.217999999993,10586.217999999993,0.9534326769628508,4.88,1.0,0.9780398457583547,0.06003094589396874,1753.5802267796134
Aegis-Boreas,129,70776.225,69056.034,Aegis,Boreas,-1720.1910000000062,1720.1910000000062,0.9756953553258879,2.49,1.0,0.9849621693121693,0.03408513950102227,-4121.568080328588
Caelum-Fenix,447,115617.97,114119.134,Caelum,Fenix,-1498.8359999999957,1498.8359999999957,0.9870363058614504,1.31,1.0,0.9796862650602409,0.04873557984945812,1731.907948738127
Elysium-Fenix,388,161502.985,160453.114,Elysium,Fenix,-1049.8709999999846,1049.8709999999846,0.99349937092494,0.65,1.0,0.9777570719602977,0.055399164086247815,4312.254361379141
Aegis-Boreas,13,115819.034,119723.728,Aegis,Boreas,3904.694000000003,3904.694000000003,1.0337137503668008,3.26,0.9684,0.9849621693121693,0.03408513950102227,-4121.568080328588
Dawn-Fenix,142,167034.254,76391.288,Dawn,Fenix,-90642.96599999999,90642.96599999999,0.457339055736436,118.66,1.0,0.9823136476426799,0.04646098172906777,-362.5543768567232
Boreas-Dawn,25,75334.82,78494.414,Boreas,Dawn,3159.5939999999973,3159.5939999999973,1.0419406855953197,4.03,0.9613,0.9791679389312977,0.052929740107363066,-992.1216852668913
Boreas-Elysium,365,153654.347,149785.669,Boreas,Elysium,-3868.6780000000144,3868.6780000000144,0.9748222027197186,2.58,1.0,0.9804581280788177,0.05527648369623914,-1839.5134922540726
Caelum-Dawn,52,404323.594,396391.445,Caelum,Dawn,-7932.148999999976,7932.148999999976,0.9803816816092114,2.0,1.0,0.9804744471744471,0.05446466415035868,-6484.057433327288
Caelum-Fenix,5,135953.835,132643.542,Caelum,Fenix,-3310.293000000005,3310.293000000005,0.9756513451790455,2.5,1.0,0.9796862650602409,0.04873557984945812,1731.907948738127
Boreas-Elysium,340,193014.365,187270.424,Boreas,Elysium,-5743.940999999992,5743.940999999992,0.9702408626425293,3.07,1.0,0.9804581280788177,0.05527648369623914,-1839.5134922540726
Aegis-Boreas,374,62630.524,62846.262,Aegis,Boreas,215.73800000000483,215.73800000000483,1.0034446143225626,0.34,0.9966,0.9849621693121693,0.03408513950102227,-4121.568080328588
Caelum-Fenix,372,557068.057,575066.984,Caelum,Fenix,17998.927000000025,17998.927000000025,1.0323101042571536,3.13,0.9697,0.9796862650602409,0.04873557984945812,1731.907948738127
Dawn-Fenix,152,181051.24749094708,93885.642,Dawn,Fenix,-87165.60549094707,87165.60549094707,0.51855838223205,92.84,1.0,0.9823136476426799,0.04646098172906777,-362.5543768567232
Aegis-Dawn,439,141614.799,135511.197,Aegis,Dawn,-6103.6020000000135,6103.6020000000135,0.9568999706026485,4.5,1.0,0.9844383292383293,0.0367757216063089,-2180.4743005156975
Elysium-Fenix,244,190197.441,194600.347,Elysium,Fenix,4402.906000000017,4402.906000000017,1.0231491337467575,2.26,0.9779,0.9777570719602977,0.055399164086247815,4312.254361379141
Boreas-Elysium,147,139970.06,134723.765,Boreas,Elysium,-5246.294999999984,5246.294999999984,0.9625184485882197,3.89,1.0,0.9804581280788177,0.05527648369623914,-1839.5134922540726
Caelum-Elysium,91,181051.24749094708,258927.314,Caelum,Elysium,77876.06650905294,77876.06650905294,1.4301327253375975,30.08,0.7688,0.9780398457583547,0.06003094589396874,1753.5802267796134
Dawn-Fenix,443,78824.428,78760.776,Dawn,Fenix,-63.65200000000186,63.65200000000186,0.99919248383255,0.08,1.0,0.9823136476426799,0.04646098172906777,-362.5543768567232
Dawn-Fenix,41,181051.24749094708,458827.602,Dawn,Fenix,277776.35450905294,277776.35450905294,2.5342415937948304,60.54,0.6229,0.9823136476426799,0.04646098172906777,-362.5543768567232
Caelum-Elysium,123,2211045.096,2125304.449,Caelum,Elysium,-85740.64699999988,85740.64699999988,0.9612216651957424,4.03,1.0,0.9780398457583547,0.06003094589396874,1753.5802267796134
Aegis-Dawn,29,176103.59,170534.864,Aegis,Dawn,-5568.725999999995,5568.725999999995,0.9683781233534194,3.27,1.0,0.9844383292383293,0.0367757216063089,-2180.4743005156975
Caelum-Elysium,214,181051.24749094708,219429.388,Caelum,Elysium,38378.14050905293,38378.14050905293,1.211973908166371,17.49,0.8511,0.9780398457583547,0.06003094589396874,1753.5802267796134
Aegis-Elysium,269,141765.872,208827.044,Aegis,Elysium,67061.17199999999,67061.17199999999,1.473041720506611,32.11,0.7569,0.7958968831168831,0.13151929136319288,77214.95699135585
Caelum-Fenix,281,202188.964,195554.175,Caelum,Fenix,-6634.789000000019,6634.789000000019,0.9671852070026927,3.39,1.0,0.9796862650602409,0.04873557984945812,1731.907948738127
Aegis-Elysium,394,121249.131,180913.647,Aegis,Elysium,59664.516,59664.516,1.49208200923106,32.98,0.752,0.7958968831168831,0.13151929136319288,77214.95699135585
Caelum-Fenix,9,133523.211,128909.568,Caelum,Fenix,-4613.643000000011,4613.643000000011,0.9654468839878333,3.58,1.0,0.9796862650602409,0.04873557984945812,1731.907948738127
Boreas-Dawn,297,98157.809,94747.328,Boreas,Dawn,-3410.4809999999998,3410.4809999999998,0.9652551230030002,3.6,1.0,0.9791679389312977,0.052929740107363066,-992.1216852668913
Boreas-Fenix,479,204958.33,371122.495,Boreas,Fenix,166164.165,166164.165,1.8107216964541037,44.77,0.6907,0.8068014354066986,0.13514659878591953,61601.108196475456
Aegis-Elysium,441,92615.137,153163.278,Aegis,Elysium,60548.14099999999,60548.14099999999,1.6537607453952152,39.53,0.7167,0.7958968831168831,0.13151929136319288,77214.95699135585
Dawn-Fenix,296,92625.774,93181.316,Dawn,Fenix,555.5420000000013,555.5420000000013,1.0059977042674968,0.6,0.9941,0.9823136476426799,0.04646098172906777,-362.5543768567232
Elysium-Fenix,349,354576.228,362224.777,Elysium,Fenix,7648.548999999999,7648.548999999999,1.0215709582200192,2.11,0.9793,0.9777570719602977,0.055399164086247815,4312.254361379141
Caelum-Elysium,311,147666.361,146985.493,Caelum,Elysium,-680.8680000000168,680.8680000000168,0.9953891462118443,0.46,1.0,0.9780398457583547,0.06003094589396874,1753.5802267796134
Aegis-Elysium,273,211536.817,203059.159,Aegis,Elysium,-8477.657999999996,8477.657999999996,0.9599234869833557,4.17,1.0,0.7958968831168831,0.13151929136319288,77214.95699135585
Boreas-Dawn,212,23517.967,77729.446,Boreas,Dawn,54211.47899999999,54211.47899999999,3.3051090683136,69.74,0.5891,0.9791679389312977,0.052929740107363066,-992.1216852668913
Aegis-Dawn,455,399202.688,403708.572,Aegis,Dawn,4505.883999999962,4505.883999999962,1.0112872085670925,1.12,0.989,0.9844383292383293,0.0367757216063089,-2180.4743005156975
Caelum-Fenix,442,112143.601,114337.848,Caelum,Fenix,2194.247000000003,2194.247000000003,1.0195664039716363,1.92,0.9812,0.9796862650602409,0.04873557984945812,1731.907948738127
Dawn-Elysium,294,521291.62,514565.439,Dawn,Elysium,-6726.180999999982,6726.180999999982,0.9870970858883172,1.31,1.0,0.9839219696969698,0.04028966443660543,-3087.7173304880284
Dawn-Fenix,376,90659.105,92106.586,Dawn,Fenix,1447.4809999999998,1447.4809999999998,1.0159661955630381,1.57,0.9845,0.9823136476426799,0.04646098172906777,-362.5543768567232
Aegis-Boreas,403,67202.475,70653.456,Aegis,Boreas,3450.9809999999998,3450.9809999999998,1.0513519926163433,4.88,0.9534,0.9849621693121693,0.03408513950102227,-4121.568080328588
Boreas-Elysium,71,130257.732,133918.913,Boreas,Elysium,3661.180999999997,3661.180999999997,1.0281072067184465,2.73,0.9734,0.9804581280788177,0.05527648369623914,-1839.5134922540726
Elysium-Fenix,201,170964.507,176629.695,Elysium,Fenix,5665.187999999995,5665.187999999995,1.0331366322718667,3.21,0.9689,0.9777570719602977,0.055399164086247815,4312.254361379141
Boreas-Dawn,477,88089.517,88322.549,Boreas,Dawn,233.03199999999197,233.03199999999197,1.0026453999060978,0.26,0.9974,0.9791679389312977,0.052929740107363066,-992.1216852668913
Aegis-Boreas,158,59295.649,58816.298,Aegis,Boreas,-479.3509999999951,479.3509999999951,0.9919159161239639,0.81,1.0,0.9849621693121693,0.03408513950102227,-4121.568080328588
Caelum-Elysium,388,219316.271,225509.18,Caelum,Elysium,6192.908999999985,6192.908999999985,1.0282373440500454,2.75,0.9733,0.9780398457583547,0.06003094589396874,1753.5802267796134
Aegis-Dawn,402,138938.683,140857.726,Aegis,Dawn,1919.0430000000051,1919.0430000000051,1.0138121576983712,1.36,0.9866,0.9844383292383293,0.0367757216063089,-2180.4743005156975
Aegis-Boreas,352,181051.24749094708,103979.307,Aegis,Boreas,-77071.94049094708,77071.94049094708,0.574308702320315,74.12,1.0,0.9849621693121693,0.03408513950102227,-4121.568080328588
Caelum-Fenix,130,111242.984,114005.62,Caelum,Fenix,2762.6359999999986,2762.6359999999986,1.0248342493221865,2.42,0.9763,0.9796862650602409,0.04873557984945812,1731.907948738127
Aegis-Dawn,254,215644.227,127591.925,Aegis,Dawn,-88052.30200000001,88052.30200000001,0.591677907519407,69.01,1.0,0.9844383292383293,0.0367757216063089,-2180.4743005156975
Boreas-Fenix,471,109652.358,159558.727,Boreas,Fenix,49906.36900000002,49906.36900000002,1.4551326566091722,31.28,0.7617,0.8068014354066986,0.13514659878591953,61601.108196475456
Elysium-Fenix,470,672725.564,694995.571,Elysium,Fenix,22270.006999999983,22270.006999999983,1.0331041485439967,3.2,0.969,0.9777570719602977,0.055399164086247815,4312.254361379141
Boreas-Fenix,420,67919.741,133206.862,Boreas,Fenix,65287.121,65287.121,1.961239251486545,49.01,0.6711,0.8068014354066986,0.13514659878591953,61601.108196475456
Aegis-Boreas,311,181051.24749094708,73169.535,Aegis,Boreas,-107881.71249094707,107881.71249094707,0.40413714908900933,147.44,1.0,0.9849621693121693,0.03408513950102227,-4121.568080328588
Aegis-Dawn,161,135312.105,133560.477,Aegis,Dawn,-1751.627999999997,1751.627999999997,0.9870549053981534,1.31,1.0,0.9844383292383293,0.0367757216063089,-2180.4743005156975
Boreas-Dawn,489,72361.53,72898.58,Boreas,Dawn,537.0500000000029,537.0500000000029,1.0074217612590557,0.74,0.9927,0.9791679389312977,0.052929740107363066,-992.1216852668913
Caelum-Elysium,165,217546.35,208914.049,Caelum,Elysium,-8632.301000000007,8632.301000000007,0.9603197157755117,4.13,1.0,0.9780398457583547,0.06003094589396874,1753.5802267796134
Aegis-Boreas,306,63856.551,61719.52,Aegis,Boreas,-2137.0310000000027,2137.0310000000027,0.966533879977326,3.46,1.0,0.9849621693121693,0.03408513950102227,-4121.568080328588
Boreas-Elysium,335,210713.382,220527.487,Boreas,Elysium,9814.104999999981,9814.104999999981,1.0465756133134438,4.45,0.9574,0.9804581280788177,0.05527648369623914,-1839.5134922540726
Boreas-Elysium,356,101737.148,106656.1,Boreas,Elysium,4918.952000000005,4918.952000000005,1.0483496156192624,4.61,0.9559,0.9804581280788177,0.05527648369623914,-1839.5134922540726
Caelum-Elysium,202,252980.853,255942.883,Caelum,Elysium,2962.029999999999,2962.029999999999,1.0117085145570286,1.16,0.9886,0.9780398457583547,0.06003094589396874,1753.5802267796134
Caelum-Elysium,304,369067.82,364853.944,Caelum,Elysium,-4213.875999999989,4213.875999999989,0.9885823803332406,1.15,1.0,0.9780398457583547,0.06003094589396874,1753.5802267796134
Boreas-Dawn,427,71035.653,69969.973,Boreas,Dawn,-1065.6800000000076,1065.6800000000076,0.9849979558856169,1.52,1.0,0.9791679389312977,0.052929740107363066,-992.1216852668913
Caelum-Dawn,427,181605.447,187494.445,Caelum,Dawn,5888.998000000021,5888.998000000021,1.0324274304393526,3.14,0.9695,0.9804744471744471,0.05446466415035868,-6484.057433327288
Aegis-Dawn,249,383513.441,376621.966,Aegis,Dawn,-6891.474999999977,6891.474999999977,0.9820306819442086,1.83,1.0,0.9844383292383293,0.0367757216063089,-2180.4743005156975
Caelum-Elysium,138,168432.269,173818.572,Caelum,Elysium,5386.302999999985,5386.302999999985,1.0319790443480874,3.1,0.9699,0.9780398457583547,0.06003094589396874,1753.5802267796134
Dawn-Fenix,243,129760.345,127186.411,Dawn,Fenix,-2573.9340000000084,2573.9340000000084,0.980163939915542,2.02,1.0,0.9823136476426799,0.04646098172906777,-362.5543768567232
Aegis-Elysium,266,157090.426,744590.771,Aegis,Elysium,587500.345,587500.345,4.73988638238208,78.9,0.559,0.7958968831168831,0.13151929136319288,77214.95699135585
Elysium-Fenix,417,659213.074,629655.658,Elysium,Fenix,-29557.41599999997,29557.41599999997,0.9551625761597077,4.69,1.0,0.9777570719602977,0.055399164086247815,4312.254361379141
Dawn-Fenix,299,116718.338,114680.261,Dawn,Fenix,-2038.0770000000048,2038.0770000000048,0.9825385022189058,1.78,1.0,0.9823136476426799,0.04646098172906777,-362.5543768567232
Caelum-Elysium,95,133521.471,134823.173,Caelum,Elysium,1301.7020000000193,1301.7020000000193,1.0097490088316958,0.97,0.9904,0.9780398457583547,0.06003094589396874,1753.5802267796134
Boreas-Elysium,134,111289.593,109914.867,Boreas,Elysium,-1374.725999999995,1374.725999999995,0.9876473085852691,1.25,1.0,0.9804581280788177,0.05527648369623914,-1839.5134922540726
Caelum-Fenix,109,392090.045,392950.905,Caelum,Fenix,860.8600000000442,860.8600000000442,1.002195567092248,0.22,0.9978,0.9796862650602409,0.04873557984945812,1731.907948738127
Aegis-Dawn,14,400239.719,415539.437,Aegis,Dawn,15299.717999999993,15299.717999999993,1.0382263860224228,3.68,0.9645,0.9844383292383293,0.0367757216063089,-2180.4743005156975
Dawn-Fenix,361,123521.185,124575.644,Dawn,Fenix,1054.4590000000026,1054.4590000000026,1.0085366651882428,0.85,0.9916,0.9823136476426799,0.04646098172906777,-362.5543768567232
Aegis-Boreas,409,74543.212,73097.642,Aegis,Boreas,-1445.5699999999924,1445.5699999999924,0.9806076239376431,1.98,1.0,0.9849621693121693,0.03408513950102227,-4121.568080328588
Caelum-Fenix,475,107950.621,113115.395,Caelum,Fenix,5164.774000000005,5164.774000000005,1.0478438563127859,4.57,0.9563,0.9796862650602409,0.04873557984945812,1731.907948738127
Elysium-Fenix,475,552774.551,571778.482,Elysium,Fenix,19003.930999999982,19003.930999999982,1.034379171337792,3.32,0.9678,0.9777570719602977,0.055399164086247815,4312.254361379141
Elysium-Fenix,430,590975.975,569479.632,Elysium,Fenix,-21496.342999999993,21496.342999999993,0.9636256905367431,3.77,1.0,0.9777570719602977,0.055399164086247815,4312.254361379141
Dawn-Fenix,193,119412.372,118399.342,Dawn,Fenix,-1013.0299999999988,1013.0299999999988,0.991516540681396,0.86,1.0,0.9823136476426799,0.04646098172906777,-362.5543768567232
Aegis-Boreas,207,126932.899,64955.823,Aegis,Boreas,-61977.07600000001,61977.07600000001,0.5117335498655868,95.41,1.0,0.9849621693121693,0.03408513950102227,-4121.568080328588
Aegis-Boreas,458,63855.254,64853.424,Aegis,Boreas,998.1699999999983,998.1699999999983,1.015631759917516,1.54,0.9848,0.9849621693121693,0.03408513950102227,-4121.568080328588
Boreas-Elysium,54,119699.593,123605.274,Boreas,Elysium,3905.6810000000114,3905.6810000000114,1.032629024895682,3.16,0.9694,0.9804581280788177,0.05527648369623914,-1839.5134922540726
Boreas-Elysium,430,143504.322,137433.962,Boreas,Elysium,-6070.359999999986,6070.359999999986,0.9576991137590964,4.42,1.0,0.9804581280788177,0.05527648369623914,-1839.5134922540726
Aegis-Boreas,250,61209.041,61944.956,Aegis,Boreas,735.9150000000009,735.9150000000009,1.0120229787622388,1.19,0.9883,0.9849621693121693,0.03408513950102227,-4121.568080328588
Dawn-Fenix,119,72913.838,75641.345,Dawn,Fenix,2727.506999999998,2727.506999999998,1.0374072614309509,3.61,0.9652,0.9823136476426799,0.04646098172906777,-362.5543768567232
Aegis-Elysium,107,409711.058,404354.369,Aegis,Elysium,-5356.689000000013,5356.689000000013,0.9869256909341216,1.32,1.0,0.7958968831168831,0.13151929136319288,77214.95699135585
Dawn-Elysium,362,113701.563,115031.388,Dawn,Elysium,1329.8250000000116,1329.8250000000116,1.011695749512256,1.16,0.9886,0.9839219696969698,0.04028966443660543,-3087.7173304880284
Boreas-Dawn,213,272453.603,281651.924,Boreas,Dawn,9198.320999999996,9198.320999999996,1.0337610547216731,3.27,0.9684,0.9791679389312977,0.052929740107363066,-992.1216852668913
Caelum-Elysium,411,171158.044,177722.901,Caelum,Elysium,6564.857000000018,6564.857000000018,1.0383555271290668,3.69,0.9644,0.9780398457583547,0.06003094589396874,1753.5802267796134
Aegis-Dawn,215,122216.53,123513.441,Aegis,Dawn,1296.9110000000073,1296.9110000000073,1.0106115842104175,1.05,0.9896,0.9844383292383293,0.0367757216063089,-2180.4743005156975
Aegis-Dawn,52,129780.637,128617.379,Aegis,Dawn,-1163.2580000000016,1163.2580000000016,0.9910367368592897,0.9,1.0,0.9844383292383293,0.0367757216063089,-2180.4743005156975
Aegis-Elysium,439,297056.024,632174.215,Aegis,Elysium,335118.191,335118.191,2.1281312746581436,53.01,0.6536,0.7958968831168831,0.13151929136319288,77214.95699135585
Boreas-Elysium,270,112089.038,111913.43,Boreas,Elysium,-175.60800000000745,175.60800000000745,0.9984333169136486,0.16,1.0,0.9804581280788177,0.05527648369623914,-1839.5134922540726
Caelum-Dawn,144,260772.009,249348.269,Caelum,Dawn,-11423.73999999999,11423.73999999999,0.9561926142157382,4.58,1.0,0.9804744471744471,0.05446466415035868,-6484.057433327288
Elysium-Fenix,243,397961.324,417395.47,Elysium,Fenix,19434.14599999995,19434.14599999995,1.0488342580747871,4.66,0.9555,0.9777570719602977,0.055399164086247815,4312.254361379141
Boreas-Dawn,425,87333.269,90299.756,Boreas,Dawn,2966.4869999999937,2966.4869999999937,1.033967433418758,3.29,0.9682,0.9791679389312977,0.052929740107363066,-992.1216852668913
Aegis-Dawn,134,181051.24749094708,262395.203,Aegis,Dawn,81343.9555090529,81343.9555090529,1.4492869098464525,31.0,0.7634,0.9844383292383293,0.0367757216063089,-2180.4743005156975
Aegis-Boreas,316,183049.66,181406.729,Aegis,Boreas,-1642.9310000000114,1642.9310000000114,0.9910246705730018,0.91,1.0,0.9849621693121693,0.03408513950102227,-4121.568080328588
Elysium-Fenix,136,391502.178,399607.428,Elysium,Fenix,8105.25,8105.25,1.0207029499590676,2.03,0.9801,0.9777570719602977,0.055399164086247815,4312.254361379141
Aegis-Boreas,427,63740.598,62928.979,Aegis,Boreas,-811.6189999999988,811.6189999999988,0.9872668436527691,1.29,1.0,0.9849621693121693,0.03408513950102227,-4121.568080328588
Caelum-Fenix,453,308096.193,309889.434,Caelum,Fenix,1793.24099999998,1793.24099999998,1.0058203932432233,0.58,0.9942,0.9796862650602409,0.04873557984945812,1731.907948738127
Aegis-Boreas,105,69555.338,68094.73,Aegis,Boreas,-1460.6080000000075,1460.6080000000075,0.9790007777692058,2.14,1.0,0.9849621693121693,0.03408513950102227,-4121.568080328588
Caelum-Dawn,41,145989.862,140428.035,Caelum,Dawn,-5561.82699999999,5561.82699999999,0.9619026491031275,3.96,1.0,0.9804744471744471,0.05446466415035868,-6484.057433327288
Caelum-Fenix,238,398369.251,389292.173,Caelum,Fenix,-9077.07799999998,9077.07799999998,0.9772144110590504,2.33,1.0,0.9796862650602409,0.04873557984945812,1731.907948738127
Boreas-Elysium,169,112911.641,115700.637,Boreas,Elysium,2788.995999999999,2788.995999999999,1.0247006949442883,2.41,0.9765,0.9804581280788177,0.05527648369623914,-1839.5134922540726
Boreas-Dawn,209,79286.257,82133.828,Boreas,Dawn,2847.5709999999963,2847.5709999999963,1.0359150640696786,3.47,0.9665,0.9791679389312977,0.052929740107363066,-992.1216852668913
Aegis-Boreas,89,166536.972,170589.107,Aegis,Boreas,4052.13499999998,4052.13499999998,1.0243317441847086,2.38,0.9768,0.9849621693121693,0.03408513950102227,-4121.568080328588
Boreas-Elysium,241,109985.925,113165.556,Boreas,Elysium,3179.630999999994,3179.630999999994,1.0289094354573096,2.81,0.9727,0.9804581280788177,0.05527648369623914,-1839.5134922540726
Caelum-Dawn,174,260101.232,264854.856,Caelum,Dawn,4753.62400000004,4753.62400000004,1.0182760533790938,1.79,0.9824,0.9804744471744471,0.05446466415035868,-6484.057433327288
Caelum-Fenix,478,147990.331,146083.276,Caelum,Fenix,-1907.054999999993,1907.054999999993,0.9871136513641557,1.31,1.0,0.9796862650602409,0.04873557984945812,1731.907948738127
Boreas-Dawn,449,76326.216,74912.612,Boreas,Dawn,-1413.6040000000066,1413.6040000000066,0.9814794434457487,1.89,1.0,0.9791679389312977,0.052929740107363066,-992.1216852668913
Caelum-Fenix,44,150190.35,155360.173,Caelum,Fenix,5169.823000000004,5169.823000000004,1.0344218053956196,3.33,0.9678,0.9796862650602409,0.04873557984945812,1731.907948738127
Boreas-Fenix,348,159843.695,272041.042,Boreas,Fenix,112197.34700000001,112197.34700000001,1.7019191279330723,41.24,0.708,0.8068014354066986,0.13514659878591953,61601.108196475456
Aegis-Boreas,1,438998.039,461750.906,Aegis,Boreas,22752.867000000027,22752.867000000027,1.0518290857331143,4.93,0.953,0.9849621693121693,0.03408513950102227,-4121.568080328588
Caelum-Fenix,337,129519.269,128090.136,Caelum,Fenix,-1429.1330000000016,1429.1330000000016,0.9889658657662745,1.12,1.0,0.9796862650602409,0.04873557984945812,1731.907948738127
Aegis-Dawn,435,128983.835,123597.238,Aegis,Dawn,-5386.597000000009,5386.597000000009,0.9582382009342488,4.36,1.0,0.9844383292383293,0.0367757216063089,-2180.4743005156975
Dawn-Fenix,133,90177.177,89549.319,Dawn,Fenix,-627.8579999999929,627.8579999999929,0.9930375065965972,0.7,1.0,0.9823136476426799,0.04646098172906777,-362.5543768567232
Boreas-Fenix,220,86691.433,133779.612,Boreas,Fenix,47088.17899999999,47088.17899999999,1.543169923145693,35.2,0.7397,0.8068014354066986,0.13514659878591953,61601.108196475456
Aegis-Dawn,91,116993.478,119443.609,Aegis,Dawn,2450.130999999994,2450.130999999994,1.020942458006078,2.05,0.9799,0.9844383292383293,0.0367757216063089,-2180.4743005156975
Dawn-Elysium,408,108363.766,107664.1,Dawn,Elysium,-699.6659999999974,699.6659999999974,0.9935433583952776,0.65,1.0,0.9839219696969698,0.04028966443660543,-3087.7173304880284
Boreas-Fenix,436,147705.386,153500.513,Boreas,Fenix,5795.127000000008,5795.127000000008,1.0392343648186262,3.78,0.9636,0.8068014354066986,0.13514659878591953,61601.108196475456
Boreas-Elysium,448,110622.325,109424.688,Boreas,Elysium,-1197.6370000000024,1197.6370000000024,0.9891736410349358,1.09,1.0,0.9804581280788177,0.05527648369623914,-1839.5134922540726
Boreas-Dawn,76,102995.381,100651.914,Boreas,Dawn,-2343.4669999999896,2343.4669999999896,0.9772468728476281,2.33,1.0,0.9791679389312977,0.052929740107363066,-992.1216852668913
Dawn-Fenix,4,84887.865,81013.404,Dawn,Fenix,-3874.4610000000102,3874.4610000000102,0.9543578932041699,4.78,1.0,0.9823136476426799,0.04646098172906777,-362.5543768567232
Aegis-Boreas,213,82207.467,79206.955,Aegis,Boreas,-3000.5120000000024,3000.5120000000024,0.9635007364963574,3.79,1.0,0.9849621693121693,0.03408513950102227,-4121.568080328588
Aegis-Dawn,278,118189.387,124129.714,Aegis,Dawn,5940.327000000005,5940.327000000005,1.050261086471326,4.79,0.9543,0.9844383292383293,0.0367757216063089,-2180.4743005156975
Caelum-Dawn,496,129786.157,124238.484,Caelum,Dawn,-5547.67300000001,5547.67300000001,0.9572552795441812,4.47,1.0,0.9804744471744471,0.05446466415035868,-6484.057433327288
Dawn-Elysium,205,102748.097,105735.544,Dawn,Elysium,2987.447,2987.447,1.0290754484727829,2.83,0.9725,0.9839219696969698,0.04028966443660543,-3087.7173304880284
Boreas-Elysium,43,149881.315,150011.615,Boreas,Elysium,130.29999999998836,130.29999999998836,1.0008693545289484,0.09,0.9991,0.9804581280788177,0.05527648369623914,-1839.5134922540726
Dawn-Fenix,438,118244.144,112745.493,Dawn,Fenix,-5498.650999999998,5498.650999999998,0.9534974772196753,4.88,1.0,0.9823136476426799,0.04646098172906777,-362.5543768567232
Boreas-Dawn,67,91437.555,89461.142,Boreas,Dawn,-1976.412999999986,1976.412999999986,0.9783851066446386,2.21,1.0,0.9791679389312977,0.052929740107363066,-992.1216852668913
Aegis-Boreas,165,58060.535,60689.875,Aegis,Boreas,2629.3399999999965,2629.3399999999965,1.0452861827745816,4.33,0.9585,0.9849621693121693,0.03408513950102227,-4121.568080328588
Caelum-Elysium,66,152752.216,151476.161,Caelum,Elysium,-1276.054999999993,1276.054999999993,0.9916462423039415,0.84,1.0,0.9780398457583547,0.06003094589396874,1753.5802267796134
Dawn-Elysium,90,306079.742,130045.707,Dawn,Elysium,-176034.03500000003,176034.03500000003,0.4248752503195719,135.36,1.0,0.9839219696969698,0.04028966443660543,-3087.7173304880284
Boreas-Elysium,13,102711.417,98867.024,Boreas,Elysium,-3844.3929999999964,3844.3929999999964,0.9625709282153123,3.89,1.0,0.9804581280788177,0.05527648369623914,-1839.5134922540726
Aegis-Boreas,273,66362.624,66727.488,Aegis,Boreas,364.8640000000014,364.8640000000014,1.005498034556319,0.55,0.9946,0.9849621693121693,0.03408513950102227,-4121.568080328588
Caelum-Elysium,360,153887.114,150039.653,Caelum,Elysium,-3847.4610000000102,3847.4610000000102,0.9749981600148794,2.56,1.0,0.9780398457583547,0.06003094589396874,1753.5802267796134
Caelum-Fenix,167,111142.697,114464.721,Caelum,Fenix,3322.024000000005,3322.024000000005,1.0298897191598653,2.9,0.9718,0.9796862650602409,0.04873557984945812,1731.907948738127
Dawn-Elysium,288,198311.143,201274.153,Dawn,Elysium,2963.00999999998,2963.00999999998,1.0149412179022133,1.47,0.9855,0.9839219696969698,0.04028966443660543,-3087.7173304880284
Caelum-Elysium,288,140265.466,137707.853,Caelum,Elysium,-2557.612999999983,2557.612999999983,0.9817659109334868,1.86,1.0,0.9780398457583547,0.06003094589396874,1753.5802267796134
Aegis-Boreas,394,87171.458,84331.859,Aegis,Boreas,-2839.599000000002,2839.599000000002,0.9674251289911888,3.37,1.0,0.9849621693121693,0.03408513950102227,-4121.568080328588
Aegis-Dawn,83,129408.479,125025.484,Aegis,Dawn,-4382.99500000001,4382.99500000001,0.9661305423425924,3.51,1.0,0.9844383292383293,0.0367757216063089,-2180.4743005156975
Elysium-Fenix,480,178160.118,184241.529,Elysium,Fenix,6081.411000000022,6081.411000000022,1.0341345249894818,3.3,0.968,0.9777570719602977,0.055399164086247815,4312.254361379141
Elysium-Fenix,64,174805.427,172260.005,Elysium,Fenix,-2545.4219999999914,2545.4219999999914,0.985438541333159,1.48,1.0,0.9777570719602977,0.055399164086247815,4312.254361379141
Elysium-Fenix,240,508591.458,510370.109,Elysium,Fenix,1778.6510000000126,1778.6510000000126,1.0034972097388235,0.35,0.9965,0.9777570719602977,0.055399164086247815,4312.254361379141
Aegis-Dawn,20,128318.196,128300.644,Aegis,Dawn,-17.551999999996042,17.551999999996042,0.9998632150346004,0.01,1.0,0.9844383292383293,0.0367757216063089,-2180.4743005156975
Boreas-Dawn,263,91220.133,94556.72,Boreas,Dawn,3336.5869999999995,3336.5869999999995,1.0365773090903079,3.53,0.9659,0.9791679389312977,0.052929740107363066,-992.1216852668913
Boreas-Dawn,375,63235.128,65766.689,Boreas,Dawn,2531.5610000000015,2531.5610000000015,1.0400340930756082,3.85,0.9629,0.9791679389312977,0.052929740107363066,-992.1216852668913
Caelum-Elysium,465,260223.338,259410.835,Caelum,Elysium,-812.502999999997,812.502999999997,0.9968776705185451,0.31,1.0,0.9780398457583547,0.06003094589396874,1753.5802267796134
Caelum-Dawn,344,128704.53,130472.323,Caelum,Dawn,1767.7930000000051,1767.7930000000051,1.0137352818894565,1.35,0.9866,0.9804744471744471,0.05446466415035868,-6484.057433327288
Boreas-Elysium,253,129081.183,128757.534,Boreas,Elysium,-323.6490000000049,323.6490000000049,0.9974926709495682,0.25,1.0,0.9804581280788177,0.05527648369623914,-1839.5134922540726
Caelum-Dawn,224,159175.491,157989.204,Caelum,Dawn,-1186.2870000000112,1186.2870000000112,0.9925473011419829,0.75,1.0,0.9804744471744471,0.05446466415035868,-6484.057433327288
Aegis-Dawn,26,233185.996,239708.043,Aegis,Dawn,6522.046999999991,6522.046999999991,1.0279692910889897,2.72,0.9735,0.9844383292383293,0.0367757216063089,-2180.4743005156975
Boreas-Fenix,446,104157.407,152276.328,Boreas,Fenix,48118.921,48118.921,1.4619827085365134,31.6,0.7599,0.8068014354066986,0.13514659878591953,61601.108196475456
Caelum-Elysium,399,309268.905,314188.153,Caelum,Elysium,4919.247999999963,4919.247999999963,1.015906054312185,1.57,0.9846,0.9780398457583547,0.06003094589396874,1753.5802267796134
Aegis-Dawn,192,180086.627,173266.239,Aegis,Dawn,-6820.388000000006,6820.388000000006,0.9621271822698972,3.94,1.0,0.9844383292383293,0.0367757216063089,-2180.4743005156975
Elysium-Fenix,174,606985.427,616770.052,Elysium,Fenix,9784.625,9784.625,1.0161200328125835,1.59,0.9844,0.9777570719602977,0.055399164086247815,4312.254361379141
Caelum-Elysium,133,228937.773,230066.477,Caelum,Elysium,1128.704000000027,1128.704000000027,1.0049301781231184,0.49,0.9951,0.9780398457583547,0.06003094589396874,1753.5802267796134
Aegis-Elysium,50,171958.168,168126.483,Aegis,Elysium,-3831.6849999999977,3831.6849999999977,0.9777173422782686,2.28,1.0,0.7958968831168831,0.13151929136319288,77214.95699135585
Aegis-Dawn,90,142246.243,149450.33,Aegis,Dawn,7204.0869999999995,7204.0869999999995,1.0506451829451833,4.82,0.954,0.9844383292383293,0.0367757216063089,-2180.4743005156975
Aegis-Dawn,19,159304.605,151727.8,Aegis,Dawn,-7576.805000000022,7576.805000000022,0.9524382550021073,4.99,1.0,0.9844383292383293,0.0367757216063089,-2180.4743005156975
Caelum-Dawn,380,180281.778,172985.606,Caelum,Dawn,-7296.171999999991,7296.171999999991,0.9595290656607569,4.22,1.0,0.9804744471744471,0.05446466415035868,-6484.057433327288
Caelum-Elysium,176,183463.695,177138.496,Caelum,Elysium,-6325.198999999993,6325.198999999993,0.965523429580986,3.57,1.0,0.9780398457583547,0.06003094589396874,1753.5802267796134
Dawn-Elysium,437,163229.711,164811.905,Dawn,Elysium,1582.1939999999886,1582.1939999999886,1.0096930515303062,0.96,0.9905,0.9839219696969698,0.04028966443660543,-3087.7173304880284
Boreas-Dawn,107,66291.561,69741.924,Boreas,Dawn,3450.3629999999976,3450.3629999999976,1.0520482991794384,4.95,0.9529,0.9791679389312977,0.052929740107363066,-992.1216852668913
Caelum-Elysium,110,133336.97,137637.538,Caelum,Elysium,4300.567999999999,4300.567999999999,1.0322533802890526,3.12,0.9697,0.9780398457583547,0.06003094589396874,1753.5802267796134
Elysium-Fenix,312,253612.679,248695.709,Elysium,Fenix,-4916.970000000001,4916.970000000001,0.9806122863439332,1.98,1.0,0.9777570719602977,0.055399164086247815,4312.254361379141
Boreas-Dawn,309,70492.933,69714.517,Boreas,Dawn,-778.4159999999974,778.4159999999974,0.9889575313882882,1.12,1.0,0.9791679389312977,0.052929740107363066,-992.1216852668913
Aegis-Dawn,291,141654.639,144496.388,Aegis,Dawn,2841.7490000000107,2841.7490000000107,1.020061107917546,1.97,0.9807,0.9844383292383293,0.0367757216063089,-2180.4743005156975
Aegis-Dawn,292,134713.663,139774.922,Aegis,Dawn,5061.258999999991,5061.258999999991,1.037570494983868,3.62,0.9651,0.9844383292383293,0.0367757216063089,-2180.4743005156975
Dawn-Elysium,427,100632.393,101496.867,Dawn,Elysium,864.474000000002,864.474000000002,1.0085904148180198,0.85,0.9916,0.9839219696969698,0.04028966443660543,-3087.7173304880284
Boreas-Dawn,355,113196.279,110207.137,Boreas,Dawn,-2989.1419999999925,2989.1419999999925,0.9735932839276458,2.71,1.0,0.9791679389312977,0.052929740107363066,-992.1216852668913
Boreas-Dawn,480,129901.18,123955.967,Boreas,Dawn,-5945.212999999989,5945.212999999989,0.9542328021962542,4.8,1.0,0.9791679389312977,0.052929740107363066,-992.1216852668913
Caelum-Dawn,233,138489.268,134157.593,Caelum,Dawn,-4331.6750000000175,4331.6750000000175,0.9687219445769616,3.23,1.0,0.9804744471744471,0.05446466415035868,-6484.057433327288
Caelum-Elysium,98,176292.245,178234.77,Caelum,Elysium,1942.5249999999942,1942.5249999999942,1.0110187773716308,1.09,0.9892,0.9780398457583547,0.06003094589396874,1753.5802267796134
Aegis-Dawn,433,141071.9,134922.18,Aegis,Dawn,-6149.720000000001,6149.720000000001,0.9564071937784917,4.56,1.0,0.9844383292383293,0.0367757216063089,-2180.4743005156975
Caelum-Elysium,463,167405.432,166671.17,Caelum,Elysium,-734.2619999999879,734.2619999999879,0.9956138699250812,0.44,1.0,0.9780398457583547,0.06003094589396874,1753.5802267796134
Elysium-Fenix,72,167788.38,172324.112,Elysium,Fenix,4535.731999999989,4535.731999999989,1.0270324560020188,2.63,0.9744,0.9777570719602977,0.055399164086247815,4312.254361379141
Caelum-Fenix,179,180436.991,173313.21,Caelum,Fenix,-7123.781000000017,7123.781000000017,0.9605192873117685,4.11,1.0,0.9796862650602409,0.04873557984945812,1731.907948738127
Caelum-Fenix,26,115791.362,113561.77,Caelum,Fenix,-2229.5919999999896,2229.5919999999896,0.9807447467454439,1.96,1.0,0.9796862650602409,0.04873557984945812,1731.907948738127
Caelum-Fenix,116,354459.363,339738.653,Caelum,Fenix,-14720.710000000021,14720.710000000021,0.9584699642988411,4.33,1.0,0.9796862650602409,0.04873557984945812,1731.907948738127
Aegis-Dawn,488,284094.728,271739.773,Aegis,Dawn,-12354.955000000016,12354.955000000016,0.9565111430015695,4.55,1.0,0.9844383292383293,0.0367757216063089,-2180.4743005156975
Dawn-Elysium,126,107456.603,102383.606,Dawn,Elysium,-5072.997000000003,5072.997000000003,0.9527902719947325,4.95,1.0,0.9839219696969698,0.04028966443660543,-3087.7173304880284
Caelum-Dawn,453,132260.477,129605.615,Caelum,Dawn,-2654.8620000000083,2654.8620000000083,0.9799270193165869,2.05,1.0,0.9804744471744471,0.05446466415035868,-6484.057433327288
Dawn-Fenix,477,77164.732,76926.265,Dawn,Fenix,-238.4670000000042,238.4670000000042,0.9969096374234799,0.31,1.0,0.9823136476426799,0.04646098172906777,-362.5543768567232
Caelum-Elysium,278,216152.621,221587.804,Caelum,Elysium,5435.18299999999,5435.18299999999,1.0251451172549049,2.45,0.9761,0.9780398457583547,0.06003094589396874,1753.5802267796134
Dawn-Fenix,349,163251.163,162783.624,Dawn,Fenix,-467.53899999998976,467.53899999998976,0.9971360755328892,0.29,1.0,0.9823136476426799,0.04646098172906777,-362.5543768567232
Caelum-Dawn,93,153657.668,161279.51,Caelum,Dawn,7621.842000000004,7621.842000000004,1.0496027441988773,4.73,0.9549,0.9804744471744471,0.05446466415035868,-6484.057433327288
Caelum-Dawn,155,204216.178,198021.643,Caelum,Dawn,-6194.5350000000035,6194.5350000000035,0.9696667763510881,3.13,1.0,0.9804744471744471,0.05446466415035868,-6484.057433327288
Caelum-Dawn,201,81351.212,151270.727,Caelum,Dawn,69919.51500000001,69919.51500000001,1.8594772380281195,46.22,0.6839,0.9804744471744471,0.05446466415035868,-6484.057433327288
Dawn-Elysium,339,98255.504,100588.43,Dawn,Elysium,2332.925999999992,2332.925999999992,1.0237434637758307,2.32,0.9773,0.9839219696969698,0.04028966443660543,-3087.7173304880284
Aegis-Elysium,98,107390.826,169886.779,Aegis,Elysium,62495.95300000001,62495.95300000001,1.5819487131982763,36.79,0.7311,0.7958968831168831,0.13151929136319288,77214.95699135585
Dawn-Elysium,479,102437.322,107235.499,Dawn,Elysium,4798.176999999996,4798.176999999996,1.0468401253207302,4.47,0.9572,0.9839219696969698,0.04028966443660543,-3087.7173304880284
Boreas-Fenix,344,71596.325,141105.957,Boreas,Fenix,69509.632,69509.632,1.9708547470837365,49.26,0.67,0.8068014354066986,0.13514659878591953,61601.108196475456
Aegis-Dawn,386,193994.376,189124.474,Aegis,Dawn,-4869.902000000002,4869.902000000002,0.9748966846337854,2.57,1.0,0.9844383292383293,0.0367757216063089,-2180.4743005156975
Elysium-Fenix,418,257706.312,246470.513,Elysium,Fenix,-11235.798999999999,11235.798999999999,0.956400761344177,4.56,1.0,0.9777570719602977,0.055399164086247815,4312.254361379141
Dawn-Elysium,151,126976.071,127200.54,Dawn,Elysium,224.46899999999732,224.46899999999732,1.0017678055261294,0.18,0.9982,0.9839219696969698,0.04028966443660543,-3087.7173304880284
Aegis-Dawn,15,133239.269,138145.238,Aegis,Dawn,4905.969000000012,4905.969000000012,1.0368207438904518,3.55,0.9657,0.9844383292383293,0.0367757216063089,-2180.4743005156975
Elysium-Fenix,284,177332.528,185115.632,Elysium,Fenix,7783.104000000021,7783.104000000021,1.0438898835299975,4.2,0.9597,0.9777570719602977,0.055399164086247815,4312.254361379141
Aegis-Elysium,453,133927.441,227818.002,Aegis,Elysium,93890.56100000002,93890.56100000002,1.7010554394151385,41.21,0.7082,0.7958968831168831,0.13151929136319288,77214.95699135585
Caelum-Elysium,53,181051.24749094708,250200.978,Caelum,Elysium,69149.73050905293,69149.73050905293,1.381934570831999,27.64,0.7835,0.9780398457583547,0.06003094589396874,1753.5802267796134
Caelum-Elysium,109,222437.029,214904.911,Caelum,Elysium,-7532.118000000017,7532.118000000017,0.9661382008478453,3.5,1.0,0.9780398457583547,0.06003094589396874,1753.5802267796134
Boreas-Fenix,6,192818.984,187033.488,Boreas,Fenix,-5785.495999999985,5785.495999999985,0.9699951950789245,3.09,1.0,0.8068014354066986,0.13514659878591953,61601.108196475456
Boreas-Fenix,494,131571.845,135230.564,Boreas,Fenix,3658.719000000012,3658.719000000012,1.0278077654075612,2.71,0.9737,0.8068014354066986,0.13514659878591953,61601.108196475456
Caelum-Elysium,499,201079.484,198630.86,Caelum,Elysium,-2448.6240000000107,2448.6240000000107,0.9878226065071859,1.23,1.0,0.9780398457583547,0.06003094589396874,1753.5802267796134
Elysium-Fenix,188,246272.086,242695.163,Elysium,Fenix,-3576.92300000001,3576.92300000001,0.9854757270379396,1.47,1.0,0.9777570719602977,0.055399164086247815,4312.254361379141
Aegis-Dawn,406,139537.092,141570.883,Aegis,Dawn,2033.7909999999974,2033.7909999999974,1.01457527149842,1.44,0.9858,0.9844383292383293,0.0367757216063089,-2180.4743005156975
Aegis-Boreas,28,87038.503,86633.439,Aegis,Boreas,-405.0639999999985,405.0639999999985,0.9953461515761594,0.47,1.0,0.9849621693121693,0.03408513950102227,-4121.568080328588
Boreas-Fenix,7,320504.28,330485.478,Boreas,Fenix,9981.197999999975,9981.197999999975,1.0311421675866543,3.02,0.9707,0.8068014354066986,0.13514659878591953,61601.108196475456
Boreas-Elysium,428,156780.65,151706.689,Boreas,Elysium,-5073.960999999981,5073.960999999981,0.9676365610169368,3.34,1.0,0.9804581280788177,0.05527648369623914,-1839.5134922540726
Aegis-Dawn,262,318031.07,326995.345,Aegis,Dawn,8964.274999999965,8964.274999999965,1.0281867900516763,2.74,0.9733,0.9844383292383293,0.0367757216063089,-2180.4743005156975
Caelum-Elysium,247,150635.917,154249.114,Caelum,Elysium,3613.1970000000147,3613.1970000000147,1.0239862913968918,2.34,0.9771,0.9780398457583547,0.06003094589396874,1753.5802267796134
Aegis-Boreas,284,94387.54,94635.645,Aegis,Boreas,248.10500000001048,248.10500000001048,1.002628577882208,0.26,0.9974,0.9849621693121693,0.03408513950102227,-4121.568080328588
Aegis-Dawn,186,156775.655,160026.148,Aegis,Dawn,3250.4929999999877,3250.4929999999877,1.020733404047969,2.03,0.9801,0.9844383292383293,0.0367757216063089,-2180.4743005156975
Boreas-Elysium,353,134325.855,139028.462,Boreas,Elysium,4702.606999999989,4702.606999999989,1.035008948947319,3.38,0.9673,0.9804581280788177,0.05527648369623914,-1839.5134922540726
Dawn-Elysium,325,352848.115,357142.293,Dawn,Elysium,4294.178000000014,4294.178000000014,1.0121700465935606,1.2,0.9881,0.9839219696969698,0.04028966443660543,-3087.7173304880284
Aegis-Boreas,21,66083.669,65188.829,Aegis,Boreas,-894.8399999999965,894.8399999999965,0.9864589842915653,1.37,1.0,0.9849621693121693,0.03408513950102227,-4121.568080328588
Boreas-Fenix,252,85666.626,134289.292,Boreas,Fenix,48622.66599999998,48622.66599999998,1.5675800281897407,36.21,0.7342,0.8068014354066986,0.13514659878591953,61601.108196475456
Aegis-Dawn,385,206070.076,199540.847,Aegis,Dawn,-6529.228999999992,6529.228999999992,0.9683154918620984,3.27,1.0,0.9844383292383293,0.0367757216063089,-2180.4743005156975
Aegis-Dawn,417,126474.685,127670.405,Aegis,Dawn,1195.7200000000012,1195.7200000000012,1.0094542239816608,0.94,0.9907,0.9844383292383293,0.0367757216063089,-2180.4743005156975
Aegis-Elysium,40,232670.78,224692.81,Aegis,Elysium,-7977.970000000001,7977.970000000001,0.9657113368511508,3.55,1.0,0.7958968831168831,0.13151929136319288,77214.95699135585
Aegis-Elysium,265,125722.306,188179.434,Aegis,Elysium,62457.12800000001,62457.12800000001,1.4967863697950308,33.19,0.7508,0.7958968831168831,0.13151929136319288,77214.95699135585
Dawn-Fenix,187,110056.657,111919.251,Dawn,Fenix,1862.5939999999973,1862.5939999999973,1.01692395581305,1.66,0.9836,0.9823136476426799,0.04646098172906777,-362.5543768567232
Aegis-Boreas,277,76743.562,75213.139,Aegis,Boreas,-1530.4230000000098,1530.4230000000098,0.9800579623864734,2.03,1.0,0.9849621693121693,0.03408513950102227,-4121.568080328588
Boreas-Elysium,84,292952.08,288028.138,Boreas,Elysium,-4923.942000000039,4923.942000000039,0.9831919882596497,1.71,1.0,0.9804581280788177,0.05527648369623914,-1839.5134922540726
Aegis-Elysium,245,132483.372,199446.341,Aegis,Elysium,66962.96899999998,66962.96899999998,1.5054443285154304,33.57,0.7486,0.7958968831168831,0.13151929136319288,77214.95699135585
Boreas-Elysium,382,211552.359,212150.046,Boreas,Elysium,597.6870000000054,597.6870000000054,1.0028252438442438,0.28,0.9972,0.9804581280788177,0.05527648369623914,-1839.5134922540726
Aegis-Dawn,71,289568.684,299802.337,Aegis,Dawn,10233.652999999991,10233.652999999991,1.0353410211996543,3.41,0.967,0.9844383292383293,0.0367757216063089,-2180.4743005156975
Aegis-Elysium,435,245389.689,237498.719,Aegis,Elysium,-7890.970000000001,7890.970000000001,0.9678431068878367,3.32,1.0,0.7958968831168831,0.13151929136319288,77214.95699135585
Caelum-Elysium,402,209747.336,208083.55,Caelum,Elysium,-1663.7860000000219,1663.7860000000219,0.9920676656412932,0.8,1.0,0.9780398457583547,0.06003094589396874,1753.5802267796134
Aegis-Elysium,247,178519.733,185317.748,Aegis,Elysium,6798.014999999985,6798.014999999985,1.038079907950568,3.67,0.9646,0.7958968831168831,0.13151929136319288,77214.95699135585
Caelum-Elysium,26,147179.259,141728.815,Caelum,Elysium,-5450.443999999989,5450.443999999989,0.9629673091369485,3.85,1.0,0.9780398457583547,0.06003094589396874,1753.5802267796134
Boreas-Fenix,14,76409.585,152210.537,Boreas,Fenix,75800.952,75800.952,1.992034598800661,49.8,0.6676,0.8068014354066986,0.13514659878591953,61601.108196475456
Aegis-Elysium,7,141363.899,228819.86,Aegis,Elysium,87455.96099999998,87455.96099999998,1.6186583817980287,38.22,0.7235,0.7958968831168831,0.13151929136319288,77214.95699135585
Dawn-Fenix,192,98512.258,101014.807,Dawn,Fenix,2502.548999999999,2502.548999999999,1.0254034274597583,2.48,0.9758,0.9823136476426799,0.04646098172906777,-362.5543768567232
Boreas-Elysium,64,107198.267,109325.206,Boreas,Elysium,2126.9389999999985,2126.9389999999985,1.0198411696338336,1.95,0.9809,0.9804581280788177,0.05527648369623914,-1839.5134922540726
Elysium-Fenix,248,850820.467,831404.061,Elysium,Fenix,-19416.40599999996,19416.40599999996,0.977179197312375,2.34,1.0,0.9777570719602977,0.055399164086247815,4312.254361379141
Boreas-Dawn,190,70289.353,69587.507,Boreas,Dawn,-701.846000000005,701.846000000005,0.9900149031105748,1.01,1.0,0.9791679389312977,0.052929740107363066,-992.1216852668913
Elysium-Fenix,89,435687.603,443829.044,Elysium,Fenix,8141.440999999992,8141.440999999992,1.0186864187641345,1.83,0.982,0.9777570719602977,0.055399164086247815,4312.254361379141
Boreas-Dawn,485,123375.694,123934.002,Boreas,Dawn,558.30799999999,558.30799999999,1.0045252673512823,0.45,0.9955,0.9791679389312977,0.052929740107363066,-992.1216852668913
Aegis-Boreas,294,65680.09,62864.191,Aegis,Boreas,-2815.8989999999976,2815.8989999999976,0.9571270532668271,4.48,1.0,0.9849621693121693,0.03408513950102227,-4121.568080328588
Boreas-Dawn,47,146598.132,146847.441,Boreas,Dawn,249.30899999997928,249.30899999997928,1.0017006287638097,0.17,0.9983,0.9791679389312977,0.052929740107363066,-992.1216852668913
Boreas-Elysium,12,457428.158,454563.446,Boreas,Elysium,-2864.7119999999995,2864.7119999999995,0.9937373509918469,0.63,1.0,0.9804581280788177,0.05527648369623914,-1839.5134922540726
Aegis-Dawn,88,239842.296,245171.788,Aegis,Dawn,5329.491999999998,5329.491999999998,1.0222208179661523,2.17,0.9787,0.9844383292383293,0.0367757216063089,-2180.4743005156975
Caelum-Dawn,329,451819.158,443033.321,Caelum,Dawn,-8785.837,8785.837,0.9805545275262542,1.98,1.0,0.9804744471744471,0.05446466415035868,-6484.057433327288
Boreas-Elysium,403,98388.06,100380.608,Boreas,Elysium,1992.5479999999952,1992.5479999999952,1.0202519289434104,1.98,0.9805,0.9804581280788177,0.05527648369623914,-1839.5134922540726
Boreas-Elysium,129,278171.958,290676.213,Boreas,Elysium,12504.255000000005,12504.255000000005,1.044951529585883,4.3,0.9588,0.9804581280788177,0.05527648369623914,-1839.5134922540726
Caelum-Elysium,498,131515.513,128314.093,Caelum,Elysium,-3201.420000000013,3201.420000000013,0.9756574724382514,2.49,1.0,0.9780398457583547,0.06003094589396874,1753.5802267796134
Dawn-Fenix,250,75549.61,74626.889,Dawn,Fenix,-922.721000000005,922.721000000005,0.9877865550861215,1.24,1.0,0.9823136476426799,0.04646098172906777,-362.5543768567232
Caelum-Elysium,241,252053.699,240748.571,Caelum,Elysium,-11305.127999999997,11305.127999999997,0.9551479385351135,4.7,1.0,0.9780398457583547,0.06003094589396874,1753.5802267796134
Caelum-Elysium,8,186375.95,193838.777,Caelum,Elysium,7462.82699999999,7462.82699999999,1.0400417918728246,3.85,0.9629,0.9780398457583547,0.06003094589396874,1753.5802267796134
Boreas-Fenix,219,92889.344,136188.175,Boreas,Fenix,43298.83099999999,43298.83099999999,1.466133456599715,31.79,0.7588,0.8068014354066986,0.13514659878591953,61601.108196475456
Dawn-Fenix,461,73149.377,70552.215,Dawn,Fenix,-2597.1619999999966,2597.1619999999966,0.9644950906417152,3.68,1.0,0.9823136476426799,0.04646098172906777,-362.5543768567232
Dawn-Fenix,467,306017.682,295085.593,Dawn,Fenix,-10932.088999999978,10932.088999999978,0.964276283224706,3.7,1.0,0.9823136476426799,0.04646098172906777,-362.5543768567232
Aegis-Dawn,56,145996.608,148385.475,Aegis,Dawn,2388.8669999999984,2388.8669999999984,1.0163624828872737,1.61,0.9842,0.9844383292383293,0.0367757216063089,-2180.4743005156975
Boreas-Elysium,469,100847.141,103734.649,Boreas,Elysium,2887.5080000000016,2887.5080000000016,1.028632522165403,2.78,0.9729,0.9804581280788177,0.05527648369623914,-1839.5134922540726
Caelum-Elysium,238,205405.87,207051.768,Caelum,Elysium,1645.8980000000156,1645.8980000000156,1.0080129063497554,0.79,0.9921,0.9780398457583547,0.06003094589396874,1753.5802267796134
Caelum-Fenix,286,198892.001,202553.779,Caelum,Fenix,3661.7780000000203,3661.7780000000203,1.0184108862175911,1.81,0.9822,0.9796862650602409,0.04873557984945812,1731.907948738127
Dawn-Elysium,432,120411.56,125732.93,Dawn,Elysium,5321.369999999995,5321.369999999995,1.0441931821164014,4.23,0.9594,0.9839219696969698,0.04028966443660543,-3087.7173304880284
Boreas-Dawn,216,74443.602,77394.633,Boreas,Dawn,2951.0310000000027,2951.0310000000027,1.039641163521346,3.81,0.9633,0.9791679389312977,0.052929740107363066,-992.1216852668913
Boreas-Fenix,104,100360.297,182998.855,Boreas,Fenix,82638.558,82638.558,1.8234188266700726,45.16,0.6889,0.8068014354066986,0.13514659878591953,61601.108196475456
Dawn-Elysium,443,116769.216,119843.473,Dawn,Elysium,3074.256999999998,3074.256999999998,1.0263276324472368,2.57,0.975,0.9839219696969698,0.04028966443660543,-3087.7173304880284
Boreas-Dawn,204,83899.61,86373.676,Boreas,Dawn,2474.066000000006,2474.066000000006,1.0294884088257383,2.86,0.9722,0.9791679389312977,0.052929740107363066,-992.1216852668913
Boreas-Elysium,139,156498.176,156770.923,Boreas,Elysium,272.747000000003,272.747000000003,1.0017428126446661,0.17,0.9983,0.9804581280788177,0.05527648369623914,-1839.5134922540726
Caelum-Dawn,239,152070.887,149407.051,Caelum,Dawn,-2663.835999999981,2663.835999999981,0.9824829324497859,1.78,1.0,0.9804744471744471,0.05446466415035868,-6484.057433327288
Boreas-Elysium,383,118673.322,113354.825,Boreas,Elysium,-5318.497000000003,5318.497000000003,0.9551837185445942,4.69,1.0,0.9804581280788177,0.05527648369623914,-1839.5134922540726
Caelum-Fenix,311,228614.806,238582.157,Caelum,Fenix,9967.350999999995,9967.350999999995,1.0435988865917984,4.18,0.9599,0.9796862650602409,0.04873557984945812,1731.907948738127
Aegis-Elysium,285,285147.506,494086.372,Aegis,Elysium,208938.86599999998,208938.86599999998,1.7327395877697067,42.29,0.7028,0.7958968831168831,0.13151929136319288,77214.95699135585
Dawn-Fenix,105,99692.508,97543.009,Dawn,Fenix,-2149.498999999996,2149.498999999996,0.9784387107604917,2.2,1.0,0.9823136476426799,0.04646098172906777,-362.5543768567232
Dawn-Fenix,357,94829.319,99597.402,Dawn,Fenix,4768.082999999999,4768.082999999999,1.0502806837619492,4.79,0.9543,0.9823136476426799,0.04646098172906777,-362.5543768567232
Caelum-Elysium,430,188143.187,195867.448,Caelum,Elysium,7724.260999999999,7724.260999999999,1.041055225667034,3.94,0.9621,0.9780398457583547,0.06003094589396874,1753.5802267796134
Dawn-Elysium,37,97821.295,102169.508,Dawn,Elysium,4348.213000000003,4348.213000000003,1.0444505769423724,4.26,0.9592,0.9839219696969698,0.04028966443660543,-3087.7173304880284
Boreas-Dawn,91,68283.046,69134.007,Boreas,Dawn,850.9609999999957,850.9609999999957,1.0124622589332057,1.23,0.9878,0.9791679389312977,0.052929740107363066,-992.1216852668913
Dawn-Fenix,310,110954.32,115492.147,Dawn,Fenix,4537.82699999999,4537.82699999999,1.0408981552047725,3.93,0.9622,0.9823136476426799,0.04646098172906777,-362.5543768567232
Boreas-Elysium,162,260258.267,270372.452,Boreas,Elysium,10114.184999999998,10114.184999999998,1.0388621084609004,3.74,0.9639,0.9804581280788177,0.05527648369623914,-1839.5134922540726
Boreas-Elysium,396,96242.449,95279.768,Boreas,Elysium,-962.6809999999969,962.6809999999969,0.9899973347519451,1.01,1.0,0.9804581280788177,0.05527648369623914,-1839.5134922540726
Aegis-Boreas,317,134866.29,132816.933,Aegis,Boreas,-2049.357000000018,2049.357000000018,0.9848045275064657,1.54,1.0,0.9849621693121693,0.03408513950102227,-4121.568080328588
Dawn-Fenix,383,84511.153,85986.368,Dawn,Fenix,1475.2149999999965,1475.2149999999965,1.0174558617133054,1.72,0.9831,0.9823136476426799,0.04646098172906777,-362.5543768567232
Caelum-Dawn,111,126175.806,130595.849,Caelum,Dawn,4420.043000000005,4420.043000000005,1.0350308283348713,3.38,0.9673,0.9804744471744471,0.05446466415035868,-6484.057433327288
Caelum-Fenix,36,256327.945,255353.819,Caelum,Fenix,-974.1260000000184,974.1260000000184,0.9961996886449505,0.38,1.0,0.9796862650602409,0.04873557984945812,1731.907948738127
Aegis-Dawn,295,272953.19,283938.764,Aegis,Dawn,10985.574000000022,10985.574000000022,1.0402470987790984,3.87,0.9628,0.9844383292383293,0.0367757216063089,-2180.4743005156975
Caelum-Dawn,20,166348.732,165529.771,Caelum,Dawn,-818.9609999999811,818.9609999999811,0.9950768425454546,0.49,1.0,0.9804744471744471,0.05446466415035868,-6484.057433327288
Boreas-Dawn,211,837397.217,360827.971,Boreas,Dawn,-476569.2459999999,476569.2459999999,0.43089225002762344,132.08,1.0,0.9791679389312977,0.052929740107363066,-992.1216852668913
Caelum-Dawn,387,195388.672,186373.919,Caelum,Dawn,-9014.752999999997,9014.752999999997,0.9538624583107869,4.84,1.0,0.9804744471744471,0.05446466415035868,-6484.057433327288
Aegis-Boreas,36,160112.955,168360.883,Aegis,Boreas,8247.928000000014,8247.928000000014,1.0515131833023756,4.9,0.9533,0.9849621693121693,0.03408513950102227,-4121.568080328588
Aegis-Dawn,413,128114.214,123207.054,Aegis,Dawn,-4907.1600000000035,4907.1600000000035,0.9616969901559869,3.98,1.0,0.9844383292383293,0.0367757216063089,-2180.4743005156975
Caelum-Elysium,472,203625.882,195632.947,Caelum,Elysium,-7992.935000000027,7992.935000000027,0.9607469594655947,4.09,1.0,0.9780398457583547,0.06003094589396874,1753.5802267796134
Caelum-Fenix,133,224679.035,235814.124,Caelum,Fenix,11135.089000000007,11135.089000000007,1.049559982309876,4.72,0.9549,0.9796862650602409,0.04873557984945812,1731.907948738127
Aegis-Dawn,474,410397.57,411389.674,Aegis,Dawn,992.1039999999921,992.1039999999921,1.0024174217210886,0.24,0.9976,0.9844383292383293,0.0367757216063089,-2180.4743005156975
Aegis-Dawn,483,208819.361,202659.307,Aegis,Dawn,-6160.054000000004,6160.054000000004,0.9705005610088041,3.04,1.0,0.9844383292383293,0.0367757216063089,-2180.4743005156975
Dawn-Fenix,209,112697.066,118093.373,Dawn,Fenix,5396.307000000001,5396.307000000001,1.0478832962696651,4.57,0.9563,0.9823136476426799,0.04646098172906777,-362.5543768567232
Aegis-Elysium,418,278219.128,268217.191,Aegis,Elysium,-10001.937000000034,10001.937000000034,0.9640501461136057,3.73,1.0,0.7958968831168831,0.13151929136319288,77214.95699135585
Boreas-Dawn,60,86486.999,89196.492,Boreas,Dawn,2709.493000000002,2709.493000000002,1.0313283271627913,3.04,0.9705,0.9791679389312977,0.052929740107363066,-992.1216852668913
Caelum-Fenix,135,393414.708,401588.93,Caelum,Fenix,8174.222000000009,8174.222000000009,1.0207776217659865,2.04,0.9801,0.9796862650602409,0.04873557984945812,1731.907948738127
Caelum-Fenix,265,128066.008,130730.028,Caelum,Fenix,2664.020000000004,2664.020000000004,1.020801928955262,2.04,0.98,0.9796862650602409,0.04873557984945812,1731.907948738127
Aegis-Elysium,355,106214.52,151534.93,Aegis,Elysium,45320.40999999999,45320.40999999999,1.4266875188062798,29.91,0.7698,0.7958968831168831,0.13151929136319288,77214.95699135585
Elysium-Fenix,191,179212.842,179001.217,Elysium,Fenix,-211.625,211.625,0.9988191415434392,0.12,1.0,0.9777570719602977,0.055399164086247815,4312.254361379141
Aegis-Dawn,487,181051.24749094708,348408.278,Aegis,Dawn,167357.03050905291,167357.03050905291,1.924362758215301,48.03,0.6755,0.9844383292383293,0.0367757216063089,-2180.4743005156975
Boreas-Fenix,182,138257.969,272294.701,Boreas,Fenix,134036.732,134036.732,1.9694684000457143,49.22,0.6701,0.8068014354066986,0.13514659878591953,61601.108196475456
Boreas-Dawn,140,95412.755,96032.56,Boreas,Dawn,619.804999999993,619.804999999993,1.0064960392350057,0.65,0.9936,0.9791679389312977,0.052929740107363066,-992.1216852668913
Aegis-Elysium,290,127807.467,232502.986,Aegis,Elysium,104695.519,104695.519,1.8191659020986621,45.03,0.6895,0.7958968831168831,0.13151929136319288,77214.95699135585
Caelum-Elysium,181,133594.648,135551.74,Caelum,Elysium,1957.0920000000042,1957.0920000000042,1.014649479071946,1.44,0.9858,0.9780398457583547,0.06003094589396874,1753.5802267796134
Aegis-Elysium,380,755494.07,910544.427,Aegis,Elysium,155050.35700000008,155050.35700000008,1.2052304090222707,17.03,0.8545,0.7958968831168831,0.13151929136319288,77214.95699135585
Boreas-Dawn,433,88316.172,88455.601,Boreas,Dawn,139.42899999998917,139.42899999998917,1.0015787482274479,0.16,0.9984,0.9791679389312977,0.052929740107363066,-992.1216852668913
Dawn-Fenix,45,223921.515,223269.31,Dawn,Fenix,-652.2050000000163,652.2050000000163,0.9970873500029686,0.29,1.0,0.9823136476426799,0.04646098172906777,-362.5543768567232
Caelum-Dawn,160,72350.324,213411.492,Caelum,Dawn,141061.168,141061.168,2.949696424303504,66.1,0.6021,0.9804744471744471,0.05446466415035868,-6484.057433327288
Boreas-Elysium,30,251625.757,255297.149,Boreas,Elysium,3671.3919999999925,3671.3919999999925,1.0145906843709962,1.44,0.9858,0.9804581280788177,0.05527648369623914,-1839.5134922540726
Aegis-Dawn,392,143498.66,145953.848,Aegis,Dawn,2455.1879999999946,2455.1879999999946,1.017109483809814,1.68,0.9835,0.9844383292383293,0.0367757216063089,-2180.4743005156975
Caelum-Fenix,69,118664.895,116430.535,Caelum,Fenix,-2234.3600000000006,2234.3600000000006,0.9811708424804151,1.92,1.0,0.9796862650602409,0.04873557984945812,1731.907948738127
Caelum-Fenix,255,157591.178,155127.658,Caelum,Fenix,-2463.5200000000186,2463.5200000000186,0.9843676528644261,1.59,1.0,0.9796862650602409,0.04873557984945812,1731.907948738127
Aegis-Boreas,2,69595.273,71962.13,Aegis,Boreas,2366.8570000000036,2366.8570000000036,1.0340088758614396,3.29,0.9682,0.9849621693121693,0.03408513950102227,-4121.568080328588
Boreas-Elysium,109,340069.249,334959.362,Boreas,Elysium,-5109.886999999988,5109.886999999988,0.98497398099056,1.53,1.0,0.9804581280788177,0.05527648369623914,-1839.5134922540726
Aegis-Dawn,349,118494.633,121211.415,Aegis,Dawn,2716.781999999992,2716.781999999992,1.0229274687909282,2.24,0.9781,0.9844383292383293,0.0367757216063089,-2180.4743005156975
Boreas-Fenix,237,363759.102,576092.291,Boreas,Fenix,212333.18899999995,212333.18899999995,1.5837192467008012,36.86,0.7307,0.8068014354066986,0.13514659878591953,61601.108196475456
Boreas-Elysium,466,218940.801,227473.968,Boreas,Elysium,8533.166999999987,8533.166999999987,1.0389747683438866,3.75,0.9638,0.9804581280788177,0.05527648369623914,-1839.5134922540726
Boreas-Dawn,414,160152.167,168348.561,Boreas,Dawn,8196.394,8196.394,1.051178789232368,4.87,0.9536,0.9791679389312977,0.052929740107363066,-992.1216852668913
Boreas-Dawn,96,105082.908,105204.391,Boreas,Dawn,121.48300000000745,121.48300000000745,1.0011560681209928,0.12,0.9988,0.9791679389312977,0.052929740107363066,-992.1216852668913
Boreas-Dawn,413,73689.077,70422.581,Boreas,Dawn,-3266.495999999999,3266.495999999999,0.9556719105058135,4.64,1.0,0.9791679389312977,0.052929740107363066,-992.1216852668913
Elysium-Fenix,152,164700.921,165301.409,Elysium,Fenix,600.4880000000121,600.4880000000121,1.0036459298245213,0.36,0.9964,0.9777570719602977,0.055399164086247815,4312.254361379141
Boreas-Fenix,236,82451.029,132965.856,Boreas,Fenix,50514.827000000005,50514.827000000005,1.612664603615802,37.99,0.7247,0.8068014354066986,0.13514659878591953,61601.108196475456
Aegis-Dawn,226,121683.203,119881.276,Aegis,Dawn,-1801.926999999996,1801.926999999996,0.9851916537732821,1.5,1.0,0.9844383292383293,0.0367757216063089,-2180.4743005156975
Aegis-Boreas,53,67341.32,68634.958,Aegis,Boreas,1293.6379999999917,1293.6379999999917,1.0192101669524742,1.88,0.9815,0.9849621693121693,0.03408513950102227,-4121.568080328588
Boreas-Dawn,296,102861.892,107379.085,Boreas,Dawn,4517.192999999999,4517.192999999999,1.0439151265076867,4.21,0.9596,0.9791679389312977,0.052929740107363066,-992.1216852668913
Caelum-Elysium,345,163008.253,164589.469,Caelum,Elysium,1581.216000000015,1581.216000000015,1.0097002205158288,0.96,0.9905,0.9780398457583547,0.06003094589396874,1753.5802267796134
Boreas-Fenix,53,100740.194,144639.009,Boreas,Fenix,43898.81499999999,43898.81499999999,1.4357626609295588,30.35,0.7672,0.8068014354066986,0.13514659878591953,61601.108196475456
Boreas-Fenix,300,118304.365,172848.193,Boreas,Fenix,54543.827999999994,54543.827999999994,1.4610466232585755,31.56,0.7601,0.8068014354066986,0.13514659878591953,61601.108196475456
Aegis-Dawn,436,128611.25,125797.352,Aegis,Dawn,-2813.898000000001,2813.898000000001,0.9781209031091759,2.24,1.0,0.9844383292383293,0.0367757216063089,-2180.4743005156975
Dawn-Elysium,441,138899.142,133529.819,Dawn,Elysium,-5369.323000000004,5369.323000000004,0.9613437280987668,4.02,1.0,0.9839219696969698,0.04028966443660543,-3087.7173304880284
Aegis-Dawn,324,494095.345,470797.251,Aegis,Dawn,-23298.093999999983,23298.093999999983,0.9528469672184424,4.95,1.0,0.9844383292383293,0.0367757216063089,-2180.4743005156975
Caelum-Fenix,321,421032.549,433917.817,Caelum,Fenix,12885.267999999982,12885.267999999982,1.0306039711908355,2.97,0.9712,0.9796862650602409,0.04873557984945812,1731.907948738127
Caelum-Dawn,401,114268.857,111470.252,Caelum,Dawn,-2798.6050000000105,2798.6050000000105,0.9755085937369619,2.51,1.0,0.9804744471744471,0.05446466415035868,-6484.057433327288
Aegis-Elysium,389,104828.345,169909.801,Aegis,Elysium,65081.456000000006,65081.456000000006,1.620838342911929,38.3,0.723,0.7958968831168831,0.13151929136319288,77214.95699135585
Caelum-Elysium,64,205581.996,596443.735,Caelum,Elysium,390861.73899999994,390861.73899999994,2.9012449854801483,65.53,0.6041,0.9780398457583547,0.06003094589396874,1753.5802267796134
Aegis-Dawn,384,123428.237,129405.605,Aegis,Dawn,5977.368000000002,5977.368000000002,1.0484278812148957,4.62,0.9558,0.9844383292383293,0.0367757216063089,-2180.4743005156975
Boreas-Dawn,368,70699.059,71737.393,Boreas,Dawn,1038.3340000000026,1038.3340000000026,1.0146866735524727,1.45,0.9857,0.9791679389312977,0.052929740107363066,-992.1216852668913
Aegis-Boreas,10,63926.762,66208.404,Aegis,Boreas,2281.6419999999925,2281.6419999999925,1.035691499594489,3.45,0.9667,0.9849621693121693,0.03408513950102227,-4121.568080328588
Caelum-Dawn,415,122284.409,123753.919,Caelum,Dawn,1469.5099999999948,1469.5099999999948,1.012017149299875,1.19,0.9883,0.9804744471744471,0.05446466415035868,-6484.057433327288
Aegis-Elysium,463,121696.705,188574.539,Aegis,Elysium,66877.83399999999,66877.83399999999,1.5495451499693438,35.46,0.7382,0.7958968831168831,0.13151929136319288,77214.95699135585
Aegis-Dawn,306,156327.924,153643.907,Aegis,Dawn,-2684.0169999999925,2684.0169999999925,0.9828308536867668,1.75,1.0,0.9844383292383293,0.0367757216063089,-2180.4743005156975
Dawn-Elysium,215,294095.767,297747.851,Dawn,Elysium,3652.0840000000317,3652.0840000000317,1.0124180094030393,1.23,0.9879,0.9839219696969698,0.04028966443660543,-3087.7173304880284
Caelum-Fenix,68,119460.218,120632.554,Caelum,Fenix,1172.3360000000102,1172.3360000000102,1.0098136100839863,0.97,0.9904,0.9796862650602409,0.04873557984945812,1731.907948738127
Boreas-Elysium,108,558188.45,581277.92,Boreas,Elysium,23089.47000000009,23089.47000000009,1.0413650085378874,3.97,0.9618,0.9804581280788177,0.05527648369623914,-1839.5134922540726
Dawn-Fenix,62,73896.835,77415.971,Dawn,Fenix,3519.1359999999986,3519.1359999999986,1.0476222831464974,4.55,0.9565,0.9823136476426799,0.04646098172906777,-362.5543768567232
Elysium-Fenix,446,357546.021,352996.824,Elysium,Fenix,-4549.196999999986,4549.196999999986,0.9872766113092893,1.29,1.0,0.9777570719602977,0.055399164086247815,4312.254361379141
Boreas-Elysium,234,187178.633,188957.983,Boreas,Elysium,1779.3500000000058,1779.3500000000058,1.0095061598190003,0.94,0.9907,0.9804581280788177,0.05527648369623914,-1839.5134922540726
Aegis-Dawn,463,120532.944,120427.38,Aegis,Dawn,-105.56399999999849,105.56399999999849,0.9991241896489311,0.09,1.0,0.9844383292383293,0.0367757216063089,-2180.4743005156975
Caelum-Fenix,494,141398.519,138256.612,Caelum,Fenix,-3141.9070000000065,3141.9070000000065,0.9777797743412008,2.27,1.0,0.9796862650602409,0.04873557984945812,1731.907948738127
Boreas-Fenix,132,95719.536,145080.577,Boreas,Fenix,49361.041,49361.041,1.515684081460654,34.02,0.7461,0.8068014354066986,0.13514659878591953,61601.108196475456
Aegis-Dawn,204,129091.504,128799.093,Aegis,Dawn,-292.41100000000733,292.41100000000733,0.9977348548050071,0.23,1.0,0.9844383292383293,0.0367757216063089,-2180.4743005156975
Aegis-Boreas,431,64159.932,63373.173,Aegis,Boreas,-786.7589999999982,786.7589999999982,0.9877375337617254,1.24,1.0,0.9849621693121693,0.03408513950102227,-4121.568080328588
Caelum-Fenix,388,119866.384,121860.377,Caelum,Fenix,1993.9929999999877,1993.9929999999877,1.0166351309971942,1.64,0.9839,0.9796862650602409,0.04873557984945812,1731.907948738127
Aegis-Boreas,145,523398.63,548354.738,Aegis,Boreas,24956.108000000007,24956.108000000007,1.0476808813962697,4.55,0.9565,0.9849621693121693,0.03408513950102227,-4121.568080328588
Boreas-Elysium,33,1719489.789,1742553.898,Boreas,Elysium,23064.10899999994,23064.10899999994,1.0134133445557785,1.32,0.9869,0.9804581280788177,0.05527648369623914,-1839.5134922540726
Dawn-Fenix,30,90489.867,86194.282,Dawn,Fenix,-4295.584999999992,4295.584999999992,0.9525296572709075,4.98,1.0,0.9823136476426799,0.04646098172906777,-362.5543768567232
Aegis-Elysium,165,147826.261,267451.214,Aegis,Elysium,119624.95299999998,119624.95299999998,1.8092266704898934,44.73,0.691,0.7958968831168831,0.13151929136319288,77214.95699135585
Caelum-Elysium,0,121506.653,127059.396,Caelum,Elysium,5552.742999999988,5552.742999999988,1.0456990861232922,4.37,0.9581,0.9780398457583547,0.06003094589396874,1753.5802267796134
Boreas-Elysium,50,136777.992,143914.185,Boreas,Elysium,7136.192999999999,7136.192999999999,1.0521735470425682,4.96,0.9528,0.9804581280788177,0.05527648369623914,-1839.5134922540726
Caelum-Elysium,260,209092.554,200818.414,Caelum,Elysium,-8274.140000000014,8274.140000000014,0.9604283373955057,4.12,1.0,0.9780398457583547,0.06003094589396874,1753.5802267796134
Boreas-Fenix,124,487656.15,763803.695,Boreas,Fenix,276147.5449999999,276147.5449999999,1.566275120287112,36.15,0.7345,0.8068014354066986,0.13514659878591953,61601.108196475456
Caelum-Fenix,484,165724.785,166762.276,Caelum,Fenix,1037.491000000009,1037.491000000009,1.0062603249115696,0.62,0.9938,0.9796862650602409,0.04873557984945812,1731.907948738127
Caelum-Fenix,435,140795.043,136168.262,Caelum,Fenix,-4626.781000000017,4626.781000000017,0.9671381825566117,3.4,1.0,0.9796862650602409,0.04873557984945812,1731.907948738127
Dawn-Elysium,278,124533.422,130723.598,Dawn,Elysium,6190.175999999992,6190.175999999992,1.049706945337132,4.74,0.9548,0.9839219696969698,0.04028966443660543,-3087.7173304880284
Dawn-Elysium,148,103823.4,106312.033,Dawn,Elysium,2488.6330000000016,2488.6330000000016,1.0239698661380767,2.34,0.9771,0.9839219696969698,0.04028966443660543,-3087.7173304880284
Caelum-Fenix,361,183229.689,188595.734,Caelum,Fenix,5366.044999999984,5366.044999999984,1.0292858926371915,2.85,0.9723,0.9796862650602409,0.04873557984945812,1731.907948738127
Boreas-Elysium,424,324199.725,332027.09,Boreas,Elysium,7827.365000000049,7827.365000000049,1.0241436509546702,2.36,0.977,0.9804581280788177,0.05527648369623914,-1839.5134922540726
Aegis-Elysium,262,181740.44,261617.715,Aegis,Elysium,79877.275,79877.275,1.439512939442647,30.53,0.7661,0.7958968831168831,0.13151929136319288,77214.95699135585
Boreas-Dawn,271,73523.167,74567.372,Boreas,Dawn,1044.2050000000017,1044.2050000000017,1.014202394192296,1.4,0.9862,0.9791679389312977,0.052929740107363066,-992.1216852668913
Caelum-Elysium,11,136754.968,140413.668,Caelum,Elysium,3658.7000000000116,3658.7000000000116,1.0267536898549823,2.61,0.9746,0.9780398457583547,0.06003094589396874,1753.5802267796134
Aegis-Boreas,271,95846.862,97627.739,Aegis,Boreas,1780.8770000000077,1780.8770000000077,1.0185804413711532,1.82,0.9821,0.9849621693121693,0.03408513950102227,-4121.568080328588
Aegis-Boreas,244,75375.9,78681.756,Aegis,Boreas,3305.8559999999998,3305.8559999999998,1.0438582623889068,4.2,0.9597,0.9849621693121693,0.03408513950102227,-4121.568080328588
Elysium-Fenix,320,338888.948,352346.935,Elysium,Fenix,13457.987000000023,13457.987000000023,1.039712085860056,3.82,0.9632,0.9777570719602977,0.055399164086247815,4312.254361379141
Dawn-Elysium,72,174714.645,170426.443,Dawn,Elysium,-4288.20199999999,4288.20199999999,0.9754559670713352,2.52,1.0,0.9839219696969698,0.04028966443660543,-3087.7173304880284
Boreas-Elysium,32,352831.78,354686.013,Boreas,Elysium,1854.2329999999492,1854.2329999999492,1.0052552890785518,0.52,0.9948,0.9804581280788177,0.05527648369623914,-1839.5134922540726
Dawn-Elysium,240,194738.616,187740.236,Dawn,Elysium,-6998.380000000005,6998.380000000005,0.9640627003326345,3.73,1.0,0.9839219696969698,0.04028966443660543,-3087.7173304880284
Aegis-Dawn,313,115007.251,118213.866,Aegis,Dawn,3206.6149999999907,3206.6149999999907,1.0278818506843537,2.71,0.9736,0.9844383292383293,0.0367757216063089,-2180.4743005156975
Caelum-Elysium,310,174151.4,174167.748,Caelum,Elysium,16.347999999998137,16.347999999998137,1.00009387234326,0.01,0.9999,0.9780398457583547,0.06003094589396874,1753.5802267796134
Dawn-Elysium,368,112798.284,110395.235,Dawn,Elysium,-2403.048999999999,2403.048999999999,0.9786960500214702,2.18,1.0,0.9839219696969698,0.04028966443660543,-3087.7173304880284
Boreas-Dawn,304,77552.432,74167.289,Boreas,Dawn,-3385.1429999999964,3385.1429999999964,0.9563502663591518,4.56,1.0,0.9791679389312977,0.052929740107363066,-992.1216852668913
Caelum-Fenix,346,65621.664,118860.029,Caelum,Fenix,53238.36499999999,53238.36499999999,1.811292517666117,44.79,0.6907,0.9796862650602409,0.04873557984945812,1731.907948738127
Boreas-Elysium,461,201618.564,210230.979,Boreas,Elysium,8612.414999999979,8612.414999999979,1.0427163790334306,4.1,0.9606,0.9804581280788177,0.05527648369623914,-1839.5134922540726
Aegis-Dawn,45,119858.943,117010.174,Aegis,Dawn,-2848.7690000000002,2848.7690000000002,0.9762323200197085,2.43,1.0,0.9844383292383293,0.0367757216063089,-2180.4743005156975
Caelum-Dawn,241,129440.582,129646.312,Caelum,Dawn,205.73000000001048,205.73000000001048,1.0015893778969567,0.16,0.9984,0.9804744471744471,0.05446466415035868,-6484.057433327288
Aegis-Dawn,238,171605.507,175491.753,Aegis,Dawn,3886.2459999999846,3886.2459999999846,1.0226463944423414,2.21,0.9783,0.9844383292383293,0.0367757216063089,-2180.4743005156975
Aegis-Boreas,310,58954.961,61421.923,Aegis,Boreas,2466.9619999999995,2466.9619999999995,1.0418448584844284,4.02,0.9614,0.9849621693121693,0.03408513950102227,-4121.568080328588
Caelum-Elysium,21,151229.291,156287.984,Caelum,Elysium,5058.692999999999,5058.692999999999,1.0334504841393457,3.24,0.9686,0.9780398457583547,0.06003094589396874,1753.5802267796134
Aegis-Elysium,131,164404.435,221450.912,Aegis,Elysium,57046.47700000001,57046.47700000001,1.3469886746060105,25.76,0.7952,0.7958968831168831,0.13151929136319288,77214.95699135585
Elysium-Fenix,406,242610.956,239000.811,Elysium,Fenix,-3610.1450000000186,3610.1450000000186,0.9851196126526124,1.51,1.0,0.9777570719602977,0.055399164086247815,4312.254361379141
Caelum-Fenix,111,118864.021,123756.429,Caelum,Fenix,4892.40800000001,4892.40800000001,1.041159704667908,3.95,0.962,0.9796862650602409,0.04873557984945812,1731.907948738127
Boreas-Fenix,269,76646.193,142833.479,Boreas,Fenix,66187.286,66187.286,1.8635430333767522,46.34,0.6833,0.8068014354066986,0.13514659878591953,61601.108196475456
Aegis-Dawn,420,246152.792,247004.14,Aegis,Dawn,851.3480000000272,851.3480000000272,1.0034586160615233,0.34,0.9966,0.9844383292383293,0.0367757216063089,-2180.4743005156975
Caelum-Elysium,87,165749.784,159719.081,Caelum,Elysium,-6030.703000000009,6030.703000000009,0.9636156207600246,3.78,1.0,0.9780398457583547,0.06003094589396874,1753.5802267796134
Caelum-Elysium,459,203237.98,201000.467,Caelum,Elysium,-2237.5130000000063,2237.5130000000063,0.9889906748728756,1.11,1.0,0.9780398457583547,0.06003094589396874,1753.5802267796134
Aegis-Boreas,38,60506.179,60298.927,Aegis,Boreas,-207.25199999999313,207.25199999999313,0.9965746969412828,0.34,1.0,0.9849621693121693,0.03408513950102227,-4121.568080328588
Caelum-Fenix,459,132312.284,138084.286,Caelum,Fenix,5772.001999999979,5772.001999999979,1.0436240825530605,4.18,0.9599,0.9796862650602409,0.04873557984945812,1731.907948738127
Caelum-Fenix,278,379300.518,362157.157,Caelum,Fenix,-17143.360999999975,17143.360999999975,0.9548026955238696,4.73,1.0,0.9796862650602409,0.04873557984945812,1731.907948738127
Boreas-Fenix,483,466672.094,467561.391,Boreas,Fenix,889.2970000000205,889.2970000000205,1.0019056142662777,0.19,0.9981,0.8068014354066986,0.13514659878591953,61601.108196475456
Elysium-Fenix,485,193657.449,200087.314,Elysium,Fenix,6429.86500000002,6429.86500000002,1.0332022601413076,3.21,0.9689,0.9777570719602977,0.055399164086247815,4312.254361379141
Boreas-Fenix,167,359318.918,367697.058,Boreas,Fenix,8378.140000000014,8378.140000000014,1.0233167238915042,2.28,0.9777,0.8068014354066986,0.13514659878591953,61601.108196475456
Caelum-Dawn,223,133491.841,130236.631,Caelum,Dawn,-3255.209999999992,3255.209999999992,0.9756149141729195,2.5,1.0,0.9804744471744471,0.05446466415035868,-6484.057433327288
Aegis-Elysium,182,184694.161,194395.072,Aegis,Elysium,9700.910999999993,9700.910999999993,1.0525241888940928,4.99,0.9525,0.7958968831168831,0.13151929136319288,77214.95699135585
Aegis-Dawn,114,122124.883,121729.248,Aegis,Dawn,-395.63499999999476,395.63499999999476,0.9967604063129379,0.33,1.0,0.9844383292383293,0.0367757216063089,-2180.4743005156975
Elysium-Fenix,389,324100.06,323320.822,Elysium,Fenix,-779.2380000000121,779.2380000000121,0.9975956869616129,0.24,1.0,0.9777570719602977,0.055399164086247815,4312.254361379141
Aegis-Elysium,466,117732.978,169918.235,Aegis,Elysium,52185.25699999998,52185.25699999998,1.443250972552482,30.71,0.765,0.7958968831168831,0.13151929136319288,77214.95699135585
Caelum-Fenix,497,122882.062,126367.7,Caelum,Fenix,3485.6379999999917,3485.6379999999917,1.028365718667709,2.76,0.9732,0.9796862650602409,0.04873557984945812,1731.907948738127
Caelum-Dawn,42,138962.514,141821.62,Caelum,Dawn,2859.1059999999998,2859.1059999999998,1.0205746565580989,2.02,0.9802,0.9804744471744471,0.05446466415035868,-6484.057433327288
Aegis-Dawn,434,146117.001,153248.291,Aegis,Dawn,7131.290000000008,7131.290000000008,1.0488053405914073,4.65,0.9555,0.9844383292383293,0.0367757216063089,-2180.4743005156975
Boreas-Elysium,419,181051.24749094708,140923.195,Boreas,Elysium,-40128.05249094707,40128.05249094707,0.7783608064177876,28.48,1.0,0.9804581280788177,0.05527648369623914,-1839.5134922540726
Dawn-Fenix,411,85979.255,89931.231,Dawn,Fenix,3951.975999999995,3951.975999999995,1.0459642968527698,4.39,0.9579,0.9823136476426799,0.04646098172906777,-362.5543768567232
Dawn-Elysium,356,115996.933,113696.968,Dawn,Elysium,-2299.965000000011,2299.965000000011,0.9801721912768159,2.02,1.0,0.9839219696969698,0.04028966443660543,-3087.7173304880284
Aegis-Dawn,326,773762.787,800211.699,Aegis,Dawn,26448.91200000001,26448.91200000001,1.0341821969786718,3.31,0.968,0.9844383292383293,0.0367757216063089,-2180.4743005156975
Boreas-Dawn,21,72821.576,69791.654,Boreas,Dawn,-3029.922000000006,3029.922000000006,0.9583925236663375,4.34,1.0,0.9791679389312977,0.052929740107363066,-992.1216852668913
Boreas-Fenix,430,143432.331,140641.606,Boreas,Fenix,-2790.725000000006,2790.725000000006,0.9805432639869737,1.98,1.0,0.8068014354066986,0.13514659878591953,61601.108196475456
Caelum-Fenix,232,124655.053,130127.902,Caelum,Fenix,5472.849000000002,5472.849000000002,1.0439039482819843,4.21,0.9596,0.9796862650602409,0.04873557984945812,1731.907948738127
Aegis-Dawn,128,121679.048,124434.627,Aegis,Dawn,2755.578999999998,2755.578999999998,1.0226462899348128,2.21,0.9783,0.9844383292383293,0.0367757216063089,-2180.4743005156975
Caelum-Fenix,430,222154.933,223337.236,Caelum,Fenix,1182.3030000000144,1182.3030000000144,1.0053219750020137,0.53,0.9947,0.9796862650602409,0.04873557984945812,1731.907948738127
Caelum-Elysium,353,143782.064,141680.083,Caelum,Elysium,-2101.9809999999998,2101.9809999999998,0.9853807843515169,1.48,1.0,0.9780398457583547,0.06003094589396874,1753.5802267796134
Aegis-Boreas,390,74480.917,75005.738,Aegis,Boreas,524.8209999999963,524.8209999999963,1.0070463820954298,0.7,0.9931,0.9849621693121693,0.03408513950102227,-4121.568080328588
Caelum-Fenix,345,138002.045,140330.618,Caelum,Fenix,2328.572999999975,2328.572999999975,1.0168734673460815,1.66,0.9837,0.9796862650602409,0.04873557984945812,1731.907948738127
Elysium-Fenix,350,224651.712,221307.984,Elysium,Fenix,-3343.728000000003,3343.728000000003,0.9851159469463557,1.51,1.0,0.9777570719602977,0.055399164086247815,4312.254361379141
Caelum-Elysium,490,145197.568,141618.273,Caelum,Elysium,-3579.295000000013,3579.295000000013,0.975348795098276,2.53,1.0,0.9780398457583547,0.06003094589396874,1753.5802267796134
Aegis-Boreas,400,133428.099,132981.445,Aegis,Boreas,-446.65399999998044,446.65399999998044,0.9966524742288355,0.34,1.0,0.9849621693121693,0.03408513950102227,-4121.568080328588
Caelum-Dawn,359,145754.896,141695.715,Caelum,Dawn,-4059.1810000000114,4059.1810000000114,0.9721506370530427,2.86,1.0,0.9804744471744471,0.05446466415035868,-6484.057433327288
Aegis-Boreas,46,65379.436,68334.016,Aegis,Boreas,2954.5800000000017,2954.5800000000017,1.0451912739045348,4.32,0.9586,0.9849621693121693,0.03408513950102227,-4121.568080328588
Elysium-Fenix,253,181051.24749094708,323483.191,Elysium,Fenix,142431.94350905292,142431.94350905292,1.7866940740973065,44.03,0.6943,0.9777570719602977,0.055399164086247815,4312.254361379141
Elysium-Fenix,409,173232.646,166791.454,Elysium,Fenix,-6441.19200000001,6441.19200000001,0.962817678141336,3.86,1.0,0.9777570719602977,0.055399164086247815,4312.254361379141
Caelum-Elysium,142,769201.959,739192.331,Caelum,Elysium,-30009.628000000026,30009.628000000026,0.9609860223977926,4.06,1.0,0.9780398457583547,0.06003094589396874,1753.5802267796134
Caelum-Elysium,226,160191.877,167354.145,Caelum,Elysium,7162.267999999982,7162.267999999982,1.0447105567031965,4.28,0.959,0.9780398457583547,0.06003094589396874,1753.5802267796134
Elysium-Fenix,324,160797.884,163981.359,Elysium,Fenix,3183.475000000006,3183.475000000006,1.0197979906252996,1.94,0.981,0.9777570719602977,0.055399164086247815,4312.254361379141
Boreas-Elysium,421,204921.459,195875.94,Boreas,Elysium,-9045.519,9045.519,0.9558586053205878,4.62,1.0,0.9804581280788177,0.05527648369623914,-1839.5134922540726
Boreas-Dawn,250,89913.617,86071.026,Boreas,Dawn,-3842.5910000000003,3842.5910000000003,0.957263525501371,4.46,1.0,0.9791679389312977,0.052929740107363066,-992.1216852668913
Elysium-Fenix,298,289483.451,288049.719,Elysium,Fenix,-1433.7320000000182,1433.7320000000182,0.9950472747404133,0.5,1.0,0.9777570719602977,0.055399164086247815,4312.254361379141
Dawn-Elysium,407,105338.607,107986.945,Dawn,Elysium,2648.3380000000034,2648.3380000000034,1.0251411906367816,2.45,0.9761,0.9839219696969698,0.04028966443660543,-3087.7173304880284
Caelum-Fenix,62,117668.549,122837.476,Caelum,Fenix,5168.926999999996,5168.926999999996,1.0439278553524103,4.21,0.9596,0.9796862650602409,0.04873557984945812,1731.907948738127
Aegis-Boreas,338,69794.718,67301.327,Aegis,Boreas,-2493.3909999999887,2493.3909999999887,0.9642753624994947,3.7,1.0,0.9849621693121693,0.03408513950102227,-4121.568080328588
Aegis-Boreas,215,109559.147,109023.737,Aegis,Boreas,-535.4100000000035,535.4100000000035,0.9951130506702466,0.49,1.0,0.9849621693121693,0.03408513950102227,-4121.568080328588
Caelum-Elysium,163,128084.422,129650.297,Caelum,Elysium,1565.875,1565.875,1.0122253352558361,1.21,0.9881,0.9780398457583547,0.06003094589396874,1753.5802267796134
Aegis-Elysium,341,159148.768,159747.587,Aegis,Elysium,598.8189999999886,598.8189999999886,1.0037626367299306,0.37,0.9963,0.7958968831168831,0.13151929136319288,77214.95699135585
Dawn-Fenix,484,92862.107,93015.106,Dawn,Fenix,152.99899999999616,152.99899999999616,1.0016475934581153,0.16,0.9984,0.9823136476426799,0.04646098172906777,-362.5543768567232
Caelum-Elysium,394,251581.276,251862.082,Caelum,Elysium,280.8059999999823,280.8059999999823,1.0011161641456974,0.11,0.9989,0.9780398457583547,0.06003094589396874,1753.5802267796134
Caelum-Elysium,140,221971.813,229943.31,Caelum,Elysium,7971.497000000003,7971.497000000003,1.0359122038616677,3.47,0.9665,0.9780398457583547,0.06003094589396874,1753.5802267796134
Aegis-Boreas,329,102101.899,101250.258,Aegis,Boreas,-851.6410000000033,851.6410000000033,0.9916589112607984,0.84,1.0,0.9849621693121693,0.03408513950102227,-4121.568080328588
Caelum-Dawn,4,280055.746,286875.23,Caelum,Dawn,6819.483999999997,6819.483999999997,1.0243504519989388,2.38,0.9768,0.9804744471744471,0.05446466415035868,-6484.057433327288
Elysium-Fenix,231,506738.115,495347.573,Elysium,Fenix,-11390.542000000016,11390.542000000016,0.9775218368959674,2.3,1.0,0.9777570719602977,0.055399164086247815,4312.254361379141
Caelum-Dawn,115,108577.963,113061.879,Caelum,Dawn,4483.915999999997,4483.915999999997,1.0412967408497062,3.97,0.9619,0.9804744471744471,0.05446466415035868,-6484.057433327288
Elysium-Fenix,301,211431.793,213183.736,Elysium,Fenix,1751.9429999999993,1751.9429999999993,1.0082860906353852,0.82,0.9918,0.9777570719602977,0.055399164086247815,4312.254361379141
Boreas-Elysium,322,140249.79,133908.699,Boreas,Elysium,-6341.091000000015,6341.091000000015,0.9547871622481573,4.74,1.0,0.9804581280788177,0.05527648369623914,-1839.5134922540726
Caelum-Fenix,197,231534.974,227271.514,Caelum,Fenix,-4263.459999999992,4263.459999999992,0.9815861080235766,1.88,1.0,0.9796862650602409,0.04873557984945812,1731.907948738127
Caelum-Elysium,49,276995.514,284033.743,Caelum,Elysium,7038.228999999992,7038.228999999992,1.02540918045337,2.48,0.9758,0.9780398457583547,0.06003094589396874,1753.5802267796134
Aegis-Elysium,458,108481.874,182804.298,Aegis,Elysium,74322.42400000001,74322.42400000001,1.6851137545798667,40.66,0.711,0.7958968831168831,0.13151929136319288,77214.95699135585
Aegis-Boreas,171,466189.595,446188.316,Aegis,Boreas,-20001.27899999998,20001.27899999998,0.9570962560843942,4.48,1.0,0.9849621693121693,0.03408513950102227,-4121.568080328588
Caelum-Fenix,203,123926.025,119496.373,Caelum,Fenix,-4429.651999999987,4429.651999999987,0.9642556759163381,3.71,1.0,0.9796862650602409,0.04873557984945812,1731.907948738127
Dawn-Fenix,20,269479.411,273018.669,Dawn,Fenix,3539.2579999999725,3539.2579999999725,1.0131336861204583,1.3,0.9872,0.9823136476426799,0.04646098172906777,-362.5543768567232
Caelum-Elysium,69,153047.575,151388.578,Caelum,Elysium,-1658.997000000003,1658.997000000003,0.9891602529474903,1.1,1.0,0.9780398457583547,0.06003094589396874,1753.5802267796134
Caelum-Fenix,226,607970.992,604639.878,Caelum,Fenix,-3331.113999999943,3331.113999999943,0.9945209326697614,0.55,1.0,0.9796862650602409,0.04873557984945812,1731.907948738127
Dawn-Elysium,388,157351.048,151815.465,Dawn,Elysium,-5535.583000000013,5535.583000000013,0.9648201707560282,3.65,1.0,0.9839219696969698,0.04028966443660543,-3087.7173304880284
Dawn-Elysium,436,223721.138,231899.351,Dawn,Elysium,8178.212999999989,8178.212999999989,1.0365553879848401,3.53,0.9659,0.9839219696969698,0.04028966443660543,-3087.7173304880284
Aegis-Dawn,438,139671.186,133326.379,Aegis,Dawn,-6344.807000000001,6344.807000000001,0.9545732575078155,4.76,1.0,0.9844383292383293,0.0367757216063089,-2180.4743005156975
Aegis-Boreas,60,88072.531,84370.571,Aegis,Boreas,-3701.9600000000064,3701.9600000000064,0.9579669170629376,4.39,1.0,0.9849621693121693,0.03408513950102227,-4121.568080328588
Aegis-Elysium,240,181051.24749094708,227568.722,Aegis,Elysium,46517.47450905293,46517.47450905293,1.2569298756772107,20.44,0.8303,0.7958968831168831,0.13151929136319288,77214.95699135585
Dawn-Fenix,9,181051.24749094708,89320.852,Dawn,Fenix,-91730.39549094708,91730.39549094708,0.4933456865822823,102.7,1.0,0.9823136476426799,0.04646098172906777,-362.5543768567232
Boreas-Elysium,120,424066.078,438894.903,Boreas,Elysium,14828.825000000012,14828.825000000012,1.0349681942727804,3.38,0.9673,0.9804581280788177,0.05527648369623914,-1839.5134922540726
Boreas-Dawn,24,92826.725,92230.293,Boreas,Dawn,-596.4320000000007,596.4320000000007,0.9935747814005073,0.65,1.0,0.9791679389312977,0.052929740107363066,-992.1216852668913
Aegis-Boreas,153,70457.524,70618.932,Aegis,Boreas,161.4079999999958,161.4079999999958,1.0022908554095655,0.23,0.9977,0.9849621693121693,0.03408513950102227,-4121.568080328588
Aegis-Boreas,481,64599.981,67519.476,Aegis,Boreas,2919.4949999999953,2919.4949999999953,1.0451934343448182,4.32,0.9586,0.9849621693121693,0.03408513950102227,-4121.568080328588
Caelum-Fenix,460,141408.771,144618.699,Caelum,Fenix,3209.9279999999853,3209.9279999999853,1.0226996386242546,2.22,0.9783,0.9796862650602409,0.04873557984945812,1731.907948738127
Caelum-Elysium,420,144080.534,143950.884,Caelum,Elysium,-129.65000000002328,129.65000000002328,0.9991001560280168,0.09,1.0,0.9780398457583547,0.06003094589396874,1753.5802267796134
Boreas-Dawn,262,122453.056,117798.452,Boreas,Dawn,-4654.603999999992,4654.603999999992,0.9619886660893135,3.95,1.0,0.9791679389312977,0.052929740107363066,-992.1216852668913
Aegis-Dawn,250,256752.129,255587.99,Aegis,Dawn,-1164.1389999999956,1164.1389999999956,0.9954659032252855,0.46,1.0,0.9844383292383293,0.0367757216063089,-2180.4743005156975
Boreas-Dawn,285,89015.499,89369.688,Boreas,Dawn,354.1889999999985,354.1889999999985,1.0039789587653718,0.4,0.9961,0.9791679389312977,0.052929740107363066,-992.1216852668913
Dawn-Elysium,1,727321.242,271436.659,Dawn,Elysium,-455884.583,455884.583,0.3732005107586284,167.95,1.0,0.9839219696969698,0.04028966443660543,-3087.7173304880284
Boreas-Fenix,211,130707.071,158675.402,Boreas,Fenix,27968.331000000006,27968.331000000006,1.2139771841417824,17.63,0.8502,0.8068014354066986,0.13514659878591953,61601.108196475456
Dawn-Elysium,345,121345.22,124049.695,Dawn,Elysium,2704.475000000006,2704.475000000006,1.022287445685953,2.18,0.9787,0.9839219696969698,0.04028966443660543,-3087.7173304880284
Caelum-Fenix,193,120458.385,116427.017,Caelum,Fenix,-4031.3679999999877,4031.3679999999877,0.9665331060183151,3.46,1.0,0.9796862650602409,0.04873557984945812,1731.907948738127
Aegis-Elysium,333,158290.767,153166.585,Aegis,Elysium,-5124.182000000001,5124.182000000001,0.9676280423860729,3.35,1.0,0.7958968831168831,0.13151929136319288,77214.95699135585
Dawn-Fenix,335,141358.397,135014.389,Dawn,Fenix,-6344.008000000002,6344.008000000002,0.9551211096430302,4.7,1.0,0.9823136476426799,0.04646098172906777,-362.5543768567232
Boreas-Fenix,354,1189290.069,1154488.397,Boreas,Fenix,-34801.67199999979,34801.67199999979,0.9707374400012754,3.01,1.0,0.8068014354066986,0.13514659878591953,61601.108196475456
Aegis-Boreas,186,181051.24749094708,84102.473,Aegis,Boreas,-96948.77449094708,96948.77449094708,0.46452302409131585,115.27,1.0,0.9849621693121693,0.03408513950102227,-4121.568080328588
Aegis-Elysium,136,94332.561,151909.09,Aegis,Elysium,57576.528999999995,57576.528999999995,1.6103568946887807,37.9,0.7252,0.7958968831168831,0.13151929136319288,77214.95699135585
Boreas-Elysium,58,151413.934,151345.524,Boreas,Elysium,-68.41000000000349,68.41000000000349,0.9995481921762894,0.05,1.0,0.9804581280788177,0.05527648369623914,-1839.5134922540726
Dawn-Fenix,22,408966.746,410636.334,Dawn,Fenix,1669.5879999999888,1669.5879999999888,1.0040824541758708,0.41,0.996,0.9823136476426799,0.04646098172906777,-362.5543768567232
Aegis-Boreas,148,75195.298,78170.164,Aegis,Boreas,2974.866000000009,2974.866000000009,1.0395618619664226,3.81,0.9633,0.9849621693121693,0.03408513950102227,-4121.568080328588
Caelum-Fenix,124,205165.532,204956.837,Caelum,Fenix,-208.69500000000698,208.69500000000698,0.9989827969739088,0.1,1.0,0.9796862650602409,0.04873557984945812,1731.907948738127
Caelum-Dawn,363,120347.01,123520.353,Caelum,Dawn,3173.343000000008,3173.343000000008,1.026368274542093,2.57,0.975,0.9804744471744471,0.05446466415035868,-6484.057433327288
Boreas-Fenix,366,161812.377,154433.326,Boreas,Fenix,-7379.051000000007,7379.051000000007,0.9543974871588469,4.78,1.0,0.8068014354066986,0.13514659878591953,61601.108196475456
Caelum-Elysium,276,146777.477,152498.492,Caelum,Elysium,5721.014999999985,5721.014999999985,1.0389774720000124,3.75,0.9638,0.9780398457583547,0.06003094589396874,1753.5802267796134
Aegis-Elysium,386,106337.071,174481.631,Aegis,Elysium,68144.56,68144.56,1.6408354053686507,39.06,0.7191,0.7958968831168831,0.13151929136319288,77214.95699135585
Elysium-Fenix,171,165002.736,173209.097,Elysium,Fenix,8206.361000000004,8206.361000000004,1.0497346965204262,4.74,0.9548,0.9777570719602977,0.055399164086247815,4312.254361379141
Dawn-Elysium,459,177242.566,176441.041,Dawn,Elysium,-801.5249999999942,801.5249999999942,0.9954778075149284,0.45,1.0,0.9839219696969698,0.04028966443660543,-3087.7173304880284
Caelum-Elysium,129,150890.228,157761.274,Caelum,Elysium,6871.046000000002,6871.046000000002,1.045536719581337,4.36,0.9583,0.9780398457583547,0.06003094589396874,1753.5802267796134
Dawn-Fenix,396,174076.09,173506.405,Dawn,Fenix,-569.6849999999977,569.6849999999977,0.9967273793890936,0.33,1.0,0.9823136476426799,0.04646098172906777,-362.5543768567232
Caelum-Dawn,28,114045.301,116908.348,Caelum,Dawn,2863.0469999999914,2863.0469999999914,1.0251044714240352,2.45,0.9761,0.9804744471744471,0.05446466415035868,-6484.057433327288
Boreas-Fenix,469,178263.127,307295.298,Boreas,Fenix,129032.171,129032.171,1.7238298417148263,41.99,0.7043,0.8068014354066986,0.13514659878591953,61601.108196475456
Dawn-Fenix,207,79179.54,77067.805,Dawn,Fenix,-2111.7350000000006,2111.7350000000006,0.9733297894885472,2.74,1.0,0.9823136476426799,0.04646098172906777,-362.5543768567232
Boreas-Dawn,208,74097.956,73571.147,Boreas,Dawn,-526.8090000000084,526.8090000000084,0.9928903706871481,0.72,1.0,0.9791679389312977,0.052929740107363066,-992.1216852668913
Boreas-Fenix,453,158185.201,157223.585,Boreas,Fenix,-961.6160000000091,961.6160000000091,0.9939209483951662,0.61,1.0,0.8068014354066986,0.13514659878591953,61601.108196475456
Aegis-Boreas,454,102992.728,98975.305,Aegis,Boreas,-4017.42300000001,4017.42300000001,0.9609931392437725,4.06,1.0,0.9849621693121693,0.03408513950102227,-4121.568080328588
Aegis-Dawn,109,212563.45,203134.44,Aegis,Dawn,-9429.01000000001,9429.01000000001,0.9556414331814806,4.64,1.0,0.9844383292383293,0.0367757216063089,-2180.4743005156975
Caelum-Fenix,263,126355.056,121055.912,Caelum,Fenix,-5299.144,5299.144,0.9580614803415544,4.38,1.0,0.9796862650602409,0.04873557984945812,1731.907948738127
Dawn-Fenix,81,128833.264,124367.397,Dawn,Fenix,-4465.866999999998,4465.866999999998,0.9653360719014307,3.59,1.0,0.9823136476426799,0.04646098172906777,-362.5543768567232
Boreas-Elysium,74,743541.549,336760.646,Boreas,Elysium,-406780.903,406780.903,0.4529143616155874,120.79,1.0,0.9804581280788177,0.05527648369623914,-1839.5134922540726
Caelum-Fenix,52,869107.603,850676.567,Caelum,Fenix,-18431.035999999964,18431.035999999964,0.9787931483554172,2.17,1.0,0.9796862650602409,0.04873557984945812,1731.907948738127
Dawn-Elysium,373,161988.724,159605.409,Dawn,Elysium,-2383.314999999973,2383.314999999973,0.9852871549256726,1.49,1.0,0.9839219696969698,0.04028966443660543,-3087.7173304880284
Boreas-Dawn,122,136425.109,134342.963,Boreas,Dawn,-2082.146000000008,2082.146000000008,0.9847378095186274,1.55,1.0,0.9791679389312977,0.052929740107363066,-992.1216852668913
Dawn-Elysium,183,123554.0,118320.702,Dawn,Elysium,-5233.297999999995,5233.297999999995,0.957643637599754,4.42,1.0,0.9839219696969698,0.04028966443660543,-3087.7173304880284
Dawn-Fenix,252,736273.02,702294.702,Dawn,Fenix,-33978.31799999997,33978.31799999997,0.9538509261143373,4.84,1.0,0.9823136476426799,0.04646098172906777,-362.5543768567232
Aegis-Boreas,40,133598.773,134684.186,Aegis,Boreas,1085.4130000000005,1085.4130000000005,1.00812442341817,0.81,0.992,0.9849621693121693,0.03408513950102227,-4121.568080328588
Boreas-Elysium,89,109140.934,107709.972,Boreas,Elysium,-1430.9619999999995,1430.9619999999995,0.9868888605992688,1.33,1.0,0.9804581280788177,0.05527648369623914,-1839.5134922540726
Caelum-Elysium,424,181051.24749094708,203505.212,Caelum,Elysium,22453.964509052923,22453.964509052923,1.1240199381126919,11.03,0.9006,0.9780398457583547,0.06003094589396874,1753.5802267796134
Boreas-Elysium,175,128000.072,124180.286,Boreas,Elysium,-3819.7860000000073,3819.7860000000073,0.9701579386611594,3.08,1.0,0.9804581280788177,0.05527648369623914,-1839.5134922540726
Aegis-Boreas,74,146595.094,140876.9,Aegis,Boreas,-5718.194000000018,5718.194000000018,0.9609932785335912,4.06,1.0,0.9849621693121693,0.03408513950102227,-4121.568080328588
Elysium-Fenix,425,1412028.088,1353049.272,Elysium,Fenix,-58978.815999999875,58978.815999999875,0.9582311311642975,4.36,1.0,0.9777570719602977,0.055399164086247815,4312.254361379141
Elysium-Fenix,416,518424.763,172576.247,Elysium,Fenix,-345848.51599999995,345848.51599999995,0.3328858097004136,200.4,1.0,0.9777570719602977,0.055399164086247815,4312.254361379141
Boreas-Fenix,157,211138.502,309344.511,Boreas,Fenix,98206.00899999999,98206.00899999999,1.4651260100348726,31.75,0.759,0.8068014354066986,0.13514659878591953,61601.108196475456
Caelum-Dawn,180,308822.291,319183.193,Caelum,Dawn,10360.902000000002,10360.902000000002,1.0335497219661518,3.25,0.9686,0.9804744471744471,0.05446466415035868,-6484.057433327288
Boreas-Elysium,76,155174.883,148245.837,Boreas,Elysium,-6929.046000000002,6929.046000000002,0.9553468585505555,4.67,1.0,0.9804581280788177,0.05527648369623914,-1839.5134922540726
Aegis-Boreas,441,96948.354,94896.235,Aegis,Boreas,-2052.119000000006,2052.119000000006,0.9788328639390824,2.16,1.0,0.9849621693121693,0.03408513950102227,-4121.568080328588
Boreas-Elysium,51,191539.743,185840.278,Boreas,Elysium,-5699.4649999999965,5699.4649999999965,0.9702439561068013,3.07,1.0,0.9804581280788177,0.05527648369623914,-1839.5134922540726
Boreas-Fenix,41,408930.157,595254.338,Boreas,Fenix,186324.18099999998,186324.18099999998,1.4556381519204022,31.3,0.7616,0.8068014354066986,0.13514659878591953,61601.108196475456
Aegis-Elysium,301,234800.471,244048.135,Aegis,Elysium,9247.664000000019,9247.664000000019,1.0393852020850505,3.79,0.9635,0.7958968831168831,0.13151929136319288,77214.95699135585
Caelum-Dawn,430,154626.031,157391.019,Caelum,Dawn,2764.988000000012,2764.988000000012,1.017881775675921,1.76,0.9827,0.9804744471744471,0.05446466415035868,-6484.057433327288
Aegis-Elysium,304,97179.252,168429.238,Aegis,Elysium,71249.98600000002,71249.98600000002,1.7331810497985725,42.3,0.7027,0.7958968831168831,0.13151929136319288,77214.95699135585
Aegis-Boreas,236,330178.724,332481.736,Aegis,Boreas,2303.011999999988,2303.011999999988,1.0069750466417091,0.69,0.9931,0.9849621693121693,0.03408513950102227,-4121.568080328588
Dawn-Elysium,495,111183.735,115514.855,Dawn,Elysium,4331.119999999995,4331.119999999995,1.0389546186769134,3.75,0.9639,0.9839219696969698,0.04028966443660543,-3087.7173304880284
Boreas-Fenix,99,137492.392,143634.505,Boreas,Fenix,6142.113000000012,6142.113000000012,1.044672384490918,4.28,0.959,0.8068014354066986,0.13514659878591953,61601.108196475456
Dawn-Elysium,116,189700.992,186380.22,Dawn,Elysium,-3320.771999999997,3320.771999999997,0.9824947040867346,1.78,1.0,0.9839219696969698,0.04028966443660543,-3087.7173304880284
Boreas-Fenix,73,156660.616,250400.176,Boreas,Fenix,93739.56,93739.56,1.598360726476398,37.44,0.7276,0.8068014354066986,0.13514659878591953,61601.108196475456
Caelum-Dawn,280,193280.463,187015.784,Caelum,Dawn,-6264.678999999975,6264.678999999975,0.9675876242080402,3.35,1.0,0.9804744471744471,0.05446466415035868,-6484.057433327288
Caelum-Dawn,186,189040.555,180632.101,Caelum,Dawn,-8408.453999999998,8408.453999999998,0.9555203696899853,4.66,1.0,0.9804744471744471,0.05446466415035868,-6484.057433327288
Caelum-Elysium,453,380916.557,394810.131,Caelum,Elysium,13893.574000000022,13893.574000000022,1.0364740616932544,3.52,0.966,0.9780398457583547,0.06003094589396874,1753.5802267796134
Boreas-Fenix,268,143733.671,144810.346,Boreas,Fenix,1076.6749999999884,1076.6749999999884,1.0074907639421524,0.74,0.9926,0.8068014354066986,0.13514659878591953,61601.108196475456
Caelum-Fenix,223,404937.316,139937.769,Caelum,Fenix,-264999.547,264999.547,0.34557884262758337,189.37,1.0,0.9796862650602409,0.04873557984945812,1731.907948738127
Boreas-Elysium,106,181051.24749094708,711243.95,Boreas,Elysium,530192.7025090528,530192.7025090528,3.9284123134007323,74.54,0.5729,0.9804581280788177,0.05527648369623914,-1839.5134922540726
Boreas-Fenix,179,145255.479,141585.716,Boreas,Fenix,-3669.7630000000063,3669.7630000000063,0.9747358032532459,2.59,1.0,0.8068014354066986,0.13514659878591953,61601.108196475456
Boreas-Fenix,261,317220.368,321970.299,Boreas,Fenix,4749.930999999982,4749.930999999982,1.0149736003080356,1.48,0.9855,0.8068014354066986,0.13514659878591953,61601.108196475456
Dawn-Elysium,188,316953.782,302313.479,Dawn,Elysium,-14640.303000000014,14640.303000000014,0.9538093443541872,4.84,1.0,0.9839219696969698,0.04028966443660543,-3087.7173304880284
Aegis-Elysium,387,127598.684,170781.936,Aegis,Elysium,43183.25199999999,43183.25199999999,1.3384302302051956,25.29,0.7982,0.7958968831168831,0.13151929136319288,77214.95699135585
Elysium-Fenix,131,163422.387,163559.68,Elysium,Fenix,137.29300000000512,137.29300000000512,1.0008401113367658,0.08,0.9992,0.9777570719602977,0.055399164086247815,4312.254361379141
Dawn-Fenix,426,69780.18,72625.93,Dawn,Fenix,2845.75,2845.75,1.040781637421973,3.92,0.9623,0.9823136476426799,0.04646098172906777,-362.5543768567232
Aegis-Elysium,279,191573.277,182451.805,Aegis,Elysium,-9121.472000000009,9121.472000000009,0.952386511611429,5.0,1.0,0.7958968831168831,0.13151929136319288,77214.95699135585
Elysium-Fenix,379,313869.682,302475.54,Elysium,Fenix,-11394.141999999993,11394.141999999993,0.9636978572527435,3.77,1.0,0.9777570719602977,0.055399164086247815,4312.254361379141
Boreas-Dawn,55,73579.587,71970.634,Boreas,Dawn,-1608.952999999994,1608.952999999994,0.978133160763732,2.24,1.0,0.9791679389312977,0.052929740107363066,-992.1216852668913
Dawn-Fenix,422,71151.705,74200.251,Dawn,Fenix,3048.546000000002,3048.546000000002,1.042845719579032,4.11,0.9605,0.9823136476426799,0.04646098172906777,-362.5543768567232
Caelum-Dawn,190,118658.292,118171.238,Caelum,Dawn,-487.0540000000037,487.0540000000037,0.9958953226800197,0.41,1.0,0.9804744471744471,0.05446466415035868,-6484.057433327288
Dawn-Elysium,66,153661.964,161262.558,Dawn,Elysium,7600.593999999983,7600.593999999983,1.049463079880978,4.71,0.955,0.9839219696969698,0.04028966443660543,-3087.7173304880284
Dawn-Elysium,302,150295.829,148254.609,Dawn,Elysium,-2041.2200000000012,2041.2200000000012,0.9864186517112195,1.38,1.0,0.9839219696969698,0.04028966443660543,-3087.7173304880284
Elysium-Fenix,126,181051.24749094708,299816.468,Elysium,Fenix,118765.22050905292,118765.22050905292,1.655975709391295,39.61,0.7163,0.9777570719602977,0.055399164086247815,4312.254361379141
Caelum-Elysium,94,374227.435,380141.0,Caelum,Elysium,5913.565000000002,5913.565000000002,1.0158020616526953,1.56,0.9847,0.9780398457583547,0.06003094589396874,1753.5802267796134
Boreas-Dawn,420,69097.452,72071.509,Boreas,Dawn,2974.0570000000007,2974.0570000000007,1.0430414858133987,4.13,0.9604,0.9791679389312977,0.052929740107363066,-992.1216852668913
Aegis-Dawn,13,148540.912,143412.904,Aegis,Dawn,-5128.008000000002,5128.008000000002,0.965477470610925,3.58,1.0,0.9844383292383293,0.0367757216063089,-2180.4743005156975
Caelum-Fenix,177,171790.104,171223.912,Caelum,Fenix,-566.1919999999809,566.1919999999809,0.9967041640535943,0.33,1.0,0.9796862650602409,0.04873557984945812,1731.907948738127
Aegis-Elysium,308,106976.013,177560.186,Aegis,Elysium,70584.17299999998,70584.17299999998,1.6598130835180778,39.75,0.7156,0.7958968831168831,0.13151929136319288,77214.95699135585
Aegis-Dawn,414,194858.03,187346.74,Aegis,Dawn,-7511.290000000008,7511.290000000008,0.9614524995454382,4.01,1.0,0.9844383292383293,0.0367757216063089,-2180.4743005156975
Caelum-Dawn,452,181051.24749094708,117534.485,Caelum,Dawn,-63516.762490947076,63516.762490947076,0.6491779903691465,54.04,1.0,0.9804744471744471,0.05446466415035868,-6484.057433327288
Caelum-Elysium,195,130523.749,127382.571,Caelum,Elysium,-3141.178,3141.178,0.9759340501321334,2.47,1.0,0.9780398457583547,0.06003094589396874,1753.5802267796134
Caelum-Fenix,242,126268.464,125850.867,Caelum,Fenix,-417.59700000000885,417.59700000000885,0.9966927846687039,0.33,1.0,0.9796862650602409,0.04873557984945812,1731.907948738127
Caelum-Dawn,156,126549.18,123308.015,Caelum,Dawn,-3241.1649999999936,3241.1649999999936,0.9743880995514945,2.63,1.0,0.9804744471744471,0.05446466415035868,-6484.057433327288
Boreas-Elysium,198,91943.758,96489.474,Boreas,Elysium,4545.716,4545.716,1.04944018059388,4.71,0.955,0.9804581280788177,0.05527648369623914,-1839.5134922540726
Aegis-Dawn,274,129890.911,130489.334,Aegis,Dawn,598.4230000000098,598.4230000000098,1.0046071198930926,0.46,0.9954,0.9844383292383293,0.0367757216063089,-2180.4743005156975
Caelum-Fenix,425,181051.24749094708,145366.29,Caelum,Fenix,-35684.95749094707,35684.95749094707,0.8029013443128505,24.55,1.0,0.9796862650602409,0.04873557984945812,1731.907948738127
Aegis-Dawn,443,165283.28,158653.87,Aegis,Dawn,-6629.4100000000035,6629.4100000000035,0.9598906193052316,4.18,1.0,0.9844383292383293,0.0367757216063089,-2180.4743005156975
Aegis-Dawn,322,136309.15,134220.967,Aegis,Dawn,-2088.18299999999,2088.18299999999,0.9846805368531754,1.56,1.0,0.9844383292383293,0.0367757216063089,-2180.4743005156975
Caelum-Fenix,277,226745.196,234476.177,Caelum,Fenix,7730.981,7730.981,1.0340954566464111,3.3,0.9681,0.9796862650602409,0.04873557984945812,1731.907948738127
Aegis-Boreas,164,143977.423,139924.089,Aegis,Boreas,-4053.3340000000026,4053.3340000000026,0.971847433329877,2.9,1.0,0.9849621693121693,0.03408513950102227,-4121.568080328588
Dawn-Elysium,47,163912.703,163666.761,Dawn,Elysium,-245.94200000001,245.94200000001,0.9984995549734788,0.15,1.0,0.9839219696969698,0.04028966443660543,-3087.7173304880284
Caelum-Elysium,483,135311.564,138725.194,Caelum,Elysium,3413.6299999999756,3413.6299999999756,1.0252279250870233,2.46,0.976,0.9780398457583547,0.06003094589396874,1753.5802267796134
Boreas-Fenix,38,133883.546,251385.284,Boreas,Fenix,117501.73800000001,117501.73800000001,1.8776413645333236,46.74,0.6815,0.8068014354066986,0.13514659878591953,61601.108196475456
Elysium-Fenix,224,181051.24749094708,388928.567,Elysium,Fenix,207877.3195090529,207877.3195090529,2.1481683909383014,53.45,0.6517,0.9777570719602977,0.055399164086247815,4312.254361379141
Aegis-Elysium,311,150061.393,231993.583,Aegis,Elysium,81932.19,81932.19,1.5459911331091003,35.32,0.739,0.7958968831168831,0.13151929136319288,77214.95699135585
Elysium-Fenix,338,163680.105,168257.798,Elysium,Fenix,4577.692999999999,4577.692999999999,1.0279673146592863,2.72,0.9735,0.9777570719602977,0.055399164086247815,4312.254361379141
Dawn-Elysium,497,106417.294,105819.419,Dawn,Elysium,-597.875,597.875,0.9943817872309364,0.56,1.0,0.9839219696969698,0.04028966443660543,-3087.7173304880284
Elysium-Fenix,68,322914.718,313139.631,Elysium,Fenix,-9775.087,9775.087,0.9697285801633855,3.12,1.0,0.9777570719602977,0.055399164086247815,4312.254361379141
Caelum-Dawn,300,197223.996,198733.651,Caelum,Dawn,1509.6549999999988,1509.6549999999988,1.0076545198891518,0.76,0.9925,0.9804744471744471,0.05446466415035868,-6484.057433327288
Caelum-Dawn,310,136237.599,143209.766,Caelum,Dawn,6972.167000000016,6972.167000000016,1.051176525798873,4.87,0.9536,0.9804744471744471,0.05446466415035868,-6484.057433327288
Aegis-Boreas,327,70868.729,72656.482,Aegis,Boreas,1787.752999999997,1787.752999999997,1.0252262602310815,2.46,0.976,0.9849621693121693,0.03408513950102227,-4121.568080328588
Boreas-Elysium,490,105695.701,107256.401,Boreas,Elysium,1560.699999999997,1560.699999999997,1.0147659742566066,1.46,0.9857,0.9804581280788177,0.05527648369623914,-1839.5134922540726
Elysium-Fenix,120,298327.614,286963.323,Elysium,Fenix,-11364.291000000027,11364.291000000027,0.9619066741840397,3.96,1.0,0.9777570719602977,0.055399164086247815,4312.254361379141
Caelum-Fenix,408,120353.285,120000.878,Caelum,Fenix,-352.4070000000065,352.4070000000065,0.9970718954617649,0.29,1.0,0.9796862650602409,0.04873557984945812,1731.907948738127
Aegis-Dawn,332,175753.893,170035.715,Aegis,Dawn,-5718.178000000014,5718.178000000014,0.9674648572364766,3.36,1.0,0.9844383292383293,0.0367757216063089,-2180.4743005156975
Caelum-Dawn,79,128808.128,125124.383,Caelum,Dawn,-3683.7449999999953,3683.7449999999953,0.9714013000794485,2.94,1.0,0.9804744471744471,0.05446466415035868,-6484.057433327288
Caelum-Dawn,462,115454.596,117752.079,Caelum,Dawn,2297.482999999993,2297.482999999993,1.0198994503432326,1.95,0.9809,0.9804744471744471,0.05446466415035868,-6484.057433327288
Dawn-Fenix,253,71594.728,73633.979,Dawn,Fenix,2039.2510000000038,2039.2510000000038,1.0284832564766502,2.77,0.9731,0.9823136476426799,0.04646098172906777,-362.5543768567232
Aegis-Boreas,54,181051.24749094708,82209.983,Aegis,Boreas,-98841.26449094708,98841.26449094708,0.4540702377878432,120.23,1.0,0.9849621693121693,0.03408513950102227,-4121.568080328588
Caelum-Fenix,64,346951.668,351594.29,Caelum,Fenix,4642.621999999974,4642.621999999974,1.0133811779224533,1.32,0.987,0.9796862650602409,0.04873557984945812,1731.907948738127
Caelum-Dawn,451,115143.217,120604.776,Caelum,Dawn,5461.558999999994,5461.558999999994,1.0474327462988984,4.53,0.9567,0.9804744471744471,0.05446466415035868,-6484.057433327288
Boreas-Dawn,401,107984.185,111755.05,Boreas,Dawn,3770.8650000000052,3770.8650000000052,1.0349205302609823,3.37,0.9674,0.9791679389312977,0.052929740107363066,-992.1216852668913
Aegis-Elysium,481,101352.805,195655.451,Aegis,Elysium,94302.64600000001,94302.64600000001,1.9304394288840847,48.2,0.6748,0.7958968831168831,0.13151929136319288,77214.95699135585
Caelum-Fenix,150,111919.841,109132.294,Caelum,Fenix,-2787.547000000006,2787.547000000006,0.9750933616855298,2.55,1.0,0.9796862650602409,0.04873557984945812,1731.907948738127
Caelum-Dawn,335,181051.24749094708,121019.955,Caelum,Dawn,-60031.292490947075,60031.292490947075,0.6684292799808035,49.6,1.0,0.9804744471744471,0.05446466415035868,-6484.057433327288
Aegis-Dawn,446,241371.108,232489.284,Aegis,Dawn,-8881.823999999993,8881.823999999993,0.9632026215830273,3.82,1.0,0.9844383292383293,0.0367757216063089,-2180.4743005156975
Caelum-Dawn,293,181051.24749094708,1411190.164,Caelum,Dawn,1230138.916509053,1230138.916509053,7.794423863721582,87.17,0.5343,0.9804744471744471,0.05446466415035868,-6484.057433327288
Boreas-Elysium,161,205196.918,209705.434,Boreas,Elysium,4508.516000000003,4508.516000000003,1.021971655539193,2.15,0.979,0.9804581280788177,0.05527648369623914,-1839.5134922540726
Dawn-Fenix,76,181051.24749094708,73500.607,Dawn,Fenix,-107550.64049094707,107550.64049094707,0.40596575841696525,146.33,1.0,0.9823136476426799,0.04646098172906777,-362.5543768567232
Caelum-Dawn,57,121547.763,119511.992,Caelum,Dawn,-2035.771000000008,2035.771000000008,0.9832512672405167,1.7,1.0,0.9804744471744471,0.05446466415035868,-6484.057433327288
Aegis-Dawn,268,401943.695,404483.844,Aegis,Dawn,2540.148999999976,2540.148999999976,1.0063196637529044,0.63,0.9938,0.9844383292383293,0.0367757216063089,-2180.4743005156975
Elysium-Fenix,140,564023.923,551922.361,Elysium,Fenix,-12101.561999999918,12101.561999999918,0.9785442398690597,2.19,1.0,0.9777570719602977,0.055399164086247815,4312.254361379141
Caelum-Dawn,495,121462.637,116402.12,Caelum,Dawn,-5060.517000000007,5060.517000000007,0.9583368422999082,4.35,1.0,0.9804744471744471,0.05446466415035868,-6484.057433327288
Aegis-Boreas,285,85682.072,83631.378,Aegis,Boreas,-2050.694000000003,2050.694000000003,0.9760662417220722,2.45,1.0,0.9849621693121693,0.03408513950102227,-4121.568080328588
Elysium-Fenix,426,222490.183,229758.699,Elysium,Fenix,7268.516000000003,7268.516000000003,1.0326689290376465,3.16,0.9693,0.9777570719602977,0.055399164086247815,4312.254361379141
Dawn-Elysium,24,240103.333,244013.544,Dawn,Elysium,3910.210999999981,3910.210999999981,1.0162855340288008,1.6,0.9842,0.9839219696969698,0.04028966443660543,-3087.7173304880284
Dawn-Fenix,332,77063.17,77221.872,Dawn,Fenix,158.70200000000477,158.70200000000477,1.0020593754448461,0.21,0.9979,0.9823136476426799,0.04646098172906777,-362.5543768567232
Boreas-Elysium,332,758711.184,461024.068,Boreas,Elysium,-297687.116,297687.116,0.6076410598950654,64.57,1.0,0.9804581280788177,0.05527648369623914,-1839.5134922540726
Boreas-Fenix,217,81057.827,145666.947,Boreas,Fenix,64609.11999999998,64609.11999999998,1.7970744145411148,44.35,0.6927,0.8068014354066986,0.13514659878591953,61601.108196475456
Boreas-Elysium,79,152892.997,150213.652,Boreas,Elysium,-2679.345000000001,2679.345000000001,0.9824756852663434,1.78,1.0,0.9804581280788177,0.05527648369623914,-1839.5134922540726
Caelum-Dawn,389,128612.205,131612.618,Caelum,Dawn,3000.412999999986,3000.412999999986,1.0233291467166743,2.28,0.9777,0.9804744471744471,0.05446466415035868,-6484.057433327288
Aegis-Dawn,222,167643.16,176461.148,Aegis,Dawn,8817.987999999983,8817.987999999983,1.0525997481794067,5.0,0.9524,0.9844383292383293,0.0367757216063089,-2180.4743005156975
Aegis-Dawn,451,172726.576,177814.631,Aegis,Dawn,5088.054999999993,5088.054999999993,1.0294572793476784,2.86,0.9722,0.9844383292383293,0.0367757216063089,-2180.4743005156975
Elysium-Fenix,83,152987.166,160256.01,Elysium,Fenix,7268.844000000012,7268.844000000012,1.0475127697966509,4.54,0.9566,0.9777570719602977,0.055399164086247815,4312.254361379141
Boreas-Elysium,262,309956.464,318610.287,Boreas,Elysium,8653.823000000033,8653.823000000033,1.0279194790401276,2.72,0.9736,0.9804581280788177,0.05527648369623914,-1839.5134922540726
Aegis-Dawn,489,153780.671,152119.531,Aegis,Dawn,-1661.140000000014,1661.140000000014,0.989197992249624,1.09,1.0,0.9844383292383293,0.0367757216063089,-2180.4743005156975
Caelum-Dawn,212,152744.994,153131.908,Caelum,Dawn,386.91399999998976,386.91399999998976,1.0025330715584695,0.25,0.9975,0.9804744471744471,0.05446466415035868,-6484.057433327288
Boreas-Dawn,259,72709.848,74651.091,Boreas,Dawn,1941.2430000000022,1941.2430000000022,1.0266984879407257,2.6,0.9747,0.9791679389312977,0.052929740107363066,-992.1216852668913
Dawn-Elysium,419,98710.462,103181.097,Dawn,Elysium,4470.634999999995,4470.634999999995,1.0452903867474554,4.33,0.9585,0.9839219696969698,0.04028966443660543,-3087.7173304880284
Caelum-Fenix,422,128489.272,126937.156,Caelum,Fenix,-1552.1159999999945,1552.1159999999945,0.9879202677714604,1.22,1.0,0.9796862650602409,0.04873557984945812,1731.907948738127
Boreas-Dawn,224,67292.827,70205.672,Boreas,Dawn,2912.845000000001,2912.845000000001,1.0432861142837706,4.15,0.9602,0.9791679389312977,0.052929740107363066,-992.1216852668913
Aegis-Boreas,341,66777.088,66043.997,Aegis,Boreas,-733.0910000000003,733.0910000000003,0.9890218183817779,1.11,1.0,0.9849621693121693,0.03408513950102227,-4121.568080328588
Caelum-Elysium,201,137733.765,133833.88,Caelum,Elysium,-3899.8850000000093,3899.8850000000093,0.971685338014248,2.91,1.0,0.9780398457583547,0.06003094589396874,1753.5802267796134
Caelum-Fenix,243,116700.453,117021.475,Caelum,Fenix,321.02200000001176,321.02200000001176,1.0027508205130962,0.27,0.9973,0.9796862650602409,0.04873557984945812,1731.907948738127
Aegis-Dawn,188,208203.699,217467.357,Aegis,Dawn,9263.657999999996,9263.657999999996,1.04449324408977,4.26,0.9591,0.9844383292383293,0.0367757216063089,-2180.4743005156975
Caelum-Dawn,432,117552.795,117347.971,Caelum,Dawn,-204.82399999999325,204.82399999999325,0.998257599915,0.17,1.0,0.9804744471744471,0.05446466415035868,-6484.057433327288
Aegis-Dawn,466,184087.728,188906.314,Aegis,Dawn,4818.58600000001,4818.58600000001,1.0261754873741502,2.55,0.9751,0.9844383292383293,0.0367757216063089,-2180.4743005156975
Elysium-Fenix,166,266504.161,265346.786,Elysium,Fenix,-1157.375,1157.375,0.9956571972622972,0.44,1.0,0.9777570719602977,0.055399164086247815,4312.254361379141
Boreas-Elysium,203,99022.938,104180.551,Boreas,Elysium,5157.613000000012,5157.613000000012,1.0520850330657732,4.95,0.9528,0.9804581280788177,0.05527648369623914,-1839.5134922540726
Boreas-Fenix,213,96419.068,158526.388,Boreas,Fenix,62107.32000000001,62107.32000000001,1.6441393936726292,39.18,0.7185,0.8068014354066986,0.13514659878591953,61601.108196475456
Dawn-Elysium,257,191658.632,184104.903,Dawn,Elysium,-7553.729000000021,7553.729000000021,0.9605875878316817,4.1,1.0,0.9839219696969698,0.04028966443660543,-3087.7173304880284
Elysium-Fenix,232,287812.891,277247.052,Elysium,Fenix,-10565.838999999978,10565.838999999978,0.9632892086129666,3.81,1.0,0.9777570719602977,0.055399164086247815,4312.254361379141
Elysium-Fenix,442,188525.624,180294.453,Elysium,Fenix,-8231.171000000002,8231.171000000002,0.9563392454279849,4.57,1.0,0.9777570719602977,0.055399164086247815,4312.254361379141
Caelum-Elysium,72,593445.79,586694.206,Caelum,Elysium,-6751.584000000032,6751.584000000032,0.9886230821521204,1.15,1.0,0.9780398457583547,0.06003094589396874,1753.5802267796134
Dawn-Elysium,305,113068.553,109819.06,Dawn,Elysium,-3249.493000000002,3249.493000000002,0.9712608597723895,2.96,1.0,0.9839219696969698,0.04028966443660543,-3087.7173304880284
Boreas-Dawn,490,92575.751,97208.517,Boreas,Dawn,4632.766000000003,4632.766000000003,1.0500429750767024,4.77,0.9545,0.9791679389312977,0.052929740107363066,-992.1216852668913
Caelum-Fenix,120,139846.59,145633.578,Caelum,Fenix,5786.988000000012,5786.988000000012,1.0413809732507602,3.97,0.9618,0.9796862650602409,0.04873557984945812,1731.907948738127
Dawn-Elysium,259,210363.649,209039.868,Dawn,Elysium,-1323.7810000000172,1323.7810000000172,0.9937071779925246,0.63,1.0,0.9839219696969698,0.04028966443660543,-3087.7173304880284
Dawn-Elysium,414,383138.925,375886.435,Dawn,Elysium,-7252.489999999991,7252.489999999991,0.9810708609155282,1.93,1.0,0.9839219696969698,0.04028966443660543,-3087.7173304880284
Elysium-Fenix,53,292733.993,281944.172,Elysium,Fenix,-10789.820999999996,10789.820999999996,0.9631412092274504,3.83,1.0,0.9777570719602977,0.055399164086247815,4312.254361379141
Elysium-Fenix,293,158991.102,165092.743,Elysium,Fenix,6101.640999999974,6101.640999999974,1.0383772483066378,3.7,0.9644,0.9777570719602977,0.055399164086247815,4312.254361379141
Caelum-Elysium,100,554825.338,570874.323,Caelum,Elysium,16048.984999999986,16048.984999999986,1.0289261933455534,2.81,0.9727,0.9780398457583547,0.06003094589396874,1753.5802267796134
Dawn-Fenix,472,87658.562,84369.473,Dawn,Fenix,-3289.089000000007,3289.089000000007,0.9624784057032557,3.9,1.0,0.9823136476426799,0.04646098172906777,-362.5543768567232
Elysium-Fenix,471,181777.179,183318.099,Elysium,Fenix,1540.9199999999837,1540.9199999999837,1.0084769716885087,0.84,0.9917,0.9777570719602977,0.055399164086247815,4312.254361379141
Dawn-Elysium,438,108125.156,112023.883,Dawn,Elysium,3898.726999999999,3898.726999999999,1.0360575387285453,3.48,0.9664,0.9839219696969698,0.04028966443660543,-3087.7173304880284
Aegis-Boreas,385,135838.05,131045.557,Aegis,Boreas,-4792.492999999988,4792.492999999988,0.9647190680372695,3.66,1.0,0.9849621693121693,0.03408513950102227,-4121.568080328588
Dawn-Fenix,228,96030.035,96717.047,Dawn,Fenix,687.0120000000024,687.0120000000024,1.0071541367239947,0.71,0.9929,0.9823136476426799,0.04646098172906777,-362.5543768567232
Dawn-Fenix,474,136127.557,142271.012,Dawn,Fenix,6143.454999999987,6143.454999999987,1.0451301348190651,4.32,0.9586,0.9823136476426799,0.04646098172906777,-362.5543768567232
Aegis-Dawn,36,181051.24749094708,138338.919,Aegis,Dawn,-42712.32849094708,42712.32849094708,0.764087079857968,30.88,1.0,0.9844383292383293,0.0367757216063089,-2180.4743005156975
Elysium-Fenix,121,888464.266,870039.121,Elysium,Fenix,-18425.144999999902,18425.144999999902,0.9792618052238019,2.12,1.0,0.9777570719602977,0.055399164086247815,4312.254361379141
Caelum-Fenix,212,122619.3,124078.094,Caelum,Fenix,1458.7939999999944,1458.7939999999944,1.011896936289801,1.18,0.9884,0.9796862650602409,0.04873557984945812,1731.907948738127
Caelum-Elysium,7,175643.911,172208.501,Caelum,Elysium,-3435.4100000000035,3435.4100000000035,0.9804410526932528,1.99,1.0,0.9780398457583547,0.06003094589396874,1753.5802267796134
Aegis-Boreas,201,57758.166,60348.077,Aegis,Boreas,2589.911,2589.911,1.04484060314519,4.29,0.9588,0.9849621693121693,0.03408513950102227,-4121.568080328588
Aegis-Elysium,332,121878.413,173809.253,Aegis,Elysium,51930.84,51930.84,1.426087267808451,29.88,0.77,0.7958968831168831,0.13151929136319288,77214.95699135585
Caelum-Elysium,2,183903.149,182092.501,Caelum,Elysium,-1810.6480000000156,1810.6480000000156,0.9901543393365166,0.99,1.0,0.9780398457583547,0.06003094589396874,1753.5802267796134
Boreas-Fenix,208,106268.792,162133.244,Boreas,Fenix,55864.452000000005,55864.452000000005,1.5256901010035007,34.46,0.7437,0.8068014354066986,0.13514659878591953,61601.108196475456
Dawn-Elysium,162,128300.542,134168.18,Dawn,Elysium,5867.637999999992,5867.637999999992,1.0457335402371097,4.37,0.9581,0.9839219696969698,0.04028966443660543,-3087.7173304880284
Caelum-Fenix,21,121277.116,122331.821,Caelum,Fenix,1054.7050000000017,1054.7050000000017,1.0086966530437613,0.86,0.9915,0.9796862650602409,0.04873557984945812,1731.907948738127
Boreas-Dawn,354,104191.606,107783.591,Boreas,Dawn,3591.9850000000006,3591.9850000000006,1.0344748021256147,3.33,0.9677,0.9791679389312977,0.052929740107363066,-992.1216852668913
Dawn-Fenix,358,134697.839,130529.47,Dawn,Fenix,-4168.369000000006,4168.369000000006,0.9690539281777193,3.19,1.0,0.9823136476426799,0.04646098172906777,-362.5543768567232
Boreas-Fenix,372,142464.451,136012.009,Boreas,Fenix,-6452.44200000001,6452.44200000001,0.9547084065203044,4.74,1.0,0.8068014354066986,0.13514659878591953,61601.108196475456
Caelum-Dawn,30,169961.465,177153.839,Caelum,Dawn,7192.374000000011,7192.374000000011,1.0423176747741025,4.06,0.961,0.9804744471744471,0.05446466415035868,-6484.057433327288
Aegis-Elysium,205,181051.24749094708,866168.083,Aegis,Elysium,685116.835509053,685116.835509053,4.784104473200662,79.1,0.5584,0.7958968831168831,0.13151929136319288,77214.95699135585
Boreas-Dawn,145,134570.292,133736.968,Boreas,Dawn,-833.3239999999932,833.3239999999932,0.9938075188244372,0.62,1.0,0.9791679389312977,0.052929740107363066,-992.1216852668913
Caelum-Dawn,417,181051.24749094708,129371.558,Caelum,Dawn,-51679.68949094707,51679.68949094707,0.7145576724428195,39.95,1.0,0.9804744471744471,0.05446466415035868,-6484.057433327288
Caelum-Dawn,476,181051.24749094708,246863.055,Caelum,Dawn,65811.80750905292,65811.80750905292,1.3634982272759189,26.66,0.7895,0.9804744471744471,0.05446466415035868,-6484.057433327288
Boreas-Fenix,361,229202.616,224297.743,Boreas,Fenix,-4904.873000000021,4904.873000000021,0.9786002747891847,2.19,1.0,0.8068014354066986,0.13514659878591953,61601.108196475456
Boreas-Dawn,292,105631.169,103425.146,Boreas,Dawn,-2206.023000000001,2206.023000000001,0.9791157948843678,2.13,1.0,0.9791679389312977,0.052929740107363066,-992.1216852668913
Caelum-Elysium,297,225852.604,220760.26,Caelum,Elysium,-5092.343999999983,5092.343999999983,0.9774527992601759,2.31,1.0,0.9780398457583547,0.06003094589396874,1753.5802267796134
Caelum-Dawn,368,404359.358,414108.58,Caelum,Dawn,9749.222000000009,9749.222000000009,1.0241102915194558,2.35,0.977,0.9804744471744471,0.05446466415035868,-6484.057433327288
Caelum-Dawn,367,168649.396,165059.226,Caelum,Dawn,-3590.170000000013,3590.170000000013,0.9787122273476745,2.18,1.0,0.9804744471744471,0.05446466415035868,-6484.057433327288
Caelum-Elysium,33,246907.527,253018.719,Caelum,Elysium,6111.19200000001,6111.19200000001,1.0247509343852446,2.42,0.9764,0.9780398457583547,0.06003094589396874,1753.5802267796134
Dawn-Fenix,259,138880.201,133972.091,Dawn,Fenix,-4908.110000000015,4908.110000000015,0.9646593973463502,3.66,1.0,0.9823136476426799,0.04646098172906777,-362.5543768567232
Caelum-Dawn,449,124363.143,119335.055,Caelum,Dawn,-5028.088000000003,5028.088000000003,0.959569307443444,4.21,1.0,0.9804744471744471,0.05446466415035868,-6484.057433327288
Aegis-Dawn,103,185040.148,192385.131,Aegis,Dawn,7344.983000000007,7344.983000000007,1.0396939965698688,3.82,0.9632,0.9844383292383293,0.0367757216063089,-2180.4743005156975
Caelum-Dawn,56,170005.204,165920.343,Caelum,Dawn,-4084.8610000000044,4084.8610000000044,0.9759721414175062,2.46,1.0,0.9804744471744471,0.05446466415035868,-6484.057433327288
Dawn-Fenix,212,112345.29,111685.879,Dawn,Fenix,-659.4109999999928,659.4109999999928,0.9941304971485677,0.59,1.0,0.9823136476426799,0.04646098172906777,-362.5543768567232
Aegis-Boreas,126,105640.067,107236.502,Aegis,Boreas,1596.4349999999977,1596.4349999999977,1.015112021843,1.49,0.9853,0.9849621693121693,0.03408513950102227,-4121.568080328588
Caelum-Elysium,376,240560.948,237962.668,Caelum,Elysium,-2598.279999999999,2598.279999999999,0.9891990781479627,1.09,1.0,0.9780398457583547,0.06003094589396874,1753.5802267796134
Boreas-Fenix,435,181051.24749094708,146721.976,Boreas,Fenix,-34329.27149094708,34329.27149094708,0.8103892021364635,23.4,1.0,0.8068014354066986,0.13514659878591953,61601.108196475456
Caelum-Fenix,451,182669.765,182525.336,Caelum,Fenix,-144.42900000000373,144.42900000000373,0.999209343702829,0.08,1.0,0.9796862650602409,0.04873557984945812,1731.907948738127
Caelum-Elysium,31,131096.521,133440.476,Caelum,Elysium,2343.954999999987,2343.954999999987,1.01787961253373,1.76,0.9827,0.9780398457583547,0.06003094589396874,1753.5802267796134
Boreas-Fenix,230,163035.929,209970.809,Boreas,Fenix,46934.880000000005,46934.880000000005,1.2878805934856237,22.35,0.8173,0.8068014354066986,0.13514659878591953,61601.108196475456
Aegis-Dawn,327,203970.114,204334.569,Aegis,Dawn,364.4549999999872,364.4549999999872,1.001786805884709,0.18,0.9982,0.9844383292383293,0.0367757216063089,-2180.4743005156975
Boreas-Dawn,139,80112.887,79394.779,Boreas,Dawn,-718.1080000000075,718.1080000000075,0.9910362985670457,0.9,1.0,0.9791679389312977,0.052929740107363066,-992.1216852668913
Aegis-Dawn,484,149214.397,152649.655,Aegis,Dawn,3435.2580000000016,3435.2580000000016,1.0230222958981632,2.25,0.978,0.9844383292383293,0.0367757216063089,-2180.4743005156975
Caelum-Dawn,281,230839.3,229860.652,Caelum,Dawn,-978.6479999999865,978.6479999999865,0.9957604792598141,0.43,1.0,0.9804744471744471,0.05446466415035868,-6484.057433327288
Elysium-Fenix,462,91229.227,212637.893,Elysium,Fenix,121408.66600000001,121408.66600000001,2.330808886498622,57.1,0.6366,0.9777570719602977,0.055399164086247815,4312.254361379141
Boreas-Elysium,188,107561.449,107622.78,Boreas,Elysium,61.33100000000559,61.33100000000559,1.0005701949961645,0.06,0.9994,0.9804581280788177,0.05527648369623914,-1839.5134922540726
Elysium-Fenix,23,180100.354,181832.716,Elysium,Fenix,1732.3619999999937,1732.3619999999937,1.0096188705992215,0.95,0.9906,0.9777570719602977,0.055399164086247815,4312.254361379141
Boreas-Elysium,443,322696.389,323237.048,Boreas,Elysium,540.6589999999851,540.6589999999851,1.001675441741618,0.17,0.9983,0.9804581280788177,0.05527648369623914,-1839.5134922540726
Aegis-Boreas,362,197151.675,189945.288,Aegis,Boreas,-7206.386999999988,7206.386999999988,0.9634474979733244,3.79,1.0,0.9849621693121693,0.03408513950102227,-4121.568080328588
Boreas-Elysium,349,111148.4,115371.688,Boreas,Elysium,4223.2880000000005,4223.2880000000005,1.0379968402604085,3.66,0.9647,0.9804581280788177,0.05527648369623914,-1839.5134922540726
Aegis-Boreas,345,79397.757,77213.916,Aegis,Boreas,-2183.8410000000003,2183.8410000000003,0.9724949282887173,2.83,1.0,0.9849621693121693,0.03408513950102227,-4121.568080328588
Aegis-Dawn,314,157297.372,162472.451,Aegis,Dawn,5175.078999999998,5175.078999999998,1.0328999711450997,3.19,0.9691,0.9844383292383293,0.0367757216063089,-2180.4743005156975
Dawn-Elysium,307,319432.647,306271.081,Dawn,Elysium,-13161.565999999992,13161.565999999992,0.9587970543286392,4.3,1.0,0.9839219696969698,0.04028966443660543,-3087.7173304880284
Caelum-Dawn,205,140407.585,134956.374,Caelum,Dawn,-5451.210999999981,5451.210999999981,0.9611758082727512,4.04,1.0,0.9804744471744471,0.05446466415035868,-6484.057433327288
Dawn-Fenix,414,372390.067,385500.503,Dawn,Fenix,13110.436000000045,13110.436000000045,1.035206191469119,3.4,0.9671,0.9823136476426799,0.04646098172906777,-362.5543768567232
Elysium-Fenix,249,174275.34,166344.131,Elysium,Fenix,-7931.209000000003,7931.209000000003,0.9544903541717377,4.77,1.0,0.9777570719602977,0.055399164086247815,4312.254361379141
Caelum-Dawn,325,400775.462,406513.897,Caelum,Dawn,5738.434999999998,5738.434999999998,1.0143183291995057,1.41,0.9861,0.9804744471744471,0.05446466415035868,-6484.057433327288
Caelum-Fenix,106,119796.804,116107.546,Caelum,Fenix,-3689.2580000000016,3689.2580000000016,0.9692040365283868,3.18,1.0,0.9796862650602409,0.04873557984945812,1731.907948738127
Boreas-Elysium,116,156432.6,157135.73,Boreas,Elysium,703.1300000000047,703.1300000000047,1.0044947792212109,0.45,0.9955,0.9804581280788177,0.05527648369623914,-1839.5134922540726
Boreas-Dawn,334,79351.364,77988.343,Boreas,Dawn,-1363.021000000008,1363.021000000008,0.9828229669750855,1.75,1.0,0.9791679389312977,0.052929740107363066,-992.1216852668913
Aegis-Dawn,293,247104.226,240589.79,Aegis,Dawn,-6514.435999999987,6514.435999999987,0.9736368895609256,2.71,1.0,0.9844383292383293,0.0367757216063089,-2180.4743005156975
Elysium-Fenix,435,70277.233,211343.352,Elysium,Fenix,141066.119,141066.119,3.0072804943814453,66.75,0.5997,0.9777570719602977,0.055399164086247815,4312.254361379141
Boreas-Fenix,174,145259.714,249782.171,Boreas,Fenix,104522.457,104522.457,1.719555712466844,41.85,0.705,0.8068014354066986,0.13514659878591953,61601.108196475456
Aegis-Boreas,94,78536.983,77890.909,Aegis,Boreas,-646.0739999999932,646.0739999999932,0.9917736335759167,0.83,1.0,0.9849621693121693,0.03408513950102227,-4121.568080328588
Caelum-Fenix,225,141332.375,142554.917,Caelum,Fenix,1222.5419999999867,1222.5419999999867,1.0086501199742803,0.86,0.9915,0.9796862650602409,0.04873557984945812,1731.907948738127
Caelum-Elysium,256,187502.794,194825.204,Caelum,Elysium,7322.4100000000035,7322.4100000000035,1.0390522714024197,3.76,0.9638,0.9780398457583547,0.06003094589396874,1753.5802267796134
Boreas-Fenix,391,172070.326,168447.862,Boreas,Fenix,-3622.464000000007,3622.464000000007,0.9789477704598525,2.15,1.0,0.8068014354066986,0.13514659878591953,61601.108196475456
Boreas-Elysium,371,132371.799,133807.43,Boreas,Elysium,1435.630999999994,1435.630999999994,1.0108454445043842,1.07,0.9894,0.9804581280788177,0.05527648369623914,-1839.5134922540726
Dawn-Elysium,465,118478.695,121999.753,Dawn,Elysium,3521.05799999999,3521.05799999999,1.0297189127547361,2.89,0.9719,0.9839219696969698,0.04028966443660543,-3087.7173304880284
Elysium-Fenix,167,223471.418,234487.043,Elysium,Fenix,11015.625,11015.625,1.0492932165490623,4.7,0.9551,0.9777570719602977,0.055399164086247815,4312.254361379141
Caelum-Dawn,228,291417.99,293275.937,Caelum,Dawn,1857.9469999999856,1857.9469999999856,1.0063755398216836,0.63,0.9937,0.9804744471744471,0.05446466415035868,-6484.057433327288
Dawn-Fenix,342,169025.318,175413.837,Dawn,Fenix,6388.519,6388.519,1.0377962252968518,3.64,0.9649,0.9823136476426799,0.04646098172906777,-362.5543768567232
Boreas-Fenix,353,391126.132,687509.002,Boreas,Fenix,296382.87,296382.87,1.7577680081984397,43.11,0.6988,0.8068014354066986,0.13514659878591953,61601.108196475456
Boreas-Fenix,412,313393.39,313650.088,Boreas,Fenix,256.69799999997485,256.69799999997485,1.0008190919406437,0.08,0.9992,0.8068014354066986,0.13514659878591953,61601.108196475456
Boreas-Dawn,365,109840.595,114454.935,Boreas,Dawn,4614.3399999999965,4614.3399999999965,1.0420094228367935,4.03,0.9612,0.9791679389312977,0.052929740107363066,-992.1216852668913
Dawn-Elysium,112,102662.817,107055.713,Dawn,Elysium,4392.896000000008,4392.896000000008,1.0427895525212405,4.1,0.9606,0.9839219696969698,0.04028966443660543,-3087.7173304880284
Boreas-Dawn,357,76641.628,74245.427,Boreas,Dawn,-2396.201000000001,2396.201000000001,0.9687349934685625,3.23,1.0,0.9791679389312977,0.052929740107363066,-992.1216852668913
Boreas-Fenix,145,70959.747,150269.716,Boreas,Fenix,79309.96899999998,79309.96899999998,2.1176754759286274,52.78,0.6545,0.8068014354066986,0.13514659878591953,61601.108196475456
Boreas-Elysium,243,146102.51,145648.014,Boreas,Elysium,-454.49600000001374,454.49600000001374,0.9968891978652522,0.31,1.0,0.9804581280788177,0.05527648369623914,-1839.5134922540726
Boreas-Elysium,336,94738.445,97813.027,Boreas,Elysium,3074.581999999995,3074.581999999995,1.0324533720180862,3.14,0.9695,0.9804581280788177,0.05527648369623914,-1839.5134922540726
Aegis-Dawn,450,125684.954,130895.678,Aegis,Dawn,5210.724000000002,5210.724000000002,1.0414586140517663,3.98,0.9617,0.9844383292383293,0.0367757216063089,-2180.4743005156975
Caelum-Dawn,68,190331.531,189706.693,Caelum,Dawn,-624.8379999999888,624.8379999999888,0.9967171072668984,0.33,1.0,0.9804744471744471,0.05446466415035868,-6484.057433327288
Aegis-Elysium,120,70361.492,167388.239,Aegis,Elysium,97026.747,97026.747,2.378975121789629,57.97,0.6331,0.7958968831168831,0.13151929136319288,77214.95699135585
Boreas-Fenix,97,185620.413,281925.188,Boreas,Fenix,96304.77500000002,96304.77500000002,1.5188264234710005,34.16,0.7454,0.8068014354066986,0.13514659878591953,61601.108196475456
Boreas-Elysium,204,299480.066,297629.112,Boreas,Elysium,-1850.9539999999688,1850.9539999999688,0.9938194417253803,0.62,1.0,0.9804581280788177,0.05527648369623914,-1839.5134922540726
Aegis-Boreas,419,63017.347,62678.195,Aegis,Boreas,-339.15200000000186,339.15200000000186,0.9946181168178978,0.54,1.0,0.9849621693121693,0.03408513950102227,-4121.568080328588
Aegis-Dawn,422,127858.726,127414.581,Aegis,Dawn,-444.1449999999895,444.1449999999895,0.9965262832354517,0.35,1.0,0.9844383292383293,0.0367757216063089,-2180.4743005156975
Aegis-Elysium,254,133927.299,216783.722,Aegis,Elysium,82856.42300000001,82856.42300000001,1.6186671695663781,38.22,0.7235,0.7958968831168831,0.13151929136319288,77214.95699135585
Aegis-Boreas,477,294799.397,293876.874,Aegis,Boreas,-922.5229999999865,922.5229999999865,0.9968706754172907,0.31,1.0,0.9849621693121693,0.03408513950102227,-4121.568080328588
Boreas-Elysium,35,100850.979,100010.484,Boreas,Elysium,-840.4950000000099,840.4950000000099,0.9916659708380222,0.84,1.0,0.9804581280788177,0.05527648369623914,-1839.5134922540726
Aegis-Elysium,202,182825.21,295844.602,Aegis,Elysium,113019.39200000002,113019.39200000002,1.6181827549931436,38.2,0.7236,0.7958968831168831,0.13151929136319288,77214.95699135585
Boreas-Fenix,126,171835.295,269730.43,Boreas,Fenix,97895.13499999998,97895.13499999998,1.569703302223213,36.29,0.7337,0.8068014354066986,0.13514659878591953,61601.108196475456
Elysium-Fenix,273,214877.762,219536.503,Elysium,Fenix,4658.741000000009,4658.741000000009,1.0216808894351757,2.12,0.9792,0.9777570719602977,0.055399164086247815,4312.254361379141
Boreas-Dawn,470,82181.314,79409.346,Boreas,Dawn,-2771.9679999999935,2771.9679999999935,0.9662700939534747,3.49,1.0,0.9791679389312977,0.052929740107363066,-992.1216852668913
Caelum-Dawn,110,196239.238,187180.099,Caelum,Dawn,-9059.139000000025,9059.139000000025,0.9538362506279197,4.84,1.0,0.9804744471744471,0.05446466415035868,-6484.057433327288
Caelum-Fenix,18,130574.073,134312.076,Caelum,Fenix,3738.002999999997,3738.002999999997,1.0286274519444607,2.78,0.9729,0.9796862650602409,0.04873557984945812,1731.907948738127
Boreas-Elysium,151,115534.318,120532.27,Boreas,Elysium,4997.952000000005,4997.952000000005,1.0432594581983858,4.15,0.9602,0.9804581280788177,0.05527648369623914,-1839.5134922540726
Caelum-Elysium,187,145805.594,142494.963,Caelum,Elysium,-3310.631000000023,3310.631000000023,0.9772942113592704,2.32,1.0,0.9780398457583547,0.06003094589396874,1753.5802267796134
Dawn-Elysium,416,215986.594,220887.377,Dawn,Elysium,4900.782999999996,4900.782999999996,1.0226902184493913,2.22,0.9783,0.9839219696969698,0.04028966443660543,-3087.7173304880284
Boreas-Dawn,497,67925.736,70285.674,Boreas,Dawn,2359.9379999999946,2359.9379999999946,1.0347429139376567,3.36,0.9675,0.9791679389312977,0.052929740107363066,-992.1216852668913
Caelum-Fenix,33,132983.74,130395.657,Caelum,Fenix,-2588.082999999984,2588.082999999984,0.9805383500268531,1.98,1.0,0.9796862650602409,0.04873557984945812,1731.907948738127
Elysium-Fenix,383,1900240.158,1843467.334,Elysium,Fenix,-56772.82400000002,56772.82400000002,0.9701233426938238,3.08,1.0,0.9777570719602977,0.055399164086247815,4312.254361379141
Caelum-Dawn,54,306480.327,303103.853,Caelum,Dawn,-3376.4739999999874,3376.4739999999874,0.9889830644823085,1.11,1.0,0.9804744471744471,0.05446466415035868,-6484.057433327288
Aegis-Elysium,248,253533.553,503888.174,Aegis,Elysium,250354.62099999998,250354.62099999998,1.9874614939033335,49.68,0.6681,0.7958968831168831,0.13151929136319288,77214.95699135585
Boreas-Elysium,192,95243.199,96554.518,Boreas,Elysium,1311.3190000000031,1311.3190000000031,1.0137681116737796,1.36,0.9866,0.9804581280788177,0.05527648369623914,-1839.5134922540726
Boreas-Fenix,212,153431.202,294392.143,Boreas,Fenix,140960.941,140960.941,1.9187240871644868,47.88,0.6762,0.8068014354066986,0.13514659878591953,61601.108196475456
Aegis-Dawn,492,234443.798,227163.248,Aegis,Dawn,-7280.5500000000175,7280.5500000000175,0.9689454356988364,3.2,1.0,0.9844383292383293,0.0367757216063089,-2180.4743005156975
Boreas-Elysium,190,118132.416,122031.3,Boreas,Elysium,3898.8840000000055,3898.8840000000055,1.0330043533520892,3.19,0.969,0.9804581280788177,0.05527648369623914,-1839.5134922540726
Dawn-Elysium,170,116263.847,117421.44,Dawn,Elysium,1157.593000000008,1157.593000000008,1.0099566032766834,0.99,0.9902,0.9839219696969698,0.04028966443660543,-3087.7173304880284
Caelum-Elysium,262,153119.552,146851.046,Caelum,Elysium,-6268.505999999994,6268.505999999994,0.9590613614125517,4.27,1.0,0.9780398457583547,0.06003094589396874,1753.5802267796134
Caelum-Elysium,97,162155.901,156940.94,Caelum,Elysium,-5214.96100000001,5214.96100000001,0.967839832113171,3.32,1.0,0.9780398457583547,0.06003094589396874,1753.5802267796134
Dawn-Elysium,211,99179.435,100184.109,Dawn,Elysium,1004.6739999999991,1004.6739999999991,1.0101298621029653,1.0,0.9901,0.9839219696969698,0.04028966443660543,-3087.7173304880284
Aegis-Elysium,318,114017.586,179922.186,Aegis,Elysium,65904.59999999999,65904.59999999999,1.5780213589156324,36.63,0.7319,0.7958968831168831,0.13151929136319288,77214.95699135585
Boreas-Dawn,363,69200.373,68044.958,Boreas,Dawn,-1155.4150000000081,1155.4150000000081,0.9833033414429716,1.7,1.0,0.9791679389312977,0.052929740107363066,-992.1216852668913
Boreas-Elysium,343,114619.026,113812.421,Boreas,Elysium,-806.6049999999959,806.6049999999959,0.9929627302887742,0.71,1.0,0.9804581280788177,0.05527648369623914,-1839.5134922540726
Boreas-Elysium,449,154891.282,160538.167,Boreas,Elysium,5646.88499999998,5646.88499999998,1.0364570873653172,3.52,0.966,0.9804581280788177,0.05527648369623914,-1839.5134922540726
Boreas-Elysium,136,107609.39,103034.865,Boreas,Elysium,-4574.524999999994,4574.524999999994,0.9574895369260992,4.44,1.0,0.9804581280788177,0.05527648369623914,-1839.5134922540726
Aegis-Elysium,65,251179.476,261147.168,Aegis,Elysium,9967.69200000001,9967.69200000001,1.0396835448450414,3.82,0.9632,0.7958968831168831,0.13151929136319288,77214.95699135585
Elysium-Fenix,450,190393.342,198815.244,Elysium,Fenix,8421.902000000002,8421.902000000002,1.0442342253753811,4.24,0.9594,0.9777570719602977,0.055399164086247815,4312.254361379141
Caelum-Fenix,227,115550.603,120231.053,Caelum,Fenix,4680.449999999997,4680.449999999997,1.0405056302475548,3.89,0.9625,0.9796862650602409,0.04873557984945812,1731.907948738127
Boreas-Fenix,121,78816.056,152075.035,Boreas,Fenix,73258.979,73258.979,1.9294930845055227,48.17,0.6749,0.8068014354066986,0.13514659878591953,61601.108196475456
Aegis-Boreas,77,199877.453,195070.9,Aegis,Boreas,-4806.553000000014,4806.553000000014,0.9759525002552438,2.46,1.0,0.9849621693121693,0.03408513950102227,-4121.568080328588
Boreas-Fenix,398,61155.318,138870.607,Boreas,Fenix,77715.28899999999,77715.28899999999,2.2707854613723044,55.96,0.6412,0.8068014354066986,0.13514659878591953,61601.108196475456
Dawn-Elysium,320,135660.625,136735.729,Dawn,Elysium,1075.103999999992,1075.103999999992,1.0079249524318497,0.79,0.9922,0.9839219696969698,0.04028966443660543,-3087.7173304880284
Aegis-Elysium,314,178000.123,333639.89,Aegis,Elysium,155639.76700000002,155639.76700000002,1.8743801092766663,46.65,0.6819,0.7958968831168831,0.13151929136319288,77214.95699135585
Dawn-Fenix,231,197997.289,192630.357,Dawn,Fenix,-5366.932000000001,5366.932000000001,0.9728939116939122,2.79,1.0,0.9823136476426799,0.04646098172906777,-362.5543768567232
Aegis-Dawn,372,120401.818,124165.009,Aegis,Dawn,3763.191000000006,3763.191000000006,1.031255267258506,3.03,0.9706,0.9844383292383293,0.0367757216063089,-2180.4743005156975
Caelum-Elysium,350,175591.838,182120.635,Caelum,Elysium,6528.7970000000205,6528.7970000000205,1.0371816655851624,3.58,0.9654,0.9780398457583547,0.06003094589396874,1753.5802267796134
Elysium-Fenix,342,566584.902,564152.133,Elysium,Fenix,-2432.768999999971,2432.768999999971,0.9957062586888347,0.43,1.0,0.9777570719602977,0.055399164086247815,4312.254361379141
Boreas-Fenix,465,134179.362,193416.811,Boreas,Fenix,59237.44899999999,59237.44899999999,1.4414795846174913,30.63,0.7655,0.8068014354066986,0.13514659878591953,61601.108196475456
Caelum-Dawn,391,198973.892,132719.748,Caelum,Dawn,-66254.144,66254.144,0.6670209174980605,49.92,1.0,0.9804744471744471,0.05446466415035868,-6484.057433327288
Boreas-Fenix,60,121858.072,238455.372,Boreas,Fenix,116597.3,116597.3,1.9568286949427527,48.9,0.6716,0.8068014354066986,0.13514659878591953,61601.108196475456
Elysium-Fenix,376,240859.361,234043.199,Elysium,Fenix,-6816.162000000011,6816.162000000011,0.9717006556369632,2.91,1.0,0.9777570719602977,0.055399164086247815,4312.254361379141
Boreas-Fenix,135,232238.313,227925.907,Boreas,Fenix,-4312.405999999988,4312.405999999988,0.9814311172678903,1.89,1.0,0.8068014354066986,0.13514659878591953,61601.108196475456
Caelum-Elysium,30,181051.24749094708,174751.274,Caelum,Elysium,-6299.973490947072,6299.973490947072,0.965203368779538,3.61,1.0,0.9780398457583547,0.06003094589396874,1753.5802267796134
Aegis-Boreas,375,78427.008,78232.56,Aegis,Boreas,-194.44800000000396,194.44800000000396,0.9975206500291328,0.25,1.0,0.9849621693121693,0.03408513950102227,-4121.568080328588
Boreas-Dawn,408,82265.683,86485.184,Boreas,Dawn,4219.500999999989,4219.500999999989,1.051291144084952,4.88,0.9535,0.9791679389312977,0.052929740107363066,-992.1216852668913
Caelum-Fenix,429,191993.544,191265.024,Caelum,Fenix,-728.5199999999895,728.5199999999895,0.9962054974098504,0.38,1.0,0.9796862650602409,0.04873557984945812,1731.907948738127
Dawn-Fenix,182,149477.021,150958.249,Dawn,Fenix,1481.2280000000028,1481.2280000000028,1.009909402730203,0.98,0.9903,0.9823136476426799,0.04646098172906777,-362.5543768567232
Dawn-Fenix,240,73097.769,74080.336,Dawn,Fenix,982.5669999999955,982.5669999999955,1.0134418192708452,1.33,0.9869,0.9823136476426799,0.04646098172906777,-362.5543768567232
Caelum-Fenix,27,140565.64,134399.592,Caelum,Fenix,-6166.04800000001,6166.04800000001,0.9561340310477012,4.59,1.0,0.9796862650602409,0.04873557984945812,1731.907948738127
Boreas-Dawn,104,181051.24749094708,99681.234,Boreas,Dawn,-81370.01349094708,81370.01349094708,0.5505691641532835,81.63,1.0,0.9791679389312977,0.052929740107363066,-992.1216852668913
Aegis-Elysium,118,124270.324,220827.614,Aegis,Elysium,96557.29000000001,96557.29000000001,1.77699395070379,43.73,0.6958,0.7958968831168831,0.13151929136319288,77214.95699135585
Caelum-Elysium,177,196700.301,190292.132,Caelum,Elysium,-6408.168999999994,6408.168999999994,0.9674216614442294,3.37,1.0,0.9780398457583547,0.06003094589396874,1753.5802267796134
Caelum-Dawn,490,110879.379,115298.883,Caelum,Dawn,4419.504000000001,4419.504000000001,1.0398586647928467,3.83,0.9631,0.9804744471744471,0.05446466415035868,-6484.057433327288
Elysium-Fenix,335,1636426.503,1603309.732,Elysium,Fenix,-33116.77099999995,33116.77099999995,0.9797627507625376,2.07,1.0,0.9777570719602977,0.055399164086247815,4312.254361379141
Boreas-Fenix,458,82313.848,162874.565,Boreas,Fenix,80560.717,80560.717,1.9787018704313277,49.46,0.6691,0.8068014354066986,0.13514659878591953,61601.108196475456
Boreas-Dawn,494,70610.279,71204.467,Boreas,Dawn,594.1880000000092,594.1880000000092,1.0084150354369794,0.83,0.9917,0.9791679389312977,0.052929740107363066,-992.1216852668913
Elysium-Fenix,445,194735.017,186948.233,Elysium,Fenix,-7786.783999999985,7786.783999999985,0.9600134371313405,4.17,1.0,0.9777570719602977,0.055399164086247815,4312.254361379141
Dawn-Fenix,206,143797.143,149698.113,Dawn,Fenix,5900.970000000001,5900.970000000001,1.0410367680253565,3.94,0.9621,0.9823136476426799,0.04646098172906777,-362.5543768567232
Boreas-Elysium,376,187658.257,179343.914,Boreas,Elysium,-8314.343000000023,8314.343000000023,0.955694233054717,4.64,1.0,0.9804581280788177,0.05527648369623914,-1839.5134922540726
Aegis-Elysium,342,172842.361,257472.468,Aegis,Elysium,84630.10699999999,84630.10699999999,1.4896375316233963,32.87,0.7526,0.7958968831168831,0.13151929136319288,77214.95699135585
Aegis-Boreas,320,65916.135,62993.415,Aegis,Boreas,-2922.719999999994,2922.719999999994,0.955660021632033,4.64,1.0,0.9849621693121693,0.03408513950102227,-4121.568080328588
Boreas-Dawn,119,90139.881,90936.904,Boreas,Dawn,797.023000000001,797.023000000001,1.008842068473554,0.88,0.9913,0.9791679389312977,0.052929740107363066,-992.1216852668913
Caelum-Elysium,213,177297.8,177029.746,Caelum,Elysium,-268.0539999999746,268.0539999999746,0.9984881143477247,0.15,1.0,0.9780398457583547,0.06003094589396874,1753.5802267796134
Boreas-Elysium,60,141015.296,142718.178,Boreas,Elysium,1702.8820000000123,1702.8820000000123,1.012075867287475,1.19,0.9882,0.9804581280788177,0.05527648369623914,-1839.5134922540726
Boreas-Elysium,219,158730.741,154411.013,Boreas,Elysium,-4319.728000000003,4319.728000000003,0.9727858134298005,2.8,1.0,0.9804581280788177,0.05527648369623914,-1839.5134922540726
Boreas-Dawn,173,91616.282,91432.772,Boreas,Dawn,-183.5100000000093,183.5100000000093,0.9979969717609801,0.2,1.0,0.9791679389312977,0.052929740107363066,-992.1216852668913
Aegis-Boreas,260,65532.341,62912.077,Aegis,Boreas,-2620.264000000003,2620.264000000003,0.9600157119367977,4.16,1.0,0.9849621693121693,0.03408513950102227,-4121.568080328588
Dawn-Fenix,291,134090.64,132037.732,Dawn,Fenix,-2052.908000000025,2052.908000000025,0.9846901469036167,1.55,1.0,0.9823136476426799,0.04646098172906777,-362.5543768567232
Boreas-Elysium,39,140296.137,140825.699,Boreas,Elysium,529.5620000000054,529.5620000000054,1.0037746014346782,0.38,0.9963,0.9804581280788177,0.05527648369623914,-1839.5134922540726
Dawn-Elysium,285,125469.28,120904.795,Dawn,Elysium,-4564.485000000001,4564.485000000001,0.9636206966358618,3.78,1.0,0.9839219696969698,0.04028966443660543,-3087.7173304880284
Aegis-Dawn,401,128666.632,129196.302,Aegis,Dawn,529.6699999999983,529.6699999999983,1.0041166073267542,0.41,0.9959,0.9844383292383293,0.0367757216063089,-2180.4743005156975
Caelum-Elysium,244,188006.481,182488.421,Caelum,Elysium,-5518.059999999998,5518.059999999998,0.970649628828487,3.02,1.0,0.9780398457583547,0.06003094589396874,1753.5802267796134
Boreas-Elysium,26,263196.28,275660.24,Boreas,Elysium,12463.959999999963,12463.959999999963,1.0473561404439302,4.52,0.9567,0.9804581280788177,0.05527648369623914,-1839.5134922540726
Caelum-Fenix,234,110466.805,115487.439,Caelum,Fenix,5020.6340000000055,5020.6340000000055,1.04544925509523,4.35,0.9583,0.9796862650602409,0.04873557984945812,1731.907948738127
Boreas-Dawn,417,128922.998,132778.56,Boreas,Dawn,3855.561999999991,3855.561999999991,1.0299059288087606,2.9,0.9718,0.9791679389312977,0.052929740107363066,-992.1216852668913
Boreas-Dawn,328,110168.978,114770.535,Boreas,Dawn,4601.557000000001,4601.557000000001,1.0417681736141728,4.01,0.9615,0.9791679389312977,0.052929740107363066,-992.1216852668913
Boreas-Dawn,73,79275.672,80589.343,Boreas,Dawn,1313.6709999999875,1313.6709999999875,1.016570922287483,1.63,0.984,0.9791679389312977,0.052929740107363066,-992.1216852668913
Caelum-Fenix,415,122526.343,125712.268,Caelum,Fenix,3185.925000000003,3185.925000000003,1.0260019594316954,2.53,0.9753,0.9796862650602409,0.04873557984945812,1731.907948738127
Dawn-Elysium,249,101914.445,97812.981,Dawn,Elysium,-4101.464000000007,4101.464000000007,0.9597558128290842,4.19,1.0,0.9839219696969698,0.04028966443660543,-3087.7173304880284
Dawn-Fenix,260,70425.147,72622.322,Dawn,Fenix,2197.175000000003,2197.175000000003,1.031198727920298,3.03,0.9706,0.9823136476426799,0.04646098172906777,-362.5543768567232
Dawn-Elysium,154,112091.577,115180.643,Dawn,Elysium,3089.0659999999916,3089.0659999999916,1.027558413242772,2.68,0.9739,0.9839219696969698,0.04028966443660543,-3087.7173304880284
Caelum-Fenix,208,110560.649,113678.567,Caelum,Fenix,3117.9179999999906,3117.9179999999906,1.0282009741096942,2.74,0.9733,0.9796862650602409,0.04873557984945812,1731.907948738127
Dawn-Elysium,127,302216.655,301155.446,Dawn,Elysium,-1061.2090000000317,1061.2090000000317,0.9964885820075005,0.35,1.0,0.9839219696969698,0.04028966443660543,-3087.7173304880284
Aegis-Boreas,224,75095.221,75869.686,Aegis,Boreas,774.4649999999965,774.4649999999965,1.0103131063426791,1.02,0.9899,0.9849621693121693,0.03408513950102227,-4121.568080328588
Aegis-Dawn,223,132446.387,138757.012,Aegis,Dawn,6310.625,6310.625,1.0476466375787208,4.55,0.9565,0.9844383292383293,0.0367757216063089,-2180.4743005156975
Dawn-Fenix,378,108271.712,104483.42,Dawn,Fenix,-3788.2920000000013,3788.2920000000013,0.9650112487368815,3.63,1.0,0.9823136476426799,0.04646098172906777,-362.5543768567232
Aegis-Elysium,141,83110.469,160018.696,Aegis,Elysium,76908.227,76908.227,1.9253735170234691,48.06,0.6754,0.7958968831168831,0.13151929136319288,77214.95699135585
Boreas-Fenix,262,100761.356,161387.124,Boreas,Fenix,60625.76800000001,60625.76800000001,1.6016767777519787,37.57,0.7269,0.8068014354066986,0.13514659878591953,61601.108196475456
Aegis-Dawn,346,129635.29,125549.377,Aegis,Dawn,-4085.9130000000005,4085.9130000000005,0.9684814759931497,3.25,1.0,0.9844383292383293,0.0367757216063089,-2180.4743005156975
Caelum-Fenix,289,130019.589,132451.784,Caelum,Fenix,2432.195000000007,2432.195000000007,1.0187063735449895,1.84,0.982,0.9796862650602409,0.04873557984945812,1731.907948738127
Dawn-Fenix,42,202041.937,194563.582,Dawn,Fenix,-7478.3550000000105,7478.3550000000105,0.9629861250043351,3.84,1.0,0.9823136476426799,0.04646098172906777,-362.5543768567232
Boreas-Fenix,51,161312.135,331944.483,Boreas,Fenix,170632.348,170632.348,2.0577775069432933,51.4,0.6605,0.8068014354066986,0.13514659878591953,61601.108196475456
Boreas-Fenix,428,155445.265,154381.112,Boreas,Fenix,-1064.1530000000203,1064.1530000000203,0.9931541626565465,0.69,1.0,0.8068014354066986,0.13514659878591953,61601.108196475456
Aegis-Boreas,117,127842.352,125276.099,Aegis,Boreas,-2566.252999999997,2566.252999999997,0.9799264253210861,2.05,1.0,0.9849621693121693,0.03408513950102227,-4121.568080328588
Aegis-Dawn,145,170339.427,165068.375,Aegis,Dawn,-5271.051999999996,5271.051999999996,0.9690555962713201,3.19,1.0,0.9844383292383293,0.0367757216063089,-2180.4743005156975
Aegis-Boreas,3,70575.341,74284.268,Aegis,Boreas,3708.926999999996,3708.926999999996,1.0525527322638086,4.99,0.9524,0.9849621693121693,0.03408513950102227,-4121.568080328588
Caelum-Fenix,170,59802.266,136213.154,Caelum,Fenix,76410.888,76410.888,2.2777256299953583,56.1,0.6406,0.9796862650602409,0.04873557984945812,1731.907948738127
Aegis-Boreas,467,70989.342,73556.806,Aegis,Boreas,2567.4639999999927,2567.4639999999927,1.03616689389796,3.49,0.9663,0.9849621693121693,0.03408513950102227,-4121.568080328588
Aegis-Boreas,5,86796.243,84519.216,Aegis,Boreas,-2277.027000000002,2277.027000000002,0.9737658345419398,2.69,1.0,0.9849621693121693,0.03408513950102227,-4121.568080328588
Aegis-Dawn,419,195627.035,203220.326,Aegis,Dawn,7593.290999999997,7593.290999999997,1.038815141271246,3.74,0.964,0.9844383292383293,0.0367757216063089,-2180.4743005156975
Boreas-Fenix,95,302516.871,174369.581,Boreas,Fenix,-128147.28999999998,128147.28999999998,0.5763962202293175,73.49,1.0,0.8068014354066986,0.13514659878591953,61601.108196475456
Caelum-Fenix,324,317833.638,326219.767,Caelum,Fenix,8386.129000000015,8386.129000000015,1.0263852783260154,2.57,0.9749,0.9796862650602409,0.04873557984945812,1731.907948738127
Aegis-Elysium,63,204928.31,197859.891,Aegis,Elysium,-7068.418999999994,7068.418999999994,0.9655078451581434,3.57,1.0,0.7958968831168831,0.13151929136319288,77214.95699135585
Boreas-Fenix,90,175146.855,172698.606,Boreas,Fenix,-2448.2490000000107,2448.2490000000107,0.9860217358741611,1.42,1.0,0.8068014354066986,0.13514659878591953,61601.108196475456
Aegis-Boreas,242,93090.44,91824.038,Aegis,Boreas,-1266.4020000000019,1266.4020000000019,0.9863960037142374,1.38,1.0,0.9849621693121693,0.03408513950102227,-4121.568080328588
Dawn-Fenix,213,123917.346,120407.281,Dawn,Fenix,-3510.0650000000023,3510.0650000000023,0.9716741431825049,2.92,1.0,0.9823136476426799,0.04646098172906777,-362.5543768567232
Aegis-Elysium,160,158609.542,160868.349,Aegis,Elysium,2258.8070000000007,2258.8070000000007,1.0142413058604003,1.4,0.9862,0.7958968831168831,0.13151929136319288,77214.95699135585
Boreas-Fenix,370,98916.077,202535.202,Boreas,Fenix,103619.12499999999,103619.12499999999,2.047545840298539,51.16,0.6615,0.8068014354066986,0.13514659878591953,61601.108196475456
Caelum-Elysium,235,148688.569,153971.528,Caelum,Elysium,5282.959000000003,5282.959000000003,1.0355303641398284,3.43,0.9668,0.9780398457583547,0.06003094589396874,1753.5802267796134
Boreas-Elysium,397,122452.732,122647.739,Boreas,Elysium,195.0069999999978,195.0069999999978,1.0015925083647788,0.16,0.9984,0.9804581280788177,0.05527648369623914,-1839.5134922540726
Caelum-Elysium,17,129577.665,127916.839,Caelum,Elysium,-1660.8259999999864,1660.8259999999864,0.98718277567357,1.3,1.0,0.9780398457583547,0.06003094589396874,1753.5802267796134
Caelum-Dawn,421,258224.811,271369.52,Caelum,Dawn,13144.709000000032,13144.709000000032,1.0509041286509067,4.84,0.9538,0.9804744471744471,0.05446466415035868,-6484.057433327288
Boreas-Fenix,63,27401.906,161287.068,Boreas,Fenix,133885.162,133885.162,5.885979902273951,83.01,0.5464,0.8068014354066986,0.13514659878591953,61601.108196475456
Boreas-Dawn,105,70363.634,73715.232,Boreas,Dawn,3351.597999999998,3351.597999999998,1.0476325313158215,4.55,0.9565,0.9791679389312977,0.052929740107363066,-992.1216852668913
Elysium-Fenix,285,171131.188,166536.43,Elysium,Fenix,-4594.758000000002,4594.758000000002,0.973150668480137,2.76,1.0,0.9777570719602977,0.055399164086247815,4312.254361379141
Boreas-Elysium,324,121029.905,121691.582,Boreas,Elysium,661.676999999996,661.676999999996,1.0054670537831125,0.54,0.9946,0.9804581280788177,0.05527648369623914,-1839.5134922540726
Boreas-Fenix,209,166982.696,229408.844,Boreas,Fenix,62426.148000000016,62426.148000000016,1.3738480063826495,27.21,0.7861,0.8068014354066986,0.13514659878591953,61601.108196475456
Dawn-Fenix,265,69814.465,72939.849,Dawn,Fenix,3125.3840000000055,3125.3840000000055,1.0447669977847716,4.28,0.9589,0.9823136476426799,0.04646098172906777,-362.5543768567232
Aegis-Elysium,312,100123.897,154048.142,Aegis,Elysium,53924.244999999995,53924.244999999995,1.5385751715197422,35.0,0.7407,0.7958968831168831,0.13151929136319288,77214.95699135585
Caelum-Dawn,448,232159.966,238638.229,Caelum,Dawn,6478.263000000006,6478.263000000006,1.0279043071534564,2.71,0.9736,0.9804744471744471,0.05446466415035868,-6484.057433327288
Caelum-Elysium,312,124085.024,125528.709,Caelum,Elysium,1443.6849999999977,1443.6849999999977,1.0116346433555108,1.15,0.9886,0.9780398457583547,0.06003094589396874,1753.5802267796134
Elysium-Fenix,80,183099.668,175656.427,Elysium,Fenix,-7443.241000000009,7443.241000000009,0.9593486919921668,4.24,1.0,0.9777570719602977,0.055399164086247815,4312.254361379141
Boreas-Elysium,362,96546.689,99108.032,Boreas,Elysium,2561.343000000008,2561.343000000008,1.026529578865206,2.58,0.9748,0.9804581280788177,0.05527648369623914,-1839.5134922540726
Boreas-Dawn,475,77263.839,73590.853,Boreas,Dawn,-3672.9860000000044,3672.9860000000044,0.9524617719292979,4.99,1.0,0.9791679389312977,0.052929740107363066,-992.1216852668913
Caelum-Elysium,14,133775.721,129785.464,Caelum,Elysium,-3990.2569999999832,3990.2569999999832,0.9701720389157912,3.07,1.0,0.9780398457583547,0.06003094589396874,1753.5802267796134
Boreas-Dawn,261,72780.321,71595.086,Boreas,Dawn,-1185.2350000000006,1185.2350000000006,0.9837148973278093,1.66,1.0,0.9791679389312977,0.052929740107363066,-992.1216852668913
Boreas-Fenix,239,120670.637,212311.63,Boreas,Fenix,91640.993,91640.993,1.7594307553046231,43.16,0.6985,0.8068014354066986,0.13514659878591953,61601.108196475456
Elysium-Fenix,87,167108.543,175147.58,Elysium,Fenix,8039.036999999982,8039.036999999982,1.0481066787830229,4.59,0.9561,0.9777570719602977,0.055399164086247815,4312.254361379141
Boreas-Elysium,472,206782.433,200752.936,Boreas,Elysium,-6029.497000000003,6029.497000000003,0.9708413480172177,3.0,1.0,0.9804581280788177,0.05527648369623914,-1839.5134922540726
Caelum-Fenix,7,116411.411,115061.17,Caelum,Fenix,-1350.2409999999945,1350.2409999999945,0.9884011284770013,1.17,1.0,0.9796862650602409,0.04873557984945812,1731.907948738127
Dawn-Elysium,218,62558.311,121484.563,Dawn,Elysium,58926.25199999999,58926.25199999999,1.941941223445115,48.51,0.6734,0.9839219696969698,0.04028966443660543,-3087.7173304880284
Aegis-Elysium,493,131643.551,235208.238,Aegis,Elysium,103564.687,103564.687,1.786705358624062,44.03,0.6943,0.7958968831168831,0.13151929136319288,77214.95699135585
Caelum-Fenix,206,289603.703,282794.887,Caelum,Fenix,-6808.815999999992,6808.815999999992,0.9764891956509272,2.41,1.0,0.9796862650602409,0.04873557984945812,1731.907948738127
Boreas-Elysium,158,280261.959,277349.484,Boreas,Elysium,-2912.4749999999767,2912.4749999999767,0.989608025968305,1.05,1.0,0.9804581280788177,0.05527648369623914,-1839.5134922540726
Aegis-Elysium,169,460730.532,665315.692,Aegis,Elysium,204585.16000000003,204585.16000000003,1.444045153925245,30.75,0.7648,0.7958968831168831,0.13151929136319288,77214.95699135585
Dawn-Fenix,415,74823.407,76655.598,Dawn,Fenix,1832.1909999999916,1832.1909999999916,1.0244868694631881,2.39,0.9767,0.9823136476426799,0.04646098172906777,-362.5543768567232
Aegis-Boreas,232,323586.641,316623.415,Aegis,Boreas,-6963.226000000024,6963.226000000024,0.9784811079391871,2.2,1.0,0.9849621693121693,0.03408513950102227,-4121.568080328588
Aegis-Boreas,66,71141.807,71434.658,Aegis,Boreas,292.8509999999951,292.8509999999951,1.004116440281029,0.41,0.9959,0.9849621693121693,0.03408513950102227,-4121.568080328588
Boreas-Dawn,103,67417.431,70614.73,Boreas,Dawn,3197.298999999999,3197.298999999999,1.0474254054563426,4.53,0.9567,0.9791679389312977,0.052929740107363066,-992.1216852668913
Caelum-Dawn,283,194353.962,201870.277,Caelum,Dawn,7516.315000000002,7516.315000000002,1.0386733304670166,3.72,0.9641,0.9804744471744471,0.05446466415035868,-6484.057433327288
Caelum-Elysium,96,191899.316,196420.622,Caelum,Elysium,4521.306000000011,4521.306000000011,1.0235608239479081,2.3,0.9775,0.9780398457583547,0.06003094589396874,1753.5802267796134
Dawn-Elysium,132,139917.836,133594.315,Dawn,Elysium,-6323.521000000008,6323.521000000008,0.9548054688324367,4.73,1.0,0.9839219696969698,0.04028966443660543,-3087.7173304880284
Aegis-Boreas,125,78588.199,79949.03,Aegis,Boreas,1360.8310000000056,1360.8310000000056,1.0173159713203253,1.7,0.9833,0.9849621693121693,0.03408513950102227,-4121.568080328588
Aegis-Elysium,296,306861.607,318896.775,Aegis,Elysium,12035.168000000005,12035.168000000005,1.0392201817544415,3.77,0.9636,0.7958968831168831,0.13151929136319288,77214.95699135585
Boreas-Dawn,476,81569.72,77956.249,Boreas,Dawn,-3613.471000000005,3613.471000000005,0.9557008286898618,4.64,1.0,0.9791679389312977,0.052929740107363066,-992.1216852668913
Dawn-Fenix,416,87121.523,89536.141,Dawn,Fenix,2414.618000000002,2414.618000000002,1.0277155164057452,2.7,0.9737,0.9823136476426799,0.04646098172906777,-362.5543768567232
Dawn-Fenix,373,181378.876,186010.247,Dawn,Fenix,4631.371000000014,4631.371000000014,1.0255342358610713,2.49,0.9757,0.9823136476426799,0.04646098172906777,-362.5543768567232
Boreas-Elysium,75,262559.644,273102.194,Boreas,Elysium,10542.550000000047,10542.550000000047,1.0401529718710316,3.86,0.9628,0.9804581280788177,0.05527648369623914,-1839.5134922540726
Dawn-Elysium,80,267632.668,280078.112,Dawn,Elysium,12445.444000000018,12445.444000000018,1.0465019614122744,4.44,0.9575,0.9839219696969698,0.04028966443660543,-3087.7173304880284
Caelum-Dawn,86,117771.52,123611.154,Caelum,Dawn,5839.633999999991,5839.633999999991,1.0495844326370245,4.72,0.9549,0.9804744471744471,0.05446466415035868,-6484.057433327288
Dawn-Fenix,196,181051.24749094708,125003.088,Dawn,Fenix,-56048.15949094707,56048.15949094707,0.6904293106638241,44.84,1.0,0.9823136476426799,0.04646098172906777,-362.5543768567232
Caelum-Dawn,345,177326.465,180848.717,Caelum,Dawn,3522.2520000000077,3522.2520000000077,1.0198630926297436,1.95,0.9809,0.9804744471744471,0.05446466415035868,-6484.057433327288
Elysium-Fenix,318,170087.17,175726.93,Elysium,Fenix,5639.75999999998,5639.75999999998,1.0331580565424188,3.21,0.9689,0.9777570719602977,0.055399164086247815,4312.254361379141
Boreas-Fenix,297,138791.6,133208.746,Boreas,Fenix,-5582.853999999992,5582.853999999992,0.9597752745843409,4.19,1.0,0.8068014354066986,0.13514659878591953,61601.108196475456
Aegis-Dawn,418,139563.208,136187.343,Aegis,Dawn,-3375.86500000002,3375.86500000002,0.975811210931752,2.48,1.0,0.9844383292383293,0.0367757216063089,-2180.4743005156975
Boreas-Dawn,146,72651.06,70951.045,Boreas,Dawn,-1700.0149999999994,1700.0149999999994,0.9766002725906545,2.4,1.0,0.9791679389312977,0.052929740107363066,-992.1216852668913
Dawn-Fenix,122,91750.894,92578.756,Dawn,Fenix,827.8619999999937,827.8619999999937,1.0090229311553083,0.89,0.9911,0.9823136476426799,0.04646098172906777,-362.5543768567232
Dawn-Fenix,126,75075.646,76218.359,Dawn,Fenix,1142.7130000000034,1142.7130000000034,1.015220821409915,1.5,0.9852,0.9823136476426799,0.04646098172906777,-362.5543768567232
Dawn-Elysium,478,1345419.599,1388618.489,Dawn,Elysium,43198.89000000013,43198.89000000013,1.0321081170752293,3.11,0.9698,0.9839219696969698,0.04028966443660543,-3087.7173304880284
Dawn-Elysium,121,116053.762,118518.507,Dawn,Elysium,2464.7449999999953,2464.7449999999953,1.0212379586626412,2.08,0.9796,0.9839219696969698,0.04028966443660543,-3087.7173304880284
Aegis-Boreas,364,70689.395,73290.6,Aegis,Boreas,2601.2050000000017,2601.2050000000017,1.0367976695797156,3.55,0.9657,0.9849621693121693,0.03408513950102227,-4121.568080328588
Caelum-Dawn,287,243773.998,252553.34,Caelum,Dawn,8779.342000000004,8779.342000000004,1.0360142676086397,3.48,0.9664,0.9804744471744471,0.05446466415035868,-6484.057433327288
Boreas-Elysium,125,252382.085,257937.287,Boreas,Elysium,5555.202000000019,5555.202000000019,1.0220110789559411,2.15,0.9789,0.9804581280788177,0.05527648369623914,-1839.5134922540726
Caelum-Fenix,123,167344.854,160457.87,Caelum,Fenix,-6886.983999999997,6886.983999999997,0.9588455585255105,4.29,1.0,0.9796862650602409,0.04873557984945812,1731.907948738127
Dawn-Elysium,69,107244.185,107834.0,Dawn,Elysium,589.8150000000023,589.8150000000023,1.005499738750404,0.55,0.9946,0.9839219696969698,0.04028966443660543,-3087.7173304880284
Aegis-Dawn,25,147556.405,147646.181,Aegis,Dawn,89.77600000001257,89.77600000001257,1.0006084181842192,0.06,0.9994,0.9844383292383293,0.0367757216063089,-2180.4743005156975
Dawn-Elysium,321,155887.1,156221.53,Dawn,Elysium,334.429999999993,334.429999999993,1.0021453346684877,0.21,0.9979,0.9839219696969698,0.04028966443660543,-3087.7173304880284
Aegis-Boreas,55,162734.525,170476.482,Aegis,Boreas,7741.956999999995,7741.956999999995,1.0475741518279542,4.54,0.9566,0.9849621693121693,0.03408513950102227,-4121.568080328588
Aegis-Dawn,138,134459.04,132217.762,Aegis,Dawn,-2241.2780000000203,2241.2780000000203,0.9833311467938487,1.7,1.0,0.9844383292383293,0.0367757216063089,-2180.4743005156975
Aegis-Boreas,302,108659.48,103856.872,Aegis,Boreas,-4802.607999999993,4802.607999999993,0.9558012977790802,4.62,1.0,0.9849621693121693,0.03408513950102227,-4121.568080328588
Boreas-Fenix,266,181051.24749094708,194357.553,Boreas,Fenix,13306.305509052938,13306.305509052938,1.0734946911079322,6.85,0.9359,0.8068014354066986,0.13514659878591953,61601.108196475456
Aegis-Elysium,276,110712.949,193332.314,Aegis,Elysium,82619.36500000002,82619.36500000002,1.7462484356730488,42.73,0.7006,0.7958968831168831,0.13151929136319288,77214.95699135585
Dawn-Elysium,220,363145.699,347600.278,Dawn,Elysium,-15545.421000000031,15545.421000000031,0.9571923306738653,4.47,1.0,0.9839219696969698,0.04028966443660543,-3087.7173304880284
Boreas-Elysium,55,94586.216,97860.218,Boreas,Elysium,3274.001999999993,3274.001999999993,1.0346139441713156,3.35,0.9676,0.9804581280788177,0.05527648369623914,-1839.5134922540726
Dawn-Fenix,145,517844.964,535162.417,Dawn,Fenix,17317.453000000038,17317.453000000038,1.033441385364134,3.24,0.9687,0.9823136476426799,0.04646098172906777,-362.5543768567232
Caelum-Fenix,432,116071.754,115436.098,Caelum,Fenix,-635.6560000000027,635.6560000000027,0.9945235944310792,0.55,1.0,0.9796862650602409,0.04873557984945812,1731.907948738127
Caelum-Elysium,144,157725.763,155826.752,Caelum,Elysium,-1899.0109999999986,1899.0109999999986,0.9879600455633871,1.22,1.0,0.9780398457583547,0.06003094589396874,1753.5802267796134
Caelum-Fenix,143,205071.387,199410.047,Caelum,Fenix,-5661.3399999999965,5661.3399999999965,0.9723933207707812,2.84,1.0,0.9796862650602409,0.04873557984945812,1731.907948738127
Boreas-Fenix,378,150604.415,147157.66,Boreas,Fenix,-3446.7550000000047,3446.7550000000047,0.9771138515427984,2.34,1.0,0.8068014354066986,0.13514659878591953,61601.108196475456
Caelum-Fenix,202,111802.032,113477.14,Caelum,Fenix,1675.107999999993,1675.107999999993,1.0149828046059126,1.48,0.9855,0.9796862650602409,0.04873557984945812,1731.907948738127
Boreas-Elysium,286,150596.85,156371.242,Boreas,Elysium,5774.391999999993,5774.391999999993,1.0383433783641556,3.69,0.9644,0.9804581280788177,0.05527648369623914,-1839.5134922540726
Boreas-Elysium,261,321522.664,320908.919,Boreas,Elysium,-613.7449999999953,613.7449999999953,0.9980911298993218,0.19,1.0,0.9804581280788177,0.05527648369623914,-1839.5134922540726
Boreas-Elysium,296,155968.392,150737.922,Boreas,Elysium,-5230.470000000001,5230.470000000001,0.9664645513560209,3.47,1.0,0.9804581280788177,0.05527648369623914,-1839.5134922540726
Boreas-Dawn,253,97828.545,95477.203,Boreas,Dawn,-2351.342000000004,2351.342000000004,0.9759646634834444,2.46,1.0,0.9791679389312977,0.052929740107363066,-992.1216852668913
Boreas-Dawn,468,140423.715,135102.448,Boreas,Dawn,-5321.266999999993,5321.266999999993,0.9621056386380321,3.94,1.0,0.9791679389312977,0.052929740107363066,-992.1216852668913
Dawn-Fenix,202,113324.018,109269.623,Dawn,Fenix,-4054.3949999999895,4054.3949999999895,0.9642229858104749,3.71,1.0,0.9823136476426799,0.04646098172906777,-362.5543768567232
Caelum-Dawn,117,229747.972,228920.451,Caelum,Dawn,-827.5210000000079,827.5210000000079,0.9963981357798448,0.36,1.0,0.9804744471744471,0.05446466415035868,-6484.057433327288
Boreas-Elysium,393,120190.618,123838.093,Boreas,Elysium,3647.4749999999913,3647.4749999999913,1.0303474186312944,2.95,0.9714,0.9804581280788177,0.05527648369623914,-1839.5134922540726
Aegis-Dawn,23,120776.748,120605.566,Aegis,Dawn,-171.1820000000007,171.1820000000007,0.9985826576486394,0.14,1.0,0.9844383292383293,0.0367757216063089,-2180.4743005156975
Caelum-Elysium,400,185619.127,179328.547,Caelum,Elysium,-6290.580000000016,6290.580000000016,0.9661102812966036,3.51,1.0,0.9780398457583547,0.06003094589396874,1753.5802267796134
Elysium-Fenix,211,205015.64,207720.946,Elysium,Fenix,2705.3059999999823,2705.3059999999823,1.0131956079058162,1.3,0.9871,0.9777570719602977,0.055399164086247815,4312.254361379141
Dawn-Elysium,199,112046.06,113971.061,Dawn,Elysium,1925.0010000000038,1925.0010000000038,1.017180443471194,1.69,0.9834,0.9839219696969698,0.04028966443660543,-3087.7173304880284
Dawn-Fenix,489,82416.41,83634.979,Dawn,Fenix,1218.5690000000031,1218.5690000000031,1.0147855141955346,1.46,0.9856,0.9823136476426799,0.04646098172906777,-362.5543768567232
Caelum-Dawn,122,127071.806,123750.686,Caelum,Dawn,-3321.1199999999953,3321.1199999999953,0.9738642260266609,2.68,1.0,0.9804744471744471,0.05446466415035868,-6484.057433327288
Caelum-Fenix,156,736810.574,717686.099,Caelum,Fenix,-19124.474999999977,19124.474999999977,0.974044244647336,2.66,1.0,0.9796862650602409,0.04873557984945812,1731.907948738127
Boreas-Dawn,469,101990.062,101659.061,Boreas,Dawn,-331.00100000000384,331.00100000000384,0.9967545759507431,0.33,1.0,0.9791679389312977,0.052929740107363066,-992.1216852668913
Aegis-Dawn,171,117979.745,121228.224,Aegis,Dawn,3248.4790000000066,3248.4790000000066,1.0275342093678876,2.68,0.9739,0.9844383292383293,0.0367757216063089,-2180.4743005156975
Caelum-Fenix,188,135246.315,129766.488,Caelum,Fenix,-5479.827000000005,5479.827000000005,0.959482615108589,4.22,1.0,0.9796862650602409,0.04873557984945812,1731.907948738127
Aegis-Dawn,166,151826.578,145155.968,Aegis,Dawn,-6670.610000000015,6670.610000000015,0.9560642801288717,4.6,1.0,0.9844383292383293,0.0367757216063089,-2180.4743005156975
Elysium-Fenix,32,844205.546,805462.108,Elysium,Fenix,-38743.437999999966,38743.437999999966,0.9541066293824135,4.81,1.0,0.9777570719602977,0.055399164086247815,4312.254361379141
Boreas-Dawn,387,71016.842,71944.347,Boreas,Dawn,927.5049999999901,927.5049999999901,1.0130603526414197,1.29,0.9873,0.9791679389312977,0.052929740107363066,-992.1216852668913
Caelum-Dawn,266,140482.469,135808.931,Caelum,Dawn,-4673.5380000000005,4673.5380000000005,0.9667322333294128,3.44,1.0,0.9804744471744471,0.05446466415035868,-6484.057433327288
Aegis-Boreas,280,84733.668,86274.098,Aegis,Boreas,1540.429999999993,1540.429999999993,1.0181796685586655,1.79,0.9825,0.9849621693121693,0.03408513950102227,-4121.568080328588
Boreas-Dawn,219,79116.089,78037.402,Boreas,Dawn,-1078.6870000000054,1078.6870000000054,0.9863657694201744,1.38,1.0,0.9791679389312977,0.052929740107363066,-992.1216852668913
Boreas-Fenix,447,270055.262,448064.134,Boreas,Fenix,178008.87200000003,178008.87200000003,1.6591572061276851,39.73,0.7157,0.8068014354066986,0.13514659878591953,61601.108196475456
Caelum-Fenix,455,188946.604,184342.374,Caelum,Fenix,-4604.229999999981,4604.229999999981,0.9756321103289055,2.5,1.0,0.9796862650602409,0.04873557984945812,1731.907948738127
Aegis-Dawn,399,134638.218,135317.273,Aegis,Dawn,679.054999999993,679.054999999993,1.005043553086836,0.5,0.995,0.9844383292383293,0.0367757216063089,-2180.4743005156975
Elysium-Fenix,314,194341.115,188134.322,Elysium,Fenix,-6206.793000000005,6206.793000000005,0.9680623783598237,3.3,1.0,0.9777570719602977,0.055399164086247815,4312.254361379141
Aegis-Dawn,260,157609.35,159809.98,Aegis,Dawn,2200.6300000000047,2200.6300000000047,1.0139625599623372,1.38,0.9864,0.9844383292383293,0.0367757216063089,-2180.4743005156975
Boreas-Dawn,406,103905.526,103294.39,Boreas,Dawn,-611.1359999999986,611.1359999999986,0.9941183493936598,0.59,1.0,0.9791679389312977,0.052929740107363066,-992.1216852668913
Caelum-Fenix,42,129970.25,123856.494,Caelum,Fenix,-6113.755999999994,6113.755999999994,0.9529603428476902,4.94,1.0,0.9796862650602409,0.04873557984945812,1731.907948738127
Caelum-Elysium,323,129559.617,133237.845,Caelum,Elysium,3678.228000000003,3678.228000000003,1.0283902352073178,2.76,0.9731,0.9780398457583547,0.06003094589396874,1753.5802267796134
Caelum-Fenix,138,126398.725,131669.011,Caelum,Fenix,5270.285999999993,5270.285999999993,1.0416957212187068,4.0,0.9615,0.9796862650602409,0.04873557984945812,1731.907948738127
Caelum-Elysium,318,129058.338,127199.856,Caelum,Elysium,-1858.4820000000036,1858.4820000000036,0.9855996750864713,1.46,1.0,0.9780398457583547,0.06003094589396874,1753.5802267796134
Caelum-Fenix,300,140268.549,142764.546,Caelum,Fenix,2495.997000000003,2495.997000000003,1.017794416622931,1.75,0.9828,0.9796862650602409,0.04873557984945812,1731.907948738127
Boreas-Fenix,93,85257.832,132206.804,Boreas,Fenix,46948.97200000001,46948.97200000001,1.550670488548196,35.51,0.7379,0.8068014354066986,0.13514659878591953,61601.108196475456
Caelum-Fenix,164,128788.674,130025.08,Caelum,Fenix,1236.4060000000027,1236.4060000000027,1.0096002696634643,0.95,0.9906,0.9796862650602409,0.04873557984945812,1731.907948738127
Caelum-Dawn,31,714380.868,285599.679,Caelum,Dawn,-428781.189,428781.189,0.3997862929890222,150.13,1.0,0.9804744471744471,0.05446466415035868,-6484.057433327288
Caelum-Elysium,79,444881.855,426101.442,Caelum,Elysium,-18780.413,18780.413,0.957785617037584,4.41,1.0,0.9780398457583547,0.06003094589396874,1753.5802267796134
Boreas-Fenix,332,153549.62,156741.501,Boreas,Fenix,3191.880999999994,3191.880999999994,1.0207872933843796,2.04,0.98,0.8068014354066986,0.13514659878591953,61601.108196475456
Caelum-Dawn,472,125149.436,124209.709,Caelum,Dawn,-939.726999999999,939.726999999999,0.9924911607272445,0.76,1.0,0.9804744471744471,0.05446466415035868,-6484.057433327288
Aegis-Boreas,137,181051.24749094708,185305.254,Aegis,Boreas,4254.00650905291,4254.00650905291,1.0234961458040526,2.3,0.9776,0.9849621693121693,0.03408513950102227,-4121.568080328588
Dawn-Elysium,392,113207.351,115927.349,Dawn,Elysium,2719.998000000007,2719.998000000007,1.0240266906342506,2.35,0.9771,0.9839219696969698,0.04028966443660543,-3087.7173304880284
Boreas-Elysium,180,332726.923,154102.681,Boreas,Elysium,-178624.242,178624.242,0.46315062096733306,115.91,1.0,0.9804581280788177,0.05527648369623914,-1839.5134922540726
Boreas-Elysium,128,356504.225,182810.726,Boreas,Elysium,-173693.49899999998,173693.49899999998,0.5127869830995692,95.01,1.0,0.9804581280788177,0.05527648369623914,-1839.5134922540726
Caelum-Dawn,177,436035.89,173404.316,Caelum,Dawn,-262631.574,262631.574,0.39768358517460567,151.46,1.0,0.9804744471744471,0.05446466415035868,-6484.057433327288
Dawn-Elysium,354,181051.24749094708,407232.038,Dawn,Elysium,226180.79050905292,226180.79050905292,2.249263916396723,55.54,0.6429,0.9839219696969698,0.04028966443660543,-3087.7173304880284
Dawn-Elysium,137,189732.336,197297.122,Dawn,Elysium,7564.785999999993,7564.785999999993,1.0398708315065492,3.83,0.9631,0.9839219696969698,0.04028966443660543,-3087.7173304880284
Dawn-Fenix,115,131984.754,137736.789,Dawn,Fenix,5752.0350000000035,5752.0350000000035,1.04358105633928,4.18,0.9599,0.9823136476426799,0.04646098172906777,-362.5543768567232
Dawn-Fenix,223,74870.244,71461.296,Dawn,Fenix,-3408.948000000004,3408.948000000004,0.9544685870130194,4.77,1.0,0.9823136476426799,0.04646098172906777,-362.5543768567232
Caelum-Fenix,261,126081.86,124568.35,Caelum,Fenix,-1513.5099999999948,1513.5099999999948,0.9879958147825548,1.22,1.0,0.9796862650602409,0.04873557984945812,1731.907948738127
Caelum-Fenix,344,227592.959,224260.574,Caelum,Fenix,-3332.3850000000093,3332.3850000000093,0.985358136672409,1.49,1.0,0.9796862650602409,0.04873557984945812,1731.907948738127
Aegis-Elysium,331,121275.981,173700.596,Aegis,Elysium,52424.61499999999,52424.61499999999,1.4322753324089788,30.18,0.7682,0.7958968831168831,0.13151929136319288,77214.95699135585
Boreas-Elysium,17,134499.362,136946.685,Boreas,Elysium,2447.323000000004,2447.323000000004,1.0181957963488333,1.79,0.9824,0.9804581280788177,0.05527648369623914,-1839.5134922540726
Dawn-Elysium,42,227157.336,226437.335,Dawn,Elysium,-720.0010000000184,720.0010000000184,0.9968303863186703,0.32,1.0,0.9839219696969698,0.04028966443660543,-3087.7173304880284
Boreas-Elysium,482,239312.242,228786.076,Boreas,Elysium,-10526.165999999997,10526.165999999997,0.9560149288142142,4.6,1.0,0.9804581280788177,0.05527648369623914,-1839.5134922540726
Aegis-Elysium,358,92623.63,158478.373,Aegis,Elysium,65854.74299999999,65854.74299999999,1.710992896737042,41.55,0.7064,0.7958968831168831,0.13151929136319288,77214.95699135585
Aegis-Elysium,329,99024.667,200816.502,Aegis,Elysium,101791.835,101791.835,2.0279442292898597,50.69,0.6636,0.7958968831168831,0.13151929136319288,77214.95699135585
Elysium-Fenix,408,181151.908,173589.897,Elysium,Fenix,-7562.010999999999,7562.010999999999,0.9582559682451702,4.36,1.0,0.9777570719602977,0.055399164086247815,4312.254361379141
Boreas-Elysium,150,112259.877,111535.709,Boreas,Elysium,-724.1679999999906,724.1679999999906,0.9935491823138201,0.65,1.0,0.9804581280788177,0.05527648369623914,-1839.5134922540726
Dawn-Elysium,30,126448.93,125534.078,Dawn,Elysium,-914.851999999999,914.851999999999,0.9927650475176025,0.73,1.0,0.9839219696969698,0.04028966443660543,-3087.7173304880284
Boreas-Elysium,122,103569.403,100792.691,Boreas,Elysium,-2776.7119999999995,2776.7119999999995,0.9731898425638313,2.75,1.0,0.9804581280788177,0.05527648369623914,-1839.5134922540726
Dawn-Elysium,173,196493.099,203322.829,Dawn,Elysium,6829.7300000000105,6829.7300000000105,1.0347581163651962,3.36,0.9675,0.9839219696969698,0.04028966443660543,-3087.7173304880284
Caelum-Elysium,481,130439.009,129227.335,Caelum,Elysium,-1211.673999999999,1211.673999999999,0.9907108003250776,0.94,1.0,0.9780398457583547,0.06003094589396874,1753.5802267796134
Aegis-Elysium,252,137937.429,168877.546,Aegis,Elysium,30940.117,30940.117,1.2243054493932897,18.32,0.8452,0.7958968831168831,0.13151929136319288,77214.95699135585
Caelum-Dawn,278,148509.507,142266.807,Caelum,Dawn,-6242.700000000012,6242.700000000012,0.9579643072951551,4.39,1.0,0.9804744471744471,0.05446466415035868,-6484.057433327288
Caelum-Dawn,374,165274.745,171537.673,Caelum,Dawn,6262.928000000014,6262.928000000014,1.0378940412220876,3.65,0.9648,0.9804744471744471,0.05446466415035868,-6484.057433327288
Boreas-Fenix,314,155130.636,147956.964,Boreas,Fenix,-7173.671999999991,7173.671999999991,0.9537572191736519,4.85,1.0,0.8068014354066986,0.13514659878591953,61601.108196475456
Dawn-Elysium,219,125753.252,122905.241,Dawn,Elysium,-2848.0109999999986,2848.0109999999986,0.9773523868790288,2.32,1.0,0.9839219696969698,0.04028966443660543,-3087.7173304880284
Boreas-Dawn,348,83899.412,81716.266,Boreas,Dawn,-2183.1459999999934,2183.1459999999934,0.973979007147273,2.67,1.0,0.9791679389312977,0.052929740107363066,-992.1216852668913
Dawn-Elysium,358,239473.515,250635.225,Dawn,Elysium,11161.709999999992,11161.709999999992,1.046609371395413,4.45,0.9574,0.9839219696969698,0.04028966443660543,-3087.7173304880284
Caelum-Dawn,37,524240.936,513535.912,Caelum,Dawn,-10705.023999999976,10705.023999999976,0.9795799540537979,2.08,1.0,0.9804744471744471,0.05446466415035868,-6484.057433327288
Aegis-Boreas,388,91312.357,90290.412,Aegis,Boreas,-1021.945000000007,1021.945000000007,0.9888082507825309,1.13,1.0,0.9849621693121693,0.03408513950102227,-4121.568080328588
Aegis-Boreas,235,63534.547,63299.676,Aegis,Boreas,-234.87099999999919,234.87099999999919,0.9963032552982553,0.37,1.0,0.9849621693121693,0.03408513950102227,-4121.568080328588
Aegis-Elysium,77,181051.24749094708,167384.017,Aegis,Elysium,-13667.230490947084,13667.230490947084,0.9245118126477948,8.17,1.0,0.7958968831168831,0.13151929136319288,77214.95699135585
Boreas-Dawn,484,73333.895,70235.127,Boreas,Dawn,-3098.768000000011,3098.768000000011,0.9577443963667822,4.41,1.0,0.9791679389312977,0.052929740107363066,-992.1216852668913
Caelum-Fenix,363,126149.876,128655.569,Caelum,Fenix,2505.6929999999993,2505.6929999999993,1.019862825707415,1.95,0.9809,0.9796862650602409,0.04873557984945812,1731.907948738127
Caelum-Elysium,462,191109.604,199686.055,Caelum,Elysium,8576.451000000001,8576.451000000001,1.0448771323915254,4.29,0.9588,0.9780398457583547,0.06003094589396874,1753.5802267796134
Aegis-Dawn,270,134782.429,133416.206,Aegis,Dawn,-1366.2229999999981,1366.2229999999981,0.9898634932599412,1.02,1.0,0.9844383292383293,0.0367757216063089,-2180.4743005156975
Boreas-Elysium,165,116119.025,114088.479,Boreas,Elysium,-2030.5459999999875,2030.5459999999875,0.982513235880167,1.78,1.0,0.9804581280788177,0.05527648369623914,-1839.5134922540726
Dawn-Elysium,33,116065.42,115542.102,Dawn,Elysium,-523.3179999999993,523.3179999999993,0.9954911807496152,0.45,1.0,0.9839219696969698,0.04028966443660543,-3087.7173304880284
Aegis-Dawn,173,297115.196,308962.427,Aegis,Dawn,11847.231000000029,11847.231000000029,1.0398742008470008,3.83,0.9631,0.9844383292383293,0.0367757216063089,-2180.4743005156975
Aegis-Boreas,249,119211.587,118544.64,Aegis,Boreas,-666.9470000000001,666.9470000000001,0.9944053508825447,0.56,1.0,0.9849621693121693,0.03408513950102227,-4121.568080328588
Boreas-Dawn,74,72921.168,70874.969,Boreas,Dawn,-2046.1990000000078,2046.1990000000078,0.971939574527934,2.89,1.0,0.9791679389312977,0.052929740107363066,-992.1216852668913
Caelum-Dawn,419,121646.225,126680.239,Caelum,Dawn,5034.013999999996,5034.013999999996,1.041382410346067,3.97,0.9618,0.9804744471744471,0.05446466415035868,-6484.057433327288
Boreas-Elysium,81,152837.452,146495.45,Boreas,Elysium,-6342.001999999979,6342.001999999979,0.9585049219480577,4.33,1.0,0.9804581280788177,0.05527648369623914,-1839.5134922540726
Boreas-Dawn,323,123235.074,121838.787,Boreas,Dawn,-1396.2869999999966,1396.2869999999966,0.9886697272563816,1.15,1.0,0.9791679389312977,0.052929740107363066,-992.1216852668913
Elysium-Fenix,50,255222.009,263138.668,Elysium,Fenix,7916.659000000014,7916.659000000014,1.031018715944674,3.01,0.9708,0.9777570719602977,0.055399164086247815,4312.254361379141
Elysium-Fenix,238,186764.217,189560.245,Elysium,Fenix,2796.027999999991,2796.027999999991,1.014970897771065,1.48,0.9855,0.9777570719602977,0.055399164086247815,4312.254361379141
Dawn-Elysium,44,181051.24749094708,109798.369,Dawn,Elysium,-71252.87849094707,71252.87849094707,0.6064491160464948,64.89,1.0,0.9839219696969698,0.04028966443660543,-3087.7173304880284
Aegis-Dawn,216,212993.79,212053.477,Aegis,Dawn,-940.3129999999946,940.3129999999946,0.9955852562649832,0.44,1.0,0.9844383292383293,0.0367757216063089,-2180.4743005156975
Dawn-Fenix,344,72397.402,74565.511,Dawn,Fenix,2168.1089999999967,2168.1089999999967,1.0299473315354604,2.91,0.9717,0.9823136476426799,0.04646098172906777,-362.5543768567232
Elysium-Fenix,99,166230.139,158811.712,Elysium,Fenix,-7418.426999999996,7418.426999999996,0.9553725513037079,4.67,1.0,0.9777570719602977,0.055399164086247815,4312.254361379141
Boreas-Elysium,48,58077.087,156276.009,Boreas,Elysium,98198.92199999999,98198.92199999999,2.690837593145813,62.84,0.6141,0.9804581280788177,0.05527648369623914,-1839.5134922540726
Caelum-Fenix,178,229628.437,234938.782,Caelum,Fenix,5310.345000000001,5310.345000000001,1.0231258160765166,2.26,0.9779,0.9796862650602409,0.04873557984945812,1731.907948738127
Dawn-Elysium,309,392821.696,389977.859,Dawn,Elysium,-2843.8369999999995,2843.8369999999995,0.9927604889725846,0.73,1.0,0.9839219696969698,0.04028966443660543,-3087.7173304880284
Boreas-Fenix,224,97144.02,136700.869,Boreas,Fenix,39556.849,39556.849,1.407197982953557,28.94,0.7756,0.8068014354066986,0.13514659878591953,61601.108196475456
Dawn-Fenix,420,87570.245,87575.552,Dawn,Fenix,5.3070000000006985,5.3070000000006985,1.0000606027766623,0.01,0.9999,0.9823136476426799,0.04646098172906777,-362.5543768567232
Aegis-Elysium,460,137369.383,242779.962,Aegis,Elysium,105410.579,105410.579,1.7673513318466314,43.42,0.6973,0.7958968831168831,0.13151929136319288,77214.95699135585
Boreas-Dawn,168,154732.288,153311.674,Boreas,Dawn,-1420.6140000000014,1420.6140000000014,0.9908188910125856,0.93,1.0,0.9791679389312977,0.052929740107363066,-992.1216852668913
Boreas-Fenix,256,84747.464,141489.916,Boreas,Fenix,56742.45199999999,56742.45199999999,1.6695474923001825,40.1,0.7138,0.8068014354066986,0.13514659878591953,61601.108196475456
Boreas-Elysium,0,114169.325,111376.389,Boreas,Elysium,-2792.9360000000015,2792.9360000000015,0.9755368966226261,2.51,1.0,0.9804581280788177,0.05527648369623914,-1839.5134922540726
Dawn-Elysium,71,114886.686,113595.894,Dawn,Elysium,-1290.7920000000013,1290.7920000000013,0.9887646511102253,1.14,1.0,0.9839219696969698,0.04028966443660543,-3087.7173304880284
Dawn-Elysium,113,145217.842,145327.807,Dawn,Elysium,109.96499999999651,109.96499999999651,1.0007572416618062,0.08,0.9992,0.9839219696969698,0.04028966443660543,-3087.7173304880284
Aegis-Boreas,404,181051.24749094708,216801.795,Aegis,Boreas,35750.547509052936,35750.547509052936,1.19746092890545,16.49,0.8584,0.9849621693121693,0.03408513950102227,-4121.568080328588
Aegis-Boreas,384,69590.468,70414.348,Aegis,Boreas,823.8800000000047,823.8800000000047,1.0118389777174657,1.17,0.9884,0.9849621693121693,0.03408513950102227,-4121.568080328588
Dawn-Fenix,385,119154.869,115805.236,Dawn,Fenix,-3349.6330000000016,3349.6330000000016,0.9718884085215184,2.89,1.0,0.9823136476426799,0.04646098172906777,-362.5543768567232
Boreas-Elysium,152,143213.072,144286.38,Boreas,Elysium,1073.308000000019,1073.308000000019,1.0074944834644706,0.74,0.9926,0.9804581280788177,0.05527648369623914,-1839.5134922540726
Boreas-Dawn,133,91910.29,89888.468,Boreas,Dawn,-2021.8220000000001,2021.8220000000001,0.9780022236900786,2.25,1.0,0.9791679389312977,0.052929740107363066,-992.1216852668913
Dawn-Fenix,494,79009.678,80026.415,Dawn,Fenix,1016.7369999999937,1016.7369999999937,1.0128685121334122,1.27,0.9875,0.9823136476426799,0.04646098172906777,-362.5543768567232
Dawn-Elysium,284,374328.917,356882.034,Dawn,Elysium,-17446.88300000003,17446.88300000003,0.9533915703338516,4.89,1.0,0.9839219696969698,0.04028966443660543,-3087.7173304880284
Caelum-Elysium,425,152208.055,150082.293,Caelum,Elysium,-2125.761999999988,2125.761999999988,0.9860338403246793,1.42,1.0,0.9780398457583547,0.06003094589396874,1753.5802267796134
Caelum-Fenix,158,119133.4,116080.456,Caelum,Fenix,-3052.9439999999886,3052.9439999999886,0.9743737356610321,2.63,1.0,0.9796862650602409,0.04873557984945812,1731.907948738127
Dawn-Elysium,448,132971.242,131296.183,Dawn,Elysium,-1675.0590000000084,1675.0590000000084,0.9874028476021904,1.28,1.0,0.9839219696969698,0.04028966443660543,-3087.7173304880284
Aegis-Boreas,223,80148.047,82763.698,Aegis,Boreas,2615.650999999998,2615.650999999998,1.0326352431270096,3.16,0.9694,0.9849621693121693,0.03408513950102227,-4121.568080328588
Boreas-Elysium,193,217520.171,215123.401,Boreas,Elysium,-2396.7699999999895,2396.7699999999895,0.9889813896845456,1.11,1.0,0.9804581280788177,0.05527648369623914,-1839.5134922540726
Caelum-Dawn,136,155229.0,160295.719,Caelum,Dawn,5066.719000000012,5066.719000000012,1.032640286286712,3.16,0.9694,0.9804744471744471,0.05446466415035868,-6484.057433327288
Caelum-Fenix,469,111353.379,114170.491,Caelum,Fenix,2817.1119999999937,2817.1119999999937,1.0252988461176378,2.47,0.9759,0.9796862650602409,0.04873557984945812,1731.907948738127
Boreas-Dawn,324,76090.242,73140.502,Boreas,Dawn,-2949.7400000000052,2949.7400000000052,0.9612336625240329,4.03,1.0,0.9791679389312977,0.052929740107363066,-992.1216852668913
Elysium-Fenix,9,164807.412,169003.022,Elysium,Fenix,4195.609999999986,4195.609999999986,1.0254576535671829,2.48,0.9758,0.9777570719602977,0.055399164086247815,4312.254361379141
Dawn-Fenix,124,69484.965,69228.825,Dawn,Fenix,-256.1399999999994,256.1399999999994,0.9963137349209286,0.37,1.0,0.9823136476426799,0.04646098172906777,-362.5543768567232
Dawn-Elysium,472,120122.573,125020.666,Dawn,Elysium,4898.0929999999935,4898.0929999999935,1.0407757915741616,3.92,0.9623,0.9839219696969698,0.04028966443660543,-3087.7173304880284
Aegis-Dawn,297,302735.265,309191.507,Aegis,Dawn,6456.241999999969,6456.241999999969,1.0213263624903428,2.09,0.9795,0.9844383292383293,0.0367757216063089,-2180.4743005156975
Boreas-Fenix,371,153910.362,268670.752,Boreas,Fenix,114760.38999999998,114760.38999999998,1.745631343521887,42.71,0.7007,0.8068014354066986,0.13514659878591953,61601.108196475456
Aegis-Boreas,9,60802.464,63366.526,Aegis,Boreas,2564.061999999998,2564.061999999998,1.0421703633589585,4.05,0.9611,0.9849621693121693,0.03408513950102227,-4121.568080328588
Boreas-Dawn,444,117457.462,113609.606,Boreas,Dawn,-3847.8559999999998,3847.8559999999998,0.9672404295607886,3.39,1.0,0.9791679389312977,0.052929740107363066,-992.1216852668913
Boreas-Dawn,338,160387.512,159475.137,Boreas,Dawn,-912.375,912.375,0.9943114336732152,0.57,1.0,0.9791679389312977,0.052929740107363066,-992.1216852668913
Dawn-Elysium,304,363496.751,351131.618,Dawn,Elysium,-12365.132999999973,12365.132999999973,0.9659828238739885,3.52,1.0,0.9839219696969698,0.04028966443660543,-3087.7173304880284
Aegis-Boreas,255,85937.079,84713.543,Aegis,Boreas,-1223.5359999999928,1223.5359999999928,0.9857624204332103,1.44,1.0,0.9849621693121693,0.03408513950102227,-4121.568080328588
Caelum-Fenix,485,173860.336,167011.638,Caelum,Fenix,-6848.698000000004,6848.698000000004,0.9606080480599094,4.1,1.0,0.9796862650602409,0.04873557984945812,1731.907948738127
Dawn-Fenix,402,181051.24749094708,115575.884,Dawn,Fenix,-65475.36349094707,65475.36349094707,0.6383600533090998,56.65,1.0,0.9823136476426799,0.04646098172906777,-362.5543768567232
Boreas-Dawn,81,40850.325,80022.238,Boreas,Dawn,39171.913,39171.913,1.9589131298221005,48.95,0.6714,0.9791679389312977,0.052929740107363066,-992.1216852668913
Boreas-Fenix,456,194471.545,201282.019,Boreas,Fenix,6810.473999999987,6810.473999999987,1.0350204139119683,3.38,0.9673,0.8068014354066986,0.13514659878591953,61601.108196475456
Aegis-Dawn,424,114666.8,117776.768,Aegis,Dawn,3109.9679999999935,3109.9679999999935,1.027121782416532,2.64,0.9743,0.9844383292383293,0.0367757216063089,-2180.4743005156975
Elysium-Fenix,47,340782.327,352038.809,Elysium,Fenix,11256.482000000018,11256.482000000018,1.0330312962502894,3.2,0.969,0.9777570719602977,0.055399164086247815,4312.254361379141
Boreas-Fenix,8,108324.716,191505.49,Boreas,Fenix,83180.77399999999,83180.77399999999,1.7678836102372055,43.44,0.6972,0.8068014354066986,0.13514659878591953,61601.108196475456
Dawn-Fenix,24,81741.034,79195.533,Dawn,Fenix,-2545.501000000004,2545.501000000004,0.9688589576686784,3.21,1.0,0.9823136476426799,0.04646098172906777,-362.5543768567232
Caelum-Elysium,275,127132.863,131276.966,Caelum,Elysium,4144.102999999988,4144.102999999988,1.032596630817635,3.16,0.9694,0.9780398457583547,0.06003094589396874,1753.5802267796134
Dawn-Elysium,335,198278.115,202390.54,Dawn,Elysium,4112.4250000000175,4112.4250000000175,1.0207406904186074,2.03,0.9801,0.9839219696969698,0.04028966443660543,-3087.7173304880284
Caelum-Fenix,136,195595.06,204045.996,Caelum,Fenix,8450.936000000016,8450.936000000016,1.0432062854757171,4.14,0.9602,0.9796862650602409,0.04873557984945812,1731.907948738127
Dawn-Elysium,464,109809.202,115043.207,Dawn,Elysium,5234.00499999999,5234.00499999999,1.0476645390793387,4.55,0.9565,0.9839219696969698,0.04028966443660543,-3087.7173304880284
Boreas-Fenix,279,210092.702,356785.002,Boreas,Fenix,146692.3,146692.3,1.6982265381117332,41.12,0.7086,0.8068014354066986,0.13514659878591953,61601.108196475456
Aegis-Dawn,39,128209.112,127357.645,Aegis,Dawn,-851.4669999999896,851.4669999999896,0.9933587637671183,0.67,1.0,0.9844383292383293,0.0367757216063089,-2180.4743005156975
Boreas-Fenix,245,181051.24749094708,160610.929,Boreas,Fenix,-20440.318490947073,20440.318490947073,0.8871020289878471,12.73,1.0,0.8068014354066986,0.13514659878591953,61601.108196475456
Dawn-Fenix,391,106523.274,107167.42,Dawn,Fenix,644.1459999999934,644.1459999999934,1.0060469977668918,0.6,0.994,0.9823136476426799,0.04646098172906777,-362.5543768567232
Dawn-Fenix,476,72387.131,73591.948,Dawn,Fenix,1204.81700000001,1204.81700000001,1.016644077246272,1.64,0.9839,0.9823136476426799,0.04646098172906777,-362.5543768567232
Aegis-Elysium,145,119435.105,188962.245,Aegis,Elysium,69527.14,69527.14,1.5821332011220655,36.79,0.731,0.7958968831168831,0.13151929136319288,77214.95699135585
Dawn-Fenix,127,70605.295,72335.589,Dawn,Fenix,1730.294000000009,1730.294000000009,1.0245065756045635,2.39,0.9766,0.9823136476426799,0.04646098172906777,-362.5543768567232
Caelum-Fenix,468,181051.24749094708,119480.752,Caelum,Fenix,-61570.49549094708,61570.49549094708,0.6599278030711955,51.53,1.0,0.9796862650602409,0.04873557984945812,1731.907948738127
Aegis-Dawn,167,274386.521,287373.903,Aegis,Dawn,12987.381999999983,12987.381999999983,1.04733243438004,4.52,0.9568,0.9844383292383293,0.0367757216063089,-2180.4743005156975
Caelum-Dawn,19,139505.569,138935.993,Caelum,Dawn,-569.5760000000009,569.5760000000009,0.9959171809119678,0.41,1.0,0.9804744471744471,0.05446466415035868,-6484.057433327288
Aegis-Boreas,357,60504.295,60289.921,Aegis,Boreas,-214.37399999999616,214.37399999999616,0.9964568796314378,0.36,1.0,0.9849621693121693,0.03408513950102227,-4121.568080328588
Dawn-Fenix,63,192962.235,83000.116,Dawn,Fenix,-109962.11899999999,109962.11899999999,0.4301365808703449,132.48,1.0,0.9823136476426799,0.04646098172906777,-362.5543768567232
Boreas-Fenix,331,141277.573,214696.102,Boreas,Fenix,73418.52900000001,73418.52900000001,1.5196757520742519,34.2,0.7452,0.8068014354066986,0.13514659878591953,61601.108196475456
Boreas-Fenix,283,112591.368,170012.44,Boreas,Fenix,57421.072,57421.072,1.5099953310807983,33.77,0.7475,0.8068014354066986,0.13514659878591953,61601.108196475456
Aegis-Elysium,353,195505.26,338540.55,Aegis,Elysium,143035.28999999998,143035.28999999998,1.7316186275499696,42.25,0.703,0.7958968831168831,0.13151929136319288,77214.95699135585
Dawn-Fenix,131,101919.199,102741.911,Dawn,Fenix,822.7119999999995,822.7119999999995,1.008072198448106,0.8,0.9921,0.9823136476426799,0.04646098172906777,-362.5543768567232
Aegis-Boreas,470,68310.521,69830.405,Aegis,Boreas,1519.8840000000055,1519.8840000000055,1.0222496326737136,2.18,0.9787,0.9849621693121693,0.03408513950102227,-4121.568080328588
Boreas-Fenix,203,133330.245,136916.167,Boreas,Fenix,3585.9219999999914,3585.9219999999914,1.0268950379563166,2.62,0.9745,0.8068014354066986,0.13514659878591953,61601.108196475456
Caelum-Dawn,330,178472.27,177028.016,Caelum,Dawn,-1444.2539999999863,1444.2539999999863,0.9919076840340519,0.82,1.0,0.9804744471744471,0.05446466415035868,-6484.057433327288
Caelum-Elysium,137,170103.887,173350.884,Caelum,Elysium,3246.997000000003,3246.997000000003,1.019088317482128,1.87,0.9816,0.9780398457583547,0.06003094589396874,1753.5802267796134
Aegis-Elysium,396,161761.079,243873.089,Aegis,Elysium,82112.01000000001,82112.01000000001,1.5076128974139695,33.67,0.7481,0.7958968831168831,0.13151929136319288,77214.95699135585
Caelum-Elysium,84,201945.181,192695.145,Caelum,Elysium,-9250.036000000022,9250.036000000022,0.9541953120436183,4.8,1.0,0.9780398457583547,0.06003094589396874,1753.5802267796134
Dawn-Fenix,379,175103.127,175809.712,Dawn,Fenix,706.5849999999919,706.5849999999919,1.0040352506097734,0.4,0.996,0.9823136476426799,0.04646098172906777,-362.5543768567232
Dawn-Fenix,262,113329.44,114580.043,Dawn,Fenix,1250.6030000000028,1250.6030000000028,1.0110351114414755,1.09,0.9892,0.9823136476426799,0.04646098172906777,-362.5543768567232
Caelum-Dawn,376,142087.656,148341.802,Caelum,Dawn,6254.146000000008,6254.146000000008,1.0440161107309702,4.22,0.9595,0.9804744471744471,0.05446466415035868,-6484.057433327288
Aegis-Elysium,256,88011.797,165502.457,Aegis,Elysium,77490.65999999999,77490.65999999999,1.8804576504670163,46.82,0.6811,0.7958968831168831,0.13151929136319288,77214.95699135585
Caelum-Elysium,12,143573.062,138831.086,Caelum,Elysium,-4741.975999999995,4741.975999999995,0.9669716872096801,3.42,1.0,0.9780398457583547,0.06003094589396874,1753.5802267796134
Aegis-Elysium,250,157816.927,164035.824,Aegis,Elysium,6218.896999999997,6218.896999999997,1.0394057666577172,3.79,0.9635,0.7958968831168831,0.13151929136319288,77214.95699135585
Elysium-Fenix,262,375824.297,377315.141,Elysium,Fenix,1490.8439999999828,1490.8439999999828,1.0039668643350113,0.4,0.9961,0.9777570719602977,0.055399164086247815,4312.254361379141
Caelum-Fenix,298,79811.417,137307.718,Caelum,Fenix,57496.30099999999,57496.30099999999,1.7204019570282783,41.87,0.7049,0.9796862650602409,0.04873557984945812,1731.907948738127
Caelum-Dawn,284,148303.06,153025.907,Caelum,Dawn,4722.847000000009,4722.847000000009,1.0318459174072336,3.09,0.9701,0.9804744471744471,0.05446466415035868,-6484.057433327288
Boreas-Fenix,433,101766.119,142252.928,Boreas,Fenix,40486.80900000001,40486.80900000001,1.3978417315884868,28.46,0.7784,0.8068014354066986,0.13514659878591953,61601.108196475456
Caelum-Fenix,175,169980.678,171848.583,Caelum,Fenix,1867.9049999999988,1867.9049999999988,1.0109889254589277,1.09,0.9892,0.9796862650602409,0.04873557984945812,1731.907948738127
Dawn-Fenix,268,82553.52,79649.516,Dawn,Fenix,-2904.004000000001,2904.004000000001,0.9648227719423714,3.65,1.0,0.9823136476426799,0.04646098172906777,-362.5543768567232
Dawn-Elysium,410,173600.455,165788.375,Dawn,Elysium,-7812.079999999987,7812.079999999987,0.954999657114954,4.71,1.0,0.9839219696969698,0.04028966443660543,-3087.7173304880284
Boreas-Dawn,352,81776.594,80361.833,Boreas,Dawn,-1414.7609999999986,1414.7609999999986,0.982699682992422,1.76,1.0,0.9791679389312977,0.052929740107363066,-992.1216852668913
Elysium-Fenix,112,268149.7,257448.17,Elysium,Fenix,-10701.529999999999,10701.529999999999,0.9600912102456203,4.16,1.0,0.9777570719602977,0.055399164086247815,4312.254361379141
Elysium-Fenix,341,177111.426,430526.616,Elysium,Fenix,253415.18999999997,253415.18999999997,2.430823497519578,58.86,0.6295,0.9777570719602977,0.055399164086247815,4312.254361379141
Boreas-Elysium,105,105299.679,106711.403,Boreas,Elysium,1411.724000000002,1411.724000000002,1.0134067265295272,1.32,0.9869,0.9804581280788177,0.05527648369623914,-1839.5134922540726
Aegis-Boreas,133,61764.605,60492.718,Aegis,Boreas,-1271.8870000000024,1271.8870000000024,0.9794075101751237,2.1,1.0,0.9849621693121693,0.03408513950102227,-4121.568080328588
Dawn-Fenix,236,159022.665,166607.455,Dawn,Fenix,7584.789999999979,7584.789999999979,1.0476962827908838,4.55,0.9565,0.9823136476426799,0.04646098172906777,-362.5543768567232
Dawn-Fenix,29,91122.089,91007.93,Dawn,Fenix,-114.1590000000142,114.1590000000142,0.998747186316152,0.13,1.0,0.9823136476426799,0.04646098172906777,-362.5543768567232
Aegis-Dawn,428,121441.618,124149.009,Aegis,Dawn,2707.3910000000033,2707.3910000000033,1.0222937658818083,2.18,0.9787,0.9844383292383293,0.0367757216063089,-2180.4743005156975
Aegis-Dawn,323,249247.952,244340.605,Aegis,Dawn,-4907.34699999998,4907.34699999998,0.9803113848654613,2.01,1.0,0.9844383292383293,0.0367757216063089,-2180.4743005156975
Dawn-Fenix,446,89148.587,89959.841,Dawn,Fenix,811.2540000000008,811.2540000000008,1.0091000208449743,0.9,0.9911,0.9823136476426799,0.04646098172906777,-362.5543768567232
Boreas-Dawn,31,70958.803,71431.965,Boreas,Dawn,473.1619999999966,473.1619999999966,1.006668122628844,0.66,0.9934,0.9791679389312977,0.052929740107363066,-992.1216852668913
Aegis-Elysium,214,814916.216,776469.79,Aegis,Elysium,-38446.42599999998,38446.42599999998,0.9528216211125194,4.95,1.0,0.7958968831168831,0.13151929136319288,77214.95699135585
Aegis-Dawn,4,127550.552,127968.79,Aegis,Dawn,418.23799999999756,418.23799999999756,1.0032789979615298,0.33,0.9967,0.9844383292383293,0.0367757216063089,-2180.4743005156975
Caelum-Fenix,285,127172.434,124147.316,Caelum,Fenix,-3025.1179999999877,3025.1179999999877,0.9762124706994285,2.44,1.0,0.9796862650602409,0.04873557984945812,1731.907948738127
Boreas-Dawn,496,96964.722,92359.055,Boreas,Dawn,-4605.667000000001,4605.667000000001,0.9525016221879128,4.99,1.0,0.9791679389312977,0.052929740107363066,-992.1216852668913
Caelum-Dawn,72,188075.818,197765.372,Caelum,Dawn,9689.554000000004,9689.554000000004,1.0515194037332327,4.9,0.9533,0.9804744471744471,0.05446466415035868,-6484.057433327288
Boreas-Dawn,458,66859.795,68809.759,Boreas,Dawn,1949.9640000000072,1949.9640000000072,1.0291649712656166,2.83,0.9724,0.9791679389312977,0.052929740107363066,-992.1216852668913
Aegis-Elysium,384,158598.343,162097.744,Aegis,Elysium,3499.4010000000126,3499.4010000000126,1.0220645495646825,2.16,0.9789,0.7958968831168831,0.13151929136319288,77214.95699135585
Aegis-Dawn,394,236393.092,242867.094,Aegis,Dawn,6474.002000000008,6474.002000000008,1.0273865955440018,2.67,0.974,0.9844383292383293,0.0367757216063089,-2180.4743005156975
Dawn-Elysium,424,190999.057,196921.159,Dawn,Elysium,5922.1020000000135,5922.1020000000135,1.0310059227151054,3.01,0.9708,0.9839219696969698,0.04028966443660543,-3087.7173304880284
Aegis-Boreas,455,181051.24749094708,69579.053,Aegis,Boreas,-111472.19449094708,111472.19449094708,0.38430584690381153,160.21,1.0,0.9849621693121693,0.03408513950102227,-4121.568080328588
Elysium-Fenix,58,268917.782,274592.913,Elysium,Fenix,5675.130999999994,5675.130999999994,1.0211035914315254,2.07,0.9798,0.9777570719602977,0.055399164086247815,4312.254361379141
Caelum-Elysium,209,155400.41,152710.199,Caelum,Elysium,-2690.2110000000102,2690.2110000000102,0.9826885205772622,1.76,1.0,0.9780398457583547,0.06003094589396874,1753.5802267796134
Elysium-Fenix,33,415042.721,403880.648,Elysium,Fenix,-11162.073000000033,11162.073000000033,0.973106207059586,2.76,1.0,0.9777570719602977,0.055399164086247815,4312.254361379141
Dawn-Elysium,349,106749.768,109286.015,Dawn,Elysium,2536.247000000003,2536.247000000003,1.0237588057334233,2.32,0.9773,0.9839219696969698,0.04028966443660543,-3087.7173304880284
Dawn-Elysium,248,181051.24749094708,114045.167,Dawn,Elysium,-67006.08049094708,67006.08049094708,0.6299054471066403,58.75,1.0,0.9839219696969698,0.04028966443660543,-3087.7173304880284
Caelum-Fenix,268,150706.432,150839.945,Caelum,Fenix,133.5130000000063,133.5130000000063,1.0008859144114035,0.09,0.9991,0.9796862650602409,0.04873557984945812,1731.907948738127
Caelum-Elysium,22,145971.226,139194.31,Caelum,Elysium,-6776.915999999997,6776.915999999997,0.9535736173100307,4.87,1.0,0.9780398457583547,0.06003094589396874,1753.5802267796134
Caelum-Fenix,134,204733.793,202790.127,Caelum,Fenix,-1943.6659999999974,1943.6659999999974,0.9905063742945455,0.96,1.0,0.9796862650602409,0.04873557984945812,1731.907948738127
Caelum-Elysium,102,140287.213,135388.606,Caelum,Elysium,-4898.606999999989,4898.606999999989,0.9650815858748296,3.62,1.0,0.9780398457583547,0.06003094589396874,1753.5802267796134
Aegis-Dawn,213,138940.355,141591.107,Aegis,Dawn,2650.7519999999786,2650.7519999999786,1.0190783448048624,1.87,0.9816,0.9844383292383293,0.0367757216063089,-2180.4743005156975
Caelum-Fenix,186,118439.134,118909.5,Caelum,Fenix,470.36599999999453,470.36599999999453,1.0039713731780577,0.4,0.9961,0.9796862650602409,0.04873557984945812,1731.907948738127
Boreas-Elysium,214,117564.996,120856.802,Boreas,Elysium,3291.805999999997,3291.805999999997,1.0279998818696,2.72,0.9735,0.9804581280788177,0.05527648369623914,-1839.5134922540726
Dawn-Fenix,301,80509.892,80848.245,Dawn,Fenix,338.35299999998824,338.35299999998824,1.0042026264300539,0.42,0.9958,0.9823136476426799,0.04646098172906777,-362.5543768567232
Boreas-Fenix,423,193133.157,191292.251,Boreas,Fenix,-1840.9060000000172,1840.9060000000172,0.9904682032407308,0.96,1.0,0.8068014354066986,0.13514659878591953,61601.108196475456
Boreas-Dawn,310,102612.644,105709.371,Boreas,Dawn,3096.726999999999,3096.726999999999,1.0301788052552276,2.93,0.9715,0.9791679389312977,0.052929740107363066,-992.1216852668913
Caelum-Dawn,486,141432.781,141143.762,Caelum,Dawn,-289.01900000000023,289.01900000000023,0.9979564921374204,0.2,1.0,0.9804744471744471,0.05446466415035868,-6484.057433327288
Caelum-Dawn,141,202380.228,196367.151,Caelum,Dawn,-6013.07699999999,6013.07699999999,0.970288219064562,3.06,1.0,0.9804744471744471,0.05446466415035868,-6484.057433327288
Boreas-Dawn,327,68791.31,71404.985,Boreas,Dawn,2613.675000000003,2613.675000000003,1.0379942611937467,3.66,0.9647,0.9791679389312977,0.052929740107363066,-992.1216852668913
Aegis-Elysium,155,114013.893,192854.468,Aegis,Elysium,78840.575,78840.575,1.691499719249127,40.88,0.7098,0.7958968831168831,0.13151929136319288,77214.95699135585
Aegis-Elysium,324,113056.467,200460.072,Aegis,Elysium,87403.60499999998,87403.60499999998,1.7730969074064553,43.6,0.6964,0.7958968831168831,0.13151929136319288,77214.95699135585
Caelum-Fenix,312,319174.812,310337.54,Caelum,Fenix,-8837.271999999997,8837.271999999997,0.9723121259330452,2.85,1.0,0.9796862650602409,0.04873557984945812,1731.907948738127
Aegis-Dawn,10,343501.171,344371.62,Aegis,Dawn,870.4490000000224,870.4490000000224,1.0025340495855253,0.25,0.9975,0.9844383292383293,0.0367757216063089,-2180.4743005156975
Boreas-Dawn,180,88093.699,85517.136,Boreas,Dawn,-2576.5629999999946,2576.5629999999946,0.9707520171221327,3.01,1.0,0.9791679389312977,0.052929740107363066,-992.1216852668913
Aegis-Boreas,499,60580.335,61879.163,Aegis,Boreas,1298.8280000000013,1298.8280000000013,1.0214397625896259,2.1,0.9794,0.9849621693121693,0.03408513950102227,-4121.568080328588
Dawn-Fenix,437,76017.141,72780.858,Dawn,Fenix,-3236.2830000000104,3236.2830000000104,0.9574269308549763,4.45,1.0,0.9823136476426799,0.04646098172906777,-362.5543768567232
Boreas-Dawn,356,316944.97,327695.048,Boreas,Dawn,10750.078000000038,10750.078000000038,1.033917805983796,3.28,0.9682,0.9791679389312977,0.052929740107363066,-992.1216852668913
Aegis-Elysium,388,109159.153,173495.672,Aegis,Elysium,64336.518999999986,64336.518999999986,1.589382724506849,37.08,0.7295,0.7958968831168831,0.13151929136319288,77214.95699135585
Caelum-Elysium,219,249428.554,238729.456,Caelum,Elysium,-10699.097999999998,10699.097999999998,0.9571055605766772,4.48,1.0,0.9780398457583547,0.06003094589396874,1753.5802267796134
Boreas-Elysium,386,374655.03,391023.486,Boreas,Elysium,16368.455999999947,16368.455999999947,1.0436894067590656,4.19,0.9598,0.9804581280788177,0.05527648369623914,-1839.5134922540726
Caelum-Dawn,236,120008.257,116689.921,Caelum,Dawn,-3318.3359999999957,3318.3359999999957,0.9723491026121645,2.84,1.0,0.9804744471744471,0.05446466415035868,-6484.057433327288
Boreas-Dawn,40,77502.02,76744.06,Boreas,Dawn,-757.9600000000064,757.9600000000064,0.9902201258754287,0.99,1.0,0.9791679389312977,0.052929740107363066,-992.1216852668913
Aegis-Elysium,217,123554.981,207369.143,Aegis,Elysium,83814.16200000001,83814.16200000001,1.6783551850491565,40.42,0.7122,0.7958968831168831,0.13151929136319288,77214.95699135585
Boreas-Fenix,181,91725.545,135465.919,Boreas,Fenix,43740.373999999996,43740.373999999996,1.4768614239359383,32.29,0.7559,0.8068014354066986,0.13514659878591953,61601.108196475456
Boreas-Fenix,493,194709.907,387172.078,Boreas,Fenix,192462.17099999997,192462.17099999997,1.988455975175418,49.71,0.668,0.8068014354066986,0.13514659878591953,61601.108196475456
Aegis-Elysium,191,124324.267,209051.09,Aegis,Elysium,84726.82299999999,84726.82299999999,1.6814986731431925,40.53,0.7116,0.7958968831168831,0.13151929136319288,77214.95699135585
Dawn-Fenix,293,83597.801,80385.788,Dawn,Fenix,-3212.0130000000063,3212.0130000000063,0.9615777812146039,4.0,1.0,0.9823136476426799,0.04646098172906777,-362.5543768567232
Boreas-Dawn,42,135856.644,131570.381,Boreas,Dawn,-4286.263000000006,4286.263000000006,0.9684501039198348,3.26,1.0,0.9791679389312977,0.052929740107363066,-992.1216852668913
Caelum-Dawn,301,126907.259,122580.928,Caelum,Dawn,-4326.331000000006,4326.331000000006,0.9659095071937531,3.53,1.0,0.9804744471744471,0.05446466415035868,-6484.057433327288
Caelum-Dawn,324,105295.732,109803.711,Caelum,Dawn,4507.978999999992,4507.978999999992,1.0428125519845381,4.11,0.9606,0.9804744471744471,0.05446466415035868,-6484.057433327288
Boreas-Fenix,39,491810.493,478289.409,Boreas,Fenix,-13521.084000000032,13521.084000000032,0.9725075324897551,2.83,1.0,0.8068014354066986,0.13514659878591953,61601.108196475456
Aegis-Dawn,453,233574.779,230573.668,Aegis,Dawn,-3001.1110000000044,3001.1110000000044,0.9871513910326765,1.3,1.0,0.9844383292383293,0.0367757216063089,-2180.4743005156975
Dawn-Elysium,346,106918.541,102926.927,Dawn,Elysium,-3991.6140000000014,3991.6140000000014,0.9626667745120091,3.88,1.0,0.9839219696969698,0.04028966443660543,-3087.7173304880284
Caelum-Fenix,330,596780.069,601822.732,Caelum,Fenix,5042.662999999942,5042.662999999942,1.008449784538632,0.84,0.9917,0.9796862650602409,0.04873557984945812,1731.907948738127
Aegis-Dawn,232,133089.087,131547.181,Aegis,Dawn,-1541.9059999999881,1541.9059999999881,0.9884144820979951,1.17,1.0,0.9844383292383293,0.0367757216063089,-2180.4743005156975
Elysium-Fenix,491,187381.39,187148.359,Elysium,Fenix,-233.03100000001723,233.03100000001723,0.9987563813033941,0.12,1.0,0.9777570719602977,0.055399164086247815,4312.254361379141
Aegis-Elysium,156,104132.353,189075.56,Aegis,Elysium,84943.207,84943.207,1.8157234956555721,44.93,0.69,0.7958968831168831,0.13151929136319288,77214.95699135585
Elysium-Fenix,57,195944.908,202155.551,Elysium,Fenix,6210.643000000011,6210.643000000011,1.031695863206611,3.07,0.9702,0.9777570719602977,0.055399164086247815,4312.254361379141
Caelum-Dawn,294,125936.379,128497.913,Caelum,Dawn,2561.5339999999997,2561.5339999999997,1.02033990511987,1.99,0.9805,0.9804744471744471,0.05446466415035868,-6484.057433327288
Boreas-Fenix,482,94661.333,141021.818,Boreas,Fenix,46360.485,46360.485,1.4897510264301899,32.87,0.7526,0.8068014354066986,0.13514659878591953,61601.108196475456
Dawn-Fenix,305,121762.891,118867.978,Dawn,Fenix,-2894.9130000000005,2894.9130000000005,0.9762249978115254,2.44,1.0,0.9823136476426799,0.04646098172906777,-362.5543768567232
Dawn-Fenix,161,75958.505,74008.99,Dawn,Fenix,-1949.5149999999994,1949.5149999999994,0.9743344738025057,2.63,1.0,0.9823136476426799,0.04646098172906777,-362.5543768567232
Boreas-Elysium,156,125977.867,125172.503,Boreas,Elysium,-805.3640000000014,805.3640000000014,0.9936070992533951,0.64,1.0,0.9804581280788177,0.05527648369623914,-1839.5134922540726
Aegis-Elysium,62,167825.887,161990.125,Aegis,Elysium,-5835.761999999988,5835.761999999988,0.9652272834404863,3.6,1.0,0.7958968831168831,0.13151929136319288,77214.95699135585
Boreas-Fenix,116,150479.068,273253.691,Boreas,Fenix,122774.62299999999,122774.62299999999,1.8158917026253778,44.93,0.69,0.8068014354066986,0.13514659878591953,61601.108196475456
Aegis-Elysium,167,181051.24749094708,277614.626,Aegis,Elysium,96563.37850905291,96563.37850905291,1.5333483190381292,34.78,0.7419,0.7958968831168831,0.13151929136319288,77214.95699135585
Caelum-Dawn,222,147407.065,147898.49,Caelum,Dawn,491.42499999998836,491.42499999998836,1.0033337954323966,0.33,0.9967,0.9804744471744471,0.05446466415035868,-6484.057433327288
Caelum-Elysium,136,142596.163,140879.708,Caelum,Elysium,-1716.4549999999872,1716.4549999999872,0.9879628247781114,1.22,1.0,0.9780398457583547,0.06003094589396874,1753.5802267796134
Boreas-Fenix,438,140118.342,141531.545,Boreas,Fenix,1413.2030000000086,1413.2030000000086,1.010085781631644,1.0,0.9901,0.8068014354066986,0.13514659878591953,61601.108196475456
Caelum-Fenix,491,268072.55,266944.01,Caelum,Fenix,-1128.539999999979,1128.539999999979,0.9957901694895654,0.42,1.0,0.9796862650602409,0.04873557984945812,1731.907948738127
Caelum-Dawn,140,138970.361,140931.204,Caelum,Dawn,1960.8429999999935,1960.8429999999935,1.0141097928068272,1.39,0.9863,0.9804744471744471,0.05446466415035868,-6484.057433327288
Dawn-Elysium,480,107452.473,104262.349,Dawn,Elysium,-3190.123999999996,3190.123999999996,0.9703113021884568,3.06,1.0,0.9839219696969698,0.04028966443660543,-3087.7173304880284
Aegis-Boreas,143,116173.879,121110.026,Aegis,Boreas,4936.146999999997,4936.146999999997,1.0424893017474264,4.08,0.9608,0.9849621693121693,0.03408513950102227,-4121.568080328588
Caelum-Elysium,77,346153.453,331295.906,Caelum,Elysium,-14857.546999999962,14857.546999999962,0.9570781488058709,4.48,1.0,0.9780398457583547,0.06003094589396874,1753.5802267796134
Dawn-Elysium,446,261752.286,250985.958,Dawn,Elysium,-10766.32799999998,10766.32799999998,0.958868256073225,4.29,1.0,0.9839219696969698,0.04028966443660543,-3087.7173304880284
Boreas-Fenix,282,141989.765,244153.121,Boreas,Fenix,102163.356,102163.356,1.7195121141301979,41.84,0.705,0.8068014354066986,0.13514659878591953,61601.108196475456
Aegis-Dawn,217,139051.896,132614.186,Aegis,Dawn,-6437.710000000021,6437.710000000021,0.9537028247353059,4.85,1.0,0.9844383292383293,0.0367757216063089,-2180.4743005156975
Boreas-Dawn,319,69978.348,70813.326,Boreas,Dawn,834.9780000000028,834.9780000000028,1.0119319478647881,1.18,0.9883,0.9791679389312977,0.052929740107363066,-992.1216852668913
Boreas-Fenix,2,199851.923,459232.823,Boreas,Fenix,259380.89999999997,259380.89999999997,2.2978654200890523,56.48,0.6391,0.8068014354066986,0.13514659878591953,61601.108196475456
Caelum-Fenix,360,120018.041,123977.667,Caelum,Fenix,3959.626000000004,3959.626000000004,1.032991923272602,3.19,0.9691,0.9796862650602409,0.04873557984945812,1731.907948738127
Caelum-Fenix,171,129508.509,135908.35,Caelum,Fenix,6399.841,6399.841,1.049416374641453,4.71,0.955,0.9796862650602409,0.04873557984945812,1731.907948738127
Aegis-Boreas,395,56007.273,58677.598,Aegis,Boreas,2670.324999999997,2670.324999999997,1.0476781827960093,4.55,0.9565,0.9849621693121693,0.03408513950102227,-4121.568080328588
Elysium-Fenix,297,199779.154,206263.849,Elysium,Fenix,6484.694999999978,6484.694999999978,1.0324593175522205,3.14,0.9695,0.9777570719602977,0.055399164086247815,4312.254361379141
Caelum-Fenix,492,120817.203,115408.057,Caelum,Fenix,-5409.145999999993,5409.145999999993,0.955228677161149,4.69,1.0,0.9796862650602409,0.04873557984945812,1731.907948738127
Aegis-Elysium,365,212276.093,215484.922,Aegis,Elysium,3208.828999999998,3208.828999999998,1.0151162995071705,1.49,0.9853,0.7958968831168831,0.13151929136319288,77214.95699135585
Elysium-Fenix,400,174625.378,172645.969,Elysium,Fenix,-1979.408999999985,1979.408999999985,0.9886648262545208,1.15,1.0,0.9777570719602977,0.055399164086247815,4312.254361379141
Aegis-Dawn,95,116890.348,119923.892,Aegis,Dawn,3033.544000000009,3033.544000000009,1.0259520486670124,2.53,0.9753,0.9844383292383293,0.0367757216063089,-2180.4743005156975
Caelum-Elysium,452,295605.672,284769.651,Caelum,Elysium,-10836.021000000008,10836.021000000008,0.9633429868693453,3.81,1.0,0.9780398457583547,0.06003094589396874,1753.5802267796134
Dawn-Fenix,392,71986.314,70643.915,Dawn,Fenix,-1342.399000000005,1342.399000000005,0.9813520247751537,1.9,1.0,0.9823136476426799,0.04646098172906777,-362.5543768567232
Dawn-Elysium,468,590074.353,563172.865,Dawn,Elysium,-26901.488000000012,26901.488000000012,0.9544100029712697,4.78,1.0,0.9839219696969698,0.04028966443660543,-3087.7173304880284
Boreas-Fenix,414,181051.24749094708,217723.653,Boreas,Fenix,36672.405509052915,36672.405509052915,1.2025526253879395,16.84,0.8558,0.8068014354066986,0.13514659878591953,61601.108196475456
Boreas-Elysium,326,340300.239,344320.983,Boreas,Elysium,4020.744000000006,4020.744000000006,1.0118152840909407,1.17,0.9885,0.9804581280788177,0.05527648369623914,-1839.5134922540726
Caelum-Elysium,266,181051.24749094708,141004.028,Caelum,Elysium,-40047.219490947085,40047.219490947085,0.7788072711680735,28.4,1.0,0.9780398457583547,0.06003094589396874,1753.5802267796134
Caelum-Dawn,440,575717.158,553405.162,Caelum,Dawn,-22311.996000000043,22311.996000000043,0.9612448653128381,4.03,1.0,0.9804744471744471,0.05446466415035868,-6484.057433327288
Caelum-Elysium,351,135249.581,139871.88,Caelum,Elysium,4622.298999999999,4622.298999999999,1.0341760689077477,3.3,0.968,0.9780398457583547,0.06003094589396874,1753.5802267796134
Caelum-Fenix,132,134728.354,140209.549,Caelum,Fenix,5481.195000000007,5481.195000000007,1.0406833070936206,3.91,0.9624,0.9796862650602409,0.04873557984945812,1731.907948738127
Dawn-Fenix,499,140459.291,143383.743,Dawn,Fenix,2924.45199999999,2924.45199999999,1.0208206376322944,2.04,0.98,0.9823136476426799,0.04646098172906777,-362.5543768567232
Boreas-Elysium,143,99887.455,166783.638,Boreas,Elysium,66896.183,66896.183,1.6697155613785535,40.11,0.7137,0.9804581280788177,0.05527648369623914,-1839.5134922540726
Elysium-Fenix,322,596963.827,605240.237,Elysium,Fenix,8276.409999999916,8276.409999999916,1.0138641733814802,1.37,0.9865,0.9777570719602977,0.055399164086247815,4312.254361379141
Dawn-Fenix,73,77811.206,77642.178,Dawn,Fenix,-169.0280000000057,169.0280000000057,0.9978277164859776,0.22,1.0,0.9823136476426799,0.04646098172906777,-362.5543768567232
Boreas-Dawn,71,181051.24749094708,157205.038,Boreas,Dawn,-23846.209490947076,23846.209490947076,0.8682902779107367,15.17,1.0,0.9791679389312977,0.052929740107363066,-992.1216852668913
Caelum-Fenix,79,202337.812,203378.708,Caelum,Fenix,1040.896000000008,1040.896000000008,1.0051443474144122,0.51,0.9949,0.9796862650602409,0.04873557984945812,1731.907948738127
Aegis-Elysium,122,81111.291,161625.322,Aegis,Elysium,80514.03099999999,80514.03099999999,1.992636536878694,49.82,0.6675,0.7958968831168831,0.13151929136319288,77214.95699135585
Boreas-Fenix,286,70569.112,138840.291,Boreas,Fenix,68271.179,68271.179,1.9674371274503215,49.17,0.6704,0.8068014354066986,0.13514659878591953,61601.108196475456
Boreas-Fenix,467,101428.794,148618.363,Boreas,Fenix,47189.56900000002,47189.56900000002,1.465248250905951,31.75,0.759,0.8068014354066986,0.13514659878591953,61601.108196475456
Boreas-Fenix,4,118963.862,233264.458,Boreas,Fenix,114300.59600000002,114300.59600000002,1.9608009867736138,49.0,0.6711,0.8068014354066986,0.13514659878591953,61601.108196475456
Caelum-Dawn,465,129833.107,126577.515,Caelum,Dawn,-3255.592000000004,3255.592000000004,0.9749247932578552,2.57,1.0,0.9804744471744471,0.05446466415035868,-6484.057433327288
Aegis-Dawn,175,353093.136,141588.2,Aegis,Dawn,-211504.936,211504.936,0.4009939179333127,149.38,1.0,0.9844383292383293,0.0367757216063089,-2180.4743005156975
Boreas-Fenix,308,181051.24749094708,215351.206,Boreas,Fenix,34299.95850905293,34299.95850905293,1.1894488935281597,15.93,0.8626,0.8068014354066986,0.13514659878591953,61601.108196475456
Caelum-Dawn,348,141839.87,138188.754,Caelum,Dawn,-3651.116000000009,3651.116000000009,0.9742588878571307,2.64,1.0,0.9804744471744471,0.05446466415035868,-6484.057433327288
Aegis-Dawn,228,127788.053,123807.143,Aegis,Dawn,-3980.9100000000035,3980.9100000000035,0.9688475572908212,3.22,1.0,0.9844383292383293,0.0367757216063089,-2180.4743005156975
Aegis-Boreas,412,176433.677,177870.654,Aegis,Boreas,1436.9770000000135,1436.9770000000135,1.008144573215464,0.81,0.992,0.9849621693121693,0.03408513950102227,-4121.568080328588
Caelum-Dawn,146,2142304.603,766985.192,Caelum,Dawn,-1375319.411,1375319.411,0.35801873875729145,179.31,1.0,0.9804744471744471,0.05446466415035868,-6484.057433327288
Boreas-Dawn,16,130564.352,124533.752,Boreas,Dawn,-6030.600000000006,6030.600000000006,0.9538112822709831,4.84,1.0,0.9791679389312977,0.052929740107363066,-992.1216852668913
Aegis-Dawn,325,248528.056,239921.407,Aegis,Dawn,-8606.649000000005,8606.649000000005,0.9653695074169011,3.59,1.0,0.9844383292383293,0.0367757216063089,-2180.4743005156975
Caelum-Dawn,267,105441.271,110872.471,Caelum,Dawn,5431.200000000012,5431.200000000012,1.0515092425242105,4.9,0.9533,0.9804744471744471,0.05446466415035868,-6484.057433327288
Caelum-Elysium,474,165561.755,162731.888,Caelum,Elysium,-2829.8669999999984,2829.8669999999984,0.9829074836758043,1.74,1.0,0.9780398457583547,0.06003094589396874,1753.5802267796134
Aegis-Dawn,116,462423.045,445071.515,Aegis,Dawn,-17351.52999999997,17351.52999999997,0.9624769349460082,3.9,1.0,0.9844383292383293,0.0367757216063089,-2180.4743005156975
Aegis-Boreas,114,65375.264,67864.772,Aegis,Boreas,2489.5079999999944,2489.5079999999944,1.0380802745209563,3.67,0.9646,0.9849621693121693,0.03408513950102227,-4121.568080328588
Aegis-Boreas,417,71343.684,72046.616,Aegis,Boreas,702.9320000000007,702.9320000000007,1.009852757253186,0.98,0.9903,0.9849621693121693,0.03408513950102227,-4121.568080328588
Caelum-Dawn,69,121452.18,123920.186,Caelum,Dawn,2468.0060000000085,2468.0060000000085,1.0203208044515957,1.99,0.9805,0.9804744471744471,0.05446466415035868,-6484.057433327288
Boreas-Dawn,125,330877.551,346036.334,Boreas,Dawn,15158.782999999996,15158.782999999996,1.045813875719843,4.38,0.958,0.9791679389312977,0.052929740107363066,-992.1216852668913
Elysium-Fenix,439,215292.135,221914.98,Elysium,Fenix,6622.845000000001,6622.845000000001,1.0307621316496305,2.98,0.971,0.9777570719602977,0.055399164086247815,4312.254361379141
Caelum-Fenix,185,133619.437,129466.574,Caelum,Fenix,-4152.863000000012,4152.863000000012,0.9689202177973553,3.21,1.0,0.9796862650602409,0.04873557984945812,1731.907948738127
Boreas-Fenix,396,214157.095,416544.982,Boreas,Fenix,202387.88700000002,202387.88700000002,1.945044043485928,48.59,0.673,0.8068014354066986,0.13514659878591953,61601.108196475456
Elysium-Fenix,102,219402.564,220898.282,Elysium,Fenix,1495.7179999999935,1495.7179999999935,1.0068172311787569,0.68,0.9933,0.9777570719602977,0.055399164086247815,4312.254361379141
Boreas-Elysium,82,101208.287,106486.157,Boreas,Elysium,5277.87000000001,5277.87000000001,1.05214859530228,4.96,0.9528,0.9804581280788177,0.05527648369623914,-1839.5134922540726
Aegis-Dawn,253,136192.71,137393.211,Aegis,Dawn,1200.5010000000184,1200.5010000000184,1.0088147229025697,0.87,0.9913,0.9844383292383293,0.0367757216063089,-2180.4743005156975
Boreas-Fenix,46,123612.633,194381.198,Boreas,Fenix,70768.565,70768.565,1.5725026907241755,36.41,0.7331,0.8068014354066986,0.13514659878591953,61601.108196475456
Caelum-Elysium,469,128102.507,131017.078,Caelum,Elysium,2914.5709999999963,2914.5709999999963,1.0227518654260217,2.22,0.9782,0.9780398457583547,0.06003094589396874,1753.5802267796134
Caelum-Dawn,373,143838.756,139962.803,Caelum,Dawn,-3875.9529999999795,3875.9529999999795,0.973053486363578,2.77,1.0,0.9804744471744471,0.05446466415035868,-6484.057433327288
Caelum-Fenix,107,181306.433,185660.064,Caelum,Fenix,4353.631000000023,4353.631000000023,1.0240125566862817,2.34,0.9771,0.9796862650602409,0.04873557984945812,1731.907948738127
Boreas-Elysium,444,69730.419,155695.055,Boreas,Elysium,85964.636,85964.636,2.232813988970868,55.21,0.6443,0.9804581280788177,0.05527648369623914,-1839.5134922540726
Caelum-Fenix,380,121233.092,123500.155,Caelum,Fenix,2267.0629999999946,2267.0629999999946,1.0187000344757353,1.84,0.982,0.9796862650602409,0.04873557984945812,1731.907948738127
Aegis-Elysium,66,153145.552,153296.536,Aegis,Elysium,150.98399999999674,150.98399999999674,1.0009858856364304,0.1,0.999,0.7958968831168831,0.13151929136319288,77214.95699135585
Caelum-Elysium,413,503187.027,485966.303,Caelum,Elysium,-17220.723999999987,17220.723999999987,0.9657766932055664,3.54,1.0,0.9780398457583547,0.06003094589396874,1753.5802267796134
Dawn-Fenix,287,80497.081,83632.695,Dawn,Fenix,3135.6140000000014,3135.6140000000014,1.0389531391827735,3.75,0.9639,0.9823136476426799,0.04646098172906777,-362.5543768567232
Dawn-Fenix,387,157058.401,151515.841,Dawn,Fenix,-5542.560000000027,5542.560000000027,0.9647101971960097,3.66,1.0,0.9823136476426799,0.04646098172906777,-362.5543768567232
Caelum-Dawn,498,192697.375,202561.282,Caelum,Dawn,9863.907000000007,9863.907000000007,1.0511885903998432,4.87,0.9536,0.9804744471744471,0.05446466415035868,-6484.057433327288
Boreas-Fenix,238,83800.616,143488.649,Boreas,Fenix,59688.03300000001,59688.03300000001,1.7122624611733166,41.6,0.7062,0.8068014354066986,0.13514659878591953,61601.108196475456
Dawn-Fenix,52,78869.593,76219.108,Dawn,Fenix,-2650.4850000000006,2650.4850000000006,0.9663940829515882,3.48,1.0,0.9823136476426799,0.04646098172906777,-362.5543768567232
Caelum-Fenix,0,126074.525,121682.18,Caelum,Fenix,-4392.345000000001,4392.345000000001,0.9651607253725525,3.61,1.0,0.9796862650602409,0.04873557984945812,1731.907948738127
Boreas-Dawn,68,71472.636,69785.829,Boreas,Dawn,-1686.8070000000007,1686.8070000000007,0.9763992613900514,2.42,1.0,0.9791679389312977,0.052929740107363066,-992.1216852668913
Boreas-Elysium,427,118062.909,112638.682,Boreas,Elysium,-5424.226999999999,5424.226999999999,0.9540564683189366,4.82,1.0,0.9804581280788177,0.05527648369623914,-1839.5134922540726
Caelum-Elysium,246,133904.93,131348.011,Caelum,Elysium,-2556.9189999999944,2556.9189999999944,0.9809049674272635,1.95,1.0,0.9780398457583547,0.06003094589396874,1753.5802267796134
Elysium-Fenix,61,284894.404,298108.277,Elysium,Fenix,13213.873000000021,13213.873000000021,1.0463816516381979,4.43,0.9576,0.9777570719602977,0.055399164086247815,4312.254361379141
Boreas-Dawn,187,69440.818,70338.438,Boreas,Dawn,897.6199999999953,897.6199999999953,1.0129264030271072,1.28,0.9874,0.9791679389312977,0.052929740107363066,-992.1216852668913
Aegis-Dawn,351,149814.756,156215.849,Aegis,Dawn,6401.0929999999935,6401.0929999999935,1.0427267191223806,4.1,0.9606,0.9844383292383293,0.0367757216063089,-2180.4743005156975
Caelum-Elysium,46,261131.104,254546.95,Caelum,Elysium,-6584.15399999998,6584.15399999998,0.9747860216605986,2.59,1.0,0.9780398457583547,0.06003094589396874,1753.5802267796134
Aegis-Dawn,395,129027.838,130694.613,Aegis,Dawn,1666.7749999999942,1666.7749999999942,1.0129179487607938,1.28,0.9874,0.9844383292383293,0.0367757216063089,-2180.4743005156975
Dawn-Elysium,92,179652.3,178286.451,Dawn,Elysium,-1365.8489999999874,1365.8489999999874,0.9923972640483869,0.77,1.0,0.9839219696969698,0.04028966443660543,-3087.7173304880284
Aegis-Boreas,335,130448.186,129446.878,Aegis,Boreas,-1001.3080000000045,1001.3080000000045,0.9923240941043059,0.77,1.0,0.9849621693121693,0.03408513950102227,-4121.568080328588
Boreas-Fenix,339,104576.119,193068.11,Boreas,Fenix,88491.99099999998,88491.99099999998,1.8461969314428275,45.83,0.6857,0.8068014354066986,0.13514659878591953,61601.108196475456
Caelum-Dawn,87,124826.484,124441.994,Caelum,Dawn,-384.4899999999907,384.4899999999907,0.9969198042940952,0.31,1.0,0.9804744471744471,0.05446466415035868,-6484.057433327288
Dawn-Elysium,111,112794.469,110480.522,Dawn,Elysium,-2313.947,2313.947,0.9794852795485921,2.09,1.0,0.9839219696969698,0.04028966443660543,-3087.7173304880284
Aegis-Elysium,348,82348.269,153643.999,Aegis,Elysium,71295.73000000001,71295.73000000001,1.865782983246436,46.4,0.683,0.7958968831168831,0.13151929136319288,77214.95699135585
Aegis-Elysium,15,139334.325,195839.924,Aegis,Elysium,56505.59899999999,56505.59899999999,1.4055396902378505,28.85,0.7761,0.7958968831168831,0.13151929136319288,77214.95699135585
Boreas-Fenix,316,123770.769,203713.917,Boreas,Fenix,79943.14799999999,79943.14799999999,1.6458968353020411,39.24,0.7182,0.8068014354066986,0.13514659878591953,61601.108196475456
Boreas-Dawn,131,73845.081,71044.512,Boreas,Dawn,-2800.569000000003,2800.569000000003,0.9620750771469802,3.94,1.0,0.9791679389312977,0.052929740107363066,-992.1216852668913
Boreas-Elysium,489,201134.774,209381.679,Boreas,Elysium,8246.904999999999,8246.904999999999,1.0410018856311738,3.94,0.9621,0.9804581280788177,0.05527648369623914,-1839.5134922540726
Caelum-Elysium,230,174656.902,176438.843,Caelum,Elysium,1781.9409999999916,1781.9409999999916,1.010202522657822,1.01,0.99,0.9780398457583547,0.06003094589396874,1753.5802267796134
Caelum-Dawn,251,160278.319,155932.545,Caelum,Dawn,-4345.773999999976,4345.773999999976,0.9728860769995973,2.79,1.0,0.9804744471744471,0.05446466415035868,-6484.057433327288
Elysium-Fenix,55,382645.461,376909.841,Elysium,Fenix,-5735.619999999995,5735.619999999995,0.9850106153487079,1.52,1.0,0.9777570719602977,0.055399164086247815,4312.254361379141
Boreas-Elysium,70,109223.319,110006.583,Boreas,Elysium,783.2639999999956,783.2639999999956,1.007171215882938,0.71,0.9929,0.9804581280788177,0.05527648369623914,-1839.5134922540726
Caelum-Fenix,452,180742.346,177009.48,Caelum,Fenix,-3732.86599999998,3732.86599999998,0.9793470313813456,2.11,1.0,0.9796862650602409,0.04873557984945812,1731.907948738127
Elysium-Fenix,358,176823.724,174266.839,Elysium,Fenix,-2556.88499999998,2556.88499999998,0.9855399211024423,1.47,1.0,0.9777570719602977,0.055399164086247815,4312.254361379141
Dawn-Fenix,408,78785.278,75818.133,Dawn,Fenix,-2967.145000000004,2967.145000000004,0.9623388394973994,3.91,1.0,0.9823136476426799,0.04646098172906777,-362.5543768567232
Boreas-Dawn,135,258654.217,269471.657,Boreas,Dawn,10817.440000000002,10817.440000000002,1.0418220128999482,4.01,0.9614,0.9791679389312977,0.052929740107363066,-992.1216852668913
Dawn-Elysium,146,140077.847,143564.757,Dawn,Elysium,3486.9100000000035,3486.9100000000035,1.024892658437276,2.43,0.9763,0.9839219696969698,0.04028966443660543,-3087.7173304880284
Boreas-Elysium,479,331381.52,116033.071,Boreas,Elysium,-215348.44900000002,215348.44900000002,0.3501494923434475,185.59,1.0,0.9804581280788177,0.05527648369623914,-1839.5134922540726
Boreas-Elysium,265,266314.948,267316.293,Boreas,Elysium,1001.3450000000303,1001.3450000000303,1.00376000298714,0.37,0.9963,0.9804581280788177,0.05527648369623914,-1839.5134922540726
Boreas-Fenix,459,87861.7,147755.899,Boreas,Fenix,59894.19900000001,59894.19900000001,1.6816872311826427,40.54,0.7116,0.8068014354066986,0.13514659878591953,61601.108196475456
Dawn-Fenix,323,76506.465,74871.976,Dawn,Fenix,-1634.4890000000014,1634.4890000000014,0.9786359361917977,2.18,1.0,0.9823136476426799,0.04646098172906777,-362.5543768567232
Elysium-Fenix,172,181051.24749094708,209268.753,Elysium,Fenix,28217.50550905292,28217.50550905292,1.1558536928085175,13.48,0.8812,0.9777570719602977,0.055399164086247815,4312.254361379141
Caelum-Dawn,59,189883.58,181478.592,Caelum,Dawn,-8404.987999999983,8404.987999999983,0.9557360989296706,4.63,1.0,0.9804744471744471,0.05446466415035868,-6484.057433327288
Dawn-Fenix,53,36953.177,76486.99,Dawn,Fenix,39533.813,39533.813,2.0698352945404395,51.69,0.6593,0.9823136476426799,0.04646098172906777,-362.5543768567232
Boreas-Elysium,141,181051.24749094708,279400.356,Boreas,Elysium,98349.10850905295,98349.10850905295,1.543211438043091,35.2,0.7396,0.9804581280788177,0.05527648369623914,-1839.5134922540726
Dawn-Fenix,104,91498.405,87408.573,Dawn,Fenix,-4089.831999999995,4089.831999999995,0.955301603344889,4.68,1.0,0.9823136476426799,0.04646098172906777,-362.5543768567232
Caelum-Dawn,118,124366.31,118449.684,Caelum,Dawn,-5916.626000000004,5916.626000000004,0.9524258137111248,5.0,1.0,0.9804744471744471,0.05446466415035868,-6484.057433327288
Dawn-Fenix,188,106781.214,104355.6,Dawn,Fenix,-2425.6140000000014,2425.6140000000014,0.977284262754308,2.32,1.0,0.9823136476426799,0.04646098172906777,-362.5543768567232
Elysium-Fenix,164,212939.571,208255.397,Elysium,Fenix,-4684.173999999999,4684.173999999999,0.9780023319385761,2.25,1.0,0.9777570719602977,0.055399164086247815,4312.254361379141
Caelum-Fenix,45,123217.337,118248.396,Caelum,Fenix,-4968.941000000006,4968.941000000006,0.959673361549763,4.2,1.0,0.9796862650602409,0.04873557984945812,1731.907948738127
Caelum-Dawn,356,162643.688,159654.071,Caelum,Dawn,-2989.6169999999984,2989.6169999999984,0.9816186103699271,1.87,1.0,0.9804744471744471,0.05446466415035868,-6484.057433327288
Boreas-Fenix,244,180723.849,188528.506,Boreas,Fenix,7804.6570000000065,7804.6570000000065,1.0431855399449799,4.14,0.9602,0.8068014354066986,0.13514659878591953,61601.108196475456
Dawn-Fenix,92,167414.393,162371.663,Dawn,Fenix,-5042.7300000000105,5042.7300000000105,0.9698787546898671,3.11,1.0,0.9823136476426799,0.04646098172906777,-362.5543768567232
Caelum-Elysium,6,147104.963,154262.072,Caelum,Elysium,7157.108999999997,7157.108999999997,1.0486530763751323,4.64,0.9557,0.9780398457583547,0.06003094589396874,1753.5802267796134
Boreas-Dawn,179,218072.786,224634.744,Boreas,Dawn,6561.958000000013,6561.958000000013,1.0300906780729624,2.92,0.9716,0.9791679389312977,0.052929740107363066,-992.1216852668913
Caelum-Fenix,249,271673.822,275362.627,Caelum,Fenix,3688.804999999993,3688.804999999993,1.0135780656849596,1.34,0.9868,0.9796862650602409,0.04873557984945812,1731.907948738127
Caelum-Dawn,147,480550.821,492157.307,Caelum,Dawn,11606.485999999975,11606.485999999975,1.024152463158522,2.36,0.977,0.9804744471744471,0.05446466415035868,-6484.057433327288
Boreas-Elysium,294,181051.24749094708,109519.611,Boreas,Elysium,-71531.63649094707,71531.63649094707,0.604909452532086,65.31,1.0,0.9804581280788177,0.05527648369623914,-1839.5134922540726
Aegis-Dawn,80,148945.921,141951.512,Aegis,Dawn,-6994.409000000014,6994.409000000014,0.9530406139823056,4.93,1.0,0.9844383292383293,0.0367757216063089,-2180.4743005156975
Aegis-Elysium,470,83930.335,152583.718,Aegis,Elysium,68653.38299999999,68653.38299999999,1.8179805668594076,44.99,0.6897,0.7958968831168831,0.13151929136319288,77214.95699135585
Dawn-Elysium,299,102214.69,101058.342,Dawn,Elysium,-1156.3479999999981,1156.3479999999981,0.9886870664089477,1.14,1.0,0.9839219696969698,0.04028966443660543,-3087.7173304880284
Caelum-Fenix,70,191523.829,190273.408,Caelum,Fenix,-1250.421000000002,1250.421000000002,0.9934711988240377,0.66,1.0,0.9796862650602409,0.04873557984945812,1731.907948738127
Dawn-Fenix,308,138487.116,138989.285,Dawn,Fenix,502.1689999999944,502.1689999999944,1.0036261062725864,0.36,0.9964,0.9823136476426799,0.04646098172906777,-362.5543768567232
Caelum-Dawn,343,132080.851,132330.022,Caelum,Dawn,249.1710000000021,249.1710000000021,1.0018865035931666,0.19,0.9981,0.9804744471744471,0.05446466415035868,-6484.057433327288
Dawn-Elysium,492,116200.205,115080.691,Dawn,Elysium,-1119.5139999999956,1119.5139999999956,0.99036564522412,0.97,1.0,0.9839219696969698,0.04028966443660543,-3087.7173304880284
Dawn-Elysium,83,206221.074,197836.865,Dawn,Elysium,-8384.209000000003,8384.209000000003,0.9593435877460322,4.24,1.0,0.9839219696969698,0.04028966443660543,-3087.7173304880284
Caelum-Elysium,172,142714.019,143330.467,Caelum,Elysium,616.448000000004,616.448000000004,1.0043194635279664,0.43,0.9957,0.9780398457583547,0.06003094589396874,1753.5802267796134
Aegis-Dawn,59,181051.24749094708,268322.377,Aegis,Dawn,87271.1295090529,87271.1295090529,1.4820244583700901,32.52,0.7546,0.9844383292383293,0.0367757216063089,-2180.4743005156975
Dawn-Fenix,237,103675.191,102360.98,Dawn,Fenix,-1314.2110000000102,1314.2110000000102,0.9873237658178029,1.28,1.0,0.9823136476426799,0.04646098172906777,-362.5543768567232
Dawn-Fenix,215,72060.763,73061.015,Dawn,Fenix,1000.2519999999931,1000.2519999999931,1.013880674563493,1.37,0.9865,0.9823136476426799,0.04646098172906777,-362.5543768567232
Boreas-Fenix,349,72564.189,187820.375,Boreas,Fenix,115256.186,115256.186,2.58833424018561,61.37,0.6197,0.8068014354066986,0.13514659878591953,61601.108196475456
Aegis-Dawn,12,117761.47,122637.572,Aegis,Dawn,4876.101999999999,4876.101999999999,1.0414065992892243,3.98,0.9618,0.9844383292383293,0.0367757216063089,-2180.4743005156975
Dawn-Elysium,229,138745.106,142016.942,Dawn,Elysium,3271.8360000000102,3271.8360000000102,1.0235816317730155,2.3,0.9775,0.9839219696969698,0.04028966443660543,-3087.7173304880284
Aegis-Elysium,81,181051.24749094708,160121.31,Aegis,Elysium,-20929.93749094708,20929.93749094708,0.884397717325899,13.07,1.0,0.7958968831168831,0.13151929136319288,77214.95699135585
Boreas-Dawn,164,73925.551,75914.691,Boreas,Dawn,1989.1399999999994,1989.1399999999994,1.0269073408732523,2.62,0.9745,0.9791679389312977,0.052929740107363066,-992.1216852668913
Aegis-Elysium,12,120648.779,212354.91,Aegis,Elysium,91706.13100000001,91706.13100000001,1.7601082394708696,43.19,0.6984,0.7958968831168831,0.13151929136319288,77214.95699135585
Boreas-Dawn,431,93052.442,92842.056,Boreas,Dawn,-210.3859999999986,210.3859999999986,0.9977390598733562,0.23,1.0,0.9791679389312977,0.052929740107363066,-992.1216852668913
Aegis-Elysium,150,179203.529,185703.113,Aegis,Elysium,6499.584000000003,6499.584000000003,1.0362692857460414,3.5,0.9662,0.7958968831168831,0.13151929136319288,77214.95699135585
Boreas-Fenix,338,151258.448,221005.401,Boreas,Fenix,69746.95300000001,69746.95300000001,1.4611111241865975,31.56,0.7601,0.8068014354066986,0.13514659878591953,61601.108196475456
Aegis-Boreas,116,75305.447,76033.892,Aegis,Boreas,728.445000000007,728.445000000007,1.0096732046487953,0.96,0.9905,0.9849621693121693,0.03408513950102227,-4121.568080328588
Aegis-Dawn,240,262661.008,260227.367,Aegis,Dawn,-2433.640999999974,2433.640999999974,0.9907346696849653,0.94,1.0,0.9844383292383293,0.0367757216063089,-2180.4743005156975
Elysium-Fenix,261,172007.417,168916.887,Elysium,Fenix,-3090.529999999999,3090.529999999999,0.9820325771184623,1.83,1.0,0.9777570719602977,0.055399164086247815,4312.254361379141
Dawn-Fenix,177,80941.949,78106.7,Dawn,Fenix,-2835.248999999996,2835.248999999996,0.9649718219658883,3.63,1.0,0.9823136476426799,0.04646098172906777,-362.5543768567232
Caelum-Elysium,175,274929.061,280412.884,Caelum,Elysium,5483.823000000033,5483.823000000033,1.0199463198981356,1.96,0.9808,0.9780398457583547,0.06003094589396874,1753.5802267796134
Aegis-Dawn,330,449975.915,445993.084,Aegis,Dawn,-3982.8310000000056,3982.8310000000056,0.9911487907080537,0.89,1.0,0.9844383292383293,0.0367757216063089,-2180.4743005156975
Aegis-Boreas,119,64970.222,63041.254,Aegis,Boreas,-1928.9680000000008,1928.9680000000008,0.9703099675417455,3.06,1.0,0.9849621693121693,0.03408513950102227,-4121.568080328588
Dawn-Elysium,252,116611.618,121317.394,Dawn,Elysium,4705.775999999998,4705.775999999998,1.0403542638435905,3.88,0.9627,0.9839219696969698,0.04028966443660543,-3087.7173304880284
Elysium-Fenix,228,421480.214,405443.776,Elysium,Fenix,-16036.437999999966,16036.437999999966,0.9619520977086721,3.96,1.0,0.9777570719602977,0.055399164086247815,4312.254361379141
Elysium-Fenix,181,170622.87,173180.926,Elysium,Fenix,2558.0560000000114,2558.0560000000114,1.0149924567556508,1.48,0.9854,0.9777570719602977,0.055399164086247815,4312.254361379141
Elysium-Fenix,428,384732.2,400137.301,Elysium,Fenix,15405.100999999966,15405.100999999966,1.040041101316708,3.85,0.9629,0.9777570719602977,0.055399164086247815,4312.254361379141
Aegis-Dawn,135,128614.026,127686.233,Aegis,Dawn,-927.7930000000051,927.7930000000051,0.9927862222429767,0.73,1.0,0.9844383292383293,0.0367757216063089,-2180.4743005156975
Caelum-Fenix,465,133566.091,135052.524,Caelum,Fenix,1486.433000000019,1486.433000000019,1.0111288201134825,1.1,0.9891,0.9796862650602409,0.04873557984945812,1731.907948738127
Caelum-Fenix,364,142799.019,149471.458,Caelum,Fenix,6672.439000000013,6672.439000000013,1.0467260843017416,4.46,0.9573,0.9796862650602409,0.04873557984945812,1731.907948738127
Caelum-Fenix,142,111955.306,113064.383,Caelum,Fenix,1109.0770000000048,1109.0770000000048,1.0099064264091244,0.98,0.9903,0.9796862650602409,0.04873557984945812,1731.907948738127
Aegis-Dawn,491,164138.06,166653.908,Aegis,Dawn,2515.847999999998,2515.847999999998,1.0153276333350107,1.51,0.9851,0.9844383292383293,0.0367757216063089,-2180.4743005156975
Aegis-Dawn,376,230012.288,226263.345,Aegis,Dawn,-3748.9429999999993,3748.9429999999993,0.9837011186115413,1.66,1.0,0.9844383292383293,0.0367757216063089,-2180.4743005156975
Dawn-Elysium,369,122364.894,123677.13,Dawn,Elysium,1312.2360000000044,1312.2360000000044,1.0107239581313248,1.06,0.9895,0.9839219696969698,0.04028966443660543,-3087.7173304880284
Dawn-Fenix,315,76395.969,77038.739,Dawn,Fenix,642.7700000000041,642.7700000000041,1.0084136638151682,0.83,0.9917,0.9823136476426799,0.04646098172906777,-362.5543768567232
Dawn-Fenix,222,152494.857,156239.769,Dawn,Fenix,3744.912000000011,3744.912000000011,1.0245576281959463,2.4,0.9766,0.9823136476426799,0.04646098172906777,-362.5543768567232
Aegis-Boreas,4,78208.292,81932.917,Aegis,Boreas,3724.625,3724.625,1.0476244258089666,4.55,0.9565,0.9849621693121693,0.03408513950102227,-4121.568080328588
Caelum-Dawn,51,127866.808,129482.504,Caelum,Dawn,1615.6959999999963,1615.6959999999963,1.0126357733118667,1.25,0.9877,0.9804744471744471,0.05446466415035868,-6484.057433327288
Caelum-Dawn,124,555633.453,569815.258,Caelum,Dawn,14181.805000000051,14181.805000000051,1.0255236701883752,2.49,0.9757,0.9804744471744471,0.05446466415035868,-6484.057433327288
Boreas-Fenix,160,105293.025,145136.903,Boreas,Fenix,39843.878,39843.878,1.3784094720424263,27.45,0.7846,0.8068014354066986,0.13514659878591953,61601.108196475456
Boreas-Elysium,491,105387.508,108384.367,Boreas,Elysium,2996.8589999999967,2996.8589999999967,1.0284365676432923,2.77,0.9731,0.9804581280788177,0.05527648369623914,-1839.5134922540726
Dawn-Fenix,173,127466.286,130945.829,Dawn,Fenix,3479.543000000005,3479.543000000005,1.0272977515011303,2.66,0.9741,0.9823136476426799,0.04646098172906777,-362.5543768567232
Caelum-Elysium,354,271562.961,266057.379,Caelum,Elysium,-5505.581999999995,5505.581999999995,0.9797263147384816,2.07,1.0,0.9780398457583547,0.06003094589396874,1753.5802267796134
Dawn-Elysium,433,107500.96,106933.948,Dawn,Elysium,-567.0120000000024,567.0120000000024,0.9947255168698028,0.53,1.0,0.9839219696969698,0.04028966443660543,-3087.7173304880284
Dawn-Elysium,277,242993.975,250437.034,Dawn,Elysium,7443.059000000008,7443.059000000008,1.0306306318911818,2.97,0.9711,0.9839219696969698,0.04028966443660543,-3087.7173304880284
Boreas-Dawn,215,69187.469,70471.03,Boreas,Dawn,1283.5610000000015,1283.5610000000015,1.0185519288182083,1.82,0.9821,0.9791679389312977,0.052929740107363066,-992.1216852668913
Aegis-Elysium,148,191911.508,190602.123,Aegis,Elysium,-1309.3850000000093,1309.3850000000093,0.993177141831432,0.69,1.0,0.7958968831168831,0.13151929136319288,77214.95699135585
Caelum-Dawn,261,134603.576,132702.105,Caelum,Dawn,-1901.4709999999905,1901.4709999999905,0.9858735476685999,1.43,1.0,0.9804744471744471,0.05446466415035868,-6484.057433327288
Aegis-Dawn,74,196688.301,188115.377,Aegis,Dawn,-8572.923999999999,8572.923999999999,0.9564136557364437,4.56,1.0,0.9844383292383293,0.0367757216063089,-2180.4743005156975
Caelum-Elysium,269,265490.353,273514.161,Caelum,Elysium,8023.808000000019,8023.808000000019,1.0302225972029952,2.93,0.9715,0.9780398457583547,0.06003094589396874,1753.5802267796134
Caelum-Elysium,236,138398.194,134979.288,Caelum,Elysium,-3418.905999999988,3418.905999999988,0.975296599607362,2.53,1.0,0.9780398457583547,0.06003094589396874,1753.5802267796134
Caelum-Fenix,146,206961.501,204845.151,Caelum,Fenix,-2116.3499999999767,2116.3499999999767,0.9897741851031513,1.03,1.0,0.9796862650602409,0.04873557984945812,1731.907948738127
Aegis-Dawn,353,132749.713,131504.941,Aegis,Dawn,-1244.7719999999972,1244.7719999999972,0.9906231661683518,0.95,1.0,0.9844383292383293,0.0367757216063089,-2180.4743005156975
Boreas-Dawn,482,131108.599,124995.564,Boreas,Dawn,-6113.034999999989,6113.034999999989,0.9533742634226456,4.89,1.0,0.9791679389312977,0.052929740107363066,-992.1216852668913
Boreas-Fenix,274,68238.824,135297.76,Boreas,Fenix,67058.93600000002,67058.93600000002,1.982709432389984,49.56,0.6686,0.8068014354066986,0.13514659878591953,61601.108196475456
Dawn-Elysium,429,626369.963,282269.508,Dawn,Elysium,-344100.455,344100.455,0.4506434290815442,121.9,1.0,0.9839219696969698,0.04028966443660543,-3087.7173304880284
Dawn-Fenix,211,120414.692,125187.447,Dawn,Fenix,4772.755000000005,4772.755000000005,1.0396359856154431,3.81,0.9633,0.9823136476426799,0.04646098172906777,-362.5543768567232
Aegis-Elysium,166,168926.664,173765.294,Aegis,Elysium,4838.630000000005,4838.630000000005,1.0286433762759917,2.78,0.9729,0.7958968831168831,0.13151929136319288,77214.95699135585
Aegis-Dawn,471,457992.992,256586.821,Aegis,Dawn,-201406.17100000003,201406.17100000003,0.560241806058028,78.49,1.0,0.9844383292383293,0.0367757216063089,-2180.4743005156975
Boreas-Fenix,201,109746.675,230694.37,Boreas,Fenix,120947.69499999999,120947.69499999999,2.1020624998433894,52.43,0.656,0.8068014354066986,0.13514659878591953,61601.108196475456
Caelum-Fenix,495,256775.825,269024.929,Caelum,Fenix,12249.103999999992,12249.103999999992,1.0477034938939442,4.55,0.9565,0.9796862650602409,0.04873557984945812,1731.907948738127
Caelum-Elysium,347,181051.24749094708,126857.512,Caelum,Elysium,-54193.735490947074,54193.735490947074,0.7006718471041915,42.72,1.0,0.9780398457583547,0.06003094589396874,1753.5802267796134
Boreas-Elysium,368,99167.92,98398.809,Boreas,Elysium,-769.1110000000044,769.1110000000044,0.9922443568444311,0.78,1.0,0.9804581280788177,0.05527648369623914,-1839.5134922540726
Caelum-Fenix,115,142693.359,146844.534,Caelum,Fenix,4151.1750000000175,4151.1750000000175,1.0290915781161198,2.83,0.9725,0.9796862650602409,0.04873557984945812,1731.907948738127
Dawn-Elysium,280,142980.784,145127.112,Dawn,Elysium,2146.3279999999795,2146.3279999999795,1.015011303896613,1.48,0.9854,0.9839219696969698,0.04028966443660543,-3087.7173304880284
Caelum-Fenix,131,124542.519,127901.887,Caelum,Fenix,3359.368000000002,3359.368000000002,1.026973663508444,2.63,0.9744,0.9796862650602409,0.04873557984945812,1731.907948738127
Boreas-Fenix,450,79010.48,137595.681,Boreas,Fenix,58585.201000000015,58585.201000000015,1.7414864585052516,42.58,0.7014,0.8068014354066986,0.13514659878591953,61601.108196475456
Aegis-Dawn,24,121224.753,124236.295,Aegis,Dawn,3011.5420000000013,3011.5420000000013,1.0248426325933615,2.42,0.9763,0.9844383292383293,0.0367757216063089,-2180.4743005156975
Boreas-Elysium,455,181051.24749094708,99662.449,Boreas,Elysium,-81388.79849094708,81388.79849094708,0.5504654089996442,81.66,1.0,0.9804581280788177,0.05527648369623914,-1839.5134922540726
Dawn-Fenix,16,71855.307,71378.001,Dawn,Fenix,-477.30599999999686,477.30599999999686,0.9933574008667169,0.67,1.0,0.9823136476426799,0.04646098172906777,-362.5543768567232
Boreas-Dawn,341,104298.843,104796.22,Boreas,Dawn,497.3770000000077,497.3770000000077,1.0047687681444368,0.47,0.9953,0.9791679389312977,0.052929740107363066,-992.1216852668913
Aegis-Dawn,37,120400.372,119272.706,Aegis,Dawn,-1127.6659999999974,1127.6659999999974,0.990634032260299,0.95,1.0,0.9844383292383293,0.0367757216063089,-2180.4743005156975
Boreas-Fenix,306,368391.158,601744.514,Boreas,Fenix,233353.35599999997,233353.35599999997,1.6334390794471783,38.78,0.7206,0.8068014354066986,0.13514659878591953,61601.108196475456
Elysium-Fenix,96,228632.94,225197.023,Elysium,Fenix,-3435.917000000016,3435.917000000016,0.9849719073725771,1.53,1.0,0.9777570719602977,0.055399164086247815,4312.254361379141
Caelum-Fenix,341,129069.211,125889.863,Caelum,Fenix,-3179.347999999998,3179.347999999998,0.9753671074970777,2.53,1.0,0.9796862650602409,0.04873557984945812,1731.907948738127
Caelum-Dawn,175,192373.797,186560.532,Caelum,Dawn,-5813.264999999985,5813.264999999985,0.9697814094712702,3.12,1.0,0.9804744471744471,0.05446466415035868,-6484.057433327288
Aegis-Dawn,284,122684.727,121656.996,Aegis,Dawn,-1027.7309999999998,1027.7309999999998,0.9916229915073292,0.84,1.0,0.9844383292383293,0.0367757216063089,-2180.4743005156975
Caelum-Fenix,57,139459.228,139295.161,Caelum,Fenix,-164.06700000001,164.06700000001,0.9988235486288508,0.12,1.0,0.9796862650602409,0.04873557984945812,1731.907948738127
Aegis-Elysium,409,180889.382,188876.961,Aegis,Elysium,7987.578999999998,7987.578999999998,1.0441572573894913,4.23,0.9594,0.7958968831168831,0.13151929136319288,77214.95699135585
Boreas-Fenix,37,143121.413,149199.976,Boreas,Fenix,6078.562999999995,6078.562999999995,1.0424713735882414,4.07,0.9609,0.8068014354066986,0.13514659878591953,61601.108196475456
Aegis-Boreas,154,94117.27,92347.163,Aegis,Boreas,-1770.1070000000036,1770.1070000000036,0.9811925377776044,1.92,1.0,0.9849621693121693,0.03408513950102227,-4121.568080328588
Caelum-Dawn,9,114066.091,115767.247,Caelum,Dawn,1701.1560000000027,1701.1560000000027,1.0149137748570696,1.47,0.9855,0.9804744471744471,0.05446466415035868,-6484.057433327288
Boreas-Dawn,186,104440.5,109755.195,Boreas,Dawn,5314.695000000007,5314.695000000007,1.0508872994671608,4.84,0.9538,0.9791679389312977,0.052929740107363066,-992.1216852668913
Boreas-Fenix,401,274434.44,262509.476,Boreas,Fenix,-11924.963999999978,11924.963999999978,0.9565471301634009,4.54,1.0,0.8068014354066986,0.13514659878591953,61601.108196475456
Elysium-Fenix,438,239679.213,228273.433,Elysium,Fenix,-11405.779999999999,11405.779999999999,0.9524123103658555,5.0,1.0,0.9777570719602977,0.055399164086247815,4312.254361379141
Dawn-Elysium,221,203573.132,214026.443,Dawn,Elysium,10453.310999999987,10453.310999999987,1.051349168219311,4.88,0.9534,0.9839219696969698,0.04028966443660543,-3087.7173304880284
Caelum-Elysium,363,368514.82,136045.454,Caelum,Elysium,-232469.366,232469.366,0.3691722737229401,170.88,1.0,0.9780398457583547,0.06003094589396874,1753.5802267796134
Boreas-Fenix,233,181051.24749094708,145157.958,Boreas,Fenix,-35893.28949094706,35893.28949094706,0.8017506645860488,24.73,1.0,0.8068014354066986,0.13514659878591953,61601.108196475456
Boreas-Dawn,395,85573.146,87579.353,Boreas,Dawn,2006.2070000000094,2006.2070000000094,1.0234443525075028,2.29,0.9776,0.9791679389312977,0.052929740107363066,-992.1216852668913
Dawn-Fenix,442,111320.529,106232.706,Dawn,Fenix,-5087.822999999989,5087.822999999989,0.9542957346169277,4.79,1.0,0.9823136476426799,0.04646098172906777,-362.5543768567232
Aegis-Dawn,69,120932.261,124637.536,Aegis,Dawn,3705.274999999994,3705.274999999994,1.0306392601061183,2.97,0.9711,0.9844383292383293,0.0367757216063089,-2180.4743005156975
Boreas-Dawn,316,179473.335,178689.981,Boreas,Dawn,-783.3539999999921,783.3539999999921,0.9956352624750635,0.44,1.0,0.9791679389312977,0.052929740107363066,-992.1216852668913
Boreas-Elysium,65,108167.455,105416.374,Boreas,Elysium,-2751.0810000000056,2751.0810000000056,0.9745664627128372,2.61,1.0,0.9804581280788177,0.05527648369623914,-1839.5134922540726
Aegis-Boreas,127,181051.24749094708,91525.405,Aegis,Boreas,-89525.84249094708,89525.84249094708,0.5055220898413111,97.82,1.0,0.9849621693121693,0.03408513950102227,-4121.568080328588
Caelum-Dawn,394,434115.742,445616.677,Caelum,Dawn,11500.934999999998,11500.934999999998,1.0264927849587173,2.58,0.9748,0.9804744471744471,0.05446466415035868,-6484.057433327288
Caelum-Dawn,327,118837.505,122077.783,Caelum,Dawn,3240.277999999991,3240.277999999991,1.0272664593555711,2.65,0.9741,0.9804744471744471,0.05446466415035868,-6484.057433327288
Elysium-Fenix,477,180295.485,184167.63,Elysium,Fenix,3872.1450000000186,3872.1450000000186,1.0214766609380153,2.1,0.9794,0.9777570719602977,0.055399164086247815,4312.254361379141
Boreas-Fenix,475,193449.315,191397.716,Boreas,Fenix,-2051.5990000000165,2051.5990000000165,0.9893946432428565,1.07,1.0,0.8068014354066986,0.13514659878591953,61601.108196475456
Aegis-Dawn,480,228888.08,229351.065,Aegis,Dawn,462.98500000001513,462.98500000001513,1.0020227571483846,0.2,0.998,0.9844383292383293,0.0367757216063089,-2180.4743005156975
Boreas-Elysium,300,151665.531,145324.694,Boreas,Elysium,-6340.8369999999995,6340.8369999999995,0.9581919704616337,4.36,1.0,0.9804581280788177,0.05527648369623914,-1839.5134922540726
Aegis-Boreas,190,105163.655,101917.795,Aegis,Boreas,-3245.8600000000006,3245.8600000000006,0.9691351541556824,3.18,1.0,0.9849621693121693,0.03408513950102227,-4121.568080328588
Aegis-Elysium,139,146775.699,302664.441,Aegis,Elysium,155888.742,155888.742,2.0620882275614303,51.51,0.66,0.7958968831168831,0.13151929136319288,77214.95699135585
Dawn-Fenix,88,99419.38,103783.035,Dawn,Fenix,4363.654999999999,4363.654999999999,1.0438913922013997,4.2,0.9597,0.9823136476426799,0.04646098172906777,-362.5543768567232
Aegis-Dawn,199,123977.723,119810.001,Aegis,Dawn,-4167.721999999994,4167.721999999994,0.9663832993609667,3.48,1.0,0.9844383292383293,0.0367757216063089,-2180.4743005156975
Elysium-Fenix,229,181051.24749094708,181536.288,Elysium,Fenix,485.0405090529239,485.0405090529239,1.002679023291884,0.27,0.9973,0.9777570719602977,0.055399164086247815,4312.254361379141
Aegis-Dawn,106,219686.103,226636.943,Aegis,Dawn,6950.8399999999965,6950.8399999999965,1.0316398711847512,3.07,0.9702,0.9844383292383293,0.0367757216063089,-2180.4743005156975
Caelum-Fenix,276,170676.13,165135.54,Caelum,Fenix,-5540.5899999999965,5540.5899999999965,0.9675374054942539,3.36,1.0,0.9796862650602409,0.04873557984945812,1731.907948738127
Aegis-Boreas,301,93019.666,90774.882,Aegis,Boreas,-2244.7839999999997,2244.7839999999997,0.9758676407201892,2.47,1.0,0.9849621693121693,0.03408513950102227,-4121.568080328588
Caelum-Dawn,420,148359.309,148193.769,Caelum,Dawn,-165.54000000000815,165.54000000000815,0.9988841953961918,0.11,1.0,0.9804744471744471,0.05446466415035868,-6484.057433327288
Elysium-Fenix,275,210664.854,218171.899,Elysium,Fenix,7507.045000000013,7507.045000000013,1.0356350138974773,3.44,0.9667,0.9777570719602977,0.055399164086247815,4312.254361379141
Aegis-Elysium,60,88685.553,154592.374,Aegis,Elysium,65906.82100000001,65906.82100000001,1.7431517171686353,42.63,0.7011,0.7958968831168831,0.13151929136319288,77214.95699135585
Boreas-Fenix,65,103600.258,173583.029,Boreas,Fenix,69982.77100000001,69982.77100000001,1.6755076903379913,40.32,0.7127,0.8068014354066986,0.13514659878591953,61601.108196475456
Elysium-Fenix,488,182124.698,178171.949,Elysium,Fenix,-3952.7490000000107,3952.7490000000107,0.9782964691587298,2.22,1.0,0.9777570719602977,0.055399164086247815,4312.254361379141
Aegis-Elysium,69,85037.079,175510.251,Aegis,Elysium,90473.17199999999,90473.17199999999,2.06392614920369,51.55,0.6599,0.7958968831168831,0.13151929136319288,77214.95699135585
Boreas-Fenix,24,83034.556,146516.817,Boreas,Fenix,63482.26100000001,63482.26100000001,1.764528216421125,43.33,0.6977,0.8068014354066986,0.13514659878591953,61601.108196475456
Boreas-Elysium,205,185742.627,179975.058,Boreas,Elysium,-5767.569000000018,5767.569000000018,0.9689485978897024,3.2,1.0,0.9804581280788177,0.05527648369623914,-1839.5134922540726
Aegis-Elysium,243,426173.288,690050.092,Aegis,Elysium,263876.80399999995,263876.80399999995,1.619177248856573,38.24,0.7234,0.7958968831168831,0.13151929136319288,77214.95699135585
Aegis-Boreas,16,146017.975,143668.746,Aegis,Boreas,-2349.228999999992,2349.228999999992,0.9839113711856367,1.64,1.0,0.9849621693121693,0.03408513950102227,-4121.568080328588
Caelum-Dawn,120,212383.667,216984.258,Caelum,Dawn,4600.591000000015,4600.591000000015,1.0216616986842026,2.12,0.9792,0.9804744471744471,0.05446466415035868,-6484.057433327288
Elysium-Fenix,479,340361.761,188020.154,Elysium,Fenix,-152341.607,152341.607,0.5524126842204228,81.02,1.0,0.9777570719602977,0.055399164086247815,4312.254361379141
Dawn-Elysium,142,230932.113,236255.831,Dawn,Elysium,5323.7179999999935,5323.7179999999935,1.0230531732067942,2.25,0.978,0.9839219696969698,0.04028966443660543,-3087.7173304880284
Dawn-Elysium,254,191139.975,187557.946,Dawn,Elysium,-3582.0290000000095,3582.0290000000095,0.9812596553912911,1.91,1.0,0.9839219696969698,0.04028966443660543,-3087.7173304880284
Aegis-Dawn,315,122452.898,124732.709,Aegis,Dawn,2279.8110000000015,2279.8110000000015,1.018617860722251,1.83,0.9821,0.9844383292383293,0.0367757216063089,-2180.4743005156975
Caelum-Dawn,67,109131.757,112355.01,Caelum,Dawn,3223.252999999997,3223.252999999997,1.0295354266128052,2.87,0.9721,0.9804744471744471,0.05446466415035868,-6484.057433327288
Elysium-Fenix,493,198723.519,201678.815,Elysium,Fenix,2955.296000000002,2955.296000000002,1.0148713952675124,1.47,0.9856,0.9777570719602977,0.055399164086247815,4312.254361379141
Elysium-Fenix,100,178799.043,182410.834,Elysium,Fenix,3611.7909999999974,3611.7909999999974,1.0202002814970323,1.98,0.9806,0.9777570719602977,0.055399164086247815,4312.254361379141
Aegis-Dawn,459,160792.45,167928.452,Aegis,Dawn,7136.001999999979,7136.001999999979,1.0443802056626414,4.25,0.9592,0.9844383292383293,0.0367757216063089,-2180.4743005156975
Dawn-Elysium,393,397622.744,386925.093,Dawn,Elysium,-10697.651000000013,10697.651000000013,0.9730959781314722,2.76,1.0,0.9839219696969698,0.04028966443660543,-3087.7173304880284
Aegis-Boreas,225,57847.848,58725.014,Aegis,Boreas,877.1660000000047,877.1660000000047,1.0151633298441802,1.49,0.9853,0.9849621693121693,0.03408513950102227,-4121.568080328588
Caelum-Dawn,354,246602.559,247817.82,Caelum,Dawn,1215.2609999999986,1215.2609999999986,1.004928014554788,0.49,0.9951,0.9804744471744471,0.05446466415035868,-6484.057433327288
Boreas-Elysium,485,273849.731,266137.778,Boreas,Elysium,-7711.953000000038,7711.953000000038,0.9718387417367956,2.9,1.0,0.9804581280788177,0.05527648369623914,-1839.5134922540726
Aegis-Dawn,62,111930.415,117769.384,Aegis,Dawn,5838.969000000012,5838.969000000012,1.0521660622807483,4.96,0.9528,0.9844383292383293,0.0367757216063089,-2180.4743005156975
Caelum-Dawn,436,886297.971,874483.967,Caelum,Dawn,-11814.004000000074,11814.004000000074,0.9866703925919288,1.35,1.0,0.9804744471744471,0.05446466415035868,-6484.057433327288
Boreas-Dawn,193,130313.826,124387.952,Boreas,Dawn,-5925.873999999996,5925.873999999996,0.9545261298674479,4.76,1.0,0.9791679389312977,0.052929740107363066,-992.1216852668913
Aegis-Elysium,45,154221.348,159754.015,Aegis,Elysium,5532.667000000016,5532.667000000016,1.0358748452905497,3.46,0.9665,0.7958968831168831,0.13151929136319288,77214.95699135585
Caelum-Dawn,446,357106.987,363311.948,Caelum,Dawn,6204.960999999952,6204.960999999952,1.017375635946322,1.71,0.9832,0.9804744471744471,0.05446466415035868,-6484.057433327288
Dawn-Elysium,65,81491.047,148110.358,Dawn,Elysium,66619.311,66619.311,1.817504664039965,44.98,0.6898,0.9839219696969698,0.04028966443660543,-3087.7173304880284
Aegis-Dawn,454,127905.34,128865.732,Aegis,Dawn,960.3920000000071,960.3920000000071,1.0075086153556998,0.75,0.9926,0.9844383292383293,0.0367757216063089,-2180.4743005156975
Elysium-Fenix,476,411849.598,419970.426,Elysium,Fenix,8120.8279999999795,8120.8279999999795,1.0197179456758871,1.93,0.981,0.9777570719602977,0.055399164086247815,4312.254361379141
Boreas-Fenix,235,204614.933,214076.12,Boreas,Fenix,9461.187000000005,9461.187000000005,1.046238985890634,4.42,0.9577,0.8068014354066986,0.13514659878591953,61601.108196475456
Elysium-Fenix,384,211172.891,202220.544,Elysium,Fenix,-8952.347000000009,8952.347000000009,0.9576065518750699,4.43,1.0,0.9777570719602977,0.055399164086247815,4312.254361379141
Dawn-Elysium,235,111237.66,113955.456,Dawn,Elysium,2717.796000000002,2717.796000000002,1.0244323370340584,2.38,0.9767,0.9839219696969698,0.04028966443660543,-3087.7173304880284
Elysium-Fenix,278,200444.314,193651.991,Elysium,Fenix,-6792.323000000004,6792.323000000004,0.966113665863328,3.51,1.0,0.9777570719602977,0.055399164086247815,4312.254361379141
Aegis-Elysium,218,96474.281,168887.302,Aegis,Elysium,72413.021,72413.021,1.7505940469253147,42.88,0.6999,0.7958968831168831,0.13151929136319288,77214.95699135585
Dawn-Fenix,254,174313.505,182693.102,Dawn,Fenix,8379.597000000009,8379.597000000009,1.048071989602871,4.59,0.9561,0.9823136476426799,0.04646098172906777,-362.5543768567232
Elysium-Fenix,11,177827.627,185867.017,Elysium,Fenix,8039.389999999985,8039.389999999985,1.0452088920918907,4.33,0.9585,0.9777570719602977,0.055399164086247815,4312.254361379141
Boreas-Dawn,27,203416.923,200373.621,Boreas,Dawn,-3043.301999999996,3043.301999999996,0.9850390913640946,1.52,1.0,0.9791679389312977,0.052929740107363066,-992.1216852668913
Caelum-Elysium,487,295776.74,288567.979,Caelum,Elysium,-7208.760999999999,7208.760999999999,0.9756276947267727,2.5,1.0,0.9780398457583547,0.06003094589396874,1753.5802267796134
Elysium-Fenix,419,197897.696,204298.353,Elysium,Fenix,6400.6570000000065,6400.6570000000065,1.0323432618437356,3.13,0.9696,0.9777570719602977,0.055399164086247815,4312.254361379141
Aegis-Elysium,300,175440.809,286898.92,Aegis,Elysium,111458.11099999998,111458.11099999998,1.6353032207004925,38.85,0.7202,0.7958968831168831,0.13151929136319288,77214.95699135585
Elysium-Fenix,369,202767.152,212932.079,Elysium,Fenix,10164.926999999996,10164.926999999996,1.0501310340444097,4.77,0.9544,0.9777570719602977,0.055399164086247815,4312.254361379141
Aegis-Boreas,160,62269.709,65165.179,Aegis,Boreas,2895.469999999994,2895.469999999994,1.0464988522750283,4.44,0.9575,0.9849621693121693,0.03408513950102227,-4121.568080328588
Caelum-Fenix,67,115210.103,117031.697,Caelum,Fenix,1821.5939999999973,1821.5939999999973,1.0158110612920812,1.56,0.9847,0.9796862650602409,0.04873557984945812,1731.907948738127
Aegis-Dawn,456,218819.587,220119.956,Aegis,Dawn,1300.369000000006,1300.369000000006,1.0059426535705873,0.59,0.9941,0.9844383292383293,0.0367757216063089,-2180.4743005156975
Caelum-Elysium,291,738129.461,703802.203,Caelum,Elysium,-34327.25800000003,34327.25800000003,0.9534942583737352,4.88,1.0,0.9780398457583547,0.06003094589396874,1753.5802267796134
Caelum-Dawn,234,112257.873,117734.365,Caelum,Dawn,5476.491999999998,5476.491999999998,1.0487849257575013,4.65,0.9556,0.9804744471744471,0.05446466415035868,-6484.057433327288
Boreas-Fenix,369,146672.387,174876.937,Boreas,Fenix,28204.550000000017,28204.550000000017,1.192296250009213,16.13,0.8611,0.8068014354066986,0.13514659878591953,61601.108196475456
Caelum-Elysium,277,136864.667,132778.221,Caelum,Elysium,-4086.4459999999963,4086.4459999999963,0.9701424327434341,3.08,1.0,0.9780398457583547,0.06003094589396874,1753.5802267796134
Caelum-Fenix,433,155899.569,159617.867,Caelum,Fenix,3718.29800000001,3718.29800000001,1.0238505983297492,2.33,0.9772,0.9796862650602409,0.04873557984945812,1731.907948738127
Dawn-Elysium,473,103992.514,103090.716,Dawn,Elysium,-901.7979999999952,901.7979999999952,0.9913282411847453,0.87,1.0,0.9839219696969698,0.04028966443660543,-3087.7173304880284
Boreas-Fenix,461,144813.711,148481.77,Boreas,Fenix,3668.0589999999793,3668.0589999999793,1.0253295007404373,2.47,0.9759,0.8068014354066986,0.13514659878591953,61601.108196475456
Boreas-Elysium,200,109192.312,106067.296,Boreas,Elysium,-3125.0160000000033,3125.0160000000033,0.9713806224745932,2.95,1.0,0.9804581280788177,0.05527648369623914,-1839.5134922540726
Aegis-Boreas,98,76023.162,73615.304,Aegis,Boreas,-2407.857999999993,2407.857999999993,0.9683273105635886,3.27,1.0,0.9849621693121693,0.03408513950102227,-4121.568080328588
Elysium-Fenix,334,859759.789,847121.909,Elysium,Fenix,-12637.880000000005,12637.880000000005,0.9853006849567839,1.49,1.0,0.9777570719602977,0.055399164086247815,4312.254361379141
Boreas-Fenix,57,156054.209,148903.702,Boreas,Fenix,-7150.507000000012,7150.507000000012,0.9541793390526236,4.8,1.0,0.8068014354066986,0.13514659878591953,61601.108196475456
Caelum-Dawn,183,119102.774,124659.361,Caelum,Dawn,5556.5869999999995,5556.5869999999995,1.046653716058704,4.46,0.9573,0.9804744471744471,0.05446466415035868,-6484.057433327288
Aegis-Boreas,253,141843.187,136662.605,Aegis,Boreas,-5180.581999999995,5180.581999999995,0.9634766948658592,3.79,1.0,0.9849621693121693,0.03408513950102227,-4121.568080328588
Caelum-Elysium,423,275580.196,271068.947,Caelum,Elysium,-4511.249000000011,4511.249000000011,0.9836299956764673,1.66,1.0,0.9780398457583547,0.06003094589396874,1753.5802267796134
Caelum-Fenix,199,112202.955,112896.328,Caelum,Fenix,693.3729999999923,693.3729999999923,1.0061796322565657,0.61,0.9939,0.9796862650602409,0.04873557984945812,1731.907948738127
Aegis-Elysium,445,115874.269,231775.097,Aegis,Elysium,115900.82800000001,115900.82800000001,2.000229205329442,50.01,0.6666,0.7958968831168831,0.13151929136319288,77214.95699135585
Elysium-Fenix,39,164729.277,167748.291,Elysium,Fenix,3019.0139999999956,3019.0139999999956,1.0183271246919878,1.8,0.9823,0.9777570719602977,0.055399164086247815,4312.254361379141
Boreas-Dawn,148,69116.843,72525.45,Boreas,Dawn,3408.6070000000036,3408.6070000000036,1.0493165898795465,4.7,0.9551,0.9791679389312977,0.052929740107363066,-992.1216852668913
Dawn-Elysium,182,115997.905,116657.866,Dawn,Elysium,659.9609999999957,659.9609999999957,1.0056894217184353,0.57,0.9944,0.9839219696969698,0.04028966443660543,-3087.7173304880284
Dawn-Elysium,223,182997.204,175514.294,Dawn,Elysium,-7482.9100000000035,7482.9100000000035,0.9591091566623061,4.26,1.0,0.9839219696969698,0.04028966443660543,-3087.7173304880284
Caelum-Elysium,491,181051.24749094708,148580.469,Caelum,Elysium,-32470.778490947065,32470.778490947065,0.8206542128765466,21.85,1.0,0.9780398457583547,0.06003094589396874,1753.5802267796134
Boreas-Dawn,196,85185.343,83764.779,Boreas,Dawn,-1420.5639999999985,1420.5639999999985,0.9833238448074336,1.7,1.0,0.9791679389312977,0.052929740107363066,-992.1216852668913
Caelum-Dawn,191,341037.813,354291.539,Caelum,Dawn,13253.725999999966,13253.725999999966,1.0388629222179535,3.74,0.9639,0.9804744471744471,0.05446466415035868,-6484.057433327288
Caelum-Fenix,499,110848.256,112973.375,Caelum,Fenix,2125.119000000006,2125.119000000006,1.0191714247628758,1.88,0.9815,0.9796862650602409,0.04873557984945812,1731.907948738127
Aegis-Elysium,154,181051.24749094708,348725.774,Aegis,Elysium,167674.5265090529,167674.5265090529,1.9261163832490962,48.08,0.6753,0.7958968831168831,0.13151929136319288,77214.95699135585
Boreas-Elysium,255,151691.281,149561.967,Boreas,Elysium,-2129.313999999984,2129.313999999984,0.9859628451552204,1.42,1.0,0.9804581280788177,0.05527648369623914,-1839.5134922540726
Boreas-Dawn,182,85666.848,84976.983,Boreas,Dawn,-689.8650000000052,689.8650000000052,0.9919471182131038,0.81,1.0,0.9791679389312977,0.052929740107363066,-992.1216852668913
Caelum-Dawn,170,181051.24749094708,113750.721,Caelum,Dawn,-67300.52649094707,67300.52649094707,0.6282791340926153,59.16,1.0,0.9804744471744471,0.05446466415035868,-6484.057433327288
Boreas-Elysium,56,132842.869,134403.155,Boreas,Elysium,1560.2859999999928,1560.2859999999928,1.0117453500646691,1.16,0.9885,0.9804581280788177,0.05527648369623914,-1839.5134922540726
Caelum-Fenix,90,113755.415,118792.262,Caelum,Fenix,5036.847000000009,5036.847000000009,1.0442778658053333,4.24,0.9593,0.9796862650602409,0.04873557984945812,1731.907948738127
Elysium-Fenix,353,169620.74,169558.513,Elysium,Fenix,-62.2269999999844,62.2269999999844,0.9996331403813001,0.04,1.0,0.9777570719602977,0.055399164086247815,4312.254361379141
Caelum-Dawn,108,159753.256,153959.854,Caelum,Dawn,-5793.402000000002,5793.402000000002,0.9637353119112639,3.76,1.0,0.9804744471744471,0.05446466415035868,-6484.057433327288
Dawn-Elysium,48,122952.938,120440.422,Dawn,Elysium,-2512.5159999999887,2512.5159999999887,0.9795652219388203,2.09,1.0,0.9839219696969698,0.04028966443660543,-3087.7173304880284
Caelum-Elysium,223,55996.619,160043.954,Caelum,Elysium,104047.33499999999,104047.33499999999,2.8581003078060836,65.01,0.606,0.9780398457583547,0.06003094589396874,1753.5802267796134
Dawn-Fenix,423,70635.812,71789.112,Dawn,Fenix,1153.2999999999884,1153.2999999999884,1.0163274119365966,1.61,0.9842,0.9823136476426799,0.04646098172906777,-362.5543768567232
Boreas-Elysium,49,181051.24749094708,137296.329,Boreas,Elysium,-43754.91849094708,43754.91849094708,0.7583285445567841,31.87,1.0,0.9804581280788177,0.05527648369623914,-1839.5134922540726
Dawn-Elysium,476,287011.486,293605.515,Dawn,Elysium,6594.029000000039,6594.029000000039,1.0229747913294314,2.25,0.978,0.9839219696969698,0.04028966443660543,-3087.7173304880284
Caelum-Elysium,143,123700.332,127686.219,Caelum,Elysium,3985.8870000000024,3985.8870000000024,1.0322221204709459,3.12,0.9697,0.9780398457583547,0.06003094589396874,1753.5802267796134
Elysium-Fenix,414,254007.069,249051.265,Elysium,Fenix,-4955.803999999975,4955.803999999975,0.980489503620862,1.99,1.0,0.9777570719602977,0.055399164086247815,4312.254361379141
Aegis-Dawn,123,125478.786,120335.0,Aegis,Dawn,-5143.785999999993,5143.785999999993,0.9590067280376781,4.27,1.0,0.9844383292383293,0.0367757216063089,-2180.4743005156975
Aegis-Boreas,262,154549.273,155733.907,Aegis,Boreas,1184.63400000002,1184.63400000002,1.007665089437205,0.76,0.9925,0.9849621693121693,0.03408513950102227,-4121.568080328588
Elysium-Fenix,230,424820.101,441384.71,Elysium,Fenix,16564.608999999997,16564.608999999997,1.0389920556042616,3.75,0.9638,0.9777570719602977,0.055399164086247815,4312.254361379141
Caelum-Dawn,369,375662.532,380938.014,Caelum,Dawn,5275.482000000018,5275.482000000018,1.0140431412521067,1.38,0.9863,0.9804744471744471,0.05446466415035868,-6484.057433327288
Caelum-Fenix,61,135919.419,137504.762,Caelum,Fenix,1585.3429999999935,1585.3429999999935,1.0116638447372999,1.15,0.9886,0.9796862650602409,0.04873557984945812,1731.907948738127
Elysium-Fenix,34,1520979.383,1550914.901,Elysium,Fenix,29935.518000000156,29935.518000000156,1.01968173818435,1.93,0.9811,0.9777570719602977,0.055399164086247815,4312.254361379141
Boreas-Dawn,302,83801.19,85338.684,Boreas,Dawn,1537.4939999999915,1537.4939999999915,1.0183469232358155,1.8,0.9823,0.9791679389312977,0.052929740107363066,-992.1216852668913
Dawn-Elysium,236,402310.739,385894.28,Dawn,Elysium,-16416.458999999973,16416.458999999973,0.9591945791931744,4.25,1.0,0.9839219696969698,0.04028966443660543,-3087.7173304880284
Elysium-Fenix,486,288936.108,292836.16,Elysium,Fenix,3900.051999999967,3900.051999999967,1.013497973745808,1.33,0.9869,0.9777570719602977,0.055399164086247815,4312.254361379141
Boreas-Elysium,385,167939.407,164287.025,Boreas,Elysium,-3652.3820000000123,3652.3820000000123,0.9782517869674268,2.22,1.0,0.9804581280788177,0.05527648369623914,-1839.5134922540726
Boreas-Dawn,459,333147.089,328957.535,Boreas,Dawn,-4189.554000000004,4189.554000000004,0.987424311547864,1.27,1.0,0.9791679389312977,0.052929740107363066,-992.1216852668913
Boreas-Fenix,476,110729.884,290263.787,Boreas,Fenix,179533.903,179533.903,2.6213681123336134,61.85,0.6178,0.8068014354066986,0.13514659878591953,61601.108196475456
Aegis-Boreas,488,101350.829,102773.758,Aegis,Boreas,1422.9290000000037,1422.9290000000037,1.0140396384917583,1.38,0.9863,0.9849621693121693,0.03408513950102227,-4121.568080328588
Boreas-Dawn,343,84488.989,86171.079,Boreas,Dawn,1682.0899999999965,1682.0899999999965,1.0199089848264133,1.95,0.9809,0.9791679389312977,0.052929740107363066,-992.1216852668913
Boreas-Dawn,234,153472.216,157622.869,Boreas,Dawn,4150.65300000002,4150.65300000002,1.0270449799200139,2.63,0.9743,0.9791679389312977,0.052929740107363066,-992.1216852668913
Boreas-Fenix,411,139897.145,228013.258,Boreas,Fenix,88116.11300000001,88116.11300000001,1.6298635543991982,38.65,0.7213,0.8068014354066986,0.13514659878591953,61601.108196475456
Caelum-Dawn,219,211952.361,203133.093,Caelum,Dawn,-8819.268000000011,8819.268000000011,0.9583903290419113,4.34,1.0,0.9804744471744471,0.05446466415035868,-6484.057433327288
Aegis-Boreas,146,58936.0,60981.302,Aegis,Boreas,2045.3020000000033,2045.3020000000033,1.034703780371929,3.35,0.9675,0.9849621693121693,0.03408513950102227,-4121.568080328588
Elysium-Fenix,130,161579.589,169954.335,Elysium,Fenix,8374.745999999985,8374.745999999985,1.0518304697507306,4.93,0.953,0.9777570719602977,0.055399164086247815,4312.254361379141
Boreas-Dawn,486,87295.431,85855.369,Boreas,Dawn,-1440.0619999999908,1440.0619999999908,0.9835035810751654,1.68,1.0,0.9791679389312977,0.052929740107363066,-992.1216852668913
Aegis-Elysium,369,159835.661,232528.301,Aegis,Elysium,72692.64000000001,72692.64000000001,1.4547961296321728,31.26,0.7618,0.7958968831168831,0.13151929136319288,77214.95699135585
Boreas-Fenix,311,281397.54,440073.078,Boreas,Fenix,158675.538,158675.538,1.5638838846992054,36.06,0.735,0.8068014354066986,0.13514659878591953,61601.108196475456
Aegis-Dawn,159,212113.464,213201.58,Aegis,Dawn,1088.11599999998,1088.11599999998,1.0051298770925734,0.51,0.9949,0.9844383292383293,0.0367757216063089,-2180.4743005156975
Boreas-Dawn,294,71846.253,69473.813,Boreas,Dawn,-2372.4400000000023,2372.4400000000023,0.9669789320815381,3.41,1.0,0.9791679389312977,0.052929740107363066,-992.1216852668913
Boreas-Fenix,11,134143.944,140900.061,Boreas,Fenix,6756.116999999998,6756.116999999998,1.0503646813903131,4.79,0.9542,0.8068014354066986,0.13514659878591953,61601.108196475456
Caelum-Dawn,397,225432.153,233424.132,Caelum,Dawn,7991.979000000021,7991.979000000021,1.0354518150744896,3.42,0.9669,0.9804744471744471,0.05446466415035868,-6484.057433327288
Caelum-Fenix,282,114944.118,112784.989,Caelum,Fenix,-2159.129000000001,2159.129000000001,0.9812158374211023,1.91,1.0,0.9796862650602409,0.04873557984945812,1731.907948738127
Aegis-Elysium,147,180974.776,322497.483,Aegis,Elysium,141522.707,141522.707,1.782002388001298,43.88,0.695,0.7958968831168831,0.13151929136319288,77214.95699135585
Caelum-Dawn,272,155492.909,150464.311,Caelum,Dawn,-5028.598000000027,5028.598000000027,0.9676602744630624,3.34,1.0,0.9804744471744471,0.05446466415035868,-6484.057433327288
Aegis-Dawn,108,178370.942,171483.885,Aegis,Dawn,-6887.057000000001,6887.057000000001,0.961389131420296,4.02,1.0,0.9844383292383293,0.0367757216063089,-2180.4743005156975
Caelum-Elysium,82,174387.645,167401.769,Caelum,Elysium,-6985.875999999989,6985.875999999989,0.9599405336312673,4.17,1.0,0.9780398457583547,0.06003094589396874,1753.5802267796134
Boreas-Dawn,430,226418.606,224801.101,Boreas,Dawn,-1617.5050000000047,1617.5050000000047,0.9928561303835605,0.72,1.0,0.9791679389312977,0.052929740107363066,-992.1216852668913
Aegis-Boreas,197,74832.135,75594.579,Aegis,Boreas,762.4440000000031,762.4440000000031,1.0101887244029588,1.01,0.99,0.9849621693121693,0.03408513950102227,-4121.568080328588
Boreas-Fenix,431,80151.202,149976.447,Boreas,Fenix,69825.24499999998,69825.24499999998,1.8711690312517082,46.56,0.6823,0.8068014354066986,0.13514659878591953,61601.108196475456
Boreas-Elysium,327,173039.165,170848.381,Boreas,Elysium,-2190.784000000014,2190.784000000014,0.9873393748750463,1.28,1.0,0.9804581280788177,0.05527648369623914,-1839.5134922540726
Caelum-Fenix,389,193943.453,194257.928,Caelum,Fenix,314.4750000000058,314.4750000000058,1.00162147778198,0.16,0.9984,0.9796862650602409,0.04873557984945812,1731.907948738127
Aegis-Dawn,266,144721.421,139485.359,Aegis,Dawn,-5236.062000000005,5236.062000000005,0.9638197167784858,3.75,1.0,0.9844383292383293,0.0367757216063089,-2180.4743005156975
Caelum-Fenix,496,121201.869,120272.128,Caelum,Fenix,-929.7410000000091,929.7410000000091,0.9923289879300458,0.77,1.0,0.9796862650602409,0.04873557984945812,1731.907948738127
Caelum-Fenix,218,164061.212,165057.981,Caelum,Fenix,996.7690000000002,996.7690000000002,1.0060755920784006,0.6,0.994,0.9796862650602409,0.04873557984945812,1731.907948738127
Caelum-Dawn,255,111846.497,116498.897,Caelum,Dawn,4652.399999999994,4652.399999999994,1.041596296037774,3.99,0.9616,0.9804744471744471,0.05446466415035868,-6484.057433327288
Aegis-Boreas,202,59591.872,59950.707,Aegis,Boreas,358.8349999999991,358.8349999999991,1.0060215426694432,0.6,0.9941,0.9849621693121693,0.03408513950102227,-4121.568080328588
Caelum-Elysium,10,194459.65,193161.251,Caelum,Elysium,-1298.399000000005,1298.399000000005,0.9933230415667209,0.67,1.0,0.9780398457583547,0.06003094589396874,1753.5802267796134
Dawn-Elysium,431,146454.553,152286.475,Dawn,Elysium,5831.921999999991,5831.921999999991,1.039820694410231,3.83,0.9631,0.9839219696969698,0.04028966443660543,-3087.7173304880284
Elysium-Fenix,35,184929.724,184861.142,Elysium,Fenix,-68.58199999999488,68.58199999999488,0.9996291456099291,0.04,1.0,0.9777570719602977,0.055399164086247815,4312.254361379141
Boreas-Dawn,233,92052.511,96272.866,Boreas,Dawn,4220.354999999996,4220.354999999996,1.045847255595233,4.38,0.958,0.9791679389312977,0.052929740107363066,-992.1216852668913
Boreas-Fenix,277,98774.622,177014.413,Boreas,Fenix,78239.791,78239.791,1.7921041803632516,44.2,0.6935,0.8068014354066986,0.13514659878591953,61601.108196475456
Boreas-Dawn,207,124216.328,124483.159,Boreas,Dawn,266.8310000000056,266.8310000000056,1.0021481153427754,0.21,0.9979,0.9791679389312977,0.052929740107363066,-992.1216852668913
Dawn-Fenix,172,85539.627,87013.082,Dawn,Fenix,1473.4550000000017,1473.4550000000017,1.0172254082894236,1.69,0.9833,0.9823136476426799,0.04646098172906777,-362.5543768567232
Dawn-Fenix,249,131729.975,129954.454,Dawn,Fenix,-1775.521000000008,1775.521000000008,0.9865215111442934,1.37,1.0,0.9823136476426799,0.04646098172906777,-362.5543768567232
Elysium-Fenix,257,165799.953,173077.261,Elysium,Fenix,7277.30799999999,7277.30799999999,1.0438920992939003,4.2,0.9596,0.9777570719602977,0.055399164086247815,4312.254361379141
Caelum-Dawn,474,145222.051,147881.073,Caelum,Dawn,2659.021999999997,2659.021999999997,1.0183100430113055,1.8,0.9823,0.9804744471744471,0.05446466415035868,-6484.057433327288
Aegis-Dawn,354,133628.977,131605.456,Aegis,Dawn,-2023.521000000008,2023.521000000008,0.9848571691153484,1.54,1.0,0.9844383292383293,0.0367757216063089,-2180.4743005156975
Elysium-Fenix,185,175421.481,176086.795,Elysium,Fenix,665.314000000013,665.314000000013,1.0037926598054432,0.38,0.9962,0.9777570719602977,0.055399164086247815,4312.254361379141
Dawn-Elysium,237,122391.552,122488.704,Dawn,Elysium,97.15200000000186,97.15200000000186,1.0007937802765996,0.08,0.9992,0.9839219696969698,0.04028966443660543,-3087.7173304880284
Caelum-Fenix,97,130632.928,135677.733,Caelum,Fenix,5044.805000000008,5044.805000000008,1.0386181729004804,3.72,0.9642,0.9796862650602409,0.04873557984945812,1731.907948738127
Boreas-Elysium,160,113013.49,108272.853,Boreas,Elysium,-4740.637000000002,4740.637000000002,0.9580524678956468,4.38,1.0,0.9804581280788177,0.05527648369623914,-1839.5134922540726
Aegis-Dawn,198,137183.9,131906.305,Aegis,Dawn,-5277.595000000001,5277.595000000001,0.9615290496916912,4.0,1.0,0.9844383292383293,0.0367757216063089,-2180.4743005156975
Elysium-Fenix,436,335202.722,328848.825,Elysium,Fenix,-6353.896999999997,6353.896999999997,0.9810446139515537,1.93,1.0,0.9777570719602977,0.055399164086247815,4312.254361379141
Boreas-Fenix,499,279534.557,293193.092,Boreas,Fenix,13658.535000000033,13658.535000000033,1.0488617047802073,4.66,0.9555,0.8068014354066986,0.13514659878591953,61601.108196475456
Caelum-Elysium,196,136675.008,133921.014,Caelum,Elysium,-2753.994000000006,2753.994000000006,0.9798500542249831,2.06,1.0,0.9780398457583547,0.06003094589396874,1753.5802267796134
Boreas-Dawn,136,70348.278,68992.123,Boreas,Dawn,-1356.1549999999988,1356.1549999999988,0.9807222715529725,1.97,1.0,0.9791679389312977,0.052929740107363066,-992.1216852668913
Caelum-Dawn,457,132614.243,127842.726,Caelum,Dawn,-4771.516999999993,4771.516999999993,0.9640195736742999,3.73,1.0,0.9804744471744471,0.05446466415035868,-6484.057433327288
Caelum-Elysium,81,564906.289,571378.044,Caelum,Elysium,6471.755000000005,6471.755000000005,1.0114563337778666,1.13,0.9888,0.9780398457583547,0.06003094589396874,1753.5802267796134
Aegis-Elysium,291,344769.61,582039.343,Aegis,Elysium,237269.733,237269.733,1.6881979331066912,40.77,0.7104,0.7958968831168831,0.13151929136319288,77214.95699135585
Dawn-Elysium,159,103108.659,100891.061,Dawn,Elysium,-2217.597999999998,2217.597999999998,0.9784926113722417,2.2,1.0,0.9839219696969698,0.04028966443660543,-3087.7173304880284
Elysium-Fenix,116,241161.855,238996.905,Elysium,Fenix,-2164.9500000000116,2164.9500000000116,0.9910228340215744,0.91,1.0,0.9777570719602977,0.055399164086247815,4312.254361379141
Boreas-Dawn,353,144273.429,141198.557,Boreas,Dawn,-3074.872000000003,3074.872000000003,0.978687191249887,2.18,1.0,0.9791679389312977,0.052929740107363066,-992.1216852668913
Dawn-Fenix,232,91493.658,89036.577,Dawn,Fenix,-2457.080999999991,2457.080999999991,0.97314479436378,2.76,1.0,0.9823136476426799,0.04646098172906777,-362.5543768567232
Caelum-Elysium,263,189663.434,190339.911,Caelum,Elysium,676.4769999999844,676.4769999999844,1.0035667233569123,0.36,0.9965,0.9780398457583547,0.06003094589396874,1753.5802267796134
Caelum-Dawn,304,184795.691,186672.141,Caelum,Dawn,1876.4500000000116,1876.4500000000116,1.0101541869826391,1.01,0.99,0.9804744471744471,0.05446466415035868,-6484.057433327288
Elysium-Fenix,396,235858.626,227525.046,Elysium,Fenix,-8333.579999999987,8333.579999999987,0.9646670544074144,3.66,1.0,0.9777570719602977,0.055399164086247815,4312.254361379141
Elysium-Fenix,227,236791.011,236566.395,Elysium,Fenix,-224.61600000000908,224.61600000000908,0.999051416694192,0.09,1.0,0.9777570719602977,0.055399164086247815,4312.254361379141
Caelum-Elysium,243,144122.362,148712.345,Caelum,Elysium,4589.983000000007,4589.983000000007,1.0318478197019836,3.09,0.9701,0.9780398457583547,0.06003094589396874,1753.5802267796134
Caelum-Dawn,445,225481.693,219749.961,Caelum,Dawn,-5731.731999999989,5731.731999999989,0.9745800560402924,2.61,1.0,0.9804744471744471,0.05446466415035868,-6484.057433327288
Boreas-Dawn,498,88133.021,87673.332,Boreas,Dawn,-459.6889999999985,459.6889999999985,0.9947841456609096,0.52,1.0,0.9791679389312977,0.052929740107363066,-992.1216852668913
Aegis-Dawn,163,115003.167,117475.555,Aegis,Dawn,2472.3879999999917,2472.3879999999917,1.0214984340387774,2.1,0.9794,0.9844383292383293,0.0367757216063089,-2180.4743005156975
Dawn-Elysium,279,186136.503,181680.85,Dawn,Elysium,-4455.652999999991,4455.652999999991,0.9760624438077039,2.45,1.0,0.9839219696969698,0.04028966443660543,-3087.7173304880284
Dawn-Fenix,353,601779.849,582950.119,Dawn,Fenix,-18829.730000000098,18829.730000000098,0.9687099359819207,3.23,1.0,0.9823136476426799,0.04646098172906777,-362.5543768567232
Caelum-Elysium,248,132641.524,130865.639,Caelum,Elysium,-1775.8850000000093,1775.8850000000093,0.9866113947846377,1.36,1.0,0.9780398457583547,0.06003094589396874,1753.5802267796134
Caelum-Fenix,413,112280.686,116023.378,Caelum,Fenix,3742.6919999999955,3742.6919999999955,1.0333333553020865,3.23,0.9687,0.9796862650602409,0.04873557984945812,1731.907948738127
Dawn-Elysium,244,131724.835,133872.75,Dawn,Elysium,2147.915000000008,2147.915000000008,1.0163060747048953,1.6,0.9842,0.9839219696969698,0.04028966443660543,-3087.7173304880284
Elysium-Fenix,30,288530.651,293637.679,Elysium,Fenix,5107.027999999991,5107.027999999991,1.0177001229585136,1.74,0.9829,0.9777570719602977,0.055399164086247815,4312.254361379141
Elysium-Fenix,75,179520.266,174321.676,Elysium,Fenix,-5198.5899999999965,5198.5899999999965,0.9710417652790243,2.98,1.0,0.9777570719602977,0.055399164086247815,4312.254361379141
Aegis-Dawn,209,243489.74,253731.665,Aegis,Dawn,10241.925000000017,10241.925000000017,1.042063065983807,4.04,0.9612,0.9844383292383293,0.0367757216063089,-2180.4743005156975
Aegis-Elysium,282,239951.165,364419.2,Aegis,Elysium,124468.035,124468.035,1.5187223616938887,34.16,0.7454,0.7958968831168831,0.13151929136319288,77214.95699135585
Dawn-Fenix,68,74117.5,75853.509,Dawn,Fenix,1736.0090000000055,1736.0090000000055,1.02342239012379,2.29,0.9776,0.9823136476426799,0.04646098172906777,-362.5543768567232
Boreas-Fenix,175,186740.741,182415.252,Boreas,Fenix,-4325.489000000001,4325.489000000001,0.9768369292269221,2.37,1.0,0.8068014354066986,0.13514659878591953,61601.108196475456
Caelum-Fenix,29,170535.278,170036.449,Caelum,Fenix,-498.8289999999979,498.8289999999979,0.9970749219407846,0.29,1.0,0.9796862650602409,0.04873557984945812,1731.907948738127
Aegis-Elysium,306,154995.228,219373.597,Aegis,Elysium,64378.369000000006,64378.369000000006,1.4153571037683819,29.35,0.7731,0.7958968831168831,0.13151929136319288,77214.95699135585
Dawn-Fenix,496,44210.338,107304.803,Dawn,Fenix,63094.465,63094.465,2.427142787282015,58.8,0.6297,0.9823136476426799,0.04646098172906777,-362.5543768567232
Elysium-Fenix,4,389340.236,386838.577,Elysium,Fenix,-2501.658999999985,2501.658999999985,0.9935746199116189,0.65,1.0,0.9777570719602977,0.055399164086247815,4312.254361379141
Boreas-Elysium,237,103039.194,104313.415,Boreas,Elysium,1274.2209999999905,1274.2209999999905,1.0123663719652154,1.22,0.9879,0.9804581280788177,0.05527648369623914,-1839.5134922540726
Caelum-Dawn,302,159974.406,164072.232,Caelum,Dawn,4097.826000000001,4097.826000000001,1.0256155100210218,2.5,0.9756,0.9804744471744471,0.05446466415035868,-6484.057433327288
Elysium-Fenix,92,204659.242,197550.306,Elysium,Fenix,-7108.935999999987,7108.935999999987,0.96526452492187,3.6,1.0,0.9777570719602977,0.055399164086247815,4312.254361379141
Boreas-Elysium,38,133595.59,129648.742,Boreas,Elysium,-3946.847999999998,3946.847999999998,0.9704567493582685,3.04,1.0,0.9804581280788177,0.05527648369623914,-1839.5134922540726
Boreas-Dawn,29,69314.229,71487.99,Boreas,Dawn,2173.7609999999986,2173.7609999999986,1.031360963417771,3.04,0.9705,0.9791679389312977,0.052929740107363066,-992.1216852668913
Boreas-Dawn,163,73074.462,74374.34,Boreas,Dawn,1299.877999999997,1299.877999999997,1.0177884032864997,1.75,0.9828,0.9791679389312977,0.052929740107363066,-992.1216852668913
Dawn-Fenix,450,246585.611,235992.541,Dawn,Fenix,-10593.070000000007,10593.070000000007,0.9570410051217465,4.49,1.0,0.9823136476426799,0.04646098172906777,-362.5543768567232
Elysium-Fenix,421,465669.11,453716.663,Elysium,Fenix,-11952.446999999986,11952.446999999986,0.9743327467007635,2.63,1.0,0.9777570719602977,0.055399164086247815,4312.254361379141
Elysium-Fenix,443,240138.227,246477.78,Elysium,Fenix,6339.552999999985,6339.552999999985,1.0263995994273747,2.57,0.9749,0.9777570719602977,0.055399164086247815,4312.254361379141
Caelum-Elysium,127,178292.972,174064.302,Caelum,Elysium,-4228.670000000013,4228.670000000013,0.9762824638988012,2.43,1.0,0.9780398457583547,0.06003094589396874,1753.5802267796134
Elysium-Fenix,239,274778.369,274789.217,Elysium,Fenix,10.847999999998137,10.847999999998137,1.0000394790901463,0.0,1.0,0.9777570719602977,0.055399164086247815,4312.254361379141
Dawn-Fenix,147,99286.098,95811.951,Dawn,Fenix,-3474.146999999997,3474.146999999997,0.9650087265993674,3.63,1.0,0.9823136476426799,0.04646098172906777,-362.5543768567232
Dawn-Elysium,391,228924.47,221727.385,Dawn,Elysium,-7197.084999999992,7197.084999999992,0.9685613119471239,3.25,1.0,0.9839219696969698,0.04028966443660543,-3087.7173304880284
Boreas-Fenix,193,59818.936,137812.909,Boreas,Fenix,77993.97300000001,77993.97300000001,2.303834173847559,56.59,0.6386,0.8068014354066986,0.13514659878591953,61601.108196475456
Caelum-Dawn,60,142591.843,143488.974,Caelum,Dawn,897.130999999994,897.130999999994,1.0062916011261598,0.63,0.9938,0.9804744471744471,0.05446466415035868,-6484.057433327288
Boreas-Dawn,97,66411.731,68908.567,Boreas,Dawn,2496.8359999999957,2496.8359999999957,1.0375963096037957,3.62,0.965,0.9791679389312977,0.052929740107363066,-992.1216852668913
Boreas-Fenix,229,68381.626,177826.015,Boreas,Fenix,109444.38900000001,109444.38900000001,2.6004941005643825,61.55,0.619,0.8068014354066986,0.13514659878591953,61601.108196475456
Boreas-Fenix,125,110630.769,170530.005,Boreas,Fenix,59899.236000000004,59899.236000000004,1.541433785025936,35.13,0.7401,0.8068014354066986,0.13514659878591953,61601.108196475456
Caelum-Dawn,157,107437.455,112179.65,Caelum,Dawn,4742.194999999992,4742.194999999992,1.0441391226178989,4.23,0.9594,0.9804744471744471,0.05446466415035868,-6484.057433327288
Caelum-Dawn,314,171578.119,179526.262,Caelum,Dawn,7948.142999999982,7948.142999999982,1.0463237564692034,4.43,0.9576,0.9804744471744471,0.05446466415035868,-6484.057433327288
Boreas-Dawn,222,138331.223,140597.488,Boreas,Dawn,2266.265000000014,2266.265000000014,1.0163828884820891,1.61,0.9841,0.9791679389312977,0.052929740107363066,-992.1216852668913
Dawn-Fenix,279,83592.467,84368.064,Dawn,Fenix,775.5969999999943,775.5969999999943,1.0092783121235074,0.92,0.9909,0.9823136476426799,0.04646098172906777,-362.5543768567232
Aegis-Elysium,59,98777.927,170664.831,Aegis,Elysium,71886.90400000001,71886.90400000001,1.7277628330871937,42.12,0.7036,0.7958968831168831,0.13151929136319288,77214.95699135585
Dawn-Elysium,136,109333.686,109464.817,Dawn,Elysium,131.13099999999395,131.13099999999395,1.0011993650337554,0.12,0.9988,0.9839219696969698,0.04028966443660543,-3087.7173304880284
Caelum-Dawn,242,155806.202,150202.697,Caelum,Dawn,-5603.505000000005,5603.505000000005,0.9640354175374867,3.73,1.0,0.9804744471744471,0.05446466415035868,-6484.057433327288
Boreas-Dawn,178,544014.303,539273.868,Boreas,Dawn,-4740.4349999999395,4740.4349999999395,0.9912861941793469,0.88,1.0,0.9791679389312977,0.052929740107363066,-992.1216852668913
Boreas-Dawn,257,181051.24749094708,109188.679,Boreas,Dawn,-71862.56849094707,71862.56849094707,0.6030816164658553,65.82,1.0,0.9791679389312977,0.052929740107363066,-992.1216852668913
Caelum-Fenix,191,119412.797,119828.322,Caelum,Fenix,415.5249999999942,415.5249999999942,1.003479735928135,0.35,0.9965,0.9796862650602409,0.04873557984945812,1731.907948738127
Dawn-Fenix,116,81375.741,78854.736,Dawn,Fenix,-2521.00499999999,2521.00499999999,0.9690201899359664,3.2,1.0,0.9823136476426799,0.04646098172906777,-362.5543768567232
Aegis-Dawn,63,217263.864,208813.062,Aegis,Dawn,-8450.801999999996,8450.801999999996,0.9611035086810387,4.05,1.0,0.9844383292383293,0.0367757216063089,-2180.4743005156975
Boreas-Fenix,290,109001.234,147981.287,Boreas,Fenix,38980.053000000014,38980.053000000014,1.3576111165860747,26.34,0.7915,0.8068014354066986,0.13514659878591953,61601.108196475456
Aegis-Dawn,363,161488.877,153877.413,Aegis,Dawn,-7611.464000000007,7611.464000000007,0.9528669457525548,4.95,1.0,0.9844383292383293,0.0367757216063089,-2180.4743005156975
Aegis-Elysium,484,79999.528,156458.261,Aegis,Elysium,76458.733,76458.733,1.955739801364828,48.87,0.6717,0.7958968831168831,0.13151929136319288,77214.95699135585
Dawn-Fenix,134,108702.823,104863.36,Dawn,Fenix,-3839.4630000000034,3839.4630000000034,0.964679270565034,3.66,1.0,0.9823136476426799,0.04646098172906777,-362.5543768567232
Aegis-Boreas,206,136198.744,134704.445,Aegis,Boreas,-1494.298999999999,1494.298999999999,0.9890285405275103,1.11,1.0,0.9849621693121693,0.03408513950102227,-4121.568080328588
Caelum-Fenix,488,140103.455,137118.95,Caelum,Fenix,-2984.5049999999756,2984.5049999999756,0.9786978486718977,2.18,1.0,0.9796862650602409,0.04873557984945812,1731.907948738127
Aegis-Dawn,370,125988.753,123360.524,Aegis,Dawn,-2628.228999999992,2628.228999999992,0.9791391776057979,2.13,1.0,0.9844383292383293,0.0367757216063089,-2180.4743005156975
Caelum-Fenix,493,264284.072,268738.084,Caelum,Fenix,4454.011999999988,4454.011999999988,1.0168531231045963,1.66,0.9837,0.9796862650602409,0.04873557984945812,1731.907948738127
Aegis-Dawn,2,166449.481,161744.447,Aegis,Dawn,-4705.034000000014,4705.034000000014,0.9717329608255131,2.91,1.0,0.9844383292383293,0.0367757216063089,-2180.4743005156975
Aegis-Elysium,28,110117.253,163968.992,Aegis,Elysium,53851.739,53851.739,1.4890399781403918,32.84,0.7528,0.7958968831168831,0.13151929136319288,77214.95699135585
Caelum-Elysium,340,145105.242,143534.806,Caelum,Elysium,-1570.435999999987,1570.435999999987,0.9891772621143488,1.09,1.0,0.9780398457583547,0.06003094589396874,1753.5802267796134
Boreas-Fenix,190,89608.633,133582.643,Boreas,Fenix,43974.01000000001,43974.01000000001,1.4907340791595383,32.92,0.7523,0.8068014354066986,0.13514659878591953,61601.108196475456
Elysium-Fenix,81,181051.24749094708,160405.238,Elysium,Fenix,-20646.009490947064,20646.009490947064,0.885965936291163,12.87,1.0,0.9777570719602977,0.055399164086247815,4312.254361379141
Dawn-Fenix,56,75049.526,75301.526,Dawn,Fenix,252.0,252.0,1.0033577826993871,0.33,0.9967,0.9823136476426799,0.04646098172906777,-362.5543768567232
Boreas-Dawn,70,150969.74,148405.771,Boreas,Dawn,-2563.9689999999828,2563.9689999999828,0.9830166694332256,1.73,1.0,0.9791679389312977,0.052929740107363066,-992.1216852668913
Boreas-Fenix,273,80955.473,140057.505,Boreas,Fenix,59102.03200000001,59102.03200000001,1.7300560395712838,42.2,0.7032,0.8068014354066986,0.13514659878591953,61601.108196475456
Boreas-Fenix,231,80029.967,181513.55,Boreas,Fenix,101483.58299999998,101483.58299999998,2.268069784409632,55.91,0.6414,0.8068014354066986,0.13514659878591953,61601.108196475456
Aegis-Dawn,304,122362.637,117217.132,Aegis,Dawn,-5145.505000000005,5145.505000000005,0.9579487241681461,4.39,1.0,0.9844383292383293,0.0367757216063089,-2180.4743005156975
Elysium-Fenix,347,429885.801,451118.967,Elysium,Fenix,21233.166000000027,21233.166000000027,1.0493925734476632,4.71,0.955,0.9777570719602977,0.055399164086247815,4312.254361379141
Caelum-Elysium,145,192503.807,198477.295,Caelum,Elysium,5973.488000000012,5973.488000000012,1.031030492815137,3.01,0.9708,0.9780398457583547,0.06003094589396874,1753.5802267796134
Boreas-Elysium,454,153212.379,160235.836,Boreas,Elysium,7023.457000000024,7023.457000000024,1.0458413154722963,4.38,0.958,0.9804581280788177,0.05527648369623914,-1839.5134922540726
Dawn-Elysium,98,201080.614,210019.574,Dawn,Elysium,8938.959999999992,8938.959999999992,1.0444546086377078,4.26,0.9592,0.9839219696969698,0.04028966443660543,-3087.7173304880284
Caelum-Dawn,104,121025.599,123590.515,Caelum,Dawn,2564.9159999999974,2564.9159999999974,1.021193169223645,2.08,0.9797,0.9804744471744471,0.05446466415035868,-6484.057433327288
Dawn-Elysium,375,131535.359,127119.148,Dawn,Elysium,-4416.210999999996,4416.210999999996,0.9664256741793665,3.47,1.0,0.9839219696969698,0.04028966443660543,-3087.7173304880284
Aegis-Boreas,200,67282.71,67140.346,Aegis,Boreas,-142.3640000000014,142.3640000000014,0.9978840923619159,0.21,1.0,0.9849621693121693,0.03408513950102227,-4121.568080328588
Caelum-Dawn,99,165455.598,164034.178,Caelum,Dawn,-1421.4199999999837,1421.4199999999837,0.9914090546516293,0.87,1.0,0.9804744471744471,0.05446466415035868,-6484.057433327288
Boreas-Elysium,278,101500.347,98211.701,Boreas,Elysium,-3288.6459999999934,3288.6459999999934,0.9675996575657028,3.35,1.0,0.9804581280788177,0.05527648369623914,-1839.5134922540726
Caelum-Elysium,61,134222.213,133959.629,Caelum,Elysium,-262.58400000000256,262.58400000000256,0.9980436621172384,0.2,1.0,0.9780398457583547,0.06003094589396874,1753.5802267796134
Caelum-Fenix,474,283148.043,286913.994,Caelum,Fenix,3765.951000000001,3765.951000000001,1.0133002897003953,1.31,0.987,0.9796862650602409,0.04873557984945812,1731.907948738127
Dawn-Elysium,14,138220.385,137392.832,Dawn,Elysium,-827.5530000000144,827.5530000000144,0.99401280064442,0.6,1.0,0.9839219696969698,0.04028966443660543,-3087.7173304880284
Elysium-Fenix,294,229991.128,224608.22,Elysium,Fenix,-5382.907999999996,5382.907999999996,0.9765951493572396,2.4,1.0,0.9777570719602977,0.055399164086247815,4312.254361379141
Aegis-Boreas,391,89072.264,92654.595,Aegis,Boreas,3582.3310000000056,3582.3310000000056,1.0402182546971075,3.87,0.9628,0.9849621693121693,0.03408513950102227,-4121.568080328588
Elysium-Fenix,118,174325.032,168139.277,Elysium,Fenix,-6185.755000000005,6185.755000000005,0.9645159680796731,3.68,1.0,0.9777570719602977,0.055399164086247815,4312.254361379141
Dawn-Fenix,258,107173.149,102720.269,Dawn,Fenix,-4452.880000000005,4452.880000000005,0.9584515334153333,4.33,1.0,0.9823136476426799,0.04646098172906777,-362.5543768567232
Aegis-Elysium,495,336506.284,330454.583,Aegis,Elysium,-6051.701000000001,6051.701000000001,0.9820160832419997,1.83,1.0,0.7958968831168831,0.13151929136319288,77214.95699135585
Boreas-Fenix,195,113572.802,196015.884,Boreas,Fenix,82443.082,82443.082,1.725905151129405,42.06,0.7039,0.8068014354066986,0.13514659878591953,61601.108196475456
Boreas-Elysium,27,178533.785,176216.065,Boreas,Elysium,-2317.720000000001,2317.720000000001,0.9870180313490805,1.32,1.0,0.9804581280788177,0.05527648369623914,-1839.5134922540726
Dawn-Fenix,248,194566.189,75125.605,Dawn,Fenix,-119440.58400000002,119440.58400000002,0.38611849975639906,158.99,1.0,0.9823136476426799,0.04646098172906777,-362.5543768567232
Dawn-Fenix,463,258189.921,260109.863,Dawn,Fenix,1919.94200000001,1919.94200000001,1.0074361616927718,0.74,0.9927,0.9823136476426799,0.04646098172906777,-362.5543768567232
Boreas-Fenix,68,65470.095,145848.797,Boreas,Fenix,80378.70199999999,80378.70199999999,2.2277162878715844,55.11,0.6447,0.8068014354066986,0.13514659878591953,61601.108196475456
Aegis-Boreas,64,173970.315,173014.777,Aegis,Boreas,-955.5380000000005,955.5380000000005,0.994507465253483,0.55,1.0,0.9849621693121693,0.03408513950102227,-4121.568080328588
Caelum-Elysium,384,141658.198,137495.331,Caelum,Elysium,-4162.866999999998,4162.866999999998,0.970613299768221,3.03,1.0,0.9780398457583547,0.06003094589396874,1753.5802267796134
Boreas-Elysium,62,116143.359,111856.902,Boreas,Elysium,-4286.456999999995,4286.456999999995,0.9630933956370248,3.83,1.0,0.9804581280788177,0.05527648369623914,-1839.5134922540726
Dawn-Fenix,276,76958.763,76327.62,Dawn,Fenix,-631.1430000000109,631.1430000000109,0.9917989456249445,0.83,1.0,0.9823136476426799,0.04646098172906777,-362.5543768567232
Aegis-Boreas,492,101612.714,97074.129,Aegis,Boreas,-4538.585000000006,4538.585000000006,0.955334477140331,4.68,1.0,0.9849621693121693,0.03408513950102227,-4121.568080328588
Aegis-Boreas,379,62299.563,65326.682,Aegis,Boreas,3027.118999999999,3027.118999999999,1.0485897308782086,4.63,0.9557,0.9849621693121693,0.03408513950102227,-4121.568080328588
Dawn-Elysium,359,271492.452,265179.79,Dawn,Elysium,-6312.662000000011,6312.662000000011,0.9767482964867104,2.38,1.0,0.9839219696969698,0.04028966443660543,-3087.7173304880284
Caelum-Elysium,493,1305292.871,1302540.998,Caelum,Elysium,-2751.873000000138,2751.873000000138,0.9978917581937823,0.21,1.0,0.9780398457583547,0.06003094589396874,1753.5802267796134
Dawn-Elysium,387,110609.819,116190.767,Dawn,Elysium,5580.948000000004,5580.948000000004,1.050456171526689,4.8,0.9542,0.9839219696969698,0.04028966443660543,-3087.7173304880284
Aegis-Elysium,76,137816.208,293291.043,Aegis,Elysium,155474.835,155474.835,2.128131714377165,53.01,0.6536,0.7958968831168831,0.13151929136319288,77214.95699135585
Aegis-Dawn,378,151730.291,155219.514,Aegis,Dawn,3489.222999999998,3489.222999999998,1.0229962189949269,2.25,0.978,0.9844383292383293,0.0367757216063089,-2180.4743005156975
Aegis-Boreas,337,71452.041,69836.86,Aegis,Boreas,-1615.1809999999969,1615.1809999999969,0.9773948934502795,2.31,1.0,0.9849621693121693,0.03408513950102227,-4121.568080328588
Aegis-Elysium,16,445937.695,829302.975,Aegis,Elysium,383365.27999999997,383365.27999999997,1.8596835035441441,46.23,0.6839,0.7958968831168831,0.13151929136319288,77214.95699135585
Aegis-Elysium,275,375812.815,375559.65,Aegis,Elysium,-253.16499999997905,253.16499999997905,0.9993263534666853,0.07,1.0,0.7958968831168831,0.13151929136319288,77214.95699135585
Caelum-Elysium,298,230062.94,234906.834,Caelum,Elysium,4843.894,4843.894,1.0210546470457171,2.06,0.9798,0.9780398457583547,0.06003094589396874,1753.5802267796134
Dawn-Elysium,51,105192.845,101670.383,Dawn,Elysium,-3522.4619999999995,3522.4619999999995,0.9665142434354732,3.46,1.0,0.9839219696969698,0.04028966443660543,-3087.7173304880284
Caelum-Dawn,342,168011.165,162856.442,Caelum,Dawn,-5154.722999999998,5154.722999999998,0.9693191639972261,3.17,1.0,0.9804744471744471,0.05446466415035868,-6484.057433327288
Dawn-Elysium,411,96672.024,100784.049,Dawn,Elysium,4112.024999999994,4112.024999999994,1.0425358322900118,4.08,0.9608,0.9839219696969698,0.04028966443660543,-3087.7173304880284
Aegis-Dawn,495,293752.641,280326.494,Aegis,Dawn,-13426.146999999997,13426.146999999997,0.9542943785822848,4.79,1.0,0.9844383292383293,0.0367757216063089,-2180.4743005156975
Boreas-Dawn,481,75704.366,72905.369,Boreas,Dawn,-2798.9969999999885,2798.9969999999885,0.9630272711087761,3.84,1.0,0.9791679389312977,0.052929740107363066,-992.1216852668913
Caelum-Fenix,297,205799.802,213329.124,Caelum,Fenix,7529.322000000015,7529.322000000015,1.0365856620211908,3.53,0.9659,0.9796862650602409,0.04873557984945812,1731.907948738127
Aegis-Boreas,161,113982.27,108672.995,Aegis,Boreas,-5309.275000000009,5309.275000000009,0.9534201678910237,4.89,1.0,0.9849621693121693,0.03408513950102227,-4121.568080328588
Elysium-Fenix,175,168266.252,167814.005,Elysium,Fenix,-452.247000000003,452.247000000003,0.9973123131072058,0.27,1.0,0.9777570719602977,0.055399164086247815,4312.254361379141
Dawn-Elysium,298,241067.463,242095.576,Dawn,Elysium,1028.113000000012,1028.113000000012,1.0042648351926282,0.42,0.9958,0.9839219696969698,0.04028966443660543,-3087.7173304880284
Boreas-Dawn,0,95617.999,96009.359,Boreas,Dawn,391.3600000000006,391.3600000000006,1.004092953252452,0.41,0.9959,0.9791679389312977,0.052929740107363066,-992.1216852668913
Caelum-Elysium,343,313071.798,301623.344,Caelum,Elysium,-11448.454000000027,11448.454000000027,0.9634318578896716,3.8,1.0,0.9780398457583547,0.06003094589396874,1753.5802267796134
Dawn-Fenix,225,72736.279,74076.431,Dawn,Fenix,1340.1520000000019,1340.1520000000019,1.018424808340828,1.81,0.9822,0.9823136476426799,0.04646098172906777,-362.5543768567232
Boreas-Fenix,113,566968.079,943803.024,Boreas,Fenix,376834.94499999995,376834.94499999995,1.6646493144105208,39.93,0.7147,0.8068014354066986,0.13514659878591953,61601.108196475456
Caelum-Dawn,461,120008.654,117884.674,Caelum,Dawn,-2123.979999999996,2123.979999999996,0.9823014430276004,1.8,1.0,0.9804744471744471,0.05446466415035868,-6484.057433327288
Aegis-Elysium,21,128027.08,219032.495,Aegis,Elysium,91005.415,91005.415,1.7108294198383653,41.55,0.7065,0.7958968831168831,0.13151929136319288,77214.95699135585
Caelum-Dawn,73,46166.011,118312.39,Caelum,Dawn,72146.379,72146.379,2.562759645835548,60.98,0.6212,0.9804744471744471,0.05446466415035868,-6484.057433327288
Caelum-Elysium,443,148954.512,155486.875,Caelum,Elysium,6532.363000000012,6532.363000000012,1.0438547507711617,4.2,0.9597,0.9780398457583547,0.06003094589396874,1753.5802267796134
Boreas-Dawn,85,88910.391,89667.759,Boreas,Dawn,757.3680000000022,757.3680000000022,1.0085183294267597,0.84,0.9916,0.9791679389312977,0.052929740107363066,-992.1216852668913
Boreas-Dawn,455,181051.24749094708,70354.801,Boreas,Dawn,-110696.44649094707,110696.44649094707,0.3885905343100046,157.34,1.0,0.9791679389312977,0.052929740107363066,-992.1216852668913
Caelum-Dawn,152,125724.702,132027.666,Caelum,Dawn,6302.963999999993,6302.963999999993,1.0501330597705452,4.77,0.9544,0.9804744471744471,0.05446466415035868,-6484.057433327288
Aegis-Boreas,34,64339.427,64211.722,Aegis,Boreas,-127.70500000000175,127.70500000000175,0.9980151361932397,0.2,1.0,0.9849621693121693,0.03408513950102227,-4121.568080328588
Caelum-Fenix,14,168917.116,172936.361,Caelum,Fenix,4019.2449999999953,4019.2449999999953,1.023794184361992,2.32,0.9773,0.9796862650602409,0.04873557984945812,1731.907948738127
Aegis-Dawn,275,160422.402,153026.242,Aegis,Dawn,-7396.1600000000035,7396.1600000000035,0.9538957158863636,4.83,1.0,0.9844383292383293,0.0367757216063089,-2180.4743005156975
Boreas-Fenix,56,236504.018,373994.281,Boreas,Fenix,137490.263,137490.263,1.5813443008820256,36.76,0.7312,0.8068014354066986,0.13514659878591953,61601.108196475456
Aegis-Elysium,478,191057.471,278058.002,Aegis,Elysium,87000.53099999999,87000.53099999999,1.4553631456788203,31.29,0.7617,0.7958968831168831,0.13151929136319288,77214.95699135585
Dawn-Fenix,486,134967.243,141809.667,Dawn,Fenix,6842.423999999999,6842.423999999999,1.0506969235490717,4.83,0.954,0.9823136476426799,0.04646098172906777,-362.5543768567232
Aegis-Elysium,363,361070.121,528945.685,Aegis,Elysium,167875.56400000007,167875.56400000007,1.4649389529520225,31.74,0.7591,0.7958968831168831,0.13151929136319288,77214.95699135585
Boreas-Fenix,112,143800.644,140423.333,Boreas,Fenix,-3377.310999999987,3377.310999999987,0.9765139368916874,2.41,1.0,0.8068014354066986,0.13514659878591953,61601.108196475456
Boreas-Fenix,324,264165.497,264883.05,Boreas,Fenix,717.5530000000144,717.5530000000144,1.0027163009861202,0.27,0.9973,0.8068014354066986,0.13514659878591953,61601.108196475456
Boreas-Elysium,41,116991.282,121012.348,Boreas,Elysium,4021.0659999999916,4021.0659999999916,1.0343706465239006,3.32,0.9678,0.9804581280788177,0.05527648369623914,-1839.5134922540726
Aegis-Boreas,241,181051.24749094708,66554.783,Aegis,Boreas,-114496.46449094708,114496.46449094708,0.36760190234716755,172.03,1.0,0.9849621693121693,0.03408513950102227,-4121.568080328588
Boreas-Elysium,61,160005.375,164786.177,Boreas,Elysium,4780.801999999996,4780.801999999996,1.0298790087520497,2.9,0.9718,0.9804581280788177,0.05527648369623914,-1839.5134922540726
Boreas-Elysium,363,103031.129,99245.658,Boreas,Elysium,-3785.471000000005,3785.471000000005,0.9632589583678152,3.81,1.0,0.9804581280788177,0.05527648369623914,-1839.5134922540726
Aegis-Dawn,100,158194.497,155970.212,Aegis,Dawn,-2224.2850000000035,2224.2850000000035,0.9859395551540582,1.43,1.0,0.9844383292383293,0.0367757216063089,-2180.4743005156975
Boreas-Elysium,435,177069.675,172039.995,Boreas,Elysium,-5029.679999999993,5029.679999999993,0.9715949103086116,2.92,1.0,0.9804581280788177,0.05527648369623914,-1839.5134922540726
Dawn-Fenix,393,83662.943,83492.831,Dawn,Fenix,-170.1119999999937,170.1119999999937,0.997966698350547,0.2,1.0,0.9823136476426799,0.04646098172906777,-362.5543768567232
Boreas-Fenix,388,133295.791,136144.821,Boreas,Fenix,2849.029999999999,2849.029999999999,1.0213737431514247,2.09,0.9795,0.8068014354066986,0.13514659878591953,61601.108196475456
Aegis-Dawn,146,214576.088,221266.084,Aegis,Dawn,6689.996000000014,6689.996000000014,1.0311777330939131,3.02,0.9707,0.9844383292383293,0.0367757216063089,-2180.4743005156975
Caelum-Elysium,390,132064.366,130012.652,Caelum,Elysium,-2051.714000000007,2051.714000000007,0.9844642876640924,1.58,1.0,0.9780398457583547,0.06003094589396874,1753.5802267796134
Caelum-Elysium,56,134412.498,128353.843,Caelum,Elysium,-6058.654999999999,6058.654999999999,0.9549249133067969,4.72,1.0,0.9780398457583547,0.06003094589396874,1753.5802267796134
Caelum-Dawn,202,238836.78,231332.298,Caelum,Dawn,-7504.481999999989,7504.481999999989,0.968579035440019,3.24,1.0,0.9804744471744471,0.05446466415035868,-6484.057433327288
Boreas-Dawn,28,90512.38,88022.629,Boreas,Dawn,-2489.751000000004,2489.751000000004,0.9724927021032923,2.83,1.0,0.9791679389312977,0.052929740107363066,-992.1216852668913
Aegis-Elysium,267,170802.635,338380.938,Aegis,Elysium,167578.303,167578.303,1.9811224692171758,49.52,0.6688,0.7958968831168831,0.13151929136319288,77214.95699135585
Boreas-Dawn,399,80676.343,77373.369,Boreas,Dawn,-3302.9739999999874,3302.9739999999874,0.9590589523870711,4.27,1.0,0.9791679389312977,0.052929740107363066,-992.1216852668913
Dawn-Elysium,158,138746.535,133953.137,Dawn,Elysium,-4793.398000000016,4793.398000000016,0.9654521246242292,3.58,1.0,0.9839219696969698,0.04028966443660543,-3087.7173304880284
Caelum-Dawn,5,173476.244,173262.912,Caelum,Dawn,-213.33199999999488,213.33199999999488,0.9987702523695406,0.12,1.0,0.9804744471744471,0.05446466415035868,-6484.057433327288
Boreas-Fenix,234,178665.374,304987.613,Boreas,Fenix,126322.239,126322.239,1.707032572522978,41.42,0.7071,0.8068014354066986,0.13514659878591953,61601.108196475456
Aegis-Boreas,189,79017.584,81886.849,Aegis,Boreas,2869.2649999999994,2869.2649999999994,1.0363117277794776,3.5,0.9661,0.9849621693121693,0.03408513950102227,-4121.568080328588
Boreas-Dawn,306,72533.377,74438.465,Boreas,Dawn,1905.0880000000034,1905.0880000000034,1.0262649841879001,2.56,0.975,0.9791679389312977,0.052929740107363066,-992.1216852668913
Aegis-Dawn,475,269955.619,259099.209,Aegis,Dawn,-10856.410000000003,10856.410000000003,0.9597844636825285,4.19,1.0,0.9844383292383293,0.0367757216063089,-2180.4743005156975
Boreas-Fenix,247,181408.793,246185.255,Boreas,Fenix,64776.462,64776.462,1.357074543790168,26.31,0.7917,0.8068014354066986,0.13514659878591953,61601.108196475456
Boreas-Elysium,47,104852.956,108663.389,Boreas,Elysium,3810.43299999999,3810.43299999999,1.0363407303462193,3.51,0.9661,0.9804581280788177,0.05527648369623914,-1839.5134922540726
Boreas-Fenix,58,82472.653,135834.969,Boreas,Fenix,53362.316000000006,53362.316000000006,1.6470304283772708,39.28,0.718,0.8068014354066986,0.13514659878591953,61601.108196475456
Aegis-Elysium,82,100955.134,185803.242,Aegis,Elysium,84848.108,84848.108,1.8404536217048653,45.67,0.6865,0.7958968831168831,0.13151929136319288,77214.95699135585
Aegis-Boreas,474,60362.645,60402.058,Aegis,Boreas,39.413000000000466,39.413000000000466,1.0006529369281283,0.07,0.9993,0.9849621693121693,0.03408513950102227,-4121.568080328588
Boreas-Fenix,404,70891.324,138139.585,Boreas,Fenix,67248.261,67248.261,1.9486105944360697,48.68,0.6726,0.8068014354066986,0.13514659878591953,61601.108196475456
Dawn-Elysium,343,126228.724,121363.24,Dawn,Elysium,-4865.483999999997,4865.483999999997,0.9614550171639222,4.01,1.0,0.9839219696969698,0.04028966443660543,-3087.7173304880284
Caelum-Fenix,117,119742.581,124633.332,Caelum,Fenix,4890.750999999989,4890.750999999989,1.0408438749119662,3.92,0.9622,0.9796862650602409,0.04873557984945812,1731.907948738127
Caelum-Dawn,385,181051.24749094708,123514.197,Caelum,Dawn,-57537.05049094708,57537.05049094708,0.6822057219250918,46.58,1.0,0.9804744471744471,0.05446466415035868,-6484.057433327288
Dawn-Elysium,55,116818.381,119782.678,Dawn,Elysium,2964.297000000006,2964.297000000006,1.0253752617920635,2.47,0.9759,0.9839219696969698,0.04028966443660543,-3087.7173304880284
Aegis-Elysium,184,120929.561,218081.045,Aegis,Elysium,97151.48400000001,97151.48400000001,1.8033725021130276,44.55,0.6918,0.7958968831168831,0.13151929136319288,77214.95699135585
Dawn-Fenix,51,147671.166,141039.672,Dawn,Fenix,-6631.494000000006,6631.494000000006,0.9550928310541003,4.7,1.0,0.9823136476426799,0.04646098172906777,-362.5543768567232
Dawn-Fenix,311,109261.96,110357.38,Dawn,Fenix,1095.4199999999983,1095.4199999999983,1.0100256301461186,0.99,0.9902,0.9823136476426799,0.04646098172906777,-362.5543768567232
Boreas-Elysium,433,181051.24749094708,185701.903,Boreas,Elysium,4650.655509052915,4650.655509052915,1.0256869564474305,2.5,0.9756,0.9804581280788177,0.05527648369623914,-1839.5134922540726
Elysium-Fenix,111,184244.863,178213.815,Elysium,Fenix,-6031.04800000001,6031.04800000001,0.967266126708781,3.38,1.0,0.9777570719602977,0.055399164086247815,4312.254361379141
Boreas-Elysium,391,128575.534,134745.87,Boreas,Elysium,6170.335999999996,6170.335999999996,1.0479899698491628,4.58,0.9562,0.9804581280788177,0.05527648369623914,-1839.5134922540726
Aegis-Dawn,269,119439.028,121229.216,Aegis,Dawn,1790.1879999999946,1790.1879999999946,1.0149883001392142,1.48,0.9854,0.9844383292383293,0.0367757216063089,-2180.4743005156975
Boreas-Dawn,185,102767.978,107833.587,Boreas,Dawn,5065.608999999997,5065.608999999997,1.0492917064107266,4.7,0.9551,0.9791679389312977,0.052929740107363066,-992.1216852668913
Aegis-Boreas,130,181051.24749094708,80259.58,Aegis,Boreas,-100791.66749094707,100791.66749094707,0.4432975807251101,125.58,1.0,0.9849621693121693,0.03408513950102227,-4121.568080328588
Boreas-Fenix,419,133323.073,138805.903,Boreas,Fenix,5482.829999999987,5482.829999999987,1.0411243896245925,3.95,0.962,0.8068014354066986,0.13514659878591953,61601.108196475456
Caelum-Dawn,171,272837.659,280415.493,Caelum,Dawn,7577.834000000032,7577.834000000032,1.027774149755478,2.7,0.9737,0.9804744471744471,0.05446466415035868,-6484.057433327288
Caelum-Dawn,444,126439.475,125208.648,Caelum,Dawn,-1230.8270000000048,1230.8270000000048,0.9902654847309355,0.98,1.0,0.9804744471744471,0.05446466415035868,-6484.057433327288
Elysium-Fenix,78,238270.883,236974.667,Elysium,Fenix,-1296.216000000015,1296.216000000015,0.9945599060041255,0.55,1.0,0.9777570719602977,0.055399164086247815,4312.254361379141
Caelum-Fenix,426,133981.357,130169.94,Caelum,Fenix,-3811.4169999999867,3811.4169999999867,0.9715526317590589,2.93,1.0,0.9796862650602409,0.04873557984945812,1731.907948738127
Dawn-Fenix,334,86947.2,87745.19,Dawn,Fenix,797.9900000000052,797.9900000000052,1.0091778688675426,0.91,0.991,0.9823136476426799,0.04646098172906777,-362.5543768567232
Aegis-Boreas,466,72764.283,70150.446,Aegis,Boreas,-2613.8369999999995,2613.8369999999995,0.964078021630475,3.73,1.0,0.9849621693121693,0.03408513950102227,-4121.568080328588
Elysium-Fenix,234,191888.315,191756.251,Elysium,Fenix,-132.06400000001304,132.06400000001304,0.9993117663261569,0.07,1.0,0.9777570719602977,0.055399164086247815,4312.254361379141
Caelum-Dawn,92,181051.24749094708,259602.146,Caelum,Dawn,78550.89850905293,78550.89850905293,1.4338600235990124,30.26,0.7677,0.9804744471744471,0.05446466415035868,-6484.057433327288
Caelum-Elysium,272,189187.269,187046.41,Caelum,Elysium,-2140.8589999999967,2140.8589999999967,0.9886839161465987,1.14,1.0,0.9780398457583547,0.06003094589396874,1753.5802267796134
Dawn-Fenix,191,127614.299,132472.144,Dawn,Fenix,4857.845000000001,4857.845000000001,1.0380666197915642,3.67,0.9646,0.9823136476426799,0.04646098172906777,-362.5543768567232
Dawn-Fenix,226,84074.668,83964.609,Dawn,Fenix,-110.05900000000838,110.05900000000838,0.9986909374414656,0.13,1.0,0.9823136476426799,0.04646098172906777,-362.5543768567232
Dawn-Fenix,390,103094.273,104346.774,Dawn,Fenix,1252.5010000000038,1252.5010000000038,1.012149084168817,1.2,0.9881,0.9823136476426799,0.04646098172906777,-362.5543768567232
Aegis-Dawn,360,416331.048,425487.454,Aegis,Dawn,9156.406000000017,9156.406000000017,1.0219930894992968,2.15,0.9789,0.9844383292383293,0.0367757216063089,-2180.4743005156975
