link_id,tick,load_units,load_ratio,status,observed_latency_ms,planet_a,planet_b,near_capacity,load_bucket,load_ratio_sq,load_units_x_ratio,hist_mean_load_ratio,hist_std_load_ratio,hist_mean_load_units
Aegis-Boreas,63,122.7,0.5899,ok,211459.656,Aegis,Boreas,0,medium,0.34798200999999995,72.38073,0.2911771978021978,0.16781519450328578,59.97527472527472
Boreas-Elysium,170,34.2,0.167,ok,107111.234,Boreas,Elysium,0,very_low,0.027889000000000004,5.711400000000001,0.2900737913486005,0.165054059944648,59.068346055979646
Caelum-Fenix,13,69.9,0.5501,ok,338329.863,Caelum,Fenix,0,medium,0.30261001000000004,38.45199,0.2979977329974811,0.16907325550533112,38.04100755667506
Boreas-Elysium,361,45.2,0.2203,ok,118838.19,Boreas,Elysium,0,low,0.04853209,9.95756,0.2900737913486005,0.165054059944648,59.068346055979646
Caelum-Fenix,215,3.6,0.0287,ok,110740.49,Caelum,Fenix,0,very_low,0.00082369,0.10332,0.2979977329974811,0.16907325550533112,38.04100755667506
Aegis-Elysium,234,28.6,0.1415,ok,162258.729,Aegis,Elysium,0,very_low,0.020022249999999995,4.0469,0.3029021390374331,0.16678734255381286,60.362834224598934
Caelum-Dawn,386,33.5,0.3644,ok,178266.236,Caelum,Dawn,0,low,0.13278736,12.2074,0.30429655172413794,0.17370736738192366,28.526896551724136
Dawn-Fenix,430,48.7,0.3101,ok,98223.523,Dawn,Fenix,0,low,0.09616200999999999,15.10187,0.3041873417721519,0.1724694243240588,47.598683544303796
Dawn-Elysium,307,3.9,0.0559,ok,104215.716,Dawn,Elysium,0,very_low,0.00312481,0.21800999999999998,0.29596,0.16907179960732635,20.87232
Dawn-Fenix,18,33.5,0.2133,ok,84554.8,Dawn,Fenix,0,low,0.04549689,7.14555,0.3041873417721519,0.1724694243240588,47.598683544303796
Dawn-Elysium,213,21.9,0.3168,ok,146328.182,Dawn,Elysium,0,low,0.10036224000000002,6.93792,0.29596,0.16907179960732635,20.87232
Boreas-Elysium,492,92.2,0.45,ok,204388.697,Boreas,Elysium,0,medium,0.2025,41.49,0.2900737913486005,0.165054059944648,59.068346055979646
Elysium-Fenix,47,80.1,0.5273,ok,457313.209,Elysium,Fenix,0,medium,0.27804529,42.236729999999994,0.2866814016172507,0.16585315339481224,43.56679245283019
Aegis-Elysium,290,41.84,0.2494,ok,189585.55,Aegis,Elysium,0,low,0.06220036,10.434896000000002,0.3029021390374331,0.16678734255381286,60.362834224598934
Aegis-Dawn,262,17.4,0.1778,ok,136140.948,Aegis,Dawn,0,very_low,0.03161284,3.09372,0.3143477922077922,0.16558189329464748,31.258909090909093
Caelum-Elysium,40,17.2,0.2076,ok,146395.613,Caelum,Elysium,0,low,0.043097760000000006,3.57072,0.29901641025641024,0.16467290094562215,25.344512820512822
Dawn-Elysium,49,12.9,0.1866,ok,115857.108,Dawn,Elysium,0,very_low,0.03481955999999999,2.40714,0.29596,0.16907179960732635,20.87232
Dawn-Fenix,90,41.9,0.267,ok,91410.564,Dawn,Fenix,0,low,0.071289,11.1873,0.3041873417721519,0.1724694243240588,47.598683544303796
Dawn-Fenix,423,75.5,0.4808,ok,168095.745,Dawn,Fenix,0,medium,0.23116864,36.3004,0.3041873417721519,0.1724694243240588,47.598683544303796
Boreas-Elysium,193,72.3,0.3529,ok,147745.893,Boreas,Elysium,0,low,0.12453840999999999,25.51467,0.2900737913486005,0.165054059944648,59.068346055979646
Aegis-Dawn,48,38.1,0.389,ok,203224.045,Aegis,Dawn,0,low,0.151321,14.820900000000002,0.3143477922077922,0.16558189329464748,31.258909090909093
Caelum-Fenix,207,22.8,0.1799,ok,123472.701,Caelum,Fenix,0,very_low,0.03236401,4.10172,0.2979977329974811,0.16907325550533112,38.04100755667506
Dawn-Fenix,350,43.0,0.274,ok,93454.167,Dawn,Fenix,0,low,0.07507600000000002,11.782,0.3041873417721519,0.1724694243240588,47.598683544303796
Boreas-Fenix,166,29.8,0.1763,ok,146445.792,Boreas,Fenix,0,very_low,0.031081690000000006,5.2537400000000005,0.3080685421994885,0.17007740427160456,51.75457800511509
Caelum-Dawn,29,44.3,0.4815,ok,261927.61,Caelum,Dawn,0,medium,0.23184224999999997,21.33045,0.30429655172413794,0.17370736738192366,28.526896551724136
Boreas-Fenix,389,92.1,0.5448,ok,395231.803,Boreas,Fenix,0,medium,0.29680703999999997,50.17607999999999,0.3080685421994885,0.17007740427160456,51.75457800511509
Aegis-Dawn,336,29.9,0.3052,ok,166067.585,Aegis,Dawn,0,low,0.09314704000000001,9.12548,0.3143477922077922,0.16558189329464748,31.258909090909093
Aegis-Dawn,394,36.4,0.3711,ok,197277.756,Aegis,Dawn,0,low,0.13771520999999998,13.50804,0.3143477922077922,0.16558189329464748,31.258909090909093
Dawn-Fenix,159,37.5,0.2386,ok,87265.545,Dawn,Fenix,0,low,0.05692996,8.9475,0.3041873417721519,0.1724694243240588,47.598683544303796
Boreas-Elysium,327,70.1,0.3417,ok,149053.453,Boreas,Elysium,0,low,0.11675889,23.95317,0.2900737913486005,0.165054059944648,59.068346055979646
Boreas-Fenix,136,40.0,0.2367,ok,165891.623,Boreas,Fenix,0,low,0.056026889999999996,9.468,0.3080685421994885,0.17007740427160456,51.75457800511509
Dawn-Elysium,179,19.6,0.2846,ok,136641.352,Dawn,Elysium,0,low,0.08099716000000001,5.5781600000000005,0.29596,0.16907179960732635,20.87232
Caelum-Fenix,200,45.0,0.3546,ok,172754.344,Caelum,Fenix,0,low,0.12574116000000002,15.957,0.2979977329974811,0.16907325550533112,38.04100755667506
Aegis-Boreas,227,38.3,0.184,ok,66987.088,Aegis,Boreas,0,very_low,0.033856,7.047199999999999,0.2911771978021978,0.16781519450328578,59.97527472527472
Caelum-Elysium,389,35.5,0.4276,ok,248040.789,Caelum,Elysium,0,medium,0.18284176,15.1798,0.29901641025641024,0.16467290094562215,25.344512820512822
Aegis-Elysium,170,82.1,0.4063,ok,284529.109,Aegis,Elysium,0,medium,0.16507969,33.357229999999994,0.3029021390374331,0.16678734255381286,60.362834224598934
Aegis-Dawn,106,36.7,0.3749,ok,197040.069,Aegis,Dawn,0,low,0.14055001,13.758830000000001,0.3143477922077922,0.16558189329464748,31.258909090909093
Caelum-Dawn,27,3.0,0.0323,ok,117558.036,Caelum,Dawn,0,very_low,0.00104329,0.09690000000000001,0.30429655172413794,0.17370736738192366,28.526896551724136
Aegis-Boreas,45,31.2,0.1498,ok,65352.646,Aegis,Boreas,0,very_low,0.022440039999999998,4.67376,0.2911771978021978,0.16781519450328578,59.97527472527472
Aegis-Elysium,392,24.0,0.119,ok,159869.38,Aegis,Elysium,0,very_low,0.014160999999999998,2.856,0.3029021390374331,0.16678734255381286,60.362834224598934
Aegis-Elysium,428,79.1,0.3916,ok,272470.378,Aegis,Elysium,0,low,0.15335056,30.975559999999998,0.3029021390374331,0.16678734255381286,60.362834224598934
Boreas-Dawn,296,94.1,0.466,ok,152594.126,Boreas,Dawn,0,medium,0.21715600000000002,43.8506,0.2929547120418848,0.16733925578385606,58.52005235602094
Dawn-Fenix,251,25.4,0.162,ok,75674.604,Dawn,Fenix,0,very_low,0.026244,4.1148,0.3041873417721519,0.1724694243240588,47.598683544303796
Caelum-Elysium,241,9.8,0.1179,ok,134667.423,Caelum,Elysium,0,very_low,0.013900410000000002,1.1554200000000001,0.29901641025641024,0.16467290094562215,25.344512820512822
Aegis-Elysium,122,59.1,0.2925,ok,210462.614,Aegis,Elysium,0,low,0.08555624999999999,17.286749999999998,0.3029021390374331,0.16678734255381286,60.362834224598934
Aegis-Dawn,247,39.0,0.3981,ok,211801.262,Aegis,Dawn,0,low,0.15848361,15.5259,0.3143477922077922,0.16558189329464748,31.258909090909093
Caelum-Fenix,352,23.6,0.186,ok,125956.855,Caelum,Fenix,0,very_low,0.034596,4.389600000000001,0.2979977329974811,0.16907325550533112,38.04100755667506
Elysium-Fenix,238,22.9,0.1505,ok,169480.078,Elysium,Fenix,0,very_low,0.022650249999999997,3.4464499999999996,0.2866814016172507,0.16585315339481224,43.56679245283019
Aegis-Dawn,199,58.4,0.5957,ok,429387.357,Aegis,Dawn,0,medium,0.35485849,34.78888,0.3143477922077922,0.16558189329464748,31.258909090909093
Caelum-Elysium,237,15.8,0.1903,ok,140119.319,Caelum,Elysium,0,very_low,0.03621409,3.00674,0.29901641025641024,0.16467290094562215,25.344512820512822
Caelum-Elysium,461,37.5,0.4519,ok,264314.605,Caelum,Elysium,0,medium,0.20421361000000002,16.94625,0.29901641025641024,0.16467290094562215,25.344512820512822
Dawn-Elysium,41,35.3,0.5115,ok,265114.211,Dawn,Elysium,0,medium,0.26163224999999996,18.055949999999996,0.29596,0.16907179960732635,20.87232
Boreas-Fenix,265,82.5,0.4884,ok,321941.62,Boreas,Fenix,0,medium,0.23853456,40.293,0.3080685421994885,0.17007740427160456,51.75457800511509
Aegis-Dawn,438,33.3,0.3402,ok,177266.326,Aegis,Dawn,0,low,0.11573604,11.32866,0.3143477922077922,0.16558189329464748,31.258909090909093
Aegis-Boreas,100,37.3,0.1793,ok,66134.542,Aegis,Boreas,0,very_low,0.032148489999999995,6.6878899999999994,0.2911771978021978,0.16781519450328578,59.97527472527472
Caelum-Fenix,157,45.2,0.3558,ok,174195.705,Caelum,Fenix,0,low,0.12659364,16.082160000000002,0.2979977329974811,0.16907325550533112,38.04100755667506
Caelum-Fenix,335,29.5,0.2319,ok,133903.44,Caelum,Fenix,0,low,0.053777609999999997,6.84105,0.2979977329974811,0.16907325550533112,38.04100755667506
Aegis-Dawn,378,18.4,0.1878,ok,134306.168,Aegis,Dawn,0,very_low,0.035268839999999996,3.4555199999999995,0.3143477922077922,0.16558189329464748,31.258909090909093
Boreas-Elysium,335,54.1,0.2639,ok,122739.784,Boreas,Elysium,0,low,0.06964321000000001,14.276990000000001,0.2900737913486005,0.165054059944648,59.068346055979646
Caelum-Elysium,291,6.8,0.0823,ok,128590.037,Caelum,Elysium,0,very_low,0.0067732899999999995,0.55964,0.29901641025641024,0.16467290094562215,25.344512820512822
Dawn-Elysium,477,33.2,0.481,ok,233896.046,Dawn,Elysium,0,medium,0.23136099999999998,15.9692,0.29596,0.16907179960732635,20.87232
Elysium-Fenix,351,75.1,0.4941,ok,403755.13,Elysium,Fenix,0,medium,0.24413480999999998,37.10691,0.2866814016172507,0.16585315339481224,43.56679245283019
Dawn-Fenix,265,5.5,0.0349,ok,71035.415,Dawn,Fenix,0,very_low,0.00121801,0.19195,0.3041873417721519,0.1724694243240588,47.598683544303796
Caelum-Fenix,193,49.9,0.3933,ok,198293.155,Caelum,Fenix,0,low,0.15468489,19.62567,0.2979977329974811,0.16907325550533112,38.04100755667506
Dawn-Elysium,70,25.4,0.3679,ok,165908.43,Dawn,Elysium,0,low,0.13535041,9.34466,0.29596,0.16907179960732635,20.87232
Aegis-Boreas,331,15.0,0.072,ok,60825.099,Aegis,Boreas,0,very_low,0.005183999999999999,1.0799999999999998,0.2911771978021978,0.16781519450328578,59.97527472527472
Caelum-Fenix,351,57.9,0.4563,ok,243604.236,Caelum,Fenix,0,medium,0.20820968999999998,26.41977,0.2979977329974811,0.16907325550533112,38.04100755667506
Dawn-Fenix,419,23.0,0.1464,ok,76562.145,Dawn,Fenix,0,very_low,0.02143296,3.3672,0.3041873417721519,0.1724694243240588,47.598683544303796
Caelum-Dawn,17,32.2,0.3498,ok,178795.258,Caelum,Dawn,0,low,0.12236004,11.263560000000002,0.30429655172413794,0.17370736738192366,28.526896551724136
Aegis-Boreas,344,78.8,0.3789,ok,99169.48,Aegis,Boreas,0,low,0.14356521,29.85732,0.2911771978021978,0.16781519450328578,59.97527472527472
Caelum-Dawn,392,40.6,0.4415,ok,229477.574,Caelum,Dawn,0,medium,0.19492225,17.9249,0.30429655172413794,0.17370736738192366,28.526896551724136
Dawn-Elysium,164,13.6,0.1974,ok,116673.723,Dawn,Elysium,0,very_low,0.038966759999999996,2.68464,0.29596,0.16907179960732635,20.87232
Aegis-Dawn,369,17.1,0.1746,ok,131509.899,Aegis,Dawn,0,very_low,0.03048516,2.98566,0.3143477922077922,0.16558189329464748,31.258909090909093
Boreas-Elysium,437,27.4,0.1336,ok,100655.639,Boreas,Elysium,0,very_low,0.01784896,3.66064,0.2900737913486005,0.165054059944648,59.068346055979646
Dawn-Elysium,77,25.7,0.373,ok,169794.445,Dawn,Elysium,0,low,0.139129,9.5861,0.29596,0.16907179960732635,20.87232
Caelum-Fenix,75,70.0,0.5513,ok,338828.897,Caelum,Fenix,0,medium,0.30393169000000003,38.591,0.2979977329974811,0.16907325550533112,38.04100755667506
Caelum-Dawn,175,62.3,0.6766,ok,584043.87,Caelum,Dawn,0,high,0.45778756,42.152179999999994,0.30429655172413794,0.17370736738192366,28.526896551724136
Boreas-Elysium,3,25.1,0.1224,ok,100235.059,Boreas,Elysium,0,very_low,0.014981759999999998,3.07224,0.2900737913486005,0.165054059944648,59.068346055979646
Aegis-Dawn,260,36.76,0.2924,ok,162305.763,Aegis,Dawn,0,low,0.08549775999999999,10.748624,0.3143477922077922,0.16558189329464748,31.258909090909093
Aegis-Boreas,299,80.6,0.3875,ok,104122.484,Aegis,Boreas,0,low,0.15015625000000002,31.232499999999998,0.2911771978021978,0.16781519450328578,59.97527472527472
Aegis-Boreas,191,93.6,0.4501,ok,127498.876,Aegis,Boreas,0,medium,0.20259001,42.12936,0.2911771978021978,0.16781519450328578,59.97527472527472
Dawn-Elysium,83,31.5,0.4558,ok,214000.973,Dawn,Elysium,0,medium,0.20775364,14.3577,0.29596,0.16907179960732635,20.87232
Boreas-Dawn,457,65.5,0.3241,ok,100526.467,Boreas,Dawn,0,low,0.10504081,21.22855,0.2929547120418848,0.16733925578385606,58.52005235602094
Boreas-Fenix,59,53.1,0.3144,ok,192789.506,Boreas,Fenix,0,low,0.09884736000000001,16.69464,0.3080685421994885,0.17007740427160456,51.75457800511509
Aegis-Dawn,54,34.660000000000004,0.2912,ok,164925.373,Aegis,Dawn,0,low,0.08479744,10.092992000000002,0.3143477922077922,0.16558189329464748,31.258909090909093
Boreas-Fenix,212,25.8,0.1525,ok,140902.497,Boreas,Fenix,0,very_low,0.02325625,3.9345,0.3080685421994885,0.17007740427160456,51.75457800511509
Caelum-Dawn,5,35.9,0.3906,ok,194781.809,Caelum,Dawn,0,low,0.15256836000000001,14.02254,0.30429655172413794,0.17370736738192366,28.526896551724136
Boreas-Dawn,389,133.3,0.66,ok,334484.593,Boreas,Dawn,0,high,0.43560000000000004,87.97800000000001,0.2929547120418848,0.16733925578385606,58.52005235602094
Caelum-Dawn,34,19.4,0.2114,ok,132846.798,Caelum,Dawn,0,low,0.04468996,4.10116,0.30429655172413794,0.17370736738192366,28.526896551724136
Aegis-Dawn,184,37.8,0.3854,ok,203687.383,Aegis,Dawn,0,low,0.14853316000000003,14.56812,0.3143477922077922,0.16558189329464748,31.258909090909093
Elysium-Fenix,38,25.8,0.1698,ok,181829.078,Elysium,Fenix,0,very_low,0.028832040000000003,4.38084,0.2866814016172507,0.16585315339481224,43.56679245283019
Boreas-Elysium,404,22.2,0.1082,ok,102717.096,Boreas,Elysium,0,very_low,0.01170724,2.40204,0.2900737913486005,0.165054059944648,59.068346055979646
Boreas-Elysium,385,138.8,0.6768,ok,508988.17,Boreas,Elysium,0,high,0.45805823999999995,93.93984,0.2900737913486005,0.165054059944648,59.068346055979646
Boreas-Elysium,491,85.0,0.4145,ok,183687.539,Boreas,Elysium,0,medium,0.17181024999999997,35.2325,0.2900737913486005,0.165054059944648,59.068346055979646
Aegis-Dawn,439,33.5,0.3421,ok,183341.692,Aegis,Dawn,0,low,0.11703241000000002,11.46035,0.3143477922077922,0.16558189329464748,31.258909090909093
Aegis-Boreas,445,46.8,0.225,ok,71555.575,Aegis,Boreas,0,low,0.050625,10.53,0.2911771978021978,0.16781519450328578,59.97527472527472
Caelum-Fenix,1,40.0,0.3153,ok,163220.005,Caelum,Fenix,0,low,0.09941409000000001,12.612000000000002,0.2979977329974811,0.16907325550533112,38.04100755667506
Boreas-Dawn,244,74.4,0.3685,ok,113146.66,Boreas,Dawn,0,low,0.13579225,27.416400000000003,0.2929547120418848,0.16733925578385606,58.52005235602094
Dawn-Elysium,297,22.5,0.3268,ok,149160.044,Dawn,Elysium,0,low,0.10679823999999999,7.353,0.29596,0.16907179960732635,20.87232
Dawn-Fenix,307,136.7,0.8709,ok,1319532.07,Dawn,Fenix,1,very_high,0.75846681,119.05202999999999,0.3041873417721519,0.1724694243240588,47.598683544303796
Aegis-Elysium,281,66.1,0.3273,ok,226253.943,Aegis,Elysium,0,low,0.10712528999999998,21.634529999999998,0.3029021390374331,0.16678734255381286,60.362834224598934
Dawn-Elysium,459,38.0,0.5504,ok,303256.34,Dawn,Elysium,0,medium,0.30294016,20.9152,0.29596,0.16907179960732635,20.87232
Dawn-Elysium,266,17.9,0.2597,ok,126711.019,Dawn,Elysium,0,low,0.06744409,4.64863,0.29596,0.16907179960732635,20.87232
Caelum-Dawn,305,25.6,0.2778,ok,143150.918,Caelum,Dawn,0,low,0.07717283999999999,7.11168,0.30429655172413794,0.17370736738192366,28.526896551724136
Boreas-Dawn,116,46.2,0.2288,ok,83547.421,Boreas,Dawn,0,low,0.052349440000000004,10.57056,0.2929547120418848,0.16733925578385606,58.52005235602094
Caelum-Fenix,85,4.3,0.0336,ok,110717.88,Caelum,Fenix,0,very_low,0.0011289599999999998,0.14448,0.2979977329974811,0.16907325550533112,38.04100755667506
Boreas-Dawn,338,14.9,0.0739,ok,70142.514,Boreas,Dawn,0,very_low,0.005461209999999999,1.10111,0.2929547120418848,0.16733925578385606,58.52005235602094
Elysium-Fenix,466,1.3,0.0084,ok,164386.141,Elysium,Fenix,0,very_low,7.055999999999999e-05,0.01092,0.2866814016172507,0.16585315339481224,43.56679245283019
Caelum-Dawn,249,7.9,0.0859,ok,112366.473,Caelum,Dawn,0,very_low,0.00737881,0.67861,0.30429655172413794,0.17370736738192366,28.526896551724136
Boreas-Dawn,7,26.9,0.133,ok,74491.68,Boreas,Dawn,0,very_low,0.017689000000000003,3.5777,0.2929547120418848,0.16733925578385606,58.52005235602094
Caelum-Dawn,389,29.6,0.3218,ok,162551.275,Caelum,Dawn,0,low,0.10355523999999998,9.52528,0.30429655172413794,0.17370736738192366,28.526896551724136
Boreas-Dawn,90,85.5,0.4233,ok,133357.648,Boreas,Dawn,0,medium,0.17918289,36.19215,0.2929547120418848,0.16733925578385606,58.52005235602094
Dawn-Fenix,414,71.3,0.4539,ok,149461.826,Dawn,Fenix,0,medium,0.20602521000000001,32.36307,0.3041873417721519,0.1724694243240588,47.598683544303796
Caelum-Fenix,262,44.3,0.3487,ok,173209.093,Caelum,Fenix,0,low,0.12159169,15.44741,0.2979977329974811,0.16907325550533112,38.04100755667506
Boreas-Dawn,141,23.4,0.116,ok,72753.161,Boreas,Dawn,0,very_low,0.013456000000000001,2.7144,0.2929547120418848,0.16733925578385606,58.52005235602094
Boreas-Fenix,77,128.0,0.7575,ok,1086002.936,Boreas,Fenix,0,high,0.57380625,96.96,0.3080685421994885,0.17007740427160456,51.75457800511509
Boreas-Dawn,367,41.1,0.2033,ok,79813.995,Boreas,Dawn,0,low,0.04133089,8.355630000000001,0.2929547120418848,0.16733925578385606,58.52005235602094
Dawn-Elysium,234,37.1,0.5372,ok,289028.929,Dawn,Elysium,0,medium,0.28858384000000004,19.930120000000002,0.29596,0.16907179960732635,20.87232
Caelum-Fenix,10,50.8,0.4001,ok,202270.14,Caelum,Fenix,0,medium,0.16008001000000002,20.32508,0.2979977329974811,0.16907325550533112,38.04100755667506
Caelum-Dawn,49,27.4,0.2973,ok,153505.539,Caelum,Dawn,0,low,0.08838729000000001,8.14602,0.30429655172413794,0.17370736738192366,28.526896551724136
Dawn-Fenix,447,65.6,0.4181,ok,134731.101,Dawn,Fenix,0,medium,0.17480761000000003,27.42736,0.3041873417721519,0.1724694243240588,47.598683544303796
Boreas-Dawn,403,40.9,0.2023,ok,80267.011,Boreas,Dawn,0,low,0.04092529,8.27407,0.2929547120418848,0.16733925578385606,58.52005235602094
Aegis-Elysium,181,94.3,0.4669,ok,340622.519,Aegis,Elysium,0,medium,0.21799560999999998,44.02867,0.3029021390374331,0.16678734255381286,60.362834224598934
Boreas-Dawn,83,63.2,0.3129,ok,98292.133,Boreas,Dawn,0,low,0.09790641000000001,19.775280000000002,0.2929547120418848,0.16733925578385606,58.52005235602094
Boreas-Dawn,84,13.9,0.069,ok,68266.51,Boreas,Dawn,0,very_low,0.0047610000000000005,0.9591000000000001,0.2929547120418848,0.16733925578385606,58.52005235602094
Caelum-Fenix,14,21.8,0.1715,ok,125593.098,Caelum,Fenix,0,very_low,0.029412250000000004,3.7387000000000006,0.2979977329974811,0.16907325550533112,38.04100755667506
Aegis-Boreas,74,103.1,0.4958,ok,148720.462,Aegis,Boreas,0,medium,0.24581764000000003,51.11698,0.2911771978021978,0.16781519450328578,59.97527472527472
Boreas-Dawn,165,75.7,0.3747,ok,116034.534,Boreas,Dawn,0,low,0.14040008999999998,28.36479,0.2929547120418848,0.16733925578385606,58.52005235602094
Elysium-Fenix,306,63.1,0.4152,ok,310883.592,Elysium,Fenix,0,medium,0.17239104000000002,26.19912,0.2866814016172507,0.16585315339481224,43.56679245283019
Dawn-Elysium,437,43.5,0.6305,ok,427605.799,Dawn,Elysium,0,high,0.3975302499999999,27.42675,0.29596,0.16907179960732635,20.87232
Boreas-Elysium,153,23.1,0.1126,ok,100564.989,Boreas,Elysium,0,very_low,0.01267876,2.6010600000000004,0.2900737913486005,0.165054059944648,59.068346055979646
Caelum-Fenix,147,63.9,0.5032,ok,284587.1,Caelum,Fenix,0,medium,0.25321024,32.15448,0.2979977329974811,0.16907325550533112,38.04100755667506
Aegis-Dawn,367,43.2,0.4407,ok,240264.199,Aegis,Dawn,0,medium,0.19421649,19.038240000000002,0.3143477922077922,0.16558189329464748,31.258909090909093
Dawn-Fenix,239,55.9,0.356,ok,112999.218,Dawn,Fenix,0,low,0.126736,19.900399999999998,0.3041873417721519,0.1724694243240588,47.598683544303796
Elysium-Fenix,196,11.3,0.0743,ok,164548.368,Elysium,Fenix,0,very_low,0.005520490000000001,0.8395900000000001,0.2866814016172507,0.16585315339481224,43.56679245283019
Caelum-Dawn,211,12.4,0.1348,ok,116386.549,Caelum,Dawn,0,very_low,0.01817104,1.6715200000000001,0.30429655172413794,0.17370736738192366,28.526896551724136
Aegis-Boreas,246,65.1,0.3131,ok,86647.605,Aegis,Boreas,0,low,0.09803160999999999,20.38281,0.2911771978021978,0.16781519450328578,59.97527472527472
Boreas-Elysium,67,28.02,0.1821,ok,108698.124,Boreas,Elysium,0,very_low,0.03316041,5.102442,0.2900737913486005,0.165054059944648,59.068346055979646
Boreas-Elysium,86,96.5,0.4709,ok,217055.832,Boreas,Elysium,0,medium,0.22174681,45.441849999999995,0.2900737913486005,0.165054059944648,59.068346055979646
Aegis-Elysium,369,5.1,0.025,ok,154115.44,Aegis,Elysium,0,very_low,0.0006250000000000001,0.1275,0.3029021390374331,0.16678734255381286,60.362834224598934
Boreas-Elysium,395,69.4,0.3386,ok,147008.967,Boreas,Elysium,0,low,0.11464996000000001,23.49884,0.2900737913486005,0.165054059944648,59.068346055979646
Dawn-Fenix,164,70.0,0.4457,ok,146455.116,Dawn,Fenix,0,medium,0.19864848999999998,31.198999999999998,0.3041873417721519,0.1724694243240588,47.598683544303796
Dawn-Elysium,65,14.4,0.2082,ok,117762.069,Dawn,Elysium,0,low,0.043347239999999995,2.99808,0.29596,0.16907179960732635,20.87232
Aegis-Elysium,47,52.2,0.2583,ok,195373.795,Aegis,Elysium,0,low,0.06671888999999999,13.48326,0.3029021390374331,0.16678734255381286,60.362834224598934
Dawn-Fenix,83,90.4,0.576,ok,234873.784,Dawn,Fenix,0,medium,0.33177599999999996,52.0704,0.3041873417721519,0.1724694243240588,47.598683544303796
Elysium-Fenix,112,16.3,0.1069,ok,164792.696,Elysium,Fenix,0,very_low,0.01142761,1.74247,0.2866814016172507,0.16585315339481224,43.56679245283019
Caelum-Dawn,354,29.9,0.3248,ok,165262.505,Caelum,Dawn,0,low,0.10549503999999998,9.711519999999998,0.30429655172413794,0.17370736738192366,28.526896551724136
Boreas-Dawn,194,73.8,0.3654,ok,112977.543,Boreas,Dawn,0,low,0.13351716,26.96652,0.2929547120418848,0.16733925578385606,58.52005235602094
Aegis-Elysium,0,30.5,0.1508,ok,162739.988,Aegis,Elysium,0,very_low,0.022740639999999996,4.599399999999999,0.3029021390374331,0.16678734255381286,60.362834224598934
Caelum-Fenix,97,40.6,0.3195,ok,160304.19,Caelum,Fenix,0,low,0.10208025,12.9717,0.2979977329974811,0.16907325550533112,38.04100755667506
Boreas-Fenix,153,63.3,0.3747,ok,226631.158,Boreas,Fenix,0,low,0.14040008999999998,23.71851,0.3080685421994885,0.17007740427160456,51.75457800511509
Boreas-Elysium,12,43.8,0.2139,ok,111023.503,Boreas,Elysium,0,low,0.04575321,9.36882,0.2900737913486005,0.165054059944648,59.068346055979646
Aegis-Boreas,427,49.1,0.2359,ok,73779.053,Aegis,Boreas,0,low,0.05564881,11.58269,0.2911771978021978,0.16781519450328578,59.97527472527472
Boreas-Elysium,487,53.1,0.259,ok,121341.807,Boreas,Elysium,0,low,0.067081,13.7529,0.2900737913486005,0.165054059944648,59.068346055979646
Elysium-Fenix,258,35.6,0.2345,ok,202828.049,Elysium,Fenix,0,low,0.05499024999999999,8.3482,0.2866814016172507,0.16585315339481224,43.56679245283019
Dawn-Fenix,120,19.9,0.1266,ok,72606.009,Dawn,Fenix,0,very_low,0.016027559999999996,2.5193399999999997,0.3041873417721519,0.1724694243240588,47.598683544303796
Aegis-Elysium,387,56.1,0.2778,ok,201794.532,Aegis,Elysium,0,low,0.07717283999999999,15.58458,0.3029021390374331,0.16678734255381286,60.362834224598934
Caelum-Elysium,209,30.7,0.3698,ok,209295.735,Caelum,Elysium,0,low,0.13675204000000002,11.35286,0.29901641025641024,0.16467290094562215,25.344512820512822
Boreas-Dawn,372,59.7,0.2954,ok,92814.227,Boreas,Dawn,0,low,0.08726116,17.63538,0.2929547120418848,0.16733925578385606,58.52005235602094
Aegis-Elysium,81,40.8,0.2019,ok,184583.312,Aegis,Elysium,0,low,0.04076361,8.23752,0.3029021390374331,0.16678734255381286,60.362834224598934
Boreas-Fenix,31,33.1,0.196,ok,154726.433,Boreas,Fenix,0,very_low,0.038416000000000006,6.4876000000000005,0.3080685421994885,0.17007740427160456,51.75457800511509
Dawn-Fenix,7,33.8,0.2152,ok,84558.895,Dawn,Fenix,0,low,0.04631104,7.273759999999999,0.3041873417721519,0.1724694243240588,47.598683544303796
Aegis-Dawn,473,18.7,0.191,ok,132788.974,Aegis,Dawn,0,very_low,0.036481,3.5717,0.3143477922077922,0.16558189329464748,31.258909090909093
Elysium-Fenix,82,84.9,0.5588,ok,518342.364,Elysium,Fenix,0,medium,0.31225743999999994,47.44212,0.2866814016172507,0.16585315339481224,43.56679245283019
Caelum-Elysium,448,31.5,0.3791,ok,213488.48,Caelum,Elysium,0,low,0.14371681,11.94165,0.29901641025641024,0.16467290094562215,25.344512820512822
Aegis-Dawn,158,16.2,0.165,ok,132970.069,Aegis,Dawn,0,very_low,0.027225000000000003,2.673,0.3143477922077922,0.16558189329464748,31.258909090909093
Boreas-Fenix,297,21.2,0.1257,ok,140072.47,Boreas,Fenix,0,very_low,0.01580049,2.66484,0.3080685421994885,0.17007740427160456,51.75457800511509
Aegis-Dawn,19,57.9,0.5908,ok,421871.201,Aegis,Dawn,0,medium,0.34904464,34.207319999999996,0.3143477922077922,0.16558189329464748,31.258909090909093
Boreas-Dawn,354,32.9,0.1628,ok,76242.303,Boreas,Dawn,0,very_low,0.02650384,5.35612,0.2929547120418848,0.16733925578385606,58.52005235602094
Aegis-Boreas,431,76.0,0.3655,ok,97778.397,Aegis,Boreas,0,low,0.13359025,27.778,0.2911771978021978,0.16781519450328578,59.97527472527472
Boreas-Fenix,284,22.7,0.1343,ok,141386.065,Boreas,Fenix,0,very_low,0.018036490000000002,3.04861,0.3080685421994885,0.17007740427160456,51.75457800511509
Caelum-Dawn,144,34.1,0.3703,ok,186730.555,Caelum,Dawn,0,low,0.13712209,12.62723,0.30429655172413794,0.17370736738192366,28.526896551724136
Boreas-Elysium,498,26.9,0.131,ok,99604.962,Boreas,Elysium,0,very_low,0.017161000000000003,3.5239,0.2900737913486005,0.165054059944648,59.068346055979646
Boreas-Dawn,188,21.5,0.1064,ok,70973.326,Boreas,Dawn,0,very_low,0.01132096,2.2876,0.2929547120418848,0.16733925578385606,58.52005235602094
Aegis-Dawn,287,34.9,0.3566,ok,191378.186,Aegis,Dawn,0,low,0.12716355999999998,12.445339999999998,0.3143477922077922,0.16558189329464748,31.258909090909093
Aegis-Elysium,414,44.0,0.2179,ok,185103.257,Aegis,Elysium,0,low,0.04748041000000001,9.5876,0.3029021390374331,0.16678734255381286,60.362834224598934
Aegis-Elysium,88,58.4,0.2891,ok,206887.998,Aegis,Elysium,0,low,0.08357881000000002,16.88344,0.3029021390374331,0.16678734255381286,60.362834224598934
Boreas-Elysium,99,23.5,0.1147,ok,107628.978,Boreas,Elysium,0,very_low,0.013156089999999999,2.69545,0.2900737913486005,0.165054059944648,59.068346055979646
Dawn-Fenix,105,111.9,0.7126,ok,447217.88,Dawn,Fenix,0,high,0.50779876,79.73994,0.3041873417721519,0.1724694243240588,47.598683544303796
Boreas-Fenix,471,25.2,0.149,ok,143096.153,Boreas,Fenix,0,very_low,0.022201,3.7548,0.3080685421994885,0.17007740427160456,51.75457800511509
Caelum-Fenix,90,38.6,0.3041,ok,155001.825,Caelum,Fenix,0,low,0.09247680999999999,11.73826,0.2979977329974811,0.16907325550533112,38.04100755667506
Aegis-Dawn,120,21.5,0.2193,ok,140581.528,Aegis,Dawn,0,low,0.048092489999999995,4.71495,0.3143477922077922,0.16558189329464748,31.258909090909093
Boreas-Elysium,30,94.3,0.4601,ok,209272.919,Boreas,Elysium,0,medium,0.21169201,43.38743,0.2900737913486005,0.165054059944648,59.068346055979646
Aegis-Elysium,118,36.6,0.1814,ok,172512.519,Aegis,Elysium,0,very_low,0.032905960000000005,6.63924,0.3029021390374331,0.16678734255381286,60.362834224598934
Dawn-Fenix,244,0.5,0.0033,ok,72270.051,Dawn,Fenix,0,very_low,1.0889999999999999e-05,0.00165,0.3041873417721519,0.1724694243240588,47.598683544303796
Dawn-Fenix,492,78.9,0.5028,ok,178266.974,Dawn,Fenix,0,medium,0.25280784,39.67092,0.3041873417721519,0.1724694243240588,47.598683544303796
Aegis-Dawn,179,39.4,0.4025,ok,217882.885,Aegis,Dawn,0,medium,0.16200625000000002,15.858500000000001,0.3143477922077922,0.16558189329464748,31.258909090909093
Dawn-Elysium,123,32.1,0.4648,ok,223526.463,Dawn,Elysium,0,medium,0.21603904,14.92008,0.29596,0.16907179960732635,20.87232
Dawn-Elysium,309,4.8,0.07,ok,104077.74,Dawn,Elysium,0,very_low,0.004900000000000001,0.336,0.29596,0.16907179960732635,20.87232
Boreas-Elysium,199,21.3,0.1037,ok,100044.016,Boreas,Elysium,0,very_low,0.01075369,2.20881,0.2900737913486005,0.165054059944648,59.068346055979646
Caelum-Fenix,294,37.3,0.2941,ok,153313.185,Caelum,Fenix,0,low,0.08649480999999998,10.969929999999998,0.2979977329974811,0.16907325550533112,38.04100755667506
Boreas-Dawn,323,137.2,0.679,ok,364609.973,Boreas,Dawn,0,high,0.4610410000000001,93.1588,0.2929547120418848,0.16733925578385606,58.52005235602094
Boreas-Dawn,404,24.1,0.1192,ok,72902.526,Boreas,Dawn,0,very_low,0.01420864,2.87272,0.2929547120418848,0.16733925578385606,58.52005235602094
Elysium-Fenix,76,53.7,0.3533,ok,254522.939,Elysium,Fenix,0,low,0.12482089,18.97221,0.2866814016172507,0.16585315339481224,43.56679245283019
Elysium-Fenix,446,32.9,0.2161,ok,188829.549,Elysium,Fenix,0,low,0.04669920999999999,7.10969,0.2866814016172507,0.16585315339481224,43.56679245283019
Aegis-Boreas,79,41.1,0.1978,ok,67520.669,Aegis,Boreas,0,very_low,0.03912484,8.12958,0.2911771978021978,0.16781519450328578,59.97527472527472
Caelum-Elysium,485,30.6,0.3686,ok,211097.185,Caelum,Elysium,0,low,0.13586595999999998,11.27916,0.29901641025641024,0.16467290094562215,25.344512820512822
Caelum-Elysium,284,39.9,0.4813,ok,292246.633,Caelum,Elysium,0,medium,0.23164969000000002,19.20387,0.29901641025641024,0.16467290094562215,25.344512820512822
Caelum-Fenix,223,39.6,0.3118,ok,161380.971,Caelum,Fenix,0,low,0.09721924000000001,12.347280000000001,0.2979977329974811,0.16907325550533112,38.04100755667506
Caelum-Elysium,234,29.4,0.3547,ok,198911.165,Caelum,Elysium,0,low,0.12581209000000002,10.42818,0.29901641025641024,0.16467290094562215,25.344512820512822
Caelum-Dawn,290,14.2,0.154,ok,119058.406,Caelum,Dawn,0,very_low,0.023716,2.1868,0.30429655172413794,0.17370736738192366,28.526896551724136
Caelum-Fenix,258,11.6,0.0913,ok,114678.445,Caelum,Fenix,0,very_low,0.008335690000000002,1.05908,0.2979977329974811,0.16907325550533112,38.04100755667506
Caelum-Fenix,427,29.2,0.2299,ok,136386.77,Caelum,Fenix,0,low,0.05285401,6.71308,0.2979977329974811,0.16907325550533112,38.04100755667506
Caelum-Elysium,124,20.9,0.2512,ok,159402.467,Caelum,Elysium,0,low,0.06310144,5.25008,0.29901641025641024,0.16467290094562215,25.344512820512822
Boreas-Elysium,464,135.4,0.6606,ok,471658.954,Boreas,Elysium,0,high,0.43639236,89.44524,0.2900737913486005,0.165054059944648,59.068346055979646
Aegis-Elysium,56,38.3,0.1898,ok,175762.764,Aegis,Elysium,0,very_low,0.03602404,7.26934,0.3029021390374331,0.16678734255381286,60.362834224598934
Aegis-Elysium,76,38.4,0.1899,ok,175163.401,Aegis,Elysium,0,very_low,0.036062010000000005,7.29216,0.3029021390374331,0.16678734255381286,60.362834224598934
Boreas-Elysium,435,51.2,0.2499,ok,120273.178,Boreas,Elysium,0,low,0.06245001000000001,12.794880000000001,0.2900737913486005,0.165054059944648,59.068346055979646
Aegis-Dawn,364,6.7,0.068,ok,119025.817,Aegis,Dawn,0,very_low,0.0046240000000000005,0.45560000000000006,0.3143477922077922,0.16558189329464748,31.258909090909093
Boreas-Fenix,90,17.7,0.1048,ok,141465.303,Boreas,Fenix,0,very_low,0.010983040000000001,1.85496,0.3080685421994885,0.17007740427160456,51.75457800511509
Dawn-Fenix,237,62.4,0.3973,ok,124920.742,Dawn,Fenix,0,low,0.15784729,24.79152,0.3041873417721519,0.1724694243240588,47.598683544303796
Aegis-Boreas,101,19.1,0.0919,ok,61162.862,Aegis,Boreas,0,very_low,0.00844561,1.75529,0.2911771978021978,0.16781519450328578,59.97527472527472
Caelum-Dawn,77,14.9,0.1617,ok,123404.403,Caelum,Dawn,0,very_low,0.026146890000000002,2.40933,0.30429655172413794,0.17370736738192366,28.526896551724136
Dawn-Elysium,99,41.8,0.6054,ok,950011.363,Dawn,Elysium,0,high,0.36650916000000006,25.30572,0.29596,0.16907179960732635,20.87232
Caelum-Fenix,22,58.2,0.4579,ok,240280.594,Caelum,Fenix,0,medium,0.20967240999999998,26.64978,0.2979977329974811,0.16907325550533112,38.04100755667506
Aegis-Elysium,259,158.1,0.7826,ok,1449031.262,Aegis,Elysium,0,high,0.61246276,123.72905999999999,0.3029021390374331,0.16678734255381286,60.362834224598934
Aegis-Dawn,146,37.3,0.3811,ok,201994.401,Aegis,Dawn,0,low,0.14523721,14.215029999999999,0.3143477922077922,0.16558189329464748,31.258909090909093
Aegis-Dawn,89,44.7,0.4565,ok,250899.628,Aegis,Dawn,0,medium,0.20839225000000003,20.40555,0.3143477922077922,0.16558189329464748,31.258909090909093
Aegis-Dawn,65,69.3,0.7071,ok,724149.719,Aegis,Dawn,0,high,0.49999040999999994,49.00203,0.3143477922077922,0.16558189329464748,31.258909090909093
Aegis-Elysium,398,21.2,0.105,ok,155914.543,Aegis,Elysium,0,very_low,0.011024999999999998,2.226,0.3029021390374331,0.16678734255381286,60.362834224598934
Caelum-Fenix,94,33.3,0.2621,ok,144431.046,Caelum,Fenix,0,low,0.06869641,8.727929999999999,0.2979977329974811,0.16907325550533112,38.04100755667506
Aegis-Boreas,53,62.5,0.3003,ok,83910.682,Aegis,Boreas,0,low,0.09018009,18.76875,0.2911771978021978,0.16781519450328578,59.97527472527472
Dawn-Fenix,46,92.3,0.5878,ok,248472.073,Dawn,Fenix,0,medium,0.34550884,54.25394,0.3041873417721519,0.1724694243240588,47.598683544303796
Dawn-Fenix,27,58.5,0.3728,ok,115635.552,Dawn,Fenix,0,low,0.13897984000000002,21.8088,0.3041873417721519,0.1724694243240588,47.598683544303796
Caelum-Elysium,151,28.4,0.342,ok,196239.066,Caelum,Elysium,0,low,0.11696400000000001,9.7128,0.29901641025641024,0.16467290094562215,25.344512820512822
Aegis-Dawn,275,38.4,0.3919,ok,209314.667,Aegis,Dawn,0,low,0.15358561,15.048960000000001,0.3143477922077922,0.16558189329464748,31.258909090909093
Caelum-Fenix,305,36.6,0.2882,ok,151557.375,Caelum,Fenix,0,low,0.08305924,10.54812,0.2979977329974811,0.16907325550533112,38.04100755667506
Dawn-Fenix,98,56.7,0.3611,ok,111902.624,Dawn,Fenix,0,low,0.13039320999999998,20.47437,0.3041873417721519,0.1724694243240588,47.598683544303796
Boreas-Fenix,64,26.1,0.1545,ok,150285.179,Boreas,Fenix,0,very_low,0.02387025,4.03245,0.3080685421994885,0.17007740427160456,51.75457800511509
Aegis-Boreas,202,108.1,0.5196,ok,158749.179,Aegis,Boreas,0,medium,0.26998416,56.16875999999999,0.2911771978021978,0.16781519450328578,59.97527472527472
Boreas-Fenix,18,36.5,0.2159,ok,158409.449,Boreas,Fenix,0,low,0.046612810000000005,7.88035,0.3080685421994885,0.17007740427160456,51.75457800511509
Boreas-Dawn,37,52.4,0.2593,ok,88759.558,Boreas,Dawn,0,low,0.06723648999999998,13.587319999999998,0.2929547120418848,0.16733925578385606,58.52005235602094
Caelum-Elysium,126,20.2,0.243,ok,156843.903,Caelum,Elysium,0,low,0.059049,4.9086,0.29901641025641024,0.16467290094562215,25.344512820512822
Aegis-Dawn,335,22.7,0.2313,ok,141692.856,Aegis,Dawn,0,low,0.05349969,5.25051,0.3143477922077922,0.16558189329464748,31.258909090909093
Caelum-Fenix,84,87.7,0.6909,ok,625342.95,Caelum,Fenix,0,high,0.47734280999999995,60.59193,0.2979977329974811,0.16907325550533112,38.04100755667506
Aegis-Dawn,145,6.6,0.0676,ok,122186.518,Aegis,Dawn,0,very_low,0.004569759999999999,0.44615999999999995,0.3143477922077922,0.16558189329464748,31.258909090909093
Boreas-Fenix,290,77.4,0.4579,ok,289411.834,Boreas,Fenix,0,medium,0.20967240999999998,35.44146,0.3080685421994885,0.17007740427160456,51.75457800511509
Dawn-Fenix,442,71.0,0.4523,ok,149622.89,Dawn,Fenix,0,medium,0.20457529,32.113299999999995,0.3041873417721519,0.1724694243240588,47.598683544303796
Caelum-Elysium,335,11.9,0.1433,ok,135671.014,Caelum,Elysium,0,very_low,0.020534890000000004,1.7052700000000003,0.29901641025641024,0.16467290094562215,25.344512820512822
Caelum-Elysium,471,11.2,0.1347,ok,135726.261,Caelum,Elysium,0,very_low,0.018144089999999995,1.5086399999999998,0.29901641025641024,0.16467290094562215,25.344512820512822
Elysium-Fenix,359,24.3,0.16,ok,179575.084,Elysium,Fenix,0,very_low,0.0256,3.8880000000000003,0.2866814016172507,0.16585315339481224,43.56679245283019
Boreas-Dawn,171,45.6,0.2256,ok,81029.178,Boreas,Dawn,0,low,0.05089536,10.28736,0.2929547120418848,0.16733925578385606,58.52005235602094
Aegis-Dawn,171,28.2,0.2877,ok,156738.279,Aegis,Dawn,0,low,0.08277129000000001,8.11314,0.3143477922077922,0.16558189329464748,31.258909090909093
Boreas-Dawn,262,26.1,0.1291,ok,72697.958,Boreas,Dawn,0,very_low,0.016666809999999997,3.36951,0.2929547120418848,0.16733925578385606,58.52005235602094
Caelum-Fenix,492,53.4,0.4208,ok,211042.212,Caelum,Fenix,0,medium,0.17707264,22.47072,0.2979977329974811,0.16907325550533112,38.04100755667506
Boreas-Elysium,336,33.2,0.1619,ok,108441.739,Boreas,Elysium,0,very_low,0.026211609999999996,5.37508,0.2900737913486005,0.165054059944648,59.068346055979646
Caelum-Fenix,463,35.4,0.2785,ok,143288.237,Caelum,Fenix,0,low,0.07756225000000001,9.8589,0.2979977329974811,0.16907325550533112,38.04100755667506
Aegis-Boreas,125,40.5,0.1945,ok,68073.988,Aegis,Boreas,0,very_low,0.03783025,7.87725,0.2911771978021978,0.16781519450328578,59.97527472527472
Boreas-Fenix,291,34.5,0.2038,ok,157948.557,Boreas,Fenix,0,low,0.041534440000000006,7.0311,0.3080685421994885,0.17007740427160456,51.75457800511509
Caelum-Elysium,276,15.2,0.1837,ok,143089.829,Caelum,Elysium,0,very_low,0.03374569,2.79224,0.29901641025641024,0.16467290094562215,25.344512820512822
Dawn-Fenix,257,45.7,0.2913,ok,97352.896,Dawn,Fenix,0,low,0.08485569,13.312410000000002,0.3041873417721519,0.1724694243240588,47.598683544303796
Elysium-Fenix,2,19.4,0.1277,ok,171831.66,Elysium,Fenix,0,very_low,0.016307290000000002,2.47738,0.2866814016172507,0.16585315339481224,43.56679245283019
Caelum-Elysium,203,6.2,0.0752,ok,130732.81,Caelum,Elysium,0,very_low,0.00565504,0.46624000000000004,0.29901641025641024,0.16467290094562215,25.344512820512822
Aegis-Elysium,289,140.8,0.697,ok,888207.473,Aegis,Elysium,0,high,0.48580899999999994,98.1376,0.3029021390374331,0.16678734255381286,60.362834224598934
Boreas-Fenix,142,19.0,0.1124,ok,142511.657,Boreas,Fenix,0,very_low,0.01263376,2.1356,0.3080685421994885,0.17007740427160456,51.75457800511509
Caelum-Dawn,329,24.5,0.2658,ok,144582.694,Caelum,Dawn,0,low,0.07064963999999999,6.512099999999999,0.30429655172413794,0.17370736738192366,28.526896551724136
Caelum-Elysium,371,8.2,0.099,ok,129025.675,Caelum,Elysium,0,very_low,0.009801,0.8118,0.29901641025641024,0.16467290094562215,25.344512820512822
Caelum-Dawn,149,36.9,0.4016,ok,199029.665,Caelum,Dawn,0,medium,0.16128256000000002,14.81904,0.30429655172413794,0.17370736738192366,28.526896551724136
Aegis-Boreas,139,42.5,0.2042,ok,67060.116,Aegis,Boreas,0,low,0.041697639999999994,8.6785,0.2911771978021978,0.16781519450328578,59.97527472527472
Caelum-Dawn,345,36.220000000000006,0.2595,ok,144379.272,Caelum,Dawn,0,low,0.06734025,9.399090000000001,0.30429655172413794,0.17370736738192366,28.526896551724136
Boreas-Elysium,478,31.3,0.1526,ok,104789.941,Boreas,Elysium,0,very_low,0.023286760000000004,4.7763800000000005,0.2900737913486005,0.165054059944648,59.068346055979646
Dawn-Elysium,285,20.7,0.3003,ok,144100.005,Dawn,Elysium,0,low,0.09018009,6.21621,0.29596,0.16907179960732635,20.87232
Boreas-Elysium,337,83.4,0.4067,ok,179961.106,Boreas,Elysium,0,medium,0.16540489,33.918780000000005,0.2900737913486005,0.165054059944648,59.068346055979646
Dawn-Elysium,231,26.879999999999995,0.214,ok,118556.07,Dawn,Elysium,0,low,0.045795999999999996,5.752319999999999,0.29596,0.16907179960732635,20.87232
Dawn-Fenix,220,25.2,0.1608,ok,78119.311,Dawn,Fenix,0,very_low,0.02585664,4.05216,0.3041873417721519,0.1724694243240588,47.598683544303796
Aegis-Dawn,32,22.2,0.2264,ok,143644.262,Aegis,Dawn,0,low,0.05125696,5.026079999999999,0.3143477922077922,0.16558189329464748,31.258909090909093
Aegis-Boreas,65,18.2,0.0873,ok,62177.405,Aegis,Boreas,0,very_low,0.00762129,1.58886,0.2911771978021978,0.16781519450328578,59.97527472527472
Caelum-Fenix,331,21.1,0.1659,ok,121285.806,Caelum,Fenix,0,very_low,0.027522809999999998,3.50049,0.2979977329974811,0.16907325550533112,38.04100755667506
Dawn-Fenix,216,45.6,0.2906,ok,96822.467,Dawn,Fenix,0,low,0.08444836000000001,13.251360000000002,0.3041873417721519,0.1724694243240588,47.598683544303796
Elysium-Fenix,471,55.1,0.3625,ok,264667.894,Elysium,Fenix,0,low,0.13140625,19.97375,0.2866814016172507,0.16585315339481224,43.56679245283019
Caelum-Fenix,279,19.1,0.1506,ok,117955.261,Caelum,Fenix,0,very_low,0.022680360000000004,2.8764600000000002,0.2979977329974811,0.16907325550533112,38.04100755667506
Dawn-Elysium,445,30.4,0.4402,ok,205139.02,Dawn,Elysium,0,medium,0.19377603999999998,13.382079999999998,0.29596,0.16907179960732635,20.87232
Caelum-Elysium,36,43.6,0.5251,ok,346967.778,Caelum,Elysium,0,medium,0.27573001,22.894360000000002,0.29901641025641024,0.16467290094562215,25.344512820512822
Aegis-Elysium,270,101.7,0.5037,ok,387027.929,Aegis,Elysium,0,medium,0.25371369000000005,51.226290000000006,0.3029021390374331,0.16678734255381286,60.362834224598934
Aegis-Boreas,127,60.2,0.2895,ok,80935.019,Aegis,Boreas,0,low,0.08381024999999999,17.4279,0.2911771978021978,0.16781519450328578,59.97527472527472
Boreas-Fenix,32,10.2,0.0604,ok,134150.913,Boreas,Fenix,0,very_low,0.00364816,0.61608,0.3080685421994885,0.17007740427160456,51.75457800511509
Caelum-Elysium,413,35.8,0.4315,ok,248661.497,Caelum,Elysium,0,medium,0.18619225,15.4477,0.29901641025641024,0.16467290094562215,25.344512820512822
Caelum-Dawn,338,43.5,0.473,ok,256392.246,Caelum,Dawn,0,medium,0.22372899999999998,20.575499999999998,0.30429655172413794,0.17370736738192366,28.526896551724136
Caelum-Dawn,41,45.0,0.4889,ok,265987.091,Caelum,Dawn,0,medium,0.23902321,22.0005,0.30429655172413794,0.17370736738192366,28.526896551724136
Aegis-Elysium,269,93.8,0.4645,ok,338438.443,Aegis,Elysium,0,medium,0.21576025000000001,43.570100000000004,0.3029021390374331,0.16678734255381286,60.362834224598934
Aegis-Dawn,91,7.3,0.075,ok,118070.815,Aegis,Dawn,0,very_low,0.005625,0.5475,0.3143477922077922,0.16558189329464748,31.258909090909093
Boreas-Fenix,463,39.3,0.2326,ok,163519.122,Boreas,Fenix,0,low,0.05410276,9.141179999999999,0.3080685421994885,0.17007740427160456,51.75457800511509
Aegis-Dawn,70,52.0,0.531,ok,329050.544,Aegis,Dawn,0,medium,0.281961,27.612000000000002,0.3143477922077922,0.16558189329464748,31.258909090909093
Aegis-Dawn,403,18.9,0.1933,ok,133233.621,Aegis,Dawn,0,very_low,0.03736489,3.65337,0.3143477922077922,0.16558189329464748,31.258909090909093
Elysium-Fenix,125,34.2,0.225,ok,193060.83,Elysium,Fenix,0,low,0.050625,7.695000000000001,0.2866814016172507,0.16585315339481224,43.56679245283019
Aegis-Elysium,461,69.2,0.3425,ok,238870.279,Aegis,Elysium,0,low,0.11730625000000001,23.701000000000004,0.3029021390374331,0.16678734255381286,60.362834224598934
Caelum-Fenix,278,15.9,0.1251,ok,120308.599,Caelum,Fenix,0,very_low,0.01565001,1.9890899999999998,0.2979977329974811,0.16907325550533112,38.04100755667506
Boreas-Dawn,342,91.1,0.4511,ok,147429.882,Boreas,Dawn,0,medium,0.20349121,41.095209999999994,0.2929547120418848,0.16733925578385606,58.52005235602094
Boreas-Dawn,308,45.8,0.2266,ok,83281.277,Boreas,Dawn,0,low,0.05134756,10.378279999999998,0.2929547120418848,0.16733925578385606,58.52005235602094
Caelum-Elysium,56,12.0,0.1447,ok,135954.36,Caelum,Elysium,0,very_low,0.02093809,1.7364,0.29901641025641024,0.16467290094562215,25.344512820512822
Aegis-Dawn,249,36.1,0.3687,ok,192554.994,Aegis,Dawn,0,low,0.13593969000000003,13.310070000000001,0.3143477922077922,0.16558189329464748,31.258909090909093
Dawn-Fenix,369,56.52,0.5167,ok,186468.0,Dawn,Fenix,0,medium,0.26697889,29.203884000000006,0.3041873417721519,0.1724694243240588,47.598683544303796
Boreas-Fenix,259,106.3,0.629,ok,560749.325,Boreas,Fenix,0,high,0.395641,66.8627,0.3080685421994885,0.17007740427160456,51.75457800511509
Aegis-Dawn,219,16.0,0.163,ok,133141.161,Aegis,Dawn,0,very_low,0.026569000000000002,2.608,0.3143477922077922,0.16558189329464748,31.258909090909093
Aegis-Dawn,126,34.3,0.3497,ok,182093.692,Aegis,Dawn,0,low,0.12229009,11.99471,0.3143477922077922,0.16558189329464748,31.258909090909093
Dawn-Elysium,497,5.5,0.0802,ok,102397.379,Dawn,Elysium,0,very_low,0.006432039999999999,0.44109999999999994,0.29596,0.16907179960732635,20.87232
Caelum-Elysium,68,25.6,0.3085,ok,183174.768,Caelum,Elysium,0,low,0.09517225,7.897600000000001,0.29901641025641024,0.16467290094562215,25.344512820512822
Boreas-Elysium,300,92.4,0.4509,ok,202952.016,Boreas,Elysium,0,medium,0.20331081,41.663160000000005,0.2900737913486005,0.165054059944648,59.068346055979646
Boreas-Dawn,152,65.1,0.3221,ok,100439.367,Boreas,Dawn,0,low,0.10374841,20.968709999999998,0.2929547120418848,0.16733925578385606,58.52005235602094
Boreas-Dawn,362,13.4,0.0666,ok,68808.228,Boreas,Dawn,0,very_low,0.004435560000000001,0.8924400000000001,0.2929547120418848,0.16733925578385606,58.52005235602094
Dawn-Elysium,1,30.6,0.444,ok,213289.592,Dawn,Elysium,0,medium,0.197136,13.586400000000001,0.29596,0.16907179960732635,20.87232
Aegis-Boreas,327,60.0,0.2885,ok,83990.109,Aegis,Boreas,0,low,0.08323225,17.31,0.2911771978021978,0.16781519450328578,59.97527472527472
Caelum-Dawn,394,38.4,0.4171,ok,210208.213,Caelum,Dawn,0,medium,0.17397241000000002,16.01664,0.30429655172413794,0.17370736738192366,28.526896551724136
Aegis-Boreas,282,68.4,0.3289,ok,88501.25,Aegis,Boreas,0,low,0.10817521000000002,22.496760000000002,0.2911771978021978,0.16781519450328578,59.97527472527472
Dawn-Fenix,155,40.3,0.2564,ok,87417.677,Dawn,Fenix,0,low,0.06574096000000001,10.33292,0.3041873417721519,0.1724694243240588,47.598683544303796
Aegis-Elysium,427,84.4,0.4176,ok,287574.846,Aegis,Elysium,0,medium,0.17438976000000003,35.24544,0.3029021390374331,0.16678734255381286,60.362834224598934
Caelum-Elysium,207,27.3,0.3289,ok,186657.617,Caelum,Elysium,0,low,0.10817521000000002,8.97897,0.29901641025641024,0.16467290094562215,25.344512820512822
Dawn-Fenix,496,45.6,0.2903,ok,94863.947,Dawn,Fenix,0,low,0.08427409,13.237680000000001,0.3041873417721519,0.1724694243240588,47.598683544303796
Caelum-Fenix,41,22.9,0.1803,ok,124280.044,Caelum,Fenix,0,very_low,0.032508089999999996,4.128869999999999,0.2979977329974811,0.16907325550533112,38.04100755667506
Caelum-Fenix,132,14.2,0.112,ok,115070.541,Caelum,Fenix,0,very_low,0.012544000000000001,1.5904,0.2979977329974811,0.16907325550533112,38.04100755667506
Caelum-Elysium,347,10.0,0.1204,ok,128588.657,Caelum,Elysium,0,very_low,0.014496159999999998,1.204,0.29901641025641024,0.16467290094562215,25.344512820512822
Dawn-Elysium,66,29.6,0.4286,ok,200748.663,Dawn,Elysium,0,medium,0.18369796,12.68656,0.29596,0.16907179960732635,20.87232
Aegis-Dawn,487,15.0,0.1535,ok,129283.295,Aegis,Dawn,0,very_low,0.02356225,2.3024999999999998,0.3143477922077922,0.16558189329464748,31.258909090909093
Dawn-Elysium,220,5.0,0.0729,ok,102333.053,Dawn,Elysium,0,very_low,0.005314410000000001,0.36450000000000005,0.29596,0.16907179960732635,20.87232
Elysium-Fenix,280,83.4,0.5486,ok,490210.776,Elysium,Fenix,0,medium,0.30096196,45.75324,0.2866814016172507,0.16585315339481224,43.56679245283019
Aegis-Boreas,303,124.3,0.5975,ok,455081.609,Aegis,Boreas,0,medium,0.35700625,74.26925,0.2911771978021978,0.16781519450328578,59.97527472527472
Boreas-Dawn,124,5.4,0.0267,ok,69283.36,Boreas,Dawn,0,very_low,0.0007128900000000001,0.14418000000000003,0.2929547120418848,0.16733925578385606,58.52005235602094
Caelum-Dawn,236,33.8,0.2753,ok,144442.29,Caelum,Dawn,0,low,0.07579008999999999,9.305139999999998,0.30429655172413794,0.17370736738192366,28.526896551724136
Aegis-Boreas,306,53.8,0.2586,ok,76695.07,Aegis,Boreas,0,low,0.06687396,13.91268,0.2911771978021978,0.16781519450328578,59.97527472527472
Aegis-Boreas,71,26.5,0.1274,ok,62477.154,Aegis,Boreas,0,very_low,0.016230760000000004,3.3761000000000005,0.2911771978021978,0.16781519450328578,59.97527472527472
Caelum-Fenix,386,85.4,0.6724,ok,573239.619,Caelum,Fenix,0,high,0.45212176,57.42296,0.2979977329974811,0.16907325550533112,38.04100755667506
Aegis-Dawn,265,12.3,0.1251,ok,124338.817,Aegis,Dawn,0,very_low,0.01565001,1.53873,0.3143477922077922,0.16558189329464748,31.258909090909093
Caelum-Elysium,363,63.1,0.7601,ok,1037901.936,Caelum,Elysium,0,high,0.57775201,47.96231,0.29901641025641024,0.16467290094562215,25.344512820512822
Caelum-Dawn,400,15.4,0.1674,ok,123511.339,Caelum,Dawn,0,very_low,0.028022759999999997,2.57796,0.30429655172413794,0.17370736738192366,28.526896551724136
Dawn-Elysium,404,38.9,0.5636,ok,322991.98,Dawn,Elysium,0,medium,0.31764496,21.924039999999998,0.29596,0.16907179960732635,20.87232
Boreas-Dawn,334,32.1,0.1589,ok,73187.438,Boreas,Dawn,0,very_low,0.025249210000000005,5.100690000000001,0.2929547120418848,0.16733925578385606,58.52005235602094
Aegis-Boreas,157,28.4,0.1363,ok,64102.848,Aegis,Boreas,0,very_low,0.01857769,3.87092,0.2911771978021978,0.16781519450328578,59.97527472527472
Aegis-Dawn,286,22.48,0.1228,ok,122661.024,Aegis,Dawn,0,very_low,0.015079840000000002,2.7605440000000003,0.3143477922077922,0.16558189329464748,31.258909090909093
Dawn-Elysium,363,11.7,0.1691,ok,114847.061,Dawn,Elysium,0,very_low,0.028594810000000002,1.97847,0.29596,0.16907179960732635,20.87232
Caelum-Fenix,87,52.6,0.4142,ok,211017.411,Caelum,Fenix,0,medium,0.17156164000000002,21.786920000000002,0.2979977329974811,0.16907325550533112,38.04100755667506
Caelum-Elysium,144,30.0,0.3614,ok,205432.712,Caelum,Elysium,0,low,0.13060996,10.842,0.29901641025641024,0.16467290094562215,25.344512820512822
Elysium-Fenix,251,40.0,0.2635,ok,211731.835,Elysium,Fenix,0,low,0.06943225,10.540000000000001,0.2866814016172507,0.16585315339481224,43.56679245283019
Boreas-Dawn,484,70.3,0.3483,ok,106824.489,Boreas,Dawn,0,low,0.12131288999999999,24.48549,0.2929547120418848,0.16733925578385606,58.52005235602094
Aegis-Boreas,388,57.1,0.2747,ok,79062.886,Aegis,Boreas,0,low,0.07546009,15.68537,0.2911771978021978,0.16781519450328578,59.97527472527472
Dawn-Fenix,95,62.9,0.4009,ok,128916.107,Dawn,Fenix,0,medium,0.16072081,25.21661,0.3041873417721519,0.1724694243240588,47.598683544303796
Aegis-Dawn,398,30.0,0.3058,ok,163863.671,Aegis,Dawn,0,low,0.09351364000000001,9.174000000000001,0.3143477922077922,0.16558189329464748,31.258909090909093
Dawn-Elysium,71,16.1,0.2335,ok,126853.749,Dawn,Elysium,0,low,0.05452225000000001,3.7593500000000004,0.29596,0.16907179960732635,20.87232
Dawn-Fenix,119,38.7,0.2462,ok,86735.996,Dawn,Fenix,0,low,0.06061444,9.527940000000001,0.3041873417721519,0.1724694243240588,47.598683544303796
Boreas-Dawn,181,110.1,0.5448,ok,203562.011,Boreas,Dawn,0,medium,0.29680703999999997,59.98247999999999,0.2929547120418848,0.16733925578385606,58.52005235602094
Aegis-Boreas,391,148.5,0.714,ok,379820.432,Aegis,Boreas,0,high,0.5097959999999999,106.029,0.2911771978021978,0.16781519450328578,59.97527472527472
Boreas-Elysium,194,37.0,0.1803,ok,108350.313,Boreas,Elysium,0,very_low,0.032508089999999996,6.671099999999999,0.2900737913486005,0.165054059944648,59.068346055979646
Aegis-Elysium,357,46.5,0.2303,ok,186784.578,Aegis,Elysium,0,low,0.05303809,10.70895,0.3029021390374331,0.16678734255381286,60.362834224598934
Boreas-Fenix,419,56.5,0.3342,ok,199687.382,Boreas,Fenix,0,low,0.11168963999999999,18.8823,0.3080685421994885,0.17007740427160456,51.75457800511509
Boreas-Dawn,1,52.2,0.2583,ok,87274.392,Boreas,Dawn,0,low,0.06671888999999999,13.48326,0.2929547120418848,0.16733925578385606,58.52005235602094
Boreas-Fenix,87,39.2,0.2322,ok,161074.982,Boreas,Fenix,0,low,0.053916839999999994,9.10224,0.3080685421994885,0.17007740427160456,51.75457800511509
Caelum-Fenix,110,29.5,0.2324,ok,136435.662,Caelum,Fenix,0,low,0.05400976,6.8557999999999995,0.2979977329974811,0.16907325550533112,38.04100755667506
Boreas-Dawn,272,63.2,0.3129,ok,97103.92,Boreas,Dawn,0,low,0.09790641000000001,19.775280000000002,0.2929547120418848,0.16733925578385606,58.52005235602094
Elysium-Fenix,211,23.0,0.1511,ok,171724.537,Elysium,Fenix,0,very_low,0.022831210000000005,3.4753000000000003,0.2866814016172507,0.16585315339481224,43.56679245283019
Dawn-Elysium,82,3.8,0.0553,ok,102045.845,Dawn,Elysium,0,very_low,0.0030580900000000003,0.21014,0.29596,0.16907179960732635,20.87232
Caelum-Dawn,399,38.4,0.4172,ok,208498.959,Caelum,Dawn,0,medium,0.17405584000000002,16.02048,0.30429655172413794,0.17370736738192366,28.526896551724136
Aegis-Dawn,377,58.1,0.5924,ok,421608.68,Aegis,Dawn,0,medium,0.35093776000000004,34.418440000000004,0.3143477922077922,0.16558189329464748,31.258909090909093
Caelum-Elysium,415,51.2,0.6171,ok,507149.017,Caelum,Elysium,0,high,0.38081241,31.59552,0.29901641025641024,0.16467290094562215,25.344512820512822
Aegis-Elysium,248,126.8,0.6277,ok,640436.591,Aegis,Elysium,0,high,0.39400729000000007,79.59236,0.3029021390374331,0.16678734255381286,60.362834224598934
Aegis-Boreas,182,86.3,0.4147,ok,114832.988,Aegis,Boreas,0,medium,0.17197609,35.78861,0.2911771978021978,0.16781519450328578,59.97527472527472
Boreas-Dawn,297,39.5,0.1954,ok,78984.903,Boreas,Dawn,0,very_low,0.03818116,7.718299999999999,0.2929547120418848,0.16733925578385606,58.52005235602094
Aegis-Dawn,469,31.6,0.3228,ok,167890.697,Aegis,Dawn,0,low,0.10419983999999999,10.200479999999999,0.3143477922077922,0.16558189329464748,31.258909090909093
Caelum-Dawn,120,37.5,0.4078,ok,205194.928,Caelum,Dawn,0,medium,0.16630084,15.2925,0.30429655172413794,0.17370736738192366,28.526896551724136
Aegis-Boreas,47,112.6,0.5412,ok,175808.637,Aegis,Boreas,0,medium,0.29289744,60.939119999999996,0.2911771978021978,0.16781519450328578,59.97527472527472
Aegis-Elysium,320,31.9,0.1579,ok,171637.196,Aegis,Elysium,0,very_low,0.024932410000000006,5.03701,0.3029021390374331,0.16678734255381286,60.362834224598934
Aegis-Elysium,149,112.2,0.5554,ok,473616.45,Aegis,Elysium,0,medium,0.30846916,62.31588,0.3029021390374331,0.16678734255381286,60.362834224598934
Caelum-Elysium,434,16.8,0.2018,ok,148732.297,Caelum,Elysium,0,low,0.04072324,3.3902400000000004,0.29901641025641024,0.16467290094562215,25.344512820512822
Caelum-Elysium,327,5.5,0.066,ok,128103.07,Caelum,Elysium,0,very_low,0.0043560000000000005,0.363,0.29901641025641024,0.16467290094562215,25.344512820512822
Caelum-Dawn,103,22.3,0.2426,ok,136173.407,Caelum,Dawn,0,low,0.058854760000000006,5.40998,0.30429655172413794,0.17370736738192366,28.526896551724136
Dawn-Fenix,94,93.9,0.5978,ok,261868.031,Dawn,Fenix,0,medium,0.35736484,56.13342,0.3041873417721519,0.1724694243240588,47.598683544303796
Boreas-Fenix,50,112.2,0.6639,ok,665442.305,Boreas,Fenix,0,high,0.44076321000000007,74.48958,0.3080685421994885,0.17007740427160456,51.75457800511509
Aegis-Elysium,77,110.8,0.5485,ok,466652.903,Aegis,Elysium,0,medium,0.30085225,60.773799999999994,0.3029021390374331,0.16678734255381286,60.362834224598934
Boreas-Fenix,328,23.9,0.1413,ok,217250.731,Boreas,Fenix,0,very_low,0.01996569,3.37707,0.3080685421994885,0.17007740427160456,51.75457800511509
Dawn-Elysium,284,23.9,0.3469,ok,153824.041,Dawn,Elysium,0,low,0.12033960999999999,8.290909999999998,0.29596,0.16907179960732635,20.87232
Boreas-Elysium,427,57.3,0.2793,ok,125563.801,Boreas,Elysium,0,low,0.07800849,16.00389,0.2900737913486005,0.165054059944648,59.068346055979646
Caelum-Fenix,221,72.7,0.5723,ok,367770.523,Caelum,Fenix,0,medium,0.32752729,41.606210000000004,0.2979977329974811,0.16907325550533112,38.04100755667506
Aegis-Boreas,291,61.4,0.2951,ok,84184.321,Aegis,Boreas,0,low,0.08708400999999999,18.119139999999998,0.2911771978021978,0.16781519450328578,59.97527472527472
Boreas-Elysium,400,18.2,0.0889,ok,99322.065,Boreas,Elysium,0,very_low,0.00790321,1.61798,0.2900737913486005,0.165054059944648,59.068346055979646
Caelum-Fenix,371,23.2,0.1826,ok,124712.411,Caelum,Fenix,0,very_low,0.033342760000000006,4.23632,0.2979977329974811,0.16907325550533112,38.04100755667506
Elysium-Fenix,411,108.0,0.7104,ok,1021210.368,Elysium,Fenix,0,high,0.50466816,76.7232,0.2866814016172507,0.16585315339481224,43.56679245283019
Elysium-Fenix,426,21.6,0.1422,ok,178985.97,Elysium,Fenix,0,very_low,0.020220839999999997,3.07152,0.2866814016172507,0.16585315339481224,43.56679245283019
Boreas-Elysium,246,11.2,0.0546,ok,99160.551,Boreas,Elysium,0,very_low,0.0029811600000000005,0.61152,0.2900737913486005,0.165054059944648,59.068346055979646
Boreas-Dawn,241,41.4,0.2051,ok,79507.977,Boreas,Dawn,0,low,0.04206601,8.49114,0.2929547120418848,0.16733925578385606,58.52005235602094
Boreas-Elysium,417,85.8,0.4187,ok,188534.008,Boreas,Elysium,0,medium,0.17530969000000002,35.92446,0.2900737913486005,0.165054059944648,59.068346055979646
Dawn-Elysium,486,29.1,0.4224,ok,195408.946,Dawn,Elysium,0,medium,0.17842175999999998,12.29184,0.29596,0.16907179960732635,20.87232
Caelum-Fenix,24,34.0,0.2675,ok,144538.521,Caelum,Fenix,0,low,0.07155625,9.095,0.2979977329974811,0.16907325550533112,38.04100755667506
Dawn-Fenix,330,51.8,0.33,ok,102819.124,Dawn,Fenix,0,low,0.10890000000000001,17.094,0.3041873417721519,0.1724694243240588,47.598683544303796
Elysium-Fenix,484,20.6,0.1357,ok,175003.521,Elysium,Fenix,0,very_low,0.018414489999999995,2.79542,0.2866814016172507,0.16585315339481224,43.56679245283019
Dawn-Elysium,268,30.9,0.4479,ok,209558.663,Dawn,Elysium,0,medium,0.20061441000000002,13.84011,0.29596,0.16907179960732635,20.87232
Boreas-Fenix,3,43.1,0.2548,ok,174078.965,Boreas,Fenix,0,low,0.06492304000000002,10.981880000000002,0.3080685421994885,0.17007740427160456,51.75457800511509
Caelum-Fenix,380,19.1,0.1504,ok,121400.871,Caelum,Fenix,0,very_low,0.02262016,2.8726400000000005,0.2979977329974811,0.16907325550533112,38.04100755667506
Caelum-Dawn,16,21.9,0.2375,ok,135962.555,Caelum,Dawn,0,low,0.05640625,5.201249999999999,0.30429655172413794,0.17370736738192366,28.526896551724136
Boreas-Dawn,222,89.3,0.4419,ok,142666.137,Boreas,Dawn,0,medium,0.19527561000000002,39.46167,0.2929547120418848,0.16733925578385606,58.52005235602094
Boreas-Elysium,240,130.8,0.638,ok,424218.647,Boreas,Elysium,0,high,0.407044,83.4504,0.2900737913486005,0.165054059944648,59.068346055979646
Elysium-Fenix,117,11.8,0.0778,ok,168761.245,Elysium,Fenix,0,very_low,0.0060528399999999994,0.91804,0.2866814016172507,0.16585315339481224,43.56679245283019
Dawn-Fenix,460,81.17999999999999,0.5353,ok,203962.814,Dawn,Fenix,0,medium,0.28654609,43.455653999999996,0.3041873417721519,0.1724694243240588,47.598683544303796
Aegis-Boreas,265,47.0,0.2261,ok,71291.26,Aegis,Boreas,0,low,0.05112121,10.6267,0.2911771978021978,0.16781519450328578,59.97527472527472
Aegis-Dawn,28,17.9,0.1828,ok,390829.915,Aegis,Dawn,0,very_low,0.033415839999999995,3.2721199999999997,0.3143477922077922,0.16558189329464748,31.258909090909093
Elysium-Fenix,235,16.8,0.1105,ok,169253.64,Elysium,Fenix,0,very_low,0.01221025,1.8564,0.2866814016172507,0.16585315339481224,43.56679245283019
Aegis-Boreas,104,53.4,0.2567,ok,75982.859,Aegis,Boreas,0,low,0.06589489,13.70778,0.2911771978021978,0.16781519450328578,59.97527472527472
Boreas-Fenix,327,42.1,0.249,ok,170246.523,Boreas,Fenix,0,low,0.062001,10.4829,0.3080685421994885,0.17007740427160456,51.75457800511509
Aegis-Dawn,273,16.8,0.171,ok,129646.698,Aegis,Dawn,0,very_low,0.029241000000000003,2.8728000000000002,0.3143477922077922,0.16558189329464748,31.258909090909093
Boreas-Dawn,399,43.9,0.2172,ok,81221.236,Boreas,Dawn,0,low,0.047175840000000004,9.53508,0.2929547120418848,0.16733925578385606,58.52005235602094
Boreas-Elysium,121,42.0,0.2049,ok,112659.582,Boreas,Elysium,0,low,0.04198401,8.6058,0.2900737913486005,0.165054059944648,59.068346055979646
Caelum-Elysium,153,9.4,0.1129,ok,132941.238,Caelum,Elysium,0,very_low,0.01274641,1.06126,0.29901641025641024,0.16467290094562215,25.344512820512822
Caelum-Elysium,213,13.7,0.1649,ok,136931.597,Caelum,Elysium,0,very_low,0.027192009999999996,2.25913,0.29901641025641024,0.16467290094562215,25.344512820512822
Boreas-Dawn,300,25.12,0.2132,ok,82596.889,Boreas,Dawn,0,low,0.04545424,5.355584,0.2929547120418848,0.16733925578385606,58.52005235602094
Boreas-Elysium,60,37.2,0.1813,ok,107590.779,Boreas,Elysium,0,very_low,0.03286968999999999,6.74436,0.2900737913486005,0.165054059944648,59.068346055979646
Aegis-Elysium,215,117.0,0.5792,ok,521584.691,Aegis,Elysium,0,medium,0.33547264000000004,67.7664,0.3029021390374331,0.16678734255381286,60.362834224598934
Caelum-Fenix,364,5.4,0.0428,ok,115457.288,Caelum,Fenix,0,very_low,0.0018318399999999997,0.23112,0.2979977329974811,0.16907325550533112,38.04100755667506
Boreas-Elysium,386,28.4,0.1385,ok,104629.195,Boreas,Elysium,0,very_low,0.019182250000000005,3.9334000000000002,0.2900737913486005,0.165054059944648,59.068346055979646
Dawn-Elysium,407,18.8,0.273,ok,132545.52,Dawn,Elysium,0,low,0.07452900000000001,5.1324000000000005,0.29596,0.16907179960732635,20.87232
Boreas-Dawn,6,41.0,0.2031,ok,79553.121,Boreas,Dawn,0,low,0.04124961,8.3271,0.2929547120418848,0.16733925578385606,58.52005235602094
Aegis-Boreas,377,18.9,0.0909,ok,19915.379,Aegis,Boreas,0,very_low,0.008262809999999999,1.7180099999999998,0.2911771978021978,0.16781519450328578,59.97527472527472
Boreas-Dawn,245,42.3,0.2097,ok,79319.506,Boreas,Dawn,0,low,0.04397409,8.87031,0.2929547120418848,0.16733925578385606,58.52005235602094
Boreas-Fenix,315,20.5,0.1216,ok,136463.32,Boreas,Fenix,0,very_low,0.01478656,2.4928,0.3080685421994885,0.17007740427160456,51.75457800511509
Boreas-Fenix,134,46.6,0.2756,ok,178418.463,Boreas,Fenix,0,low,0.07595536,12.842960000000001,0.3080685421994885,0.17007740427160456,51.75457800511509
Dawn-Elysium,142,52.0,0.7539,ok,803909.2,Dawn,Elysium,0,high,0.5683652100000001,39.2028,0.29596,0.16907179960732635,20.87232
Caelum-Dawn,445,53.0,0.5761,ok,372049.973,Caelum,Dawn,0,medium,0.33189120999999994,30.533299999999997,0.30429655172413794,0.17370736738192366,28.526896551724136
Aegis-Dawn,491,30.8,0.3139,ok,167570.413,Aegis,Dawn,0,low,0.09853321000000001,9.66812,0.3143477922077922,0.16558189329464748,31.258909090909093
Caelum-Dawn,252,43.2,0.47,ok,247476.295,Caelum,Dawn,0,medium,0.22089999999999999,20.304,0.30429655172413794,0.17370736738192366,28.526896551724136
Aegis-Boreas,20,36.1,0.1733,ok,64833.58,Aegis,Boreas,0,very_low,0.030032890000000003,6.256130000000001,0.2911771978021978,0.16781519450328578,59.97527472527472
Aegis-Boreas,237,102.5,0.4929,ok,148112.01,Aegis,Boreas,0,medium,0.24295041,50.52225,0.2911771978021978,0.16781519450328578,59.97527472527472
Caelum-Fenix,99,27.4,0.2156,ok,130042.681,Caelum,Fenix,0,low,0.04648336000000001,5.90744,0.2979977329974811,0.16907325550533112,38.04100755667506
Aegis-Dawn,197,14.0,0.1424,ok,126847.961,Aegis,Dawn,0,very_low,0.02027776,1.9936,0.3143477922077922,0.16558189329464748,31.258909090909093
Aegis-Boreas,226,13.8,0.0666,ok,59569.512,Aegis,Boreas,0,very_low,0.004435560000000001,0.9190800000000001,0.2911771978021978,0.16781519450328578,59.97527472527472
Dawn-Fenix,8,77.4,0.4931,ok,174413.68,Dawn,Fenix,0,medium,0.24314761,38.16594,0.3041873417721519,0.1724694243240588,47.598683544303796
Caelum-Elysium,362,37.4,0.4508,ok,267078.314,Caelum,Elysium,0,medium,0.20322063999999998,16.85992,0.29901641025641024,0.16467290094562215,25.344512820512822
Boreas-Dawn,459,9.5,0.0471,ok,67781.916,Boreas,Dawn,0,very_low,0.00221841,0.44745,0.2929547120418848,0.16733925578385606,58.52005235602094
Boreas-Fenix,99,9.1,0.0536,ok,135894.095,Boreas,Fenix,0,very_low,0.0028729600000000004,0.48775999999999997,0.3080685421994885,0.17007740427160456,51.75457800511509
Caelum-Fenix,384,19.2,0.1513,ok,121642.108,Caelum,Fenix,0,very_low,0.022891689999999996,2.9049599999999995,0.2979977329974811,0.16907325550533112,38.04100755667506
Aegis-Dawn,109,63.2,0.6453,ok,533759.734,Aegis,Dawn,0,high,0.41641208999999996,40.78296,0.3143477922077922,0.16558189329464748,31.258909090909093
Boreas-Fenix,308,94.8,0.5609,ok,420809.671,Boreas,Fenix,0,medium,0.31460880999999996,53.17332,0.3080685421994885,0.17007740427160456,51.75457800511509
Caelum-Elysium,253,10.1,0.122,ok,132794.858,Caelum,Elysium,0,very_low,0.014884,1.2322,0.29901641025641024,0.16467290094562215,25.344512820512822
Caelum-Dawn,341,31.6,0.343,ok,172054.203,Caelum,Dawn,0,low,0.11764900000000002,10.8388,0.30429655172413794,0.17370736738192366,28.526896551724136
Caelum-Dawn,36,10.4,0.1128,ok,117174.11,Caelum,Dawn,0,very_low,0.01272384,1.17312,0.30429655172413794,0.17370736738192366,28.526896551724136
Aegis-Dawn,310,30.3,0.3092,ok,165743.083,Aegis,Dawn,0,low,0.09560463999999999,9.36876,0.3143477922077922,0.16558189329464748,31.258909090909093
Dawn-Fenix,326,15.6,0.0994,ok,74396.686,Dawn,Fenix,0,very_low,0.009880360000000001,1.55064,0.3041873417721519,0.1724694243240588,47.598683544303796
Aegis-Elysium,65,36.4,0.18,ok,168514.745,Aegis,Elysium,0,very_low,0.0324,6.552,0.3029021390374331,0.16678734255381286,60.362834224598934
Boreas-Elysium,411,104.2,0.5081,ok,249679.384,Boreas,Elysium,0,medium,0.25816561,52.94402,0.2900737913486005,0.165054059944648,59.068346055979646
Caelum-Fenix,191,26.0,0.2047,ok,130831.005,Caelum,Fenix,0,low,0.041902089999999996,5.3222,0.2979977329974811,0.16907325550533112,38.04100755667506
Boreas-Dawn,61,79.4,0.393,ok,124571.309,Boreas,Dawn,0,low,0.154449,31.204200000000004,0.2929547120418848,0.16733925578385606,58.52005235602094
Boreas-Dawn,281,103.1,0.5106,ok,180821.532,Boreas,Dawn,0,medium,0.26071236000000003,52.642860000000006,0.2929547120418848,0.16733925578385606,58.52005235602094
Dawn-Fenix,31,91.1,0.5804,ok,241908.417,Dawn,Fenix,0,medium,0.33686416,52.87444,0.3041873417721519,0.1724694243240588,47.598683544303796
Boreas-Fenix,36,81.8,0.4843,ok,318343.814,Boreas,Fenix,0,medium,0.23454649,39.61574,0.3080685421994885,0.17007740427160456,51.75457800511509
Dawn-Fenix,133,32.3,0.2055,ok,166589.028,Dawn,Fenix,0,low,0.04223025,6.637649999999999,0.3041873417721519,0.1724694243240588,47.598683544303796
Caelum-Fenix,487,51.6,0.4065,ok,208968.231,Caelum,Fenix,0,medium,0.16524224999999998,20.9754,0.2979977329974811,0.16907325550533112,38.04100755667506
Dawn-Fenix,28,68.5,0.4363,ok,144388.977,Dawn,Fenix,0,medium,0.19035769000000002,29.88655,0.3041873417721519,0.1724694243240588,47.598683544303796
Aegis-Dawn,38,14.6,0.1493,ok,133033.67,Aegis,Dawn,0,very_low,0.022290489999999996,2.1797799999999996,0.3143477922077922,0.16558189329464748,31.258909090909093
Caelum-Fenix,5,22.8,0.1796,ok,127984.545,Caelum,Fenix,0,very_low,0.032256160000000006,4.094880000000001,0.2979977329974811,0.16907325550533112,38.04100755667506
Dawn-Elysium,395,14.4,0.208,ok,119385.501,Dawn,Elysium,0,low,0.043264,2.9952,0.29596,0.16907179960732635,20.87232
Dawn-Elysium,73,18.1,0.2625,ok,128702.787,Dawn,Elysium,0,low,0.06890625,4.751250000000001,0.29596,0.16907179960732635,20.87232
Aegis-Boreas,225,91.5,0.44,ok,68235.43,Aegis,Boreas,0,medium,0.1936,40.26,0.2911771978021978,0.16781519450328578,59.97527472527472
Boreas-Fenix,46,76.7,0.4537,ok,291132.263,Boreas,Fenix,0,medium,0.20584369,34.798790000000004,0.3080685421994885,0.17007740427160456,51.75457800511509
Boreas-Dawn,205,61.6,0.3047,ok,96217.451,Boreas,Dawn,0,low,0.09284209000000002,18.769520000000004,0.2929547120418848,0.16733925578385606,58.52005235602094
Aegis-Boreas,371,16.3,0.0782,ok,57537.12,Aegis,Boreas,0,very_low,0.006115240000000001,1.2746600000000001,0.2911771978021978,0.16781519450328578,59.97527472527472
Caelum-Fenix,370,16.8,0.1322,ok,121294.34,Caelum,Fenix,0,very_low,0.017476840000000004,2.2209600000000003,0.2979977329974811,0.16907325550533112,38.04100755667506
Caelum-Dawn,200,52.2,0.5679,ok,363524.14,Caelum,Dawn,0,medium,0.32251040999999997,29.644379999999998,0.30429655172413794,0.17370736738192366,28.526896551724136
Caelum-Dawn,161,38.5,0.4189,ok,211556.485,Caelum,Dawn,0,medium,0.17547721,16.12765,0.30429655172413794,0.17370736738192366,28.526896551724136
Aegis-Elysium,99,118.3,0.5856,ok,535750.641,Aegis,Elysium,0,medium,0.34292736,69.27648,0.3029021390374331,0.16678734255381286,60.362834224598934
Elysium-Fenix,385,46.5,0.3061,ok,231190.196,Elysium,Fenix,0,low,0.09369720999999999,14.233649999999999,0.2866814016172507,0.16585315339481224,43.56679245283019
Aegis-Dawn,289,34.3,0.3504,ok,183155.688,Aegis,Dawn,0,low,0.12278016,12.018719999999998,0.3143477922077922,0.16558189329464748,31.258909090909093
Dawn-Elysium,166,19.0,0.2751,ok,135292.297,Dawn,Elysium,0,low,0.07568001,5.2269000000000005,0.29596,0.16907179960732635,20.87232
Dawn-Elysium,341,11.6,0.1688,ok,111903.274,Dawn,Elysium,0,very_low,0.028493440000000002,1.95808,0.29596,0.16907179960732635,20.87232
Aegis-Elysium,495,44.7,0.2212,ok,181835.888,Aegis,Elysium,0,low,0.048929440000000005,9.887640000000001,0.3029021390374331,0.16678734255381286,60.362834224598934
Dawn-Fenix,258,32.8,0.2088,ok,81166.509,Dawn,Fenix,0,low,0.04359744000000001,6.84864,0.3041873417721519,0.1724694243240588,47.598683544303796
Caelum-Elysium,47,32.4,0.3909,ok,218286.247,Caelum,Elysium,0,low,0.15280281,12.66516,0.29901641025641024,0.16467290094562215,25.344512820512822
Aegis-Boreas,222,154.6,0.7432,ok,447183.956,Aegis,Boreas,0,high,0.55234624,114.89872,0.2911771978021978,0.16781519450328578,59.97527472527472
Boreas-Elysium,324,115.3,0.5624,ok,307832.27,Boreas,Elysium,0,medium,0.31629376000000003,64.84472,0.2900737913486005,0.165054059944648,59.068346055979646
Dawn-Fenix,305,29.4,0.187,ok,79339.568,Dawn,Fenix,0,very_low,0.034969,5.4978,0.3041873417721519,0.1724694243240588,47.598683544303796
Boreas-Dawn,299,23.2,0.1146,ok,70114.705,Boreas,Dawn,0,very_low,0.013133159999999998,2.6587199999999998,0.2929547120418848,0.16733925578385606,58.52005235602094
Boreas-Fenix,414,86.5,0.5116,ok,352603.859,Boreas,Fenix,0,medium,0.26173456000000006,44.253400000000006,0.3080685421994885,0.17007740427160456,51.75457800511509
Boreas-Dawn,307,92.8,0.4596,ok,149294.918,Boreas,Dawn,0,medium,0.21123216,42.65088,0.2929547120418848,0.16733925578385606,58.52005235602094
Caelum-Dawn,138,27.6,0.3,ok,153798.862,Caelum,Dawn,0,low,0.09,8.28,0.30429655172413794,0.17370736738192366,28.526896551724136
Boreas-Fenix,406,61.1,0.3615,ok,220280.831,Boreas,Fenix,0,low,0.13068225,22.08765,0.3080685421994885,0.17007740427160456,51.75457800511509
Aegis-Boreas,203,32.8,0.1576,ok,65914.841,Aegis,Boreas,0,very_low,0.024837759999999997,5.16928,0.2911771978021978,0.16781519450328578,59.97527472527472
Dawn-Elysium,278,30.6,0.4436,ok,207382.11,Dawn,Elysium,0,medium,0.19678096,13.574160000000001,0.29596,0.16907179960732635,20.87232
Caelum-Elysium,423,25.9,0.3125,ok,180497.896,Caelum,Elysium,0,low,0.09765625,8.09375,0.29901641025641024,0.16467290094562215,25.344512820512822
Boreas-Dawn,82,94.5,0.4679,ok,153478.466,Boreas,Dawn,0,medium,0.21893041,44.21655,0.2929547120418848,0.16733925578385606,58.52005235602094
Caelum-Elysium,52,21.4,0.258,ok,160770.863,Caelum,Elysium,0,low,0.066564,5.521199999999999,0.29901641025641024,0.16467290094562215,25.344512820512822
Dawn-Elysium,301,10.8,0.1568,ok,113714.418,Dawn,Elysium,0,very_low,0.02458624,1.69344,0.29596,0.16907179960732635,20.87232
Aegis-Elysium,106,71.0,0.3517,ok,243642.516,Aegis,Elysium,0,low,0.12369289000000001,24.9707,0.3029021390374331,0.16678734255381286,60.362834224598934
Boreas-Elysium,195,87.6,0.4271,ok,190179.267,Boreas,Elysium,0,medium,0.18241440999999997,37.413959999999996,0.2900737913486005,0.165054059944648,59.068346055979646
Aegis-Dawn,427,29.7,0.3032,ok,161622.0,Aegis,Dawn,0,low,0.09193024000000001,9.005040000000001,0.3143477922077922,0.16558189329464748,31.258909090909093
Boreas-Elysium,235,24.4,0.119,ok,100558.445,Boreas,Elysium,0,very_low,0.014160999999999998,2.9035999999999995,0.2900737913486005,0.165054059944648,59.068346055979646
Elysium-Fenix,451,31.6,0.2077,ok,191323.172,Elysium,Fenix,0,low,0.04313929,6.56332,0.2866814016172507,0.16585315339481224,43.56679245283019
Caelum-Elysium,174,96.48,0.5154,ok,336667.212,Caelum,Elysium,0,medium,0.26563716,49.725792,0.29901641025641024,0.16467290094562215,25.344512820512822
Aegis-Dawn,92,9.3,0.0947,ok,123110.977,Aegis,Dawn,0,very_low,0.008968090000000001,0.8807100000000001,0.3143477922077922,0.16558189329464748,31.258909090909093
Caelum-Fenix,100,18.1,0.1422,ok,117791.264,Caelum,Fenix,0,very_low,0.020220839999999997,2.57382,0.2979977329974811,0.16907325550533112,38.04100755667506
Elysium-Fenix,145,39.9,0.2628,ok,207689.34,Elysium,Fenix,0,low,0.06906383999999999,10.485719999999999,0.2866814016172507,0.16585315339481224,43.56679245283019
Elysium-Fenix,190,24.9,0.1638,ok,175530.664,Elysium,Fenix,0,very_low,0.02683044,4.07862,0.2866814016172507,0.16585315339481224,43.56679245283019
Boreas-Dawn,481,52.5,0.26,ok,91348.486,Boreas,Dawn,0,low,0.06760000000000001,13.65,0.2929547120418848,0.16733925578385606,58.52005235602094
Aegis-Boreas,144,56.5,0.2718,ok,77338.236,Aegis,Boreas,0,low,0.07387524,15.3567,0.2911771978021978,0.16781519450328578,59.97527472527472
Boreas-Dawn,426,80.7,0.3996,ok,124326.614,Boreas,Dawn,0,low,0.15968016000000002,32.24772,0.2929547120418848,0.16733925578385606,58.52005235602094
Dawn-Fenix,40,19.9,0.127,ok,73653.309,Dawn,Fenix,0,very_low,0.016129,2.5273,0.3041873417721519,0.1724694243240588,47.598683544303796
Caelum-Dawn,85,11.1,0.1208,ok,113631.259,Caelum,Dawn,0,very_low,0.01459264,1.34088,0.30429655172413794,0.17370736738192366,28.526896551724136
Aegis-Elysium,207,45.3,0.2245,ok,175827.089,Aegis,Elysium,0,low,0.05040025,10.16985,0.3029021390374331,0.16678734255381286,60.362834224598934
Boreas-Elysium,334,82.0,0.3998,ok,174808.499,Boreas,Elysium,0,low,0.15984004,32.7836,0.2900737913486005,0.165054059944648,59.068346055979646
Boreas-Elysium,405,12.2,0.0595,ok,100514.472,Boreas,Elysium,0,very_low,0.0035402499999999996,0.7258999999999999,0.2900737913486005,0.165054059944648,59.068346055979646
Boreas-Fenix,121,18.3,0.108,ok,144018.79,Boreas,Fenix,0,very_low,0.011663999999999999,1.9764000000000002,0.3080685421994885,0.17007740427160456,51.75457800511509
Aegis-Boreas,483,26.4,0.1268,ok,64738.301,Aegis,Boreas,0,very_low,0.01607824,3.34752,0.2911771978021978,0.16781519450328578,59.97527472527472
Caelum-Dawn,171,14.1,0.1528,ok,118411.33,Caelum,Dawn,0,very_low,0.023347839999999998,2.15448,0.30429655172413794,0.17370736738192366,28.526896551724136
Boreas-Fenix,464,41.4,0.2449,ok,167706.446,Boreas,Fenix,0,low,0.05997601,10.13886,0.3080685421994885,0.17007740427160456,51.75457800511509
Dawn-Elysium,487,25.3,0.3672,ok,168341.261,Dawn,Elysium,0,low,0.13483584,9.29016,0.29596,0.16907179960732635,20.87232
Aegis-Dawn,118,16.0,0.1633,ok,129922.837,Aegis,Dawn,0,very_low,0.02666689,2.6128,0.3143477922077922,0.16558189329464748,31.258909090909093
Boreas-Fenix,450,28.4,0.1678,ok,151284.789,Boreas,Fenix,0,very_low,0.028156840000000002,4.7655199999999995,0.3080685421994885,0.17007740427160456,51.75457800511509
Aegis-Boreas,470,30.5,0.1468,ok,22834.21,Aegis,Boreas,0,very_low,0.021550240000000005,4.4774,0.2911771978021978,0.16781519450328578,59.97527472527472
Boreas-Fenix,78,104.8,0.6202,ok,542443.066,Boreas,Fenix,0,high,0.38464803999999997,64.99696,0.3080685421994885,0.17007740427160456,51.75457800511509
Caelum-Fenix,401,11.9,0.0937,ok,114186.028,Caelum,Fenix,0,very_low,0.008779690000000001,1.1150300000000002,0.2979977329974811,0.16907325550533112,38.04100755667506
Aegis-Dawn,39,19.4,0.1976,ok,132527.526,Aegis,Dawn,0,very_low,0.03904576,3.8334399999999995,0.3143477922077922,0.16558189329464748,31.258909090909093
Boreas-Elysium,426,138.4,0.6752,ok,505265.654,Boreas,Elysium,0,high,0.45589504000000003,93.44768,0.2900737913486005,0.165054059944648,59.068346055979646
Elysium-Fenix,118,22.7,0.1495,ok,176912.692,Elysium,Fenix,0,very_low,0.02235025,3.3936499999999996,0.2866814016172507,0.16585315339481224,43.56679245283019
Caelum-Dawn,151,13.4,0.1454,ok,122408.432,Caelum,Dawn,0,very_low,0.02114116,1.94836,0.30429655172413794,0.17370736738192366,28.526896551724136
Caelum-Dawn,240,17.9,0.1942,ok,125300.236,Caelum,Dawn,0,very_low,0.03771364000000001,3.47618,0.30429655172413794,0.17370736738192366,28.526896551724136
Dawn-Elysium,377,8.0,0.1154,ok,103061.367,Dawn,Elysium,0,very_low,0.01331716,0.9232,0.29596,0.16907179960732635,20.87232
Caelum-Dawn,40,2.5,0.0269,ok,112868.811,Caelum,Dawn,0,very_low,0.00072361,0.06725,0.30429655172413794,0.17370736738192366,28.526896551724136
Aegis-Elysium,232,43.1,0.2131,ok,182862.673,Aegis,Elysium,0,low,0.045411610000000005,9.184610000000001,0.3029021390374331,0.16678734255381286,60.362834224598934
Boreas-Elysium,310,59.5,0.2903,ok,132721.303,Boreas,Elysium,0,low,0.08427409,17.272850000000002,0.2900737913486005,0.165054059944648,59.068346055979646
Aegis-Boreas,471,87.5,0.4207,ok,117180.127,Aegis,Boreas,0,medium,0.17698849000000003,36.81125,0.2911771978021978,0.16781519450328578,59.97527472527472
Elysium-Fenix,314,81.9,0.5389,ok,474989.352,Elysium,Fenix,0,medium,0.29041321000000003,44.13591000000001,0.2866814016172507,0.16585315339481224,43.56679245283019
Caelum-Fenix,57,6.9,0.0547,ok,112071.95,Caelum,Fenix,0,very_low,0.0029920899999999998,0.37743,0.2979977329974811,0.16907325550533112,38.04100755667506
Elysium-Fenix,350,77.3,0.5086,ok,423487.153,Elysium,Fenix,0,medium,0.25867396000000004,39.314780000000006,0.2866814016172507,0.16585315339481224,43.56679245283019
Boreas-Dawn,150,9.5,0.0472,ok,67050.324,Boreas,Dawn,0,very_low,0.00222784,0.44839999999999997,0.2929547120418848,0.16733925578385606,58.52005235602094
Elysium-Fenix,187,23.1,0.1517,ok,485037.953,Elysium,Fenix,0,very_low,0.02301289,3.5042700000000004,0.2866814016172507,0.16585315339481224,43.56679245283019
Boreas-Dawn,189,32.5,0.1607,ok,75728.649,Boreas,Dawn,0,very_low,0.025824490000000002,5.2227500000000004,0.2929547120418848,0.16733925578385606,58.52005235602094
Caelum-Fenix,344,43.3,0.3406,ok,169358.005,Caelum,Fenix,0,low,0.11600836,14.74798,0.2979977329974811,0.16907325550533112,38.04100755667506
Boreas-Fenix,470,54.9,0.3247,ok,198500.533,Boreas,Fenix,0,low,0.10543008999999999,17.82603,0.3080685421994885,0.17007740427160456,51.75457800511509
Caelum-Dawn,299,32.9,0.3576,ok,175418.737,Caelum,Dawn,0,low,0.12787775999999998,11.765039999999999,0.30429655172413794,0.17370736738192366,28.526896551724136
Aegis-Elysium,324,12.2,0.0603,ok,157017.576,Aegis,Elysium,0,very_low,0.00363609,0.73566,0.3029021390374331,0.16678734255381286,60.362834224598934
Elysium-Fenix,119,22.1,0.1451,ok,180575.315,Elysium,Fenix,0,very_low,0.02105401,3.20671,0.2866814016172507,0.16585315339481224,43.56679245283019
Aegis-Elysium,45,44.5,0.2204,ok,179225.725,Aegis,Elysium,0,low,0.04857616000000001,9.8078,0.3029021390374331,0.16678734255381286,60.362834224598934
Caelum-Elysium,110,24.0,0.2897,ok,173034.669,Caelum,Elysium,0,low,0.08392609000000001,6.9528,0.29901641025641024,0.16467290094562215,25.344512820512822
Caelum-Fenix,117,54.3,0.4276,ok,219926.21,Caelum,Fenix,0,medium,0.18284176,23.21868,0.2979977329974811,0.16907325550533112,38.04100755667506
Boreas-Fenix,200,65.5,0.3876,ok,230871.325,Boreas,Fenix,0,low,0.15023376,25.3878,0.3080685421994885,0.17007740427160456,51.75457800511509
Boreas-Dawn,46,9.3,0.0462,ok,70066.5,Boreas,Dawn,0,very_low,0.0021344399999999996,0.42966000000000004,0.2929547120418848,0.16733925578385606,58.52005235602094
Aegis-Boreas,199,49.5,0.2379,ok,74114.388,Aegis,Boreas,0,low,0.05659641,11.77605,0.2911771978021978,0.16781519450328578,59.97527472527472
Elysium-Fenix,362,9.2,0.0605,ok,168571.797,Elysium,Fenix,0,very_low,0.00366025,0.5566,0.2866814016172507,0.16585315339481224,43.56679245283019
Dawn-Fenix,397,4.2,0.027,ok,27881.961,Dawn,Fenix,0,very_low,0.0007289999999999999,0.1134,0.3041873417721519,0.1724694243240588,47.598683544303796
Dawn-Fenix,2,67.6,0.4309,ok,140463.423,Dawn,Fenix,0,medium,0.18567481,29.128839999999997,0.3041873417721519,0.1724694243240588,47.598683544303796
Dawn-Fenix,285,32.0,0.2037,ok,82476.704,Dawn,Fenix,0,low,0.04149369,6.5184,0.3041873417721519,0.1724694243240588,47.598683544303796
Dawn-Fenix,58,66.2,0.4219,ok,134969.735,Dawn,Fenix,0,medium,0.17799961,27.92978,0.3041873417721519,0.1724694243240588,47.598683544303796
Dawn-Fenix,303,46.1,0.2937,ok,97764.966,Dawn,Fenix,0,low,0.08625969000000001,13.539570000000001,0.3041873417721519,0.1724694243240588,47.598683544303796
Aegis-Elysium,402,75.1,0.3718,ok,261071.912,Aegis,Elysium,0,low,0.13823524,27.92218,0.3029021390374331,0.16678734255381286,60.362834224598934
Caelum-Elysium,348,4.4,0.0536,ok,127938.317,Caelum,Elysium,0,very_low,0.0028729600000000004,0.23584000000000002,0.29901641025641024,0.16467290094562215,25.344512820512822
Caelum-Dawn,472,20.5,0.2234,ok,131654.751,Caelum,Dawn,0,low,0.04990756,4.5797,0.30429655172413794,0.17370736738192366,28.526896551724136
Elysium-Fenix,395,26.3,0.1732,ok,185580.721,Elysium,Fenix,0,very_low,0.02999824,4.55516,0.2866814016172507,0.16585315339481224,43.56679245283019
Dawn-Fenix,250,31.7,0.202,ok,81130.11,Dawn,Fenix,0,low,0.04080400000000001,6.4034,0.3041873417721519,0.1724694243240588,47.598683544303796
Aegis-Elysium,356,116.9,0.5786,ok,513098.458,Aegis,Elysium,0,medium,0.33477796,67.63834,0.3029021390374331,0.16678734255381286,60.362834224598934
Dawn-Elysium,12,31.5,0.4567,ok,216537.988,Dawn,Elysium,0,medium,0.20857488999999999,14.38605,0.29596,0.16907179960732635,20.87232
Dawn-Fenix,17,27.2,0.173,ok,75947.802,Dawn,Fenix,0,very_low,0.029928999999999997,4.7056,0.3041873417721519,0.1724694243240588,47.598683544303796
Caelum-Elysium,343,62.3,0.7504,ok,981704.304,Caelum,Elysium,0,high,0.56310016,46.749919999999996,0.29901641025641024,0.16467290094562215,25.344512820512822
Boreas-Fenix,54,43.3,0.2559,ok,173686.886,Boreas,Fenix,0,low,0.06548481,11.08047,0.3080685421994885,0.17007740427160456,51.75457800511509
Dawn-Elysium,345,5.4,0.0781,ok,103136.072,Dawn,Elysium,0,very_low,0.00609961,0.42174000000000006,0.29596,0.16907179960732635,20.87232
Caelum-Fenix,33,53.3,0.4198,ok,214288.816,Caelum,Fenix,0,medium,0.17623204,22.375339999999998,0.2979977329974811,0.16907325550533112,38.04100755667506
Aegis-Boreas,379,58.0,0.2787,ok,82119.493,Aegis,Boreas,0,low,0.07767369,16.1646,0.2911771978021978,0.16781519450328578,59.97527472527472
Elysium-Fenix,212,18.8,0.1235,ok,173171.251,Elysium,Fenix,0,very_low,0.01525225,2.3218,0.2866814016172507,0.16585315339481224,43.56679245283019
Aegis-Elysium,209,38.4,0.19,ok,170985.037,Aegis,Elysium,0,very_low,0.0361,7.295999999999999,0.3029021390374331,0.16678734255381286,60.362834224598934
Caelum-Elysium,314,14.3,0.1727,ok,138443.783,Caelum,Elysium,0,very_low,0.029825289999999997,2.46961,0.29901641025641024,0.16467290094562215,25.344512820512822
Caelum-Fenix,74,15.1,0.1191,ok,117408.63,Caelum,Fenix,0,very_low,0.014184809999999999,1.7984099999999998,0.2979977329974811,0.16907325550533112,38.04100755667506
Boreas-Elysium,364,55.0,0.2681,ok,125937.561,Boreas,Elysium,0,low,0.07187761000000001,14.7455,0.2900737913486005,0.165054059944648,59.068346055979646
Caelum-Dawn,498,17.5,0.1904,ok,125502.068,Caelum,Dawn,0,very_low,0.036252160000000005,3.3320000000000003,0.30429655172413794,0.17370736738192366,28.526896551724136
Caelum-Fenix,95,12.0,0.0947,ok,113485.74,Caelum,Fenix,0,very_low,0.008968090000000001,1.1364,0.2979977329974811,0.16907325550533112,38.04100755667506
Elysium-Fenix,396,32.0,0.2108,ok,192009.692,Elysium,Fenix,0,low,0.04443663999999999,6.7456,0.2866814016172507,0.16585315339481224,43.56679245283019
Aegis-Boreas,198,62.9,0.3024,ok,83045.037,Aegis,Boreas,0,low,0.09144576,19.02096,0.2911771978021978,0.16781519450328578,59.97527472527472
Caelum-Dawn,488,37.9,0.4118,ok,209620.562,Caelum,Dawn,0,medium,0.16957924,15.60722,0.30429655172413794,0.17370736738192366,28.526896551724136
Aegis-Boreas,113,43.6,0.2098,ok,71300.629,Aegis,Boreas,0,low,0.04401603999999999,9.14728,0.2911771978021978,0.16781519450328578,59.97527472527472
Aegis-Boreas,181,68.2,0.328,ok,87841.809,Aegis,Boreas,0,low,0.10758400000000001,22.369600000000002,0.2911771978021978,0.16781519450328578,59.97527472527472
Caelum-Fenix,112,90.4,0.7116,ok,703060.531,Caelum,Fenix,0,high,0.50637456,64.32864000000001,0.2979977329974811,0.16907325550533112,38.04100755667506
Caelum-Elysium,180,15.2,0.1826,ok,143759.595,Caelum,Elysium,0,very_low,0.033342760000000006,2.77552,0.29901641025641024,0.16467290094562215,25.344512820512822
Boreas-Dawn,170,77.6,0.384,ok,118963.513,Boreas,Dawn,0,low,0.147456,29.798399999999997,0.2929547120418848,0.16733925578385606,58.52005235602094
Aegis-Elysium,426,30.8,0.1526,ok,165973.637,Aegis,Elysium,0,very_low,0.023286760000000004,4.700080000000001,0.3029021390374331,0.16678734255381286,60.362834224598934
Dawn-Elysium,251,14.1,0.2042,ok,121613.159,Dawn,Elysium,0,low,0.041697639999999994,2.8792199999999997,0.29596,0.16907179960732635,20.87232
Boreas-Elysium,217,79.2,0.3862,ok,165889.413,Boreas,Elysium,0,low,0.14915044,30.587040000000002,0.2900737913486005,0.165054059944648,59.068346055979646
Dawn-Fenix,219,22.3,0.1422,ok,79327.556,Dawn,Fenix,0,very_low,0.020220839999999997,3.1710599999999998,0.3041873417721519,0.1724694243240588,47.598683544303796
Elysium-Fenix,336,16.2,0.1067,ok,166856.919,Elysium,Fenix,0,very_low,0.01138489,1.72854,0.2866814016172507,0.16585315339481224,43.56679245283019
Boreas-Fenix,202,19.0,0.1125,ok,136259.437,Boreas,Fenix,0,very_low,0.01265625,2.1375,0.3080685421994885,0.17007740427160456,51.75457800511509
Caelum-Elysium,328,6.6,0.08,ok,124739.169,Caelum,Elysium,0,very_low,0.0064,0.528,0.29901641025641024,0.16467290094562215,25.344512820512822
Caelum-Fenix,307,25.7,0.2024,ok,128052.533,Caelum,Fenix,0,low,0.04096576,5.20168,0.2979977329974811,0.16907325550533112,38.04100755667506
Elysium-Fenix,34,30.8,0.2025,ok,197030.208,Elysium,Fenix,0,low,0.04100625000000001,6.237000000000001,0.2866814016172507,0.16585315339481224,43.56679245283019
Aegis-Boreas,496,82.0,0.3943,ok,105623.699,Aegis,Boreas,0,low,0.15547249,32.3326,0.2911771978021978,0.16781519450328578,59.97527472527472
Dawn-Elysium,14,4.2,0.0613,ok,103286.488,Dawn,Elysium,0,very_low,0.00375769,0.25746,0.29596,0.16907179960732635,20.87232
Caelum-Fenix,469,63.4,0.4995,ok,280746.943,Caelum,Fenix,0,medium,0.24950025,31.6683,0.2979977329974811,0.16907325550533112,38.04100755667506
Elysium-Fenix,292,39.2,0.2577,ok,208465.659,Elysium,Fenix,0,low,0.06640929,10.10184,0.2866814016172507,0.16585315339481224,43.56679245283019
Boreas-Dawn,190,126.9,0.6281,ok,288602.194,Boreas,Dawn,0,high,0.39450961,79.70589,0.2929547120418848,0.16733925578385606,58.52005235602094
Aegis-Boreas,320,71.5,0.3438,ok,91485.896,Aegis,Boreas,0,low,0.11819844,24.581699999999998,0.2911771978021978,0.16781519450328578,59.97527472527472
Caelum-Fenix,120,21.02,0.1419,ok,120268.462,Caelum,Fenix,0,very_low,0.020135609999999998,2.982738,0.2979977329974811,0.16907325550533112,38.04100755667506
Aegis-Dawn,29,45.5,0.4647,ok,259705.011,Aegis,Dawn,0,medium,0.21594609,21.14385,0.3143477922077922,0.16558189329464748,31.258909090909093
Aegis-Boreas,173,89.2,0.4288,ok,120124.331,Aegis,Boreas,0,medium,0.18386944000000002,38.248960000000004,0.2911771978021978,0.16781519450328578,59.97527472527472
Boreas-Elysium,219,44.3,0.216,ok,116138.607,Boreas,Elysium,0,low,0.046655999999999996,9.5688,0.2900737913486005,0.165054059944648,59.068346055979646
Caelum-Elysium,470,14.7,0.1777,ok,140720.266,Caelum,Elysium,0,very_low,0.03157729,2.61219,0.29901641025641024,0.16467290094562215,25.344512820512822
Caelum-Dawn,39,40.4,0.4397,ok,227901.785,Caelum,Dawn,0,medium,0.19333609,17.763879999999997,0.30429655172413794,0.17370736738192366,28.526896551724136
Aegis-Elysium,71,45.7,0.2262,ok,188413.539,Aegis,Elysium,0,low,0.05116644000000001,10.337340000000001,0.3029021390374331,0.16678734255381286,60.362834224598934
Aegis-Elysium,280,118.0,0.5843,ok,531880.748,Aegis,Elysium,0,medium,0.34140649000000006,68.9474,0.3029021390374331,0.16678734255381286,60.362834224598934
Caelum-Elysium,32,14.8,0.1782,ok,142718.723,Caelum,Elysium,0,very_low,0.03175524,2.63736,0.29901641025641024,0.16467290094562215,25.344512820512822
Aegis-Elysium,174,34.4,0.1705,ok,164926.86,Aegis,Elysium,0,very_low,0.029070250000000006,5.865200000000001,0.3029021390374331,0.16678734255381286,60.362834224598934
Aegis-Boreas,108,78.2,0.3759,ok,100991.385,Aegis,Boreas,0,low,0.14130081,29.395380000000003,0.2911771978021978,0.16781519450328578,59.97527472527472
Dawn-Fenix,394,41.7,0.2655,ok,90115.93,Dawn,Fenix,0,low,0.07049025,11.07135,0.3041873417721519,0.1724694243240588,47.598683544303796
Dawn-Fenix,374,53.5,0.3408,ok,109832.513,Dawn,Fenix,0,low,0.11614464,18.2328,0.3041873417721519,0.1724694243240588,47.598683544303796
Dawn-Elysium,169,2.4,0.0342,ok,100641.383,Dawn,Elysium,0,very_low,0.00116964,0.08208,0.29596,0.16907179960732635,20.87232
Boreas-Elysium,191,29.0,0.1413,ok,103568.593,Boreas,Elysium,0,very_low,0.01996569,4.097700000000001,0.2900737913486005,0.165054059944648,59.068346055979646
Elysium-Fenix,237,20.2,0.1327,ok,171194.107,Elysium,Fenix,0,very_low,0.017609290000000003,2.68054,0.2866814016172507,0.16585315339481224,43.56679245283019
Caelum-Elysium,251,30.7,0.3698,ok,212725.004,Caelum,Elysium,0,low,0.13675204000000002,11.35286,0.29901641025641024,0.16467290094562215,25.344512820512822
Dawn-Fenix,352,42.1,0.2681,ok,89751.247,Dawn,Fenix,0,low,0.07187761000000001,11.28701,0.3041873417721519,0.1724694243240588,47.598683544303796
Dawn-Fenix,354,49.6,0.316,ok,102830.555,Dawn,Fenix,0,low,0.099856,15.6736,0.3041873417721519,0.1724694243240588,47.598683544303796
Dawn-Elysium,86,23.1,0.3345,ok,152510.943,Dawn,Elysium,0,low,0.11189025000000001,7.726950000000001,0.29596,0.16907179960732635,20.87232
Caelum-Elysium,339,21.42,0.1313,ok,138022.74,Caelum,Elysium,0,very_low,0.01723969,2.8124460000000004,0.29901641025641024,0.16467290094562215,25.344512820512822
Elysium-Fenix,421,74.5,0.4902,ok,397050.739,Elysium,Fenix,0,medium,0.24029604000000002,36.5199,0.2866814016172507,0.16585315339481224,43.56679245283019
Boreas-Dawn,233,13.0,0.0644,ok,67562.419,Boreas,Dawn,0,very_low,0.00414736,0.8371999999999999,0.2929547120418848,0.16733925578385606,58.52005235602094
Aegis-Boreas,159,29.8,0.1433,ok,62757.403,Aegis,Boreas,0,very_low,0.020534890000000004,4.27034,0.2911771978021978,0.16781519450328578,59.97527472527472
Boreas-Elysium,483,76.9,0.3751,ok,159631.729,Boreas,Elysium,0,low,0.14070001,28.845190000000002,0.2900737913486005,0.165054059944648,59.068346055979646
Caelum-Fenix,92,42.2,0.3324,ok,166112.287,Caelum,Fenix,0,low,0.11048975999999998,14.02728,0.2979977329974811,0.16907325550533112,38.04100755667506
Boreas-Dawn,155,104.3,0.5164,ok,181710.052,Boreas,Dawn,0,medium,0.26666895999999995,53.860519999999994,0.2929547120418848,0.16733925578385606,58.52005235602094
Elysium-Fenix,127,82.1,0.5401,ok,473872.874,Elysium,Fenix,0,medium,0.29170801,44.34221,0.2866814016172507,0.16585315339481224,43.56679245283019
Boreas-Fenix,236,71.9,0.4254,ok,262773.178,Boreas,Fenix,0,medium,0.18096516,30.586260000000003,0.3080685421994885,0.17007740427160456,51.75457800511509
Aegis-Dawn,254,55.2,0.5634,ok,376898.074,Aegis,Dawn,0,medium,0.31741956,31.099680000000003,0.3143477922077922,0.16558189329464748,31.258909090909093
Boreas-Elysium,35,91.3,0.4455,ok,202692.857,Boreas,Elysium,0,medium,0.19847025000000001,40.67415,0.2900737913486005,0.165054059944648,59.068346055979646
Boreas-Dawn,73,18.7,0.0925,ok,69552.914,Boreas,Dawn,0,very_low,0.00855625,1.72975,0.2929547120418848,0.16733925578385606,58.52005235602094
Boreas-Fenix,374,42.6,0.2523,ok,173801.106,Boreas,Fenix,0,low,0.06365529000000002,10.747980000000002,0.3080685421994885,0.17007740427160456,51.75457800511509
Boreas-Elysium,460,11.6,0.0565,ok,101660.636,Boreas,Elysium,0,very_low,0.00319225,0.6554,0.2900737913486005,0.165054059944648,59.068346055979646
Caelum-Elysium,391,6.7,0.0805,ok,126180.126,Caelum,Elysium,0,very_low,0.006480250000000001,0.53935,0.29901641025641024,0.16467290094562215,25.344512820512822
Boreas-Fenix,396,35.6,0.2106,ok,154618.196,Boreas,Fenix,0,low,0.04435236000000001,7.4973600000000005,0.3080685421994885,0.17007740427160456,51.75457800511509
Elysium-Fenix,318,24.4,0.1604,ok,176671.896,Elysium,Fenix,0,very_low,0.025728159999999996,3.9137599999999995,0.2866814016172507,0.16585315339481224,43.56679245283019
Caelum-Fenix,259,39.1,0.3082,ok,159936.464,Caelum,Fenix,0,low,0.09498723999999999,12.050619999999999,0.2979977329974811,0.16907325550533112,38.04100755667506
Caelum-Dawn,8,39.9,0.4338,ok,226180.303,Caelum,Dawn,0,medium,0.18818244,17.30862,0.30429655172413794,0.17370736738192366,28.526896551724136
Aegis-Boreas,33,42.7,0.2053,ok,27694.564,Aegis,Boreas,0,low,0.042148090000000006,8.76631,0.2911771978021978,0.16781519450328578,59.97527472527472
Aegis-Elysium,284,45.1,0.2232,ok,180351.141,Aegis,Elysium,0,low,0.04981824000000001,10.066320000000001,0.3029021390374331,0.16678734255381286,60.362834224598934
Aegis-Dawn,479,49.06,0.2885,ok,154658.985,Aegis,Dawn,0,low,0.08323225,14.15381,0.3143477922077922,0.16558189329464748,31.258909090909093
Caelum-Fenix,236,42.4,0.3342,ok,165658.652,Caelum,Fenix,0,low,0.11168963999999999,14.170079999999999,0.2979977329974811,0.16907325550533112,38.04100755667506
Boreas-Elysium,125,103.1,0.503,ok,246718.721,Boreas,Elysium,0,medium,0.253009,51.8593,0.2900737913486005,0.165054059944648,59.068346055979646
Aegis-Dawn,282,28.0,0.2856,ok,158633.625,Aegis,Dawn,0,low,0.08156736,7.9968,0.3143477922077922,0.16558189329464748,31.258909090909093
Boreas-Dawn,469,79.0,0.391,ok,119943.249,Boreas,Dawn,0,low,0.15288100000000002,30.889000000000003,0.2929547120418848,0.16733925578385606,58.52005235602094
Aegis-Boreas,317,50.7,0.2438,ok,74932.276,Aegis,Boreas,0,low,0.059438439999999995,12.36066,0.2911771978021978,0.16781519450328578,59.97527472527472
Caelum-Dawn,486,16.5,0.179,ok,123926.315,Caelum,Dawn,0,very_low,0.032041,2.9535,0.30429655172413794,0.17370736738192366,28.526896551724136
Caelum-Fenix,428,46.7,0.3681,ok,183865.769,Caelum,Fenix,0,low,0.13549761,17.19027,0.2979977329974811,0.16907325550533112,38.04100755667506
Caelum-Fenix,238,34.0,0.2674,ok,142847.054,Caelum,Fenix,0,low,0.07150276000000001,9.091600000000001,0.2979977329974811,0.16907325550533112,38.04100755667506
Boreas-Elysium,205,82.7,0.4034,ok,174826.748,Boreas,Elysium,0,medium,0.16273156,33.36118,0.2900737913486005,0.165054059944648,59.068346055979646
Caelum-Elysium,445,7.6,0.0913,ok,132286.285,Caelum,Elysium,0,very_low,0.008335690000000002,0.69388,0.29901641025641024,0.16467290094562215,25.344512820512822
Caelum-Elysium,482,25.1,0.3026,ok,178057.143,Caelum,Elysium,0,low,0.09156675999999998,7.59526,0.29901641025641024,0.16467290094562215,25.344512820512822
Dawn-Fenix,115,64.9,0.4133,ok,131523.591,Dawn,Fenix,0,medium,0.17081689,26.82317,0.3041873417721519,0.1724694243240588,47.598683544303796
Boreas-Fenix,2,31.5,0.1866,ok,149366.659,Boreas,Fenix,0,very_low,0.03481955999999999,5.8778999999999995,0.3080685421994885,0.17007740427160456,51.75457800511509
Aegis-Dawn,16,29.7,0.3029,ok,160148.346,Aegis,Dawn,0,low,0.09174841,8.996129999999999,0.3143477922077922,0.16558189329464748,31.258909090909093
Aegis-Elysium,474,68.5,0.3389,ok,234519.696,Aegis,Elysium,0,low,0.11485320999999998,23.21465,0.3029021390374331,0.16678734255381286,60.362834224598934
Dawn-Fenix,436,72.7,0.4633,ok,154243.825,Dawn,Fenix,0,medium,0.21464688999999998,33.68191,0.3041873417721519,0.1724694243240588,47.598683544303796
Aegis-Boreas,212,60.1,0.2889,ok,79473.864,Aegis,Boreas,0,low,0.08346321,17.36289,0.2911771978021978,0.16781519450328578,59.97527472527472
Boreas-Dawn,3,43.6,0.2156,ok,81054.916,Boreas,Dawn,0,low,0.04648336000000001,9.400160000000001,0.2929547120418848,0.16733925578385606,58.52005235602094
Aegis-Elysium,192,49.4,0.2447,ok,189029.973,Aegis,Elysium,0,low,0.05987809,12.08818,0.3029021390374331,0.16678734255381286,60.362834224598934
Caelum-Elysium,125,19.3,0.2326,ok,155816.572,Caelum,Elysium,0,low,0.05410276,4.48918,0.29901641025641024,0.16467290094562215,25.344512820512822
Aegis-Dawn,407,41.9,0.4276,ok,231374.518,Aegis,Dawn,0,medium,0.18284176,17.916439999999998,0.3143477922077922,0.16558189329464748,31.258909090909093
Aegis-Dawn,230,3.8,0.0383,ok,122489.154,Aegis,Dawn,0,very_low,0.00146689,0.14554,0.3143477922077922,0.16558189329464748,31.258909090909093
Caelum-Fenix,414,21.2,0.1667,ok,125717.171,Caelum,Fenix,0,very_low,0.027788889999999997,3.5340399999999996,0.2979977329974811,0.16907325550533112,38.04100755667506
Aegis-Boreas,313,64.3,0.3092,ok,84582.052,Aegis,Boreas,0,low,0.09560463999999999,19.881559999999997,0.2911771978021978,0.16781519450328578,59.97527472527472
Boreas-Fenix,138,89.5,0.5294,ok,372290.461,Boreas,Fenix,0,medium,0.28026436,47.381299999999996,0.3080685421994885,0.17007740427160456,51.75457800511509
Aegis-Elysium,251,15.9,0.0788,ok,153034.073,Aegis,Elysium,0,very_low,0.006209439999999999,1.25292,0.3029021390374331,0.16678734255381286,60.362834224598934
Dawn-Elysium,230,12.2,0.1768,ok,110783.515,Dawn,Elysium,0,very_low,0.03125824000000001,2.15696,0.29596,0.16907179960732635,20.87232
Boreas-Fenix,130,44.7,0.2644,ok,167231.87,Boreas,Fenix,0,low,0.06990736000000002,11.818680000000002,0.3080685421994885,0.17007740427160456,51.75457800511509
Boreas-Dawn,104,62.4,0.3091,ok,95837.796,Boreas,Dawn,0,low,0.09554280999999999,19.28784,0.2929547120418848,0.16733925578385606,58.52005235602094
Aegis-Elysium,111,20.6,0.1021,ok,164091.511,Aegis,Elysium,0,very_low,0.010424409999999999,2.10326,0.3029021390374331,0.16678734255381286,60.362834224598934
Aegis-Dawn,379,5.4,0.0556,ok,116316.138,Aegis,Dawn,0,very_low,0.0030913599999999996,0.30024,0.3143477922077922,0.16558189329464748,31.258909090909093
Dawn-Fenix,146,40.6,0.2586,ok,87862.032,Dawn,Fenix,0,low,0.06687396,10.49916,0.3041873417721519,0.1724694243240588,47.598683544303796
Caelum-Dawn,324,13.3,0.1445,ok,119153.673,Caelum,Dawn,0,very_low,0.020880249999999996,1.92185,0.30429655172413794,0.17370736738192366,28.526896551724136
Caelum-Fenix,374,38.8,0.3059,ok,158577.169,Caelum,Fenix,0,low,0.09357481000000001,11.86892,0.2979977329974811,0.16907325550533112,38.04100755667506
Boreas-Dawn,108,45.3,0.2244,ok,84816.902,Boreas,Dawn,0,low,0.050355359999999995,10.16532,0.2929547120418848,0.16733925578385606,58.52005235602094
Aegis-Boreas,219,32.0,0.1538,ok,31146.737,Aegis,Boreas,0,very_low,0.02365444,4.9216,0.2911771978021978,0.16781519450328578,59.97527472527472
Aegis-Elysium,404,51.34,0.296,ok,210304.053,Aegis,Elysium,0,low,0.08761599999999999,15.19664,0.3029021390374331,0.16678734255381286,60.362834224598934
Aegis-Elysium,163,46.1,0.2285,ok,185094.279,Aegis,Elysium,0,low,0.05221225,10.533850000000001,0.3029021390374331,0.16678734255381286,60.362834224598934
Caelum-Elysium,427,15.5,0.1872,ok,142177.782,Caelum,Elysium,0,very_low,0.03504384,2.9016,0.29901641025641024,0.16467290094562215,25.344512820512822
Dawn-Elysium,174,48.6,0.704,ok,610586.12,Dawn,Elysium,0,high,0.49561599999999995,34.2144,0.29596,0.16907179960732635,20.87232
Aegis-Dawn,208,44.5,0.4539,ok,250598.367,Aegis,Dawn,0,medium,0.20602521000000001,20.19855,0.3143477922077922,0.16558189329464748,31.258909090909093
Boreas-Elysium,233,31.1,0.1518,ok,103748.603,Boreas,Elysium,0,very_low,0.023043239999999996,4.72098,0.2900737913486005,0.165054059944648,59.068346055979646
Boreas-Fenix,92,9.9,0.0587,ok,135222.041,Boreas,Fenix,0,very_low,0.0034456900000000004,0.58113,0.3080685421994885,0.17007740427160456,51.75457800511509
Caelum-Elysium,477,16.5,0.1982,ok,147253.565,Caelum,Elysium,0,very_low,0.03928324,3.2702999999999998,0.29901641025641024,0.16467290094562215,25.344512820512822
Aegis-Dawn,88,18.7,0.1907,ok,132540.674,Aegis,Dawn,0,very_low,0.03636649,3.56609,0.3143477922077922,0.16558189329464748,31.258909090909093
Boreas-Dawn,463,90.3,0.4471,ok,142226.759,Boreas,Dawn,0,medium,0.19989841,40.373129999999996,0.2929547120418848,0.16733925578385606,58.52005235602094
Elysium-Fenix,444,39.5,0.2599,ok,215885.925,Elysium,Fenix,0,low,0.06754801,10.26605,0.2866814016172507,0.16585315339481224,43.56679245283019
Boreas-Dawn,102,38.3,0.1898,ok,77168.725,Boreas,Dawn,0,very_low,0.03602404,7.26934,0.2929547120418848,0.16733925578385606,58.52005235602094
Elysium-Fenix,275,78.9,0.5194,ok,435955.792,Elysium,Fenix,0,medium,0.26977636,40.98066,0.2866814016172507,0.16585315339481224,43.56679245283019
Aegis-Dawn,209,26.9,0.2741,ok,155984.578,Aegis,Dawn,0,low,0.07513081,7.37329,0.3143477922077922,0.16558189329464748,31.258909090909093
Aegis-Boreas,187,25.6,0.123,ok,62609.711,Aegis,Boreas,0,very_low,0.015129,3.1488,0.2911771978021978,0.16781519450328578,59.97527472527472
Caelum-Elysium,106,22.1,0.2666,ok,162686.333,Caelum,Elysium,0,low,0.07107556,5.89186,0.29901641025641024,0.16467290094562215,25.344512820512822
Boreas-Elysium,130,47.3,0.2307,ok,115204.102,Boreas,Elysium,0,low,0.05322249,10.912109999999998,0.2900737913486005,0.165054059944648,59.068346055979646
Caelum-Dawn,154,14.9,0.1619,ok,122160.044,Caelum,Dawn,0,very_low,0.026211609999999996,2.4123099999999997,0.30429655172413794,0.17370736738192366,28.526896551724136
Elysium-Fenix,339,24.5,0.1609,ok,185680.371,Elysium,Fenix,0,very_low,0.025888809999999995,3.9420499999999996,0.2866814016172507,0.16585315339481224,43.56679245283019
Aegis-Boreas,286,48.2,0.2318,ok,72239.732,Aegis,Boreas,0,low,0.05373124,11.17276,0.2911771978021978,0.16781519450328578,59.97527472527472
Caelum-Dawn,353,17.9,0.194,ok,125052.522,Caelum,Dawn,0,very_low,0.037636,3.4726,0.30429655172413794,0.17370736738192366,28.526896551724136
Caelum-Fenix,12,38.3,0.3018,ok,155201.872,Caelum,Fenix,0,low,0.09108324000000001,11.55894,0.2979977329974811,0.16907325550533112,38.04100755667506
Aegis-Elysium,263,54.9,0.2716,ok,199378.085,Aegis,Elysium,0,low,0.07376656000000001,14.91084,0.3029021390374331,0.16678734255381286,60.362834224598934
Boreas-Elysium,425,83.3,0.4062,ok,176607.902,Boreas,Elysium,0,medium,0.16499844,33.83646,0.2900737913486005,0.165054059944648,59.068346055979646
Aegis-Boreas,449,75.5,0.3629,ok,97533.451,Aegis,Boreas,0,low,0.13169641,27.39895,0.2911771978021978,0.16781519450328578,59.97527472527472
Aegis-Boreas,297,23.6,0.1135,ok,61941.229,Aegis,Boreas,0,very_low,0.012882250000000001,2.6786000000000003,0.2911771978021978,0.16781519450328578,59.97527472527472
Aegis-Elysium,74,96.9,0.4796,ok,358227.893,Aegis,Elysium,0,medium,0.23001616000000003,46.473240000000004,0.3029021390374331,0.16678734255381286,60.362834224598934
Aegis-Dawn,57,19.9,0.2033,ok,134902.47,Aegis,Dawn,0,low,0.04133089,4.04567,0.3143477922077922,0.16558189329464748,31.258909090909093
Boreas-Dawn,130,21.7,0.1072,ok,70958.178,Boreas,Dawn,0,very_low,0.011491840000000001,2.32624,0.2929547120418848,0.16733925578385606,58.52005235602094
Aegis-Elysium,39,110.8,0.5487,ok,221817.031,Aegis,Elysium,0,medium,0.30107168999999995,60.795959999999994,0.3029021390374331,0.16678734255381286,60.362834224598934
Aegis-Elysium,246,50.8,0.2514,ok,190461.225,Aegis,Elysium,0,low,0.06320196,12.77112,0.3029021390374331,0.16678734255381286,60.362834224598934
Aegis-Boreas,195,55.7,0.268,ok,77598.982,Aegis,Boreas,0,low,0.07182400000000001,14.927600000000002,0.2911771978021978,0.16781519450328578,59.97527472527472
Dawn-Fenix,43,47.5,0.3027,ok,98157.606,Dawn,Fenix,0,low,0.09162729000000001,14.378250000000001,0.3041873417721519,0.1724694243240588,47.598683544303796
Elysium-Fenix,324,52.8,0.3474,ok,256548.622,Elysium,Fenix,0,low,0.12068675999999999,18.34272,0.2866814016172507,0.16585315339481224,43.56679245283019
Dawn-Fenix,366,65.9,0.4195,ok,136710.234,Dawn,Fenix,0,medium,0.17598024999999998,27.64505,0.3041873417721519,0.1724694243240588,47.598683544303796
Caelum-Fenix,175,88.3,0.6954,ok,642037.641,Caelum,Fenix,0,high,0.48358116,61.403819999999996,0.2979977329974811,0.16907325550533112,38.04100755667506
Aegis-Dawn,235,27.2,0.2773,ok,154128.419,Aegis,Dawn,0,low,0.07689528999999999,7.54256,0.3143477922077922,0.16558189329464748,31.258909090909093
Caelum-Fenix,116,7.4,0.058,ok,111327.684,Caelum,Fenix,0,very_low,0.0033640000000000002,0.4292,0.2979977329974811,0.16907325550533112,38.04100755667506
Aegis-Boreas,278,41.0,0.1972,ok,69458.819,Aegis,Boreas,0,very_low,0.03888783999999999,8.085199999999999,0.2911771978021978,0.16781519450328578,59.97527472527472
Caelum-Elysium,497,5.8,0.0696,ok,132511.566,Caelum,Elysium,0,very_low,0.004844159999999999,0.40368,0.29901641025641024,0.16467290094562215,25.344512820512822
Dawn-Elysium,397,1.5,0.0222,ok,99968.982,Dawn,Elysium,0,very_low,0.00049284,0.0333,0.29596,0.16907179960732635,20.87232
Elysium-Fenix,291,105.6,0.6946,ok,947388.198,Elysium,Fenix,0,high,0.48246916,73.34975999999999,0.2866814016172507,0.16585315339481224,43.56679245283019
Dawn-Elysium,326,13.7,0.1979,ok,113507.423,Dawn,Elysium,0,very_low,0.03916441,2.7112299999999996,0.29596,0.16907179960732635,20.87232
Boreas-Fenix,429,73.6,0.4354,ok,268914.84,Boreas,Fenix,0,medium,0.18957316000000002,32.04544,0.3080685421994885,0.17007740427160456,51.75457800511509
Boreas-Elysium,149,26.3,0.1285,ok,103539.625,Boreas,Elysium,0,very_low,0.01651225,3.37955,0.2900737913486005,0.165054059944648,59.068346055979646
Dawn-Elysium,158,7.6,0.1098,ok,104361.579,Dawn,Elysium,0,very_low,0.012056039999999999,0.8344799999999999,0.29596,0.16907179960732635,20.87232
Aegis-Boreas,116,49.7,0.2389,ok,71109.234,Aegis,Boreas,0,low,0.05707321,11.873330000000001,0.2911771978021978,0.16781519450328578,59.97527472527472
Aegis-Elysium,228,21.1,0.1046,ok,163376.94,Aegis,Elysium,0,very_low,0.01094116,2.2070600000000002,0.3029021390374331,0.16678734255381286,60.362834224598934
Aegis-Elysium,460,74.5,0.369,ok,250620.723,Aegis,Elysium,0,low,0.136161,27.4905,0.3029021390374331,0.16678734255381286,60.362834224598934
Caelum-Elysium,476,9.5,0.1148,ok,133090.212,Caelum,Elysium,0,very_low,0.01317904,1.0906,0.29901641025641024,0.16467290094562215,25.344512820512822
Aegis-Boreas,228,45.1,0.217,ok,69872.305,Aegis,Boreas,0,low,0.047089,9.7867,0.2911771978021978,0.16781519450328578,59.97527472527472
Boreas-Dawn,464,113.0,0.5593,ok,214854.839,Boreas,Dawn,0,medium,0.31281649,63.200900000000004,0.2929547120418848,0.16733925578385606,58.52005235602094
Aegis-Dawn,152,12.8,0.1303,ok,125079.843,Aegis,Dawn,0,very_low,0.01697809,1.66784,0.3143477922077922,0.16558189329464748,31.258909090909093
Elysium-Fenix,177,86.0,0.5661,ok,531444.643,Elysium,Fenix,0,medium,0.32046921000000006,48.6846,0.2866814016172507,0.16585315339481224,43.56679245283019
Caelum-Fenix,265,40.6,0.3197,ok,162266.699,Caelum,Fenix,0,low,0.10220808999999999,12.97982,0.2979977329974811,0.16907325550533112,38.04100755667506
Aegis-Boreas,88,86.0,0.4135,ok,110325.485,Aegis,Boreas,0,medium,0.17098224999999997,35.561,0.2911771978021978,0.16781519450328578,59.97527472527472
Elysium-Fenix,189,26.0,0.1712,ok,175989.087,Elysium,Fenix,0,very_low,0.029309439999999996,4.4512,0.2866814016172507,0.16585315339481224,43.56679245283019
Aegis-Dawn,323,12.3,0.126,ok,124349.028,Aegis,Dawn,0,very_low,0.015876,1.5498,0.3143477922077922,0.16558189329464748,31.258909090909093
Dawn-Elysium,90,4.4,0.0634,ok,105092.129,Dawn,Elysium,0,very_low,0.00401956,0.27896000000000004,0.29596,0.16907179960732635,20.87232
Aegis-Boreas,481,81.3,0.3908,ok,103964.554,Aegis,Boreas,0,low,0.15272464,31.772039999999997,0.2911771978021978,0.16781519450328578,59.97527472527472
Dawn-Fenix,273,5.6,0.0354,ok,71618.203,Dawn,Fenix,0,very_low,0.0012531600000000001,0.19824,0.3041873417721519,0.1724694243240588,47.598683544303796
Caelum-Dawn,447,33.1,0.3593,ok,177420.266,Caelum,Dawn,0,low,0.12909649,11.89283,0.30429655172413794,0.17370736738192366,28.526896551724136
Aegis-Dawn,73,10.0,0.102,ok,119402.625,Aegis,Dawn,0,very_low,0.010403999999999998,1.02,0.3143477922077922,0.16558189329464748,31.258909090909093
Boreas-Dawn,493,61.3,0.3035,ok,96934.833,Boreas,Dawn,0,low,0.09211224999999999,18.60455,0.2929547120418848,0.16733925578385606,58.52005235602094
Caelum-Dawn,260,17.5,0.1907,ok,126693.882,Caelum,Dawn,0,very_low,0.03636649,3.33725,0.30429655172413794,0.17370736738192366,28.526896551724136
Dawn-Elysium,355,40.8,0.591,ok,362857.274,Dawn,Elysium,0,medium,0.34928099999999995,24.112799999999996,0.29596,0.16907179960732635,20.87232
Aegis-Boreas,205,79.4,0.3819,ok,102138.988,Aegis,Boreas,0,low,0.14584761000000002,30.322860000000002,0.2911771978021978,0.16781519450328578,59.97527472527472
Caelum-Elysium,15,51.1,0.6151,ok,498494.055,Caelum,Elysium,0,high,0.37834800999999996,31.43161,0.29901641025641024,0.16467290094562215,25.344512820512822
Caelum-Elysium,130,11.6,0.1401,ok,136063.608,Caelum,Elysium,0,very_low,0.01962801,1.62516,0.29901641025641024,0.16467290094562215,25.344512820512822
Aegis-Boreas,418,31.4,0.1508,ok,64416.401,Aegis,Boreas,0,very_low,0.022740639999999996,4.735119999999999,0.2911771978021978,0.16781519450328578,59.97527472527472
Caelum-Fenix,160,38.0,0.2993,ok,152231.972,Caelum,Fenix,0,low,0.08958049000000001,11.3734,0.2979977329974811,0.16907325550533112,38.04100755667506
Boreas-Fenix,402,54.0,0.3195,ok,198957.264,Boreas,Fenix,0,low,0.10208025,17.253,0.3080685421994885,0.17007740427160456,51.75457800511509
Elysium-Fenix,213,72.4,0.4764,ok,377350.343,Elysium,Fenix,0,medium,0.22695695999999999,34.49136,0.2866814016172507,0.16585315339481224,43.56679245283019
Caelum-Elysium,430,27.6,0.3324,ok,191659.618,Caelum,Elysium,0,low,0.11048975999999998,9.17424,0.29901641025641024,0.16467290094562215,25.344512820512822
Boreas-Fenix,1,20.2,0.1192,ok,139854.75,Boreas,Fenix,0,very_low,0.01420864,2.4078399999999998,0.3080685421994885,0.17007740427160456,51.75457800511509
Dawn-Fenix,349,41.9,0.2671,ok,91592.565,Dawn,Fenix,0,low,0.07134241000000001,11.19149,0.3041873417721519,0.1724694243240588,47.598683544303796
Aegis-Dawn,177,27.9,0.2843,ok,156707.573,Aegis,Dawn,0,low,0.08082649,7.93197,0.3143477922077922,0.16558189329464748,31.258909090909093
Dawn-Elysium,298,18.7,0.2717,ok,130588.835,Dawn,Elysium,0,low,0.07382089,5.0807899999999995,0.29596,0.16907179960732635,20.87232
Aegis-Dawn,237,42.3,0.4318,ok,232216.967,Aegis,Dawn,0,medium,0.18645124000000002,18.26514,0.3143477922077922,0.16558189329464748,31.258909090909093
Elysium-Fenix,323,23.1,0.1518,ok,175274.594,Elysium,Fenix,0,very_low,0.023043239999999996,3.50658,0.2866814016172507,0.16585315339481224,43.56679245283019
Dawn-Fenix,405,16.1,0.1026,ok,74197.055,Dawn,Fenix,0,very_low,0.01052676,1.65186,0.3041873417721519,0.1724694243240588,47.598683544303796
Caelum-Dawn,456,19.2,0.2092,ok,128991.725,Caelum,Dawn,0,low,0.04376464,4.01664,0.30429655172413794,0.17370736738192366,28.526896551724136
Dawn-Fenix,321,47.1,0.3002,ok,97403.117,Dawn,Fenix,0,low,0.09012004000000001,14.139420000000001,0.3041873417721519,0.1724694243240588,47.598683544303796
Boreas-Elysium,331,71.1,0.347,ok,149589.753,Boreas,Elysium,0,low,0.12040899999999999,24.671699999999998,0.2900737913486005,0.165054059944648,59.068346055979646
Boreas-Fenix,441,22.2,0.1311,ok,142124.729,Boreas,Fenix,0,very_low,0.017187209999999998,2.91042,0.3080685421994885,0.17007740427160456,51.75457800511509
Aegis-Elysium,493,13.1,0.0647,ok,155653.085,Aegis,Elysium,0,very_low,0.004186089999999999,0.8475699999999999,0.3029021390374331,0.16678734255381286,60.362834224598934
Aegis-Elysium,275,73.2,0.3623,ok,249930.889,Aegis,Elysium,0,low,0.13126129,26.52036,0.3029021390374331,0.16678734255381286,60.362834224598934
Caelum-Elysium,46,34.2,0.4126,ok,237164.461,Caelum,Elysium,0,medium,0.17023876000000002,14.110920000000002,0.29901641025641024,0.16467290094562215,25.344512820512822
Elysium-Fenix,120,54.9,0.3615,ok,261258.781,Elysium,Fenix,0,low,0.13068225,19.846349999999997,0.2866814016172507,0.16585315339481224,43.56679245283019
Boreas-Dawn,320,35.9,0.1776,ok,78302.784,Boreas,Dawn,0,very_low,0.03154176,6.37584,0.2929547120418848,0.16733925578385606,58.52005235602094
Aegis-Boreas,322,58.9,0.2831,ok,81173.425,Aegis,Boreas,0,low,0.08014561,16.674590000000002,0.2911771978021978,0.16781519450328578,59.97527472527472
Caelum-Dawn,458,17.0,0.1847,ok,124303.973,Caelum,Dawn,0,very_low,0.03411409,3.1399,0.30429655172413794,0.17370736738192366,28.526896551724136
Boreas-Fenix,143,46.7,0.2762,ok,173671.138,Boreas,Fenix,0,low,0.07628644,12.89854,0.3080685421994885,0.17007740427160456,51.75457800511509
Caelum-Dawn,199,5.5,0.0594,ok,112968.462,Caelum,Dawn,0,very_low,0.0035283600000000004,0.3267,0.30429655172413794,0.17370736738192366,28.526896551724136
Aegis-Elysium,496,141.6,0.701,ok,911683.085,Aegis,Elysium,0,high,0.4914009999999999,99.26159999999999,0.3029021390374331,0.16678734255381286,60.362834224598934
Boreas-Fenix,484,19.9,0.1175,ok,139887.211,Boreas,Fenix,0,very_low,0.013806249999999999,2.3382499999999995,0.3080685421994885,0.17007740427160456,51.75457800511509
Dawn-Elysium,294,27.3,0.3959,ok,179281.335,Dawn,Elysium,0,low,0.15673680999999998,10.808069999999999,0.29596,0.16907179960732635,20.87232
Dawn-Fenix,363,114.8,0.731,ok,493926.494,Dawn,Fenix,0,high,0.534361,83.91879999999999,0.3041873417721519,0.1724694243240588,47.598683544303796
Boreas-Fenix,207,48.5,0.2871,ok,180973.422,Boreas,Fenix,0,low,0.08242641000000002,13.92435,0.3080685421994885,0.17007740427160456,51.75457800511509
Aegis-Boreas,118,34.9,0.1678,ok,64267.872,Aegis,Boreas,0,very_low,0.028156840000000002,5.8562199999999995,0.2911771978021978,0.16781519450328578,59.97527472527472
Aegis-Elysium,4,68.2,0.3374,ok,232725.557,Aegis,Elysium,0,low,0.11383875999999998,23.01068,0.3029021390374331,0.16678734255381286,60.362834224598934
Caelum-Elysium,457,17.5,0.2111,ok,147406.555,Caelum,Elysium,0,low,0.044563210000000006,3.6942500000000003,0.29901641025641024,0.16467290094562215,25.344512820512822
Caelum-Dawn,76,10.3,0.1121,ok,116445.953,Caelum,Dawn,0,very_low,0.012566410000000002,1.15463,0.30429655172413794,0.17370736738192366,28.526896551724136
Aegis-Elysium,169,72.4,0.3583,ok,242642.884,Aegis,Elysium,0,low,0.12837889,25.940920000000002,0.3029021390374331,0.16678734255381286,60.362834224598934
Elysium-Fenix,278,20.9,0.1375,ok,172241.081,Elysium,Fenix,0,very_low,0.018906250000000003,2.8737500000000002,0.2866814016172507,0.16585315339481224,43.56679245283019
Elysium-Fenix,499,21.4,0.1407,ok,176983.321,Elysium,Fenix,0,very_low,0.019796489999999996,3.0109799999999995,0.2866814016172507,0.16585315339481224,43.56679245283019
Boreas-Elysium,428,54.8,0.2672,ok,122856.455,Boreas,Elysium,0,low,0.07139584,14.64256,0.2900737913486005,0.165054059944648,59.068346055979646
Aegis-Dawn,213,24.1,0.2464,ok,148018.752,Aegis,Dawn,0,low,0.06071296,5.93824,0.3143477922077922,0.16558189329464748,31.258909090909093
Boreas-Elysium,383,53.3,0.2601,ok,125872.653,Boreas,Elysium,0,low,0.06765201,13.86333,0.2900737913486005,0.165054059944648,59.068346055979646
Caelum-Fenix,479,28.9,0.2276,ok,132880.314,Caelum,Fenix,0,low,0.051801759999999995,6.57764,0.2979977329974811,0.16907325550533112,38.04100755667506
Dawn-Fenix,425,43.2,0.2754,ok,91921.045,Dawn,Fenix,0,low,0.07584516,11.89728,0.3041873417721519,0.1724694243240588,47.598683544303796
Boreas-Dawn,471,118.4,0.5859,ok,237967.774,Boreas,Dawn,0,medium,0.34327881,69.37056,0.2929547120418848,0.16733925578385606,58.52005235602094
Dawn-Elysium,118,23.8,0.3445,ok,158948.817,Dawn,Elysium,0,low,0.11868024999999999,8.1991,0.29596,0.16907179960732635,20.87232
Caelum-Elysium,66,24.6,0.2963,ok,174532.104,Caelum,Elysium,0,low,0.08779369000000001,7.2889800000000005,0.29901641025641024,0.16467290094562215,25.344512820512822
Dawn-Fenix,491,81.2,0.5173,ok,187131.989,Dawn,Fenix,0,medium,0.26759929,42.00476,0.3041873417721519,0.1724694243240588,47.598683544303796
Boreas-Dawn,209,130.4,0.6456,ok,310784.887,Boreas,Dawn,0,high,0.41679935999999995,84.18624,0.2929547120418848,0.16733925578385606,58.52005235602094
Boreas-Fenix,387,89.2,0.5278,ok,369945.127,Boreas,Fenix,0,medium,0.27857284000000004,47.07976000000001,0.3080685421994885,0.17007740427160456,51.75457800511509
Boreas-Elysium,77,33.3,0.1624,ok,103838.194,Boreas,Elysium,0,very_low,0.026373759999999996,5.407919999999999,0.2900737913486005,0.165054059944648,59.068346055979646
Dawn-Elysium,335,20.3,0.2948,ok,138368.076,Dawn,Elysium,0,low,0.08690704,5.98444,0.29596,0.16907179960732635,20.87232
Caelum-Fenix,194,24.8,0.1954,ok,127310.357,Caelum,Fenix,0,very_low,0.03818116,4.84592,0.2979977329974811,0.16907325550533112,38.04100755667506
Boreas-Elysium,179,74.6,0.3637,ok,156943.989,Boreas,Elysium,0,low,0.13227769,27.13202,0.2900737913486005,0.165054059944648,59.068346055979646
Boreas-Dawn,448,85.6,0.424,ok,133361.069,Boreas,Dawn,0,medium,0.179776,36.294399999999996,0.2929547120418848,0.16733925578385606,58.52005235602094
Dawn-Fenix,50,36.0,0.229,ok,84802.675,Dawn,Fenix,0,low,0.052441,8.244,0.3041873417721519,0.1724694243240588,47.598683544303796
Aegis-Boreas,336,17.6,0.0845,ok,61632.158,Aegis,Boreas,0,very_low,0.007140250000000001,1.4872000000000003,0.2911771978021978,0.16781519450328578,59.97527472527472
Aegis-Dawn,129,42.7,0.436,ok,238322.988,Aegis,Dawn,0,medium,0.190096,18.6172,0.3143477922077922,0.16558189329464748,31.258909090909093
Elysium-Fenix,419,52.3,0.3441,ok,251512.967,Elysium,Fenix,0,low,0.11840481000000001,17.99643,0.2866814016172507,0.16585315339481224,43.56679245283019
Boreas-Dawn,273,19.3,0.0957,ok,71480.132,Boreas,Dawn,0,very_low,0.009158489999999998,1.84701,0.2929547120418848,0.16733925578385606,58.52005235602094
Caelum-Fenix,229,49.5,0.3897,ok,191576.437,Caelum,Fenix,0,low,0.15186608999999998,19.29015,0.2979977329974811,0.16907325550533112,38.04100755667506
Dawn-Fenix,79,58.7,0.3736,ok,119450.501,Dawn,Fenix,0,low,0.13957696,21.930320000000002,0.3041873417721519,0.1724694243240588,47.598683544303796
Dawn-Fenix,59,24.9,0.1588,ok,76466.149,Dawn,Fenix,0,very_low,0.02521744,3.9541199999999996,0.3041873417721519,0.1724694243240588,47.598683544303796
Dawn-Fenix,184,14.9,0.095,ok,71535.049,Dawn,Fenix,0,very_low,0.009025,1.4155,0.3041873417721519,0.1724694243240588,47.598683544303796
Boreas-Fenix,493,51.9,0.3073,ok,189746.34,Boreas,Fenix,0,low,0.09443329000000002,15.948870000000001,0.3080685421994885,0.17007740427160456,51.75457800511509
Dawn-Elysium,246,28.4,0.4117,ok,188095.414,Dawn,Elysium,0,medium,0.16949689,11.69228,0.29596,0.16907179960732635,20.87232
Caelum-Elysium,49,40.5,0.4876,ok,305545.909,Caelum,Elysium,0,medium,0.23775375999999998,19.747799999999998,0.29901641025641024,0.16467290094562215,25.344512820512822
Aegis-Elysium,351,56.2,0.2781,ok,199114.114,Aegis,Elysium,0,low,0.07733961,15.629220000000002,0.3029021390374331,0.16678734255381286,60.362834224598934
Boreas-Elysium,220,148.6,0.7248,ok,655662.834,Boreas,Elysium,0,high,0.52533504,107.70528,0.2900737913486005,0.165054059944648,59.068346055979646
Caelum-Elysium,388,47.42,0.3528,ok,197661.588,Caelum,Elysium,0,low,0.12446784,16.729776,0.29901641025641024,0.16467290094562215,25.344512820512822
Caelum-Fenix,9,23.1,0.182,ok,125904.124,Caelum,Fenix,0,very_low,0.033124,4.2042,0.2979977329974811,0.16907325550533112,38.04100755667506
Caelum-Elysium,132,22.0,0.2653,ok,162513.867,Caelum,Elysium,0,low,0.07038409,5.8366,0.29901641025641024,0.16467290094562215,25.344512820512822
Boreas-Fenix,404,14.9,0.0881,ok,143472.931,Boreas,Fenix,0,very_low,0.0077616099999999995,1.31269,0.3080685421994885,0.17007740427160456,51.75457800511509
Boreas-Fenix,72,109.0,0.645,ok,608002.027,Boreas,Fenix,0,high,0.41602500000000003,70.305,0.3080685421994885,0.17007740427160456,51.75457800511509
Aegis-Boreas,359,54.6,0.2623,ok,75934.933,Aegis,Boreas,0,low,0.06880128999999999,14.321579999999999,0.2911771978021978,0.16781519450328578,59.97527472527472
Boreas-Elysium,319,27.7,0.1351,ok,103252.387,Boreas,Elysium,0,very_low,0.01825201,3.74227,0.2900737913486005,0.165054059944648,59.068346055979646
Boreas-Fenix,34,20.0,0.1181,ok,141864.591,Boreas,Fenix,0,very_low,0.01394761,2.362,0.3080685421994885,0.17007740427160456,51.75457800511509
Caelum-Elysium,205,10.3,0.1237,ok,130925.662,Caelum,Elysium,0,very_low,0.015301690000000001,1.27411,0.29901641025641024,0.16467290094562215,25.344512820512822
Aegis-Dawn,322,68.1,0.6951,ok,674689.682,Aegis,Dawn,0,high,0.4831640100000001,47.33631,0.3143477922077922,0.16558189329464748,31.258909090909093
Boreas-Dawn,201,73.1,0.362,ok,111222.271,Boreas,Dawn,0,low,0.131044,26.462199999999996,0.2929547120418848,0.16733925578385606,58.52005235602094
Dawn-Elysium,257,31.2,0.4526,ok,215398.765,Dawn,Elysium,0,medium,0.20484676,14.12112,0.29596,0.16907179960732635,20.87232
Boreas-Fenix,148,40.4,0.239,ok,166368.029,Boreas,Fenix,0,low,0.057121,9.6556,0.3080685421994885,0.17007740427160456,51.75457800511509
Caelum-Elysium,268,22.0,0.265,ok,164782.087,Caelum,Elysium,0,low,0.07022500000000001,5.83,0.29901641025641024,0.16467290094562215,25.344512820512822
Aegis-Boreas,330,42.3,0.2036,ok,71192.183,Aegis,Boreas,0,low,0.041452960000000004,8.61228,0.2911771978021978,0.16781519450328578,59.97527472527472
Aegis-Dawn,410,13.5,0.1377,ok,128991.677,Aegis,Dawn,0,very_low,0.01896129,1.8589499999999999,0.3143477922077922,0.16558189329464748,31.258909090909093
Dawn-Fenix,229,15.4,0.0984,ok,69648.253,Dawn,Fenix,0,very_low,0.00968256,1.51536,0.3041873417721519,0.1724694243240588,47.598683544303796
Aegis-Boreas,176,77.2,0.3713,ok,100494.707,Aegis,Boreas,0,low,0.13786369,28.664360000000002,0.2911771978021978,0.16781519450328578,59.97527472527472
Boreas-Elysium,249,49.4,0.241,ok,119575.94,Boreas,Elysium,0,low,0.058080999999999994,11.905399999999998,0.2900737913486005,0.165054059944648,59.068346055979646
Boreas-Elysium,221,81.5,0.3975,ok,171912.963,Boreas,Elysium,0,low,0.15800625000000001,32.39625,0.2900737913486005,0.165054059944648,59.068346055979646
Caelum-Elysium,170,16.6,0.2,ok,145499.96,Caelum,Elysium,0,very_low,0.04000000000000001,3.3200000000000003,0.29901641025641024,0.16467290094562215,25.344512820512822
Boreas-Elysium,55,68.5,0.3342,ok,146211.733,Boreas,Elysium,0,low,0.11168963999999999,22.8927,0.2900737913486005,0.165054059944648,59.068346055979646
Boreas-Fenix,70,29.8,0.1762,ok,149789.473,Boreas,Fenix,0,very_low,0.031046439999999998,5.25076,0.3080685421994885,0.17007740427160456,51.75457800511509
Boreas-Dawn,105,22.3,0.1104,ok,24229.289,Boreas,Dawn,0,very_low,0.01218816,2.46192,0.2929547120418848,0.16733925578385606,58.52005235602094
Elysium-Fenix,226,86.0,0.566,ok,528400.641,Elysium,Fenix,0,medium,0.3203559999999999,48.675999999999995,0.2866814016172507,0.16585315339481224,43.56679245283019
Dawn-Fenix,449,7.0,0.0447,ok,71457.81,Dawn,Fenix,0,very_low,0.0019980899999999997,0.31289999999999996,0.3041873417721519,0.1724694243240588,47.598683544303796
Aegis-Boreas,77,41.5,0.1993,ok,68640.147,Aegis,Boreas,0,very_low,0.039720490000000004,8.270950000000001,0.2911771978021978,0.16781519450328578,59.97527472527472
Aegis-Boreas,436,51.9,0.2494,ok,75740.837,Aegis,Boreas,0,low,0.06220036,12.94386,0.2911771978021978,0.16781519450328578,59.97527472527472
Dawn-Elysium,69,9.5,0.1374,ok,108618.952,Dawn,Elysium,0,very_low,0.018878759999999998,1.3053,0.29596,0.16907179960732635,20.87232
Dawn-Elysium,110,6.4,0.0921,ok,101086.971,Dawn,Elysium,0,very_low,0.008482410000000001,0.5894400000000001,0.29596,0.16907179960732635,20.87232
Dawn-Elysium,228,32.1,0.4656,ok,228664.167,Dawn,Elysium,0,medium,0.21678336,14.945760000000002,0.29596,0.16907179960732635,20.87232
Aegis-Boreas,97,53.96,0.4556,ok,126523.911,Aegis,Boreas,0,medium,0.20757136,24.584176,0.2911771978021978,0.16781519450328578,59.97527472527472
Boreas-Dawn,467,76.7,0.3799,ok,116310.023,Boreas,Dawn,0,low,0.14432401,29.138330000000003,0.2929547120418848,0.16733925578385606,58.52005235602094
Dawn-Fenix,477,46.68,0.3185,ok,101620.167,Dawn,Fenix,0,low,0.10144225,14.86758,0.3041873417721519,0.1724694243240588,47.598683544303796
Boreas-Dawn,197,53.4,0.2644,ok,88680.389,Boreas,Dawn,0,low,0.06990736000000002,14.118960000000001,0.2929547120418848,0.16733925578385606,58.52005235602094
Caelum-Fenix,462,53.4,0.4204,ok,215987.321,Caelum,Fenix,0,medium,0.17673616,22.44936,0.2979977329974811,0.16907325550533112,38.04100755667506
Dawn-Elysium,239,4.0,0.0575,ok,101633.902,Dawn,Elysium,0,very_low,0.00330625,0.23,0.29596,0.16907179960732635,20.87232
Caelum-Dawn,58,28.8,0.3135,ok,161144.558,Caelum,Dawn,0,low,0.09828225,9.0288,0.30429655172413794,0.17370736738192366,28.526896551724136
Caelum-Fenix,217,39.1,0.3082,ok,152421.122,Caelum,Fenix,0,low,0.09498723999999999,12.050619999999999,0.2979977329974811,0.16907325550533112,38.04100755667506
Boreas-Fenix,53,117.1,0.6928,ok,762871.509,Boreas,Fenix,0,high,0.47997184,81.12687999999999,0.3080685421994885,0.17007740427160456,51.75457800511509
Caelum-Dawn,471,35.6,0.3872,ok,195372.44,Caelum,Dawn,0,low,0.14992384,13.784320000000001,0.30429655172413794,0.17370736738192366,28.526896551724136
Boreas-Elysium,290,36.5,0.1779,ok,105830.281,Boreas,Elysium,0,very_low,0.03164841,6.49335,0.2900737913486005,0.165054059944648,59.068346055979646
Aegis-Dawn,14,42.3,0.4318,ok,232124.2,Aegis,Dawn,0,medium,0.18645124000000002,18.26514,0.3143477922077922,0.16558189329464748,31.258909090909093
Aegis-Elysium,442,54.0,0.2675,ok,197412.803,Aegis,Elysium,0,low,0.07155625,14.445,0.3029021390374331,0.16678734255381286,60.362834224598934
Caelum-Fenix,257,24.5,0.1932,ok,123561.165,Caelum,Fenix,0,very_low,0.037326240000000004,4.7334000000000005,0.2979977329974811,0.16907325550533112,38.04100755667506
Boreas-Fenix,476,71.7,0.424,ok,263476.789,Boreas,Fenix,0,medium,0.179776,30.4008,0.3080685421994885,0.17007740427160456,51.75457800511509
Boreas-Fenix,228,40.0,0.2367,ok,80624.837,Boreas,Fenix,0,low,0.056026889999999996,9.468,0.3080685421994885,0.17007740427160456,51.75457800511509
Aegis-Elysium,222,32.1,0.1591,ok,165556.688,Aegis,Elysium,0,very_low,0.025312809999999998,5.10711,0.3029021390374331,0.16678734255381286,60.362834224598934
Boreas-Fenix,369,13.7,0.0812,ok,138676.08,Boreas,Fenix,0,very_low,0.006593439999999999,1.1124399999999999,0.3080685421994885,0.17007740427160456,51.75457800511509
Aegis-Elysium,333,88.4,0.4376,ok,309099.948,Aegis,Elysium,0,medium,0.19149375999999999,38.683840000000004,0.3029021390374331,0.16678734255381286,60.362834224598934
Caelum-Fenix,121,17.6,0.1389,ok,122617.759,Caelum,Fenix,0,very_low,0.019293209999999998,2.44464,0.2979977329974811,0.16907325550533112,38.04100755667506
Dawn-Fenix,424,22.3,0.1421,ok,77413.85,Dawn,Fenix,0,very_low,0.02019241,3.1688300000000003,0.3041873417721519,0.1724694243240588,47.598683544303796
Caelum-Elysium,481,6.0,0.0718,ok,125747.341,Caelum,Elysium,0,very_low,0.00515524,0.4308,0.29901641025641024,0.16467290094562215,25.344512820512822
Caelum-Elysium,475,21.8,0.2621,ok,160271.898,Caelum,Elysium,0,low,0.06869641,5.71378,0.29901641025641024,0.16467290094562215,25.344512820512822
Dawn-Elysium,457,15.420000000000002,0.1027,ok,106198.502,Dawn,Elysium,0,very_low,0.010547289999999999,1.5836340000000002,0.29596,0.16907179960732635,20.87232
Aegis-Dawn,143,27.7,0.2825,ok,158645.616,Aegis,Dawn,0,low,0.07980624999999998,7.825249999999999,0.3143477922077922,0.16558189329464748,31.258909090909093
Dawn-Fenix,132,43.0,0.2741,ok,93534.052,Dawn,Fenix,0,low,0.07513081,11.7863,0.3041873417721519,0.1724694243240588,47.598683544303796
Caelum-Fenix,255,58.8,0.4633,ok,249689.338,Caelum,Fenix,0,medium,0.21464688999999998,27.24204,0.2979977329974811,0.16907325550533112,38.04100755667506
Aegis-Boreas,129,42.8,0.2057,ok,71158.078,Aegis,Boreas,0,low,0.042312489999999994,8.80396,0.2911771978021978,0.16781519450328578,59.97527472527472
Caelum-Dawn,55,49.3,0.536,ok,318763.567,Caelum,Dawn,0,medium,0.28729600000000005,26.4248,0.30429655172413794,0.17370736738192366,28.526896551724136
Caelum-Fenix,115,15.9,0.1255,ok,120075.246,Caelum,Fenix,0,very_low,0.01575025,1.99545,0.2979977329974811,0.16907325550533112,38.04100755667506
Boreas-Elysium,453,38.9,0.1898,ok,105657.145,Boreas,Elysium,0,very_low,0.03602404,7.38322,0.2900737913486005,0.165054059944648,59.068346055979646
Boreas-Elysium,138,74.0,0.3612,ok,153800.321,Boreas,Elysium,0,low,0.13046544000000002,26.728800000000003,0.2900737913486005,0.165054059944648,59.068346055979646
Boreas-Fenix,430,77.2,0.4569,ok,284179.374,Boreas,Fenix,0,medium,0.20875760999999998,35.27268,0.3080685421994885,0.17007740427160456,51.75457800511509
Aegis-Elysium,482,16.1,0.0799,ok,155684.392,Aegis,Elysium,0,very_low,0.00638401,1.2863900000000001,0.3029021390374331,0.16678734255381286,60.362834224598934
Boreas-Fenix,310,55.2,0.3266,ok,200573.66,Boreas,Fenix,0,low,0.10666756,18.02832,0.3080685421994885,0.17007740427160456,51.75457800511509
Caelum-Dawn,90,13.7,0.1487,ok,117477.703,Caelum,Dawn,0,very_low,0.02211169,2.03719,0.30429655172413794,0.17370736738192366,28.526896551724136
Caelum-Fenix,477,52.8,0.4154,ok,209711.903,Caelum,Fenix,0,medium,0.17255716,21.93312,0.2979977329974811,0.16907325550533112,38.04100755667506
Aegis-Dawn,408,34.3,0.3502,ok,187414.553,Aegis,Dawn,0,low,0.12264004,12.011859999999999,0.3143477922077922,0.16558189329464748,31.258909090909093
Elysium-Fenix,136,6.4,0.0419,ok,166640.06,Elysium,Fenix,0,very_low,0.00175561,0.26816,0.2866814016172507,0.16585315339481224,43.56679245283019
Boreas-Elysium,101,118.7,0.5788,ok,332785.483,Boreas,Elysium,0,medium,0.33500944,68.70356,0.2900737913486005,0.165054059944648,59.068346055979646
Aegis-Elysium,89,77.6,0.3841,ok,266625.569,Aegis,Elysium,0,low,0.14753281,29.80616,0.3029021390374331,0.16678734255381286,60.362834224598934
Caelum-Fenix,388,50.6,0.3981,ok,198428.12,Caelum,Fenix,0,low,0.15848361,20.14386,0.2979977329974811,0.16907325550533112,38.04100755667506
Dawn-Elysium,242,28.6,0.4151,ok,193342.78,Dawn,Elysium,0,medium,0.17230801,11.871860000000002,0.29596,0.16907179960732635,20.87232
Aegis-Boreas,367,10.6,0.051,ok,59518.737,Aegis,Boreas,0,very_low,0.0026009999999999996,0.5406,0.2911771978021978,0.16781519450328578,59.97527472527472
Aegis-Elysium,220,88.1,0.4361,ok,307296.102,Aegis,Elysium,0,medium,0.19018321,38.42041,0.3029021390374331,0.16678734255381286,60.362834224598934
Dawn-Elysium,55,23.7,0.3428,ok,154442.748,Dawn,Elysium,0,low,0.11751183999999999,8.12436,0.29596,0.16907179960732635,20.87232
Caelum-Elysium,255,21.76,0.2455,ok,158466.298,Caelum,Elysium,0,low,0.06027025,5.34208,0.29901641025641024,0.16467290094562215,25.344512820512822
Aegis-Boreas,464,16.1,0.0774,ok,61139.671,Aegis,Boreas,0,very_low,0.0059907599999999995,1.24614,0.2911771978021978,0.16781519450328578,59.97527472527472
Dawn-Elysium,262,1.4,0.0205,ok,101127.714,Dawn,Elysium,0,very_low,0.00042025000000000005,0.0287,0.29596,0.16907179960732635,20.87232
Boreas-Fenix,496,27.3,0.1613,ok,141555.422,Boreas,Fenix,0,very_low,0.02601769,4.40349,0.3080685421994885,0.17007740427160456,51.75457800511509
Boreas-Elysium,318,74.5,0.3635,ok,154923.146,Boreas,Elysium,0,low,0.13213224999999998,27.08075,0.2900737913486005,0.165054059944648,59.068346055979646
Dawn-Fenix,283,36.1,0.2301,ok,85389.862,Dawn,Fenix,0,low,0.05294601,8.306610000000001,0.3041873417721519,0.1724694243240588,47.598683544303796
Elysium-Fenix,48,41.6,0.2737,ok,218318.685,Elysium,Fenix,0,low,0.07491169,11.38592,0.2866814016172507,0.16585315339481224,43.56679245283019
Elysium-Fenix,409,38.7,0.2544,ok,206811.808,Elysium,Fenix,0,low,0.06471936,9.84528,0.2866814016172507,0.16585315339481224,43.56679245283019
Boreas-Dawn,480,92.1,0.4559,ok,146102.716,Boreas,Dawn,0,medium,0.20784481000000002,41.98839,0.2929547120418848,0.16733925578385606,58.52005235602094
Aegis-Dawn,103,24.2,0.2471,ok,144543.44,Aegis,Dawn,0,low,0.061058409999999994,5.979819999999999,0.3143477922077922,0.16558189329464748,31.258909090909093
Elysium-Fenix,490,109.64,0.5645,ok,523100.774,Elysium,Fenix,0,medium,0.31866025,61.89178,0.2866814016172507,0.16585315339481224,43.56679245283019
Caelum-Fenix,304,31.1,0.2446,ok,138049.95,Caelum,Fenix,0,low,0.059829160000000006,7.607060000000001,0.2979977329974811,0.16907325550533112,38.04100755667506
Caelum-Fenix,249,25.7,0.2025,ok,126850.295,Caelum,Fenix,0,low,0.04100625000000001,5.20425,0.2979977329974811,0.16907325550533112,38.04100755667506
Dawn-Fenix,88,34.86,0.348,ok,111700.974,Dawn,Fenix,0,low,0.12110399999999999,12.131279999999999,0.3041873417721519,0.1724694243240588,47.598683544303796
Boreas-Dawn,269,104.9,0.5194,ok,180700.081,Boreas,Dawn,0,medium,0.26977636,54.48506,0.2929547120418848,0.16733925578385606,58.52005235602094
Aegis-Dawn,401,27.9,0.2843,ok,157142.075,Aegis,Dawn,0,low,0.08082649,7.93197,0.3143477922077922,0.16558189329464748,31.258909090909093
Caelum-Fenix,296,35.8,0.2819,ok,147469.328,Caelum,Fenix,0,low,0.07946761,10.092019999999998,0.2979977329974811,0.16907325550533112,38.04100755667506
Caelum-Fenix,312,35.4,0.279,ok,148292.139,Caelum,Fenix,0,low,0.07784100000000002,9.8766,0.2979977329974811,0.16907325550533112,38.04100755667506
Aegis-Boreas,342,37.4,0.1796,ok,67297.32,Aegis,Boreas,0,very_low,0.032256160000000006,6.71704,0.2911771978021978,0.16781519450328578,59.97527472527472
Boreas-Elysium,198,65.6,0.32,ok,141181.702,Boreas,Elysium,0,low,0.1024,20.991999999999997,0.2900737913486005,0.165054059944648,59.068346055979646
Caelum-Dawn,184,14.5,0.1582,ok,122532.878,Caelum,Dawn,0,very_low,0.025027240000000003,2.2939000000000003,0.30429655172413794,0.17370736738192366,28.526896551724136
Boreas-Dawn,326,150.2,0.7433,ok,511649.853,Boreas,Dawn,0,high,0.55249489,111.64365999999998,0.2929547120418848,0.16733925578385606,58.52005235602094
Caelum-Elysium,220,17.2,0.2072,ok,145280.435,Caelum,Elysium,0,low,0.04293184,3.56384,0.29901641025641024,0.16467290094562215,25.344512820512822
Caelum-Fenix,172,7.6,0.0601,ok,111355.705,Caelum,Fenix,0,very_low,0.00361201,0.45676,0.2979977329974811,0.16907325550533112,38.04100755667506
Aegis-Elysium,318,75.0,0.3711,ok,258748.94,Aegis,Elysium,0,low,0.13771520999999998,27.8325,0.3029021390374331,0.16678734255381286,60.362834224598934
Dawn-Elysium,143,9.9,0.1431,ok,35760.006,Dawn,Elysium,0,very_low,0.02047761,1.41669,0.29596,0.16907179960732635,20.87232
Boreas-Dawn,20,17.7,0.0875,ok,69024.443,Boreas,Dawn,0,very_low,0.007656249999999999,1.5487499999999998,0.2929547120418848,0.16733925578385606,58.52005235602094
Boreas-Fenix,266,100.9,0.5968,ok,493213.829,Boreas,Fenix,0,medium,0.35617023999999997,60.21712,0.3080685421994885,0.17007740427160456,51.75457800511509
Aegis-Elysium,171,54.9,0.2719,ok,199805.779,Aegis,Elysium,0,low,0.07392960999999999,14.927309999999999,0.3029021390374331,0.16678734255381286,60.362834224598934
Boreas-Dawn,112,62.8,0.3108,ok,97570.363,Boreas,Dawn,0,low,0.09659664000000001,19.51824,0.2929547120418848,0.16733925578385606,58.52005235602094
Caelum-Dawn,462,15.8,0.1722,ok,124187.892,Caelum,Dawn,0,very_low,0.029652839999999996,2.72076,0.30429655172413794,0.17370736738192366,28.526896551724136
Dawn-Elysium,116,12.8,0.1852,ok,114284.632,Dawn,Elysium,0,very_low,0.03429904,2.3705600000000002,0.29596,0.16907179960732635,20.87232
Elysium-Fenix,14,41.4,0.2724,ok,215728.938,Elysium,Fenix,0,low,0.07420175999999999,11.277359999999998,0.2866814016172507,0.16585315339481224,43.56679245283019
Elysium-Fenix,482,88.4,0.5818,ok,565696.59,Elysium,Fenix,0,medium,0.33849123999999997,51.43112,0.2866814016172507,0.16585315339481224,43.56679245283019
Dawn-Fenix,301,4.720000000000001,0.0385,ok,71693.24,Dawn,Fenix,0,very_low,0.00148225,0.18172000000000002,0.3041873417721519,0.1724694243240588,47.598683544303796
Dawn-Fenix,316,4.64,0.0379,ok,71104.491,Dawn,Fenix,0,very_low,0.0014364100000000002,0.175856,0.3041873417721519,0.1724694243240588,47.598683544303796
Caelum-Fenix,391,103.2,0.8128,ok,1293261.809,Caelum,Fenix,1,very_high,0.66064384,83.88096,0.2979977329974811,0.16907325550533112,38.04100755667506
Elysium-Fenix,224,64.8,0.4263,ok,313620.893,Elysium,Fenix,0,medium,0.18173169,27.62424,0.2866814016172507,0.16585315339481224,43.56679245283019
Boreas-Elysium,345,88.7,0.4328,ok,192626.466,Boreas,Elysium,0,medium,0.18731584,38.38936,0.2900737913486005,0.165054059944648,59.068346055979646
Elysium-Fenix,254,79.2,0.5208,ok,442138.855,Elysium,Fenix,0,medium,0.27123264,41.24736000000001,0.2866814016172507,0.16585315339481224,43.56679245283019
Boreas-Elysium,148,45.0,0.2194,ok,114538.792,Boreas,Elysium,0,low,0.04813636,9.873000000000001,0.2900737913486005,0.165054059944648,59.068346055979646
Boreas-Dawn,361,81.9,0.4055,ok,122823.043,Boreas,Dawn,0,medium,0.16443025000000003,33.21045,0.2929547120418848,0.16733925578385606,58.52005235602094
Caelum-Dawn,133,12.8,0.1388,ok,117616.664,Caelum,Dawn,0,very_low,0.01926544,1.7766400000000002,0.30429655172413794,0.17370736738192366,28.526896551724136
Dawn-Elysium,144,12.8,0.186,ok,114795.174,Dawn,Elysium,0,very_low,0.034596,2.3808000000000002,0.29596,0.16907179960732635,20.87232
Boreas-Dawn,164,43.2,0.2138,ok,81509.963,Boreas,Dawn,0,low,0.04571044,9.23616,0.2929547120418848,0.16733925578385606,58.52005235602094
Boreas-Dawn,302,3.5,0.0172,ok,70000.3,Boreas,Dawn,0,very_low,0.00029584,0.060200000000000004,0.2929547120418848,0.16733925578385606,58.52005235602094
Dawn-Elysium,194,26.0,0.3764,ok,172200.651,Dawn,Elysium,0,low,0.14167696000000002,9.7864,0.29596,0.16907179960732635,20.87232
Caelum-Elysium,379,17.1,0.2064,ok,146948.889,Caelum,Elysium,0,low,0.04260096,3.52944,0.29901641025641024,0.16467290094562215,25.344512820512822
Aegis-Dawn,10,28.4,0.2895,ok,160874.18,Aegis,Dawn,0,low,0.08381024999999999,8.221799999999998,0.3143477922077922,0.16558189329464748,31.258909090909093
Dawn-Fenix,42,41.7,0.2658,ok,91645.878,Dawn,Fenix,0,low,0.07064963999999999,11.08386,0.3041873417721519,0.1724694243240588,47.598683544303796
Aegis-Elysium,52,19.3,0.0953,ok,155908.029,Aegis,Elysium,0,very_low,0.00908209,1.83929,0.3029021390374331,0.16678734255381286,60.362834224598934
Elysium-Fenix,393,35.6,0.2343,ok,197869.404,Elysium,Fenix,0,low,0.054896490000000006,8.34108,0.2866814016172507,0.16585315339481224,43.56679245283019
Elysium-Fenix,215,52.4,0.3447,ok,254453.324,Elysium,Fenix,0,low,0.11881809,18.06228,0.2866814016172507,0.16585315339481224,43.56679245283019
Aegis-Elysium,486,26.8,0.1326,ok,164021.781,Aegis,Elysium,0,very_low,0.01758276,3.55368,0.3029021390374331,0.16678734255381286,60.362834224598934
Aegis-Boreas,27,66.8,0.3213,ok,85552.048,Aegis,Boreas,0,low,0.10323368999999999,21.462839999999996,0.2911771978021978,0.16781519450328578,59.97527472527472
Aegis-Elysium,168,63.4,0.3136,ok,221969.821,Aegis,Elysium,0,low,0.09834496,19.88224,0.3029021390374331,0.16678734255381286,60.362834224598934
Dawn-Fenix,143,51.5,0.3283,ok,105036.974,Dawn,Fenix,0,low,0.10778088999999999,16.90745,0.3041873417721519,0.1724694243240588,47.598683544303796
Boreas-Dawn,123,88.5,0.4381,ok,140113.221,Boreas,Dawn,0,medium,0.19193161,38.77185,0.2929547120418848,0.16733925578385606,58.52005235602094
Dawn-Fenix,125,37.1,0.2361,ok,85447.443,Dawn,Fenix,0,low,0.05574321,8.759310000000001,0.3041873417721519,0.1724694243240588,47.598683544303796
Dawn-Elysium,16,6.6,0.0954,ok,106879.449,Dawn,Elysium,0,very_low,0.00910116,0.62964,0.29596,0.16907179960732635,20.87232
Aegis-Boreas,450,44.8,0.2155,ok,71947.146,Aegis,Boreas,0,low,0.046440249999999995,9.654399999999999,0.2911771978021978,0.16781519450328578,59.97527472527472
Boreas-Fenix,301,41.9,0.326,ok,194483.147,Boreas,Fenix,0,low,0.10627600000000001,13.6594,0.3080685421994885,0.17007740427160456,51.75457800511509
Boreas-Fenix,188,93.3,0.5522,ok,408281.196,Boreas,Fenix,0,medium,0.30492484000000003,51.52026,0.3080685421994885,0.17007740427160456,51.75457800511509
Caelum-Elysium,353,5.6,0.0669,ok,129180.812,Caelum,Elysium,0,very_low,0.0044756100000000005,0.37464,0.29901641025641024,0.16467290094562215,25.344512820512822
Boreas-Fenix,335,31.0,0.1835,ok,150847.846,Boreas,Fenix,0,very_low,0.03367225,5.6884999999999994,0.3080685421994885,0.17007740427160456,51.75457800511509
Boreas-Fenix,465,94.0,0.5565,ok,418341.228,Boreas,Fenix,0,medium,0.30969225,52.311,0.3080685421994885,0.17007740427160456,51.75457800511509
Caelum-Dawn,145,47.3,0.5142,ok,293197.511,Caelum,Dawn,0,medium,0.26440164,24.321659999999998,0.30429655172413794,0.17370736738192366,28.526896551724136
Caelum-Fenix,456,28.7,0.2256,ok,134930.413,Caelum,Fenix,0,low,0.05089536,6.47472,0.2979977329974811,0.16907325550533112,38.04100755667506
Boreas-Fenix,391,76.1,0.45,ok,284612.756,Boreas,Fenix,0,medium,0.2025,34.245,0.3080685421994885,0.17007740427160456,51.75457800511509
Dawn-Fenix,165,70.6,0.4499,ok,149060.86,Dawn,Fenix,0,medium,0.20241001000000003,31.76294,0.3041873417721519,0.1724694243240588,47.598683544303796
Aegis-Elysium,156,22.3,0.1104,ok,156084.767,Aegis,Elysium,0,very_low,0.01218816,2.46192,0.3029021390374331,0.16678734255381286,60.362834224598934
Boreas-Fenix,401,29.5,0.1744,ok,153092.331,Boreas,Fenix,0,very_low,0.03041536,5.1448,0.3080685421994885,0.17007740427160456,51.75457800511509
Caelum-Fenix,96,82.3,0.6483,ok,513613.61,Caelum,Fenix,0,high,0.42029289,53.35509,0.2979977329974811,0.16907325550533112,38.04100755667506
Aegis-Boreas,201,51.2,0.2463,ok,73405.211,Aegis,Boreas,0,low,0.06066368999999999,12.61056,0.2911771978021978,0.16781519450328578,59.97527472527472
Aegis-Dawn,140,11.3,0.1157,ok,123996.925,Aegis,Dawn,0,very_low,0.01338649,1.30741,0.3143477922077922,0.16558189329464748,31.258909090909093
Aegis-Dawn,170,35.1,0.3586,ok,189850.827,Aegis,Dawn,0,low,0.12859395999999998,12.58686,0.3143477922077922,0.16558189329464748,31.258909090909093
Caelum-Fenix,152,77.0,0.6066,ok,424806.176,Caelum,Fenix,0,high,0.36796356,46.708200000000005,0.2979977329974811,0.16907325550533112,38.04100755667506
Elysium-Fenix,327,51.0,0.3354,ok,250207.781,Elysium,Fenix,0,low,0.11249315999999998,17.1054,0.2866814016172507,0.16585315339481224,43.56679245283019
Elysium-Fenix,380,14.7,0.0967,ok,167655.739,Elysium,Fenix,0,very_low,0.009350889999999999,1.42149,0.2866814016172507,0.16585315339481224,43.56679245283019
Aegis-Boreas,340,67.2,0.3231,ok,88887.77,Aegis,Boreas,0,low,0.10439361,21.712320000000002,0.2911771978021978,0.16781519450328578,59.97527472527472
Dawn-Elysium,492,2.8,0.0411,ok,109322.352,Dawn,Elysium,0,very_low,0.0016892099999999998,0.11507999999999999,0.29596,0.16907179960732635,20.87232
Boreas-Fenix,480,31.0,0.1835,ok,150113.896,Boreas,Fenix,0,very_low,0.03367225,5.6884999999999994,0.3080685421994885,0.17007740427160456,51.75457800511509
Elysium-Fenix,144,59.6,0.3924,ok,294191.063,Elysium,Fenix,0,low,0.15397776000000002,23.387040000000002,0.2866814016172507,0.16585315339481224,43.56679245283019
Aegis-Dawn,3,5.3,0.0537,ok,116179.345,Aegis,Dawn,0,very_low,0.00288369,0.28461,0.3143477922077922,0.16558189329464748,31.258909090909093
Caelum-Elysium,380,9.0,0.1078,ok,133909.29,Caelum,Elysium,0,very_low,0.011620840000000002,0.9702000000000001,0.29901641025641024,0.16467290094562215,25.344512820512822
Elysium-Fenix,458,91.2,0.5999,ok,604394.996,Elysium,Fenix,0,medium,0.35988001,54.71088,0.2866814016172507,0.16585315339481224,43.56679245283019
Boreas-Elysium,156,48.8,0.2383,ok,120596.819,Boreas,Elysium,0,low,0.056786890000000007,11.62904,0.2900737913486005,0.165054059944648,59.068346055979646
Caelum-Elysium,248,12.4,0.1497,ok,138948.621,Caelum,Elysium,0,very_low,0.02241009,1.8562800000000002,0.29901641025641024,0.16467290094562215,25.344512820512822
Aegis-Boreas,34,53.3,0.2562,ok,77477.22,Aegis,Boreas,0,low,0.06563843999999999,13.655459999999998,0.2911771978021978,0.16781519450328578,59.97527472527472
Caelum-Elysium,489,24.3,0.2926,ok,170137.34,Caelum,Elysium,0,low,0.08561476000000001,7.110180000000001,0.29901641025641024,0.16467290094562215,25.344512820512822
Dawn-Elysium,224,35.5,0.5143,ok,268640.367,Dawn,Elysium,0,medium,0.26450449,18.257649999999998,0.29596,0.16907179960732635,20.87232
Elysium-Fenix,453,84.8,0.558,ok,515354.254,Elysium,Fenix,0,medium,0.3113640000000001,47.318400000000004,0.2866814016172507,0.16585315339481224,43.56679245283019
Boreas-Dawn,13,14.4,0.0712,ok,70030.351,Boreas,Dawn,0,very_low,0.00506944,1.02528,0.2929547120418848,0.16733925578385606,58.52005235602094
Caelum-Elysium,50,46.7,0.5623,ok,400672.423,Caelum,Elysium,0,medium,0.31618129,26.259410000000003,0.29901641025641024,0.16467290094562215,25.344512820512822
Elysium-Fenix,347,63.2,0.4158,ok,316944.166,Elysium,Fenix,0,medium,0.17288964,26.278560000000002,0.2866814016172507,0.16585315339481224,43.56679245283019
Boreas-Dawn,284,33.7,0.1667,ok,75451.339,Boreas,Dawn,0,very_low,0.027788889999999997,5.61779,0.2929547120418848,0.16733925578385606,58.52005235602094
Boreas-Elysium,304,28.4,0.1385,ok,104356.936,Boreas,Elysium,0,very_low,0.019182250000000005,3.9334000000000002,0.2900737913486005,0.165054059944648,59.068346055979646
Caelum-Dawn,402,65.2,0.7089,ok,691656.415,Caelum,Dawn,0,high,0.50253921,46.22028,0.30429655172413794,0.17370736738192366,28.526896551724136
Aegis-Elysium,470,13.8,0.0681,ok,160082.401,Aegis,Elysium,0,very_low,0.0046376099999999995,0.93978,0.3029021390374331,0.16678734255381286,60.362834224598934
Caelum-Dawn,207,7.9,0.0857,ok,114232.19,Caelum,Dawn,0,very_low,0.0073444899999999995,0.67703,0.30429655172413794,0.17370736738192366,28.526896551724136
Aegis-Boreas,177,33.0,0.1585,ok,64051.498,Aegis,Boreas,0,very_low,0.025122250000000002,5.2305,0.2911771978021978,0.16781519450328578,59.97527472527472
Aegis-Dawn,62,26.7,0.2723,ok,151293.248,Aegis,Dawn,0,low,0.07414728999999999,7.270409999999999,0.3143477922077922,0.16558189329464748,31.258909090909093
Caelum-Dawn,12,59.7,0.6484,ok,509827.369,Caelum,Dawn,0,high,0.42042255999999995,38.70948,0.30429655172413794,0.17370736738192366,28.526896551724136
Elysium-Fenix,416,36.6,0.2411,ok,200669.61,Elysium,Fenix,0,low,0.05812921000000001,8.82426,0.2866814016172507,0.16585315339481224,43.56679245283019
Boreas-Fenix,102,26.8,0.1588,ok,145650.087,Boreas,Fenix,0,very_low,0.02521744,4.25584,0.3080685421994885,0.17007740427160456,51.75457800511509
Aegis-Dawn,203,55.4,0.5652,ok,376739.646,Aegis,Dawn,0,medium,0.31945104,31.31208,0.3143477922077922,0.16558189329464748,31.258909090909093
Boreas-Fenix,293,20.8,0.123,ok,139841.238,Boreas,Fenix,0,very_low,0.015129,2.5584000000000002,0.3080685421994885,0.17007740427160456,51.75457800511509
Elysium-Fenix,476,21.4,0.1409,ok,174266.397,Elysium,Fenix,0,very_low,0.01985281,3.0152599999999996,0.2866814016172507,0.16585315339481224,43.56679245283019
Boreas-Dawn,401,151.4,0.7493,ok,530401.673,Boreas,Dawn,0,high,0.5614504899999999,113.44402,0.2929547120418848,0.16733925578385606,58.52005235602094
Boreas-Elysium,456,44.8,0.2184,ok,112516.116,Boreas,Elysium,0,low,0.04769856000000001,9.78432,0.2900737913486005,0.165054059944648,59.068346055979646
Boreas-Elysium,200,38.7,0.189,ok,113394.406,Boreas,Elysium,0,very_low,0.035721,7.3143,0.2900737913486005,0.165054059944648,59.068346055979646
Caelum-Elysium,496,37.0,0.4456,ok,263453.55,Caelum,Elysium,0,medium,0.19855936,16.4872,0.29901641025641024,0.16467290094562215,25.344512820512822
Dawn-Fenix,52,58.1,0.3702,ok,118094.723,Dawn,Fenix,0,low,0.13704803999999998,21.50862,0.3041873417721519,0.1724694243240588,47.598683544303796
Boreas-Elysium,201,94.2,0.4596,ok,212554.632,Boreas,Elysium,0,medium,0.21123216,43.29432,0.2900737913486005,0.165054059944648,59.068346055979646
Dawn-Fenix,80,86.0,0.5477,ok,209410.896,Dawn,Fenix,0,medium,0.29997528999999995,47.102199999999996,0.3041873417721519,0.1724694243240588,47.598683544303796
Elysium-Fenix,265,69.5,0.457,ok,352973.444,Elysium,Fenix,0,medium,0.208849,31.7615,0.2866814016172507,0.16585315339481224,43.56679245283019
Boreas-Dawn,119,40.24,0.3052,ok,96353.171,Boreas,Dawn,0,low,0.09314704000000001,12.281248000000001,0.2929547120418848,0.16733925578385606,58.52005235602094
Caelum-Fenix,122,11.9,0.0934,ok,114350.116,Caelum,Fenix,0,very_low,0.00872356,1.11146,0.2979977329974811,0.16907325550533112,38.04100755667506
Aegis-Boreas,366,113.0,0.5431,ok,177110.568,Aegis,Boreas,0,medium,0.29495761000000004,61.3703,0.2911771978021978,0.16781519450328578,59.97527472527472
Caelum-Elysium,361,17.3,0.2089,ok,152394.624,Caelum,Elysium,0,low,0.04363921,3.61397,0.29901641025641024,0.16467290094562215,25.344512820512822
Boreas-Fenix,81,33.6,0.1986,ok,148870.256,Boreas,Fenix,0,very_low,0.03944196,6.672960000000001,0.3080685421994885,0.17007740427160456,51.75457800511509
Caelum-Dawn,253,31.9,0.3467,ok,173332.654,Caelum,Dawn,0,low,0.12020089,11.05973,0.30429655172413794,0.17370736738192366,28.526896551724136
Dawn-Fenix,312,28.6,0.1821,ok,79013.541,Dawn,Fenix,0,very_low,0.03316041,5.208060000000001,0.3041873417721519,0.1724694243240588,47.598683544303796
Caelum-Fenix,254,53.5,0.421,ok,211534.09,Caelum,Fenix,0,medium,0.17724099999999998,22.5235,0.2979977329974811,0.16907325550533112,38.04100755667506
Aegis-Elysium,98,15.5,0.0769,ok,156139.493,Aegis,Elysium,0,very_low,0.00591361,1.1919499999999998,0.3029021390374331,0.16678734255381286,60.362834224598934
Caelum-Dawn,409,49.620000000000005,0.3094,ok,157292.54,Caelum,Dawn,0,low,0.09572836,15.352428000000002,0.30429655172413794,0.17370736738192366,28.526896551724136
Caelum-Dawn,470,19.2,0.2087,ok,132722.118,Caelum,Dawn,0,low,0.04355569,4.00704,0.30429655172413794,0.17370736738192366,28.526896551724136
Boreas-Dawn,333,61.6,0.3049,ok,95583.594,Boreas,Dawn,0,low,0.09296401,18.78184,0.2929547120418848,0.16733925578385606,58.52005235602094
Boreas-Elysium,369,42.5,0.2072,ok,112482.336,Boreas,Elysium,0,low,0.04293184,8.806,0.2900737913486005,0.165054059944648,59.068346055979646
Boreas-Dawn,357,8.3,0.0413,ok,69466.539,Boreas,Dawn,0,very_low,0.0017056900000000004,0.34279000000000004,0.2929547120418848,0.16733925578385606,58.52005235602094
Aegis-Elysium,255,73.9,0.3659,ok,252023.354,Aegis,Elysium,0,low,0.13388281,27.040010000000002,0.3029021390374331,0.16678734255381286,60.362834224598934
Boreas-Dawn,468,46.3,0.2293,ok,28476.031,Boreas,Dawn,0,low,0.05257849,10.616589999999999,0.2929547120418848,0.16733925578385606,58.52005235602094
Boreas-Elysium,111,53.5,0.2608,ok,125757.467,Boreas,Elysium,0,low,0.06801663999999999,13.952799999999998,0.2900737913486005,0.165054059944648,59.068346055979646
Boreas-Elysium,100,38.5,0.188,ok,108957.212,Boreas,Elysium,0,very_low,0.035344,7.238,0.2900737913486005,0.165054059944648,59.068346055979646
Dawn-Elysium,15,22.1,0.3206,ok,144384.276,Dawn,Elysium,0,low,0.10278435999999999,7.085260000000001,0.29596,0.16907179960732635,20.87232
Boreas-Dawn,52,82.1,0.4067,ok,124266.861,Boreas,Dawn,0,medium,0.16540489,33.39007,0.2929547120418848,0.16733925578385606,58.52005235602094
Aegis-Boreas,338,60.2,0.2893,ok,82588.696,Aegis,Boreas,0,low,0.08369449,17.415860000000002,0.2911771978021978,0.16781519450328578,59.97527472527472
Aegis-Dawn,175,32.1,0.3272,ok,176890.703,Aegis,Dawn,0,low,0.10705983999999999,10.503120000000001,0.3143477922077922,0.16558189329464748,31.258909090909093
Boreas-Elysium,349,76.3,0.3722,ok,160615.545,Boreas,Elysium,0,low,0.13853284,28.398859999999996,0.2900737913486005,0.165054059944648,59.068346055979646
Aegis-Elysium,178,86.42,0.4822,ok,360702.605,Aegis,Elysium,0,medium,0.23251684000000003,41.671724000000005,0.3029021390374331,0.16678734255381286,60.362834224598934
Caelum-Elysium,483,0.6,0.0075,ok,132747.052,Caelum,Elysium,0,very_low,5.625e-05,0.0045,0.29901641025641024,0.16467290094562215,25.344512820512822
Caelum-Elysium,57,5.3,0.0633,ok,129947.803,Caelum,Elysium,0,very_low,0.004006889999999999,0.33548999999999995,0.29901641025641024,0.16467290094562215,25.344512820512822
Boreas-Fenix,221,73.2,0.4331,ok,271151.024,Boreas,Fenix,0,medium,0.18757560999999998,31.70292,0.3080685421994885,0.17007740427160456,51.75457800511509
Boreas-Fenix,177,11.6,0.0686,ok,136293.74,Boreas,Fenix,0,very_low,0.0047059599999999995,0.7957599999999999,0.3080685421994885,0.17007740427160456,51.75457800511509
Dawn-Fenix,21,75.3,0.4795,ok,163750.317,Dawn,Fenix,0,medium,0.22992025,36.10635,0.3041873417721519,0.1724694243240588,47.598683544303796
Aegis-Elysium,319,127.6,0.6319,ok,654830.201,Aegis,Elysium,0,high,0.39929761,80.63044,0.3029021390374331,0.16678734255381286,60.362834224598934
Boreas-Fenix,415,13.3,0.0786,ok,134247.581,Boreas,Fenix,0,very_low,0.006177960000000001,1.0453800000000002,0.3080685421994885,0.17007740427160456,51.75457800511509
Caelum-Dawn,274,13.2,0.1432,ok,118981.376,Caelum,Dawn,0,very_low,0.02050624,1.89024,0.30429655172413794,0.17370736738192366,28.526896551724136
Boreas-Fenix,79,41.0,0.2428,ok,163689.639,Boreas,Fenix,0,low,0.05895183999999999,9.954799999999999,0.3080685421994885,0.17007740427160456,51.75457800511509
Boreas-Dawn,89,34.0,0.1684,ok,138837.421,Boreas,Dawn,0,very_low,0.028358559999999998,5.7256,0.2929547120418848,0.16733925578385606,58.52005235602094
Aegis-Elysium,446,38.6,0.1913,ok,175486.6,Aegis,Elysium,0,very_low,0.03659569,7.38418,0.3029021390374331,0.16678734255381286,60.362834224598934
Dawn-Fenix,373,13.4,0.0853,ok,70937.995,Dawn,Fenix,0,very_low,0.00727609,1.1430200000000001,0.3041873417721519,0.1724694243240588,47.598683544303796
Aegis-Elysium,70,52.6,0.2605,ok,197166.409,Aegis,Elysium,0,low,0.06786025000000001,13.702300000000001,0.3029021390374331,0.16678734255381286,60.362834224598934
Caelum-Dawn,270,29.9,0.3249,ok,159520.065,Caelum,Dawn,0,low,0.10556001000000001,9.71451,0.30429655172413794,0.17370736738192366,28.526896551724136
Caelum-Fenix,243,69.9,0.5505,ok,335085.67,Caelum,Fenix,0,medium,0.30305024999999997,38.47995,0.2979977329974811,0.16907325550533112,38.04100755667506
Boreas-Elysium,296,58.0,0.2828,ok,131065.965,Boreas,Elysium,0,low,0.07997583999999999,16.4024,0.2900737913486005,0.165054059944648,59.068346055979646
Aegis-Dawn,453,20.8,0.2122,ok,140340.266,Aegis,Dawn,0,low,0.04502884,4.41376,0.3143477922077922,0.16558189329464748,31.258909090909093
Caelum-Elysium,375,44.8,0.5398,ok,369748.739,Caelum,Elysium,0,medium,0.29138403999999996,24.183039999999995,0.29901641025641024,0.16467290094562215,25.344512820512822
Boreas-Dawn,252,87.2,0.4317,ok,135974.161,Boreas,Dawn,0,medium,0.18636488999999998,37.644239999999996,0.2929547120418848,0.16733925578385606,58.52005235602094
Boreas-Dawn,328,66.5,0.3293,ok,99847.253,Boreas,Dawn,0,low,0.10843848999999998,21.89845,0.2929547120418848,0.16733925578385606,58.52005235602094
Boreas-Fenix,343,26.4,0.156,ok,149636.127,Boreas,Fenix,0,very_low,0.024336,4.118399999999999,0.3080685421994885,0.17007740427160456,51.75457800511509
Boreas-Dawn,317,36.4,0.1802,ok,77301.142,Boreas,Dawn,0,very_low,0.03247204,6.559279999999999,0.2929547120418848,0.16733925578385606,58.52005235602094
Boreas-Dawn,204,61.0,0.3021,ok,94914.233,Boreas,Dawn,0,low,0.09126440999999999,18.428099999999997,0.2929547120418848,0.16733925578385606,58.52005235602094
Caelum-Elysium,152,10.2,0.1235,ok,134197.157,Caelum,Elysium,0,very_low,0.01525225,1.2596999999999998,0.29901641025641024,0.16467290094562215,25.344512820512822
Aegis-Boreas,447,9.8,0.0471,ok,60511.881,Aegis,Boreas,0,very_low,0.00221841,0.46158000000000005,0.2911771978021978,0.16781519450328578,59.97527472527472
Boreas-Dawn,394,21.5,0.1063,ok,69582.392,Boreas,Dawn,0,very_low,0.011299690000000001,2.28545,0.2929547120418848,0.16733925578385606,58.52005235602094
Elysium-Fenix,315,73.4,0.4832,ok,383826.27,Elysium,Fenix,0,medium,0.23348224,35.46688,0.2866814016172507,0.16585315339481224,43.56679245283019
Dawn-Fenix,280,50.6,0.322,ok,104862.382,Dawn,Fenix,0,low,0.10368400000000001,16.293200000000002,0.3041873417721519,0.1724694243240588,47.598683544303796
Caelum-Dawn,266,60.9,0.662,ok,541398.667,Caelum,Dawn,0,high,0.438244,40.3158,0.30429655172413794,0.17370736738192366,28.526896551724136
Caelum-Dawn,342,50.4,0.5483,ok,331328.025,Caelum,Dawn,0,medium,0.30063289,27.63432,0.30429655172413794,0.17370736738192366,28.526896551724136
Caelum-Fenix,168,20.8,0.164,ok,121283.827,Caelum,Fenix,0,very_low,0.026896000000000003,3.4112000000000005,0.2979977329974811,0.16907325550533112,38.04100755667506
Caelum-Dawn,110,11.1,0.1201,ok,116074.242,Caelum,Dawn,0,very_low,0.01442401,1.33311,0.30429655172413794,0.17370736738192366,28.526896551724136
Caelum-Dawn,93,58.7,0.6385,ok,489085.438,Caelum,Dawn,0,high,0.40768224999999997,37.47995,0.30429655172413794,0.17370736738192366,28.526896551724136
Dawn-Fenix,348,17.8,0.1132,ok,74931.607,Dawn,Fenix,0,very_low,0.01281424,2.01496,0.3041873417721519,0.1724694243240588,47.598683544303796
Elysium-Fenix,44,81.0,0.5331,ok,462780.0,Elysium,Fenix,0,medium,0.28419561000000004,43.1811,0.2866814016172507,0.16585315339481224,43.56679245283019
Dawn-Fenix,325,63.2,0.4023,ok,127366.741,Dawn,Fenix,0,medium,0.16184529,25.42536,0.3041873417721519,0.1724694243240588,47.598683544303796
Boreas-Elysium,90,146.6,0.7149,ok,618821.625,Boreas,Elysium,0,high,0.51108201,104.80434,0.2900737913486005,0.165054059944648,59.068346055979646
Caelum-Dawn,45,45.0,0.4896,ok,269955.873,Caelum,Dawn,0,medium,0.23970815999999998,22.032,0.30429655172413794,0.17370736738192366,28.526896551724136
Aegis-Elysium,161,44.0,0.2177,ok,181629.072,Aegis,Elysium,0,low,0.047393290000000005,9.578800000000001,0.3029021390374331,0.16678734255381286,60.362834224598934
Caelum-Elysium,398,25.4,0.3063,ok,178800.121,Caelum,Elysium,0,low,0.09381969000000001,7.78002,0.29901641025641024,0.16467290094562215,25.344512820512822
Aegis-Dawn,353,32.2,0.3288,ok,176854.254,Aegis,Dawn,0,low,0.10810943999999999,10.58736,0.3143477922077922,0.16558189329464748,31.258909090909093
Dawn-Fenix,96,72.5,0.4617,ok,156156.868,Dawn,Fenix,0,medium,0.21316689,33.47325,0.3041873417721519,0.1724694243240588,47.598683544303796
Caelum-Fenix,355,38.5,0.3033,ok,156043.106,Caelum,Fenix,0,low,0.09199089,11.677050000000001,0.2979977329974811,0.16907325550533112,38.04100755667506
Boreas-Dawn,275,116.0,0.574,ok,227188.019,Boreas,Dawn,0,medium,0.32947599999999994,66.58399999999999,0.2929547120418848,0.16733925578385606,58.52005235602094
Boreas-Elysium,442,25.8,0.1258,ok,103271.809,Boreas,Elysium,0,very_low,0.01582564,3.24564,0.2900737913486005,0.165054059944648,59.068346055979646
Aegis-Boreas,141,65.2,0.3135,ok,85964.853,Aegis,Boreas,0,low,0.09828225,20.4402,0.2911771978021978,0.16781519450328578,59.97527472527472
Dawn-Fenix,453,9.8,0.0624,ok,71834.246,Dawn,Fenix,0,very_low,0.0038937599999999996,0.6115200000000001,0.3041873417721519,0.1724694243240588,47.598683544303796
Caelum-Elysium,492,47.1,0.5678,ok,415731.674,Caelum,Elysium,0,medium,0.32239683999999996,26.74338,0.29901641025641024,0.16467290094562215,25.344512820512822
Dawn-Fenix,318,85.60000000000001,0.572,ok,234216.362,Dawn,Fenix,0,medium,0.3271839999999999,48.9632,0.3041873417721519,0.1724694243240588,47.598683544303796
Aegis-Elysium,238,19.9,0.0983,ok,159888.362,Aegis,Elysium,0,very_low,0.00966289,1.9561699999999997,0.3029021390374331,0.16678734255381286,60.362834224598934
Dawn-Elysium,316,56.0,0.8109,ok,1157877.303,Dawn,Elysium,1,very_high,0.6575588099999999,45.410399999999996,0.29596,0.16907179960732635,20.87232
Aegis-Dawn,428,69.2,0.7061,ok,713039.825,Aegis,Dawn,0,high,0.49857720999999994,48.86212,0.3143477922077922,0.16558189329464748,31.258909090909093
Boreas-Fenix,238,47.1,0.2789,ok,178008.012,Boreas,Fenix,0,low,0.07778521,13.13619,0.3080685421994885,0.17007740427160456,51.75457800511509
Boreas-Fenix,273,60.8,0.3598,ok,211443.828,Boreas,Fenix,0,low,0.12945604,21.87584,0.3080685421994885,0.17007740427160456,51.75457800511509
Aegis-Dawn,352,11.5,0.1176,ok,124180.16,Aegis,Dawn,0,very_low,0.01382976,1.3524,0.3143477922077922,0.16558189329464748,31.258909090909093
Aegis-Elysium,166,78.3,0.3876,ok,265477.2,Aegis,Elysium,0,low,0.15023376,30.349079999999997,0.3029021390374331,0.16678734255381286,60.362834224598934
Caelum-Fenix,421,9.1,0.0719,ok,115132.642,Caelum,Fenix,0,very_low,0.005169610000000001,0.65429,0.2979977329974811,0.16907325550533112,38.04100755667506
Caelum-Fenix,45,40.8,0.321,ok,162264.954,Caelum,Fenix,0,low,0.10304100000000001,13.0968,0.2979977329974811,0.16907325550533112,38.04100755667506
Aegis-Elysium,325,90.4,0.4475,ok,322924.462,Aegis,Elysium,0,medium,0.20025625,40.454,0.3029021390374331,0.16678734255381286,60.362834224598934
Aegis-Elysium,36,55.2,0.2733,ok,199274.171,Aegis,Elysium,0,low,0.07469289,15.08616,0.3029021390374331,0.16678734255381286,60.362834224598934
Caelum-Dawn,96,8.1,0.0878,ok,113787.154,Caelum,Dawn,0,very_low,0.007708840000000001,0.71118,0.30429655172413794,0.17370736738192366,28.526896551724136
Boreas-Dawn,321,102.2,0.506,ok,174844.416,Boreas,Dawn,0,medium,0.256036,51.7132,0.2929547120418848,0.16733925578385606,58.52005235602094
Boreas-Elysium,381,73.2,0.3569,ok,154844.104,Boreas,Elysium,0,low,0.12737761,26.12508,0.2900737913486005,0.165054059944648,59.068346055979646
Aegis-Boreas,364,44.9,0.2161,ok,71904.839,Aegis,Boreas,0,low,0.04669920999999999,9.702889999999998,0.2911771978021978,0.16781519450328578,59.97527472527472
Dawn-Elysium,72,9.5,0.138,ok,109493.275,Dawn,Elysium,0,very_low,0.019044000000000002,1.3110000000000002,0.29596,0.16907179960732635,20.87232
Caelum-Fenix,403,18.9,0.149,ok,287911.682,Caelum,Fenix,0,very_low,0.022201,2.8160999999999996,0.2979977329974811,0.16907325550533112,38.04100755667506
Caelum-Fenix,145,18.8,0.1481,ok,120900.113,Caelum,Fenix,0,very_low,0.021933610000000003,2.7842800000000003,0.2979977329974811,0.16907325550533112,38.04100755667506
Boreas-Dawn,59,50.9,0.2519,ok,85797.847,Boreas,Dawn,0,low,0.06345361000000001,12.82171,0.2929547120418848,0.16733925578385606,58.52005235602094
Caelum-Elysium,267,10.8,0.1299,ok,132011.755,Caelum,Elysium,0,very_low,0.01687401,1.40292,0.29901641025641024,0.16467290094562215,25.344512820512822
Aegis-Elysium,287,28.7,0.1422,ok,169455.598,Aegis,Elysium,0,very_low,0.020220839999999997,4.0811399999999995,0.3029021390374331,0.16678734255381286,60.362834224598934
Caelum-Dawn,119,56.1,0.6101,ok,432025.548,Caelum,Dawn,0,high,0.37222201,34.22661,0.30429655172413794,0.17370736738192366,28.526896551724136
Elysium-Fenix,184,27.3,0.1796,ok,180017.116,Elysium,Fenix,0,very_low,0.032256160000000006,4.90308,0.2866814016172507,0.16585315339481224,43.56679245283019
Aegis-Boreas,54,41.120000000000005,0.3642,ok,36341.602,Aegis,Boreas,0,low,0.13264164,14.975904000000003,0.2911771978021978,0.16781519450328578,59.97527472527472
Dawn-Elysium,420,26.7,0.3874,ok,177506.718,Dawn,Elysium,0,low,0.15007876,10.343580000000001,0.29596,0.16907179960732635,20.87232
Caelum-Elysium,289,21.7,0.2612,ok,162804.417,Caelum,Elysium,0,low,0.06822544,5.6680399999999995,0.29901641025641024,0.16467290094562215,25.344512820512822
Caelum-Dawn,185,37.7,0.4096,ok,207682.278,Caelum,Dawn,0,medium,0.16777216,15.441920000000001,0.30429655172413794,0.17370736738192366,28.526896551724136
Caelum-Elysium,238,31.7,0.3817,ok,220338.61,Caelum,Elysium,0,low,0.14569489,12.099889999999998,0.29901641025641024,0.16467290094562215,25.344512820512822
Boreas-Dawn,161,43.7,0.2161,ok,80076.515,Boreas,Dawn,0,low,0.04669920999999999,9.44357,0.2929547120418848,0.16733925578385606,58.52005235602094
Boreas-Dawn,49,34.5,0.1709,ok,30513.351,Boreas,Dawn,0,very_low,0.02920681,5.89605,0.2929547120418848,0.16733925578385606,58.52005235602094
Boreas-Dawn,38,64.7,0.3201,ok,101915.41,Boreas,Dawn,0,low,0.10246401,20.71047,0.2929547120418848,0.16733925578385606,58.52005235602094
Caelum-Fenix,129,32.7,0.2577,ok,140845.791,Caelum,Fenix,0,low,0.06640929,8.42679,0.2979977329974811,0.16907325550533112,38.04100755667506
Boreas-Elysium,177,64.4,0.3141,ok,137933.764,Boreas,Elysium,0,low,0.09865881,20.22804,0.2900737913486005,0.165054059944648,59.068346055979646
Caelum-Dawn,309,28.9,0.3141,ok,159680.417,Caelum,Dawn,0,low,0.09865881,9.07749,0.30429655172413794,0.17370736738192366,28.526896551724136
Elysium-Fenix,405,6.6,0.0435,ok,165258.544,Elysium,Fenix,0,very_low,0.0018922499999999998,0.28709999999999997,0.2866814016172507,0.16585315339481224,43.56679245283019
Boreas-Fenix,239,28.4,0.1683,ok,146294.42,Boreas,Fenix,0,very_low,0.028324890000000002,4.77972,0.3080685421994885,0.17007740427160456,51.75457800511509
Aegis-Boreas,454,71.2,0.3421,ok,91858.937,Aegis,Boreas,0,low,0.11703241000000002,24.35752,0.2911771978021978,0.16781519450328578,59.97527472527472
Boreas-Fenix,263,20.6,0.1218,ok,141902.156,Boreas,Fenix,0,very_low,0.014835240000000001,2.5090800000000004,0.3080685421994885,0.17007740427160456,51.75457800511509
Boreas-Dawn,160,34.6,0.1715,ok,74165.305,Boreas,Dawn,0,very_low,0.029412250000000004,5.9339,0.2929547120418848,0.16733925578385606,58.52005235602094
Caelum-Fenix,411,53.94,0.3394,ok,169373.328,Caelum,Fenix,0,low,0.11519235999999998,18.307236,0.2979977329974811,0.16907325550533112,38.04100755667506
Boreas-Dawn,162,28.2,0.1397,ok,73410.216,Boreas,Dawn,0,very_low,0.019516089999999996,3.9395399999999996,0.2929547120418848,0.16733925578385606,58.52005235602094
Elysium-Fenix,193,43.8,0.2882,ok,214543.72,Elysium,Fenix,0,low,0.08305924,12.62316,0.2866814016172507,0.16585315339481224,43.56679245283019
Aegis-Elysium,19,60.1,0.2974,ok,214298.782,Aegis,Elysium,0,low,0.08844676,17.87374,0.3029021390374331,0.16678734255381286,60.362834224598934
Aegis-Elysium,297,74.58000000000001,0.5917,ok,543163.008,Aegis,Elysium,0,medium,0.35010889,44.128986000000005,0.3029021390374331,0.16678734255381286,60.362834224598934
Caelum-Elysium,218,57.5,0.6933,ok,724108.951,Caelum,Elysium,0,high,0.48066489,39.86475,0.29901641025641024,0.16467290094562215,25.344512820512822
Caelum-Elysium,63,30.2,0.3644,ok,204159.715,Caelum,Elysium,0,low,0.13278736,11.00488,0.29901641025641024,0.16467290094562215,25.344512820512822
Dawn-Fenix,122,65.8,0.4191,ok,133736.46,Dawn,Fenix,0,medium,0.17564480999999998,27.576779999999996,0.3041873417721519,0.1724694243240588,47.598683544303796
Boreas-Elysium,340,27.1,0.1322,ok,100603.11,Boreas,Elysium,0,very_low,0.017476840000000004,3.5826200000000004,0.2900737913486005,0.165054059944648,59.068346055979646
Elysium-Fenix,268,113.3,0.7454,ok,2705693.458,Elysium,Fenix,0,high,0.55562116,84.45382,0.2866814016172507,0.16585315339481224,43.56679245283019
Boreas-Dawn,67,57.8,0.2859,ok,91039.512,Boreas,Dawn,0,low,0.08173881,16.525019999999998,0.2929547120418848,0.16733925578385606,58.52005235602094
Aegis-Boreas,468,55.8,0.2681,ok,78167.568,Aegis,Boreas,0,low,0.07187761000000001,14.95998,0.2911771978021978,0.16781519450328578,59.97527472527472
Caelum-Dawn,230,35.5,0.3861,ok,193529.03,Caelum,Dawn,0,low,0.14907321,13.70655,0.30429655172413794,0.17370736738192366,28.526896551724136
Dawn-Fenix,385,75.0,0.478,ok,161704.511,Dawn,Fenix,0,medium,0.228484,35.85,0.3041873417721519,0.1724694243240588,47.598683544303796
Elysium-Fenix,32,14.4,0.095,ok,168063.23,Elysium,Fenix,0,very_low,0.009025,1.368,0.2866814016172507,0.16585315339481224,43.56679245283019
Boreas-Dawn,122,78.2,0.3873,ok,117944.35,Boreas,Dawn,0,low,0.15000128999999998,30.28686,0.2929547120418848,0.16733925578385606,58.52005235602094
Dawn-Fenix,320,79.6,0.5069,ok,180398.671,Dawn,Fenix,0,medium,0.25694761,40.34924,0.3041873417721519,0.1724694243240588,47.598683544303796
Aegis-Elysium,204,88.3,0.4373,ok,313547.235,Aegis,Elysium,0,medium,0.19123129000000003,38.61359,0.3029021390374331,0.16678734255381286,60.362834224598934
Dawn-Elysium,119,12.6,0.1833,ok,113126.169,Dawn,Elysium,0,very_low,0.03359889,2.30958,0.29596,0.16907179960732635,20.87232
Boreas-Elysium,192,37.2,0.1814,ok,112047.455,Boreas,Elysium,0,very_low,0.032905960000000005,6.748080000000001,0.2900737913486005,0.165054059944648,59.068346055979646
Aegis-Elysium,377,83.0,0.411,ok,286232.897,Aegis,Elysium,0,medium,0.168921,34.113,0.3029021390374331,0.16678734255381286,60.362834224598934
Boreas-Elysium,110,25.6,0.1247,ok,101572.875,Boreas,Elysium,0,very_low,0.01555009,3.1923200000000005,0.2900737913486005,0.165054059944648,59.068346055979646
Caelum-Dawn,129,42.1,0.4576,ok,237324.911,Caelum,Dawn,0,medium,0.20939776000000002,19.264960000000002,0.30429655172413794,0.17370736738192366,28.526896551724136
Boreas-Fenix,110,18.9,0.112,ok,138753.188,Boreas,Fenix,0,very_low,0.012544000000000001,2.1168,0.3080685421994885,0.17007740427160456,51.75457800511509
Boreas-Fenix,379,44.3,0.2624,ok,176365.966,Boreas,Fenix,0,low,0.06885376000000001,11.62432,0.3080685421994885,0.17007740427160456,51.75457800511509
Caelum-Fenix,123,57.7,0.4546,ok,236527.096,Caelum,Fenix,0,medium,0.20666116,26.230420000000002,0.2979977329974811,0.16907325550533112,38.04100755667506
Elysium-Fenix,252,24.3,0.1601,ok,178726.234,Elysium,Fenix,0,very_low,0.025632009999999997,3.89043,0.2866814016172507,0.16585315339481224,43.56679245283019
Aegis-Boreas,429,23.8,0.1143,ok,61563.366,Aegis,Boreas,0,very_low,0.01306449,2.72034,0.2911771978021978,0.16781519450328578,59.97527472527472
Aegis-Dawn,483,32.5,0.3313,ok,178437.533,Aegis,Dawn,0,low,0.10975969,10.767249999999999,0.3143477922077922,0.16558189329464748,31.258909090909093
Aegis-Dawn,334,44.5,0.4539,ok,249747.973,Aegis,Dawn,0,medium,0.20602521000000001,20.19855,0.3143477922077922,0.16558189329464748,31.258909090909093
Dawn-Fenix,24,48.4,0.3085,ok,99354.142,Dawn,Fenix,0,low,0.09517225,14.9314,0.3041873417721519,0.1724694243240588,47.598683544303796
Caelum-Fenix,195,19.6,0.1542,ok,123746.678,Caelum,Fenix,0,very_low,0.023777640000000003,3.02232,0.2979977329974811,0.16907325550533112,38.04100755667506
Aegis-Boreas,264,121.2,0.5828,ok,207166.671,Aegis,Boreas,0,medium,0.33965584,70.63536,0.2911771978021978,0.16781519450328578,59.97527472527472
Elysium-Fenix,381,34.6,0.2274,ok,199935.432,Elysium,Fenix,0,low,0.051710759999999995,7.86804,0.2866814016172507,0.16585315339481224,43.56679245283019
Boreas-Elysium,344,22.9,0.1119,ok,103520.479,Boreas,Elysium,0,very_low,0.01252161,2.5625099999999996,0.2900737913486005,0.165054059944648,59.068346055979646
Aegis-Dawn,174,25.2,0.2574,ok,153102.534,Aegis,Dawn,0,low,0.06625476000000001,6.48648,0.3143477922077922,0.16558189329464748,31.258909090909093
Boreas-Dawn,352,70.0,0.3466,ok,109434.044,Boreas,Dawn,0,low,0.12013156000000001,24.262,0.2929547120418848,0.16733925578385606,58.52005235602094
Caelum-Elysium,455,55.1,0.6635,ok,625607.341,Caelum,Elysium,0,high,0.44023225,36.55885,0.29901641025641024,0.16467290094562215,25.344512820512822
Boreas-Elysium,399,9.6,0.0468,ok,100082.773,Boreas,Elysium,0,very_low,0.00219024,0.44928,0.2900737913486005,0.165054059944648,59.068346055979646
Elysium-Fenix,138,71.4,0.4699,ok,367880.886,Elysium,Fenix,0,medium,0.22080601,33.55086,0.2866814016172507,0.16585315339481224,43.56679245283019
Boreas-Fenix,21,31.9,0.1886,ok,151280.393,Boreas,Fenix,0,very_low,0.03556996,6.01634,0.3080685421994885,0.17007740427160456,51.75457800511509
Aegis-Boreas,25,20.3,0.0977,ok,61414.903,Aegis,Boreas,0,very_low,0.00954529,1.98331,0.2911771978021978,0.16781519450328578,59.97527472527472
Aegis-Elysium,139,15.8,0.0782,ok,155802.882,Aegis,Elysium,0,very_low,0.006115240000000001,1.2355600000000002,0.3029021390374331,0.16678734255381286,60.362834224598934
Boreas-Fenix,215,37.7,0.2231,ok,158613.751,Boreas,Fenix,0,low,0.049773609999999996,8.410870000000001,0.3080685421994885,0.17007740427160456,51.75457800511509
Boreas-Fenix,24,35.4,0.2097,ok,157476.568,Boreas,Fenix,0,low,0.04397409,7.42338,0.3080685421994885,0.17007740427160456,51.75457800511509
Aegis-Boreas,117,36.3,0.1745,ok,67568.072,Aegis,Boreas,0,very_low,0.030450249999999995,6.334349999999999,0.2911771978021978,0.16781519450328578,59.97527472527472
Caelum-Elysium,285,54.6,0.6573,ok,603431.978,Caelum,Elysium,0,high,0.43204328999999997,35.88858,0.29901641025641024,0.16467290094562215,25.344512820512822
Aegis-Boreas,58,60.2,0.2894,ok,78750.489,Aegis,Boreas,0,low,0.08375236,17.42188,0.2911771978021978,0.16781519450328578,59.97527472527472
Aegis-Elysium,373,71.5,0.3539,ok,238616.814,Aegis,Elysium,0,low,0.12524521,25.30385,0.3029021390374331,0.16678734255381286,60.362834224598934
Aegis-Dawn,224,15.4,0.157,ok,123635.525,Aegis,Dawn,0,very_low,0.024649,2.4178,0.3143477922077922,0.16558189329464748,31.258909090909093
Caelum-Fenix,362,49.6,0.3903,ok,195467.831,Caelum,Fenix,0,low,0.15233408999999998,19.35888,0.2979977329974811,0.16907325550533112,38.04100755667506
Aegis-Elysium,286,79.5,0.3935,ok,271685.566,Aegis,Elysium,0,low,0.15484225000000001,31.283250000000002,0.3029021390374331,0.16678734255381286,60.362834224598934
Elysium-Fenix,200,28.8,0.1897,ok,187904.411,Elysium,Fenix,0,very_low,0.035986090000000005,5.463360000000001,0.2866814016172507,0.16585315339481224,43.56679245283019
Aegis-Boreas,284,72.8,0.3498,ok,93340.352,Aegis,Boreas,0,low,0.12236004,25.465439999999997,0.2911771978021978,0.16781519450328578,59.97527472527472
Boreas-Fenix,51,125.5,0.7424,ok,993678.372,Boreas,Fenix,0,high,0.5511577599999999,93.1712,0.3080685421994885,0.17007740427160456,51.75457800511509
Boreas-Dawn,420,28.7,0.1422,ok,74915.938,Boreas,Dawn,0,very_low,0.020220839999999997,4.0811399999999995,0.2929547120418848,0.16733925578385606,58.52005235602094
Aegis-Dawn,211,48.0,0.4897,ok,282761.456,Aegis,Dawn,0,medium,0.23980609000000003,23.5056,0.3143477922077922,0.16558189329464748,31.258909090909093
Dawn-Fenix,344,26.8,0.171,ok,78062.619,Dawn,Fenix,0,very_low,0.029241000000000003,4.582800000000001,0.3041873417721519,0.1724694243240588,47.598683544303796
Elysium-Fenix,78,15.9,0.1043,ok,179114.156,Elysium,Fenix,0,very_low,0.010878490000000001,1.6583700000000001,0.2866814016172507,0.16585315339481224,43.56679245283019
Aegis-Elysium,194,82.4,0.4079,ok,285609.194,Aegis,Elysium,0,medium,0.16638240999999998,33.61096,0.3029021390374331,0.16678734255381286,60.362834224598934
Dawn-Elysium,275,46.5,0.6735,ok,521713.981,Dawn,Elysium,0,high,0.45360225,31.31775,0.29596,0.16907179960732635,20.87232
Boreas-Fenix,382,48.5,0.287,ok,184901.578,Boreas,Fenix,0,low,0.08236899999999998,13.9195,0.3080685421994885,0.17007740427160456,51.75457800511509
Caelum-Fenix,348,22.5,0.1773,ok,126607.12,Caelum,Fenix,0,very_low,0.031435290000000005,3.98925,0.2979977329974811,0.16907325550533112,38.04100755667506
Aegis-Elysium,410,94.4,0.4674,ok,341022.6,Aegis,Elysium,0,medium,0.21846275999999998,44.12256,0.3029021390374331,0.16678734255381286,60.362834224598934
Caelum-Elysium,439,11.9,0.1434,ok,137375.171,Caelum,Elysium,0,very_low,0.02056356,1.70646,0.29901641025641024,0.16467290094562215,25.344512820512822
Boreas-Fenix,320,61.1,0.3618,ok,215623.586,Boreas,Fenix,0,low,0.13089924,22.105980000000002,0.3080685421994885,0.17007740427160456,51.75457800511509
Caelum-Elysium,292,33.3,0.4017,ok,230275.768,Caelum,Elysium,0,medium,0.16136289,13.37661,0.29901641025641024,0.16467290094562215,25.344512820512822
Caelum-Elysium,265,39.1,0.4714,ok,288787.493,Caelum,Elysium,0,medium,0.22221796,18.43174,0.29901641025641024,0.16467290094562215,25.344512820512822
Caelum-Fenix,488,44.3,0.3491,ok,175297.553,Caelum,Fenix,0,low,0.12187081000000001,15.46513,0.2979977329974811,0.16907325550533112,38.04100755667506
Caelum-Dawn,115,40.9,0.445,ok,231936.491,Caelum,Dawn,0,medium,0.198025,18.200499999999998,0.30429655172413794,0.17370736738192366,28.526896551724136
Caelum-Elysium,478,24.1,0.2898,ok,174077.695,Caelum,Elysium,0,low,0.08398404,6.98418,0.29901641025641024,0.16467290094562215,25.344512820512822
Dawn-Fenix,409,38.0,0.2423,ok,85323.706,Dawn,Fenix,0,low,0.05870929,9.2074,0.3041873417721519,0.1724694243240588,47.598683544303796
Caelum-Fenix,311,57.8,0.4549,ok,240021.18,Caelum,Fenix,0,medium,0.20693401000000003,26.29322,0.2979977329974811,0.16907325550533112,38.04100755667506
Boreas-Fenix,135,91.3,0.5405,ok,390134.979,Boreas,Fenix,0,medium,0.29214025,49.347649999999994,0.3080685421994885,0.17007740427160456,51.75457800511509
Dawn-Elysium,490,10.8,0.1561,ok,106725.546,Dawn,Elysium,0,very_low,0.024367209999999997,1.68588,0.29596,0.16907179960732635,20.87232
Dawn-Elysium,429,6.7,0.0966,ok,105784.242,Dawn,Elysium,0,very_low,0.009331560000000001,0.64722,0.29596,0.16907179960732635,20.87232
Aegis-Boreas,86,63.0,0.3027,ok,83274.956,Aegis,Boreas,0,low,0.09162729000000001,19.0701,0.2911771978021978,0.16781519450328578,59.97527472527472
Boreas-Elysium,66,113.1,0.5516,ok,294713.656,Boreas,Elysium,0,medium,0.30426255999999996,62.38596,0.2900737913486005,0.165054059944648,59.068346055979646
Boreas-Dawn,293,15.2,0.0751,ok,70164.57,Boreas,Dawn,0,very_low,0.00564001,1.1415199999999999,0.2929547120418848,0.16733925578385606,58.52005235602094
Boreas-Fenix,171,80.6,0.4772,ok,311147.794,Boreas,Fenix,0,medium,0.22771984,38.46232,0.3080685421994885,0.17007740427160456,51.75457800511509
Caelum-Dawn,474,17.5,0.1905,ok,127090.583,Caelum,Dawn,0,very_low,0.03629025,3.33375,0.30429655172413794,0.17370736738192366,28.526896551724136
Boreas-Elysium,39,68.4,0.3337,ok,147486.298,Boreas,Elysium,0,low,0.11135569,22.825080000000003,0.2900737913486005,0.165054059944648,59.068346055979646
Caelum-Dawn,181,40.0,0.4344,ok,221625.671,Caelum,Dawn,0,medium,0.18870336000000001,17.376,0.30429655172413794,0.17370736738192366,28.526896551724136
Dawn-Elysium,149,16.4,0.2375,ok,122669.073,Dawn,Elysium,0,low,0.05640625,3.8949999999999996,0.29596,0.16907179960732635,20.87232
Boreas-Dawn,182,68.2,0.3375,ok,103776.686,Boreas,Dawn,0,low,0.11390625000000001,23.017500000000002,0.2929547120418848,0.16733925578385606,58.52005235602094
Dawn-Elysium,254,27.7,0.4011,ok,183071.906,Dawn,Elysium,0,medium,0.16088121,11.11047,0.29596,0.16907179960732635,20.87232
Elysium-Fenix,296,10.7,0.0704,ok,164859.536,Elysium,Fenix,0,very_low,0.00495616,0.75328,0.2866814016172507,0.16585315339481224,43.56679245283019
Caelum-Dawn,247,59.720000000000006,0.4037,ok,202334.208,Caelum,Dawn,0,medium,0.16297369,24.108964000000004,0.30429655172413794,0.17370736738192366,28.526896551724136
Elysium-Fenix,358,31.4,0.2067,ok,196316.009,Elysium,Fenix,0,low,0.042724889999999995,6.490379999999999,0.2866814016172507,0.16585315339481224,43.56679245283019
Dawn-Elysium,124,20.9,0.303,ok,139804.137,Dawn,Elysium,0,low,0.091809,6.332699999999999,0.29596,0.16907179960732635,20.87232
Aegis-Dawn,192,24.0,0.2445,ok,143628.208,Aegis,Dawn,0,low,0.05978025,5.868,0.3143477922077922,0.16558189329464748,31.258909090909093
Boreas-Elysium,303,36.6,0.1783,ok,109439.355,Boreas,Elysium,0,very_low,0.031790889999999995,6.52578,0.2900737913486005,0.165054059944648,59.068346055979646
Caelum-Elysium,79,27.9,0.3362,ok,190516.176,Caelum,Elysium,0,low,0.11303044,9.37998,0.29901641025641024,0.16467290094562215,25.344512820512822
Dawn-Fenix,102,63.2,0.4023,ok,127478.594,Dawn,Fenix,0,medium,0.16184529,25.42536,0.3041873417721519,0.1724694243240588,47.598683544303796
Aegis-Elysium,64,21.5,0.1063,ok,157333.307,Aegis,Elysium,0,very_low,0.011299690000000001,2.28545,0.3029021390374331,0.16678734255381286,60.362834224598934
Aegis-Dawn,79,76.97999999999999,0.4527,ok,253413.536,Aegis,Dawn,0,medium,0.20493729,34.848845999999995,0.3143477922077922,0.16558189329464748,31.258909090909093
Caelum-Elysium,195,39.2,0.4719,ok,287811.728,Caelum,Elysium,0,medium,0.22268960999999998,18.49848,0.29901641025641024,0.16467290094562215,25.344512820512822
Dawn-Elysium,385,19.8,0.2862,ok,135094.832,Dawn,Elysium,0,low,0.08191044,5.66676,0.29596,0.16907179960732635,20.87232
Aegis-Elysium,266,73.0,0.3611,ok,242871.783,Aegis,Elysium,0,low,0.13039320999999998,26.3603,0.3029021390374331,0.16678734255381286,60.362834224598934
Boreas-Fenix,246,49.0,0.29,ok,180509.302,Boreas,Fenix,0,low,0.0841,14.209999999999999,0.3080685421994885,0.17007740427160456,51.75457800511509
Boreas-Fenix,397,26.9,0.1594,ok,148925.777,Boreas,Fenix,0,very_low,0.025408359999999994,4.287859999999999,0.3080685421994885,0.17007740427160456,51.75457800511509
Boreas-Dawn,80,13.8,0.0686,ok,68606.474,Boreas,Dawn,0,very_low,0.0047059599999999995,0.94668,0.2929547120418848,0.16733925578385606,58.52005235602094
Caelum-Elysium,37,22.0,0.2651,ok,166914.724,Caelum,Elysium,0,low,0.07027801,5.8322,0.29901641025641024,0.16467290094562215,25.344512820512822
Caelum-Elysium,402,26.9,0.3246,ok,189173.397,Caelum,Elysium,0,low,0.10536516,8.73174,0.29901641025641024,0.16467290094562215,25.344512820512822
Caelum-Elysium,406,23.7,0.2856,ok,170808.795,Caelum,Elysium,0,low,0.08156736,6.76872,0.29901641025641024,0.16467290094562215,25.344512820512822
Aegis-Boreas,274,139.5,0.6709,ok,304724.783,Aegis,Boreas,0,high,0.4501068100000001,93.59055000000001,0.2911771978021978,0.16781519450328578,59.97527472527472
Caelum-Elysium,185,43.9,0.5286,ok,350318.559,Caelum,Elysium,0,medium,0.27941795999999997,23.20554,0.29901641025641024,0.16467290094562215,25.344512820512822
Caelum-Dawn,212,46.9,0.5098,ok,289895.42,Caelum,Dawn,0,medium,0.25989604000000005,23.90962,0.30429655172413794,0.17370736738192366,28.526896551724136
Boreas-Elysium,213,37.0,0.1803,ok,109775.25,Boreas,Elysium,0,very_low,0.032508089999999996,6.671099999999999,0.2900737913486005,0.165054059944648,59.068346055979646
Elysium-Fenix,159,16.6,0.1093,ok,174085.618,Elysium,Fenix,0,very_low,0.011946489999999999,1.81438,0.2866814016172507,0.16585315339481224,43.56679245283019
Boreas-Elysium,0,11.3,0.055,ok,98898.15,Boreas,Elysium,0,very_low,0.003025,0.6215,0.2900737913486005,0.165054059944648,59.068346055979646
Boreas-Fenix,472,71.7,0.4242,ok,264125.371,Boreas,Fenix,0,medium,0.17994564000000002,30.415140000000005,0.3080685421994885,0.17007740427160456,51.75457800511509
Elysium-Fenix,270,57.2,0.3763,ok,279224.019,Elysium,Fenix,0,low,0.14160169000000003,21.52436,0.2866814016172507,0.16585315339481224,43.56679245283019
Caelum-Fenix,189,9.7,0.0763,ok,117968.832,Caelum,Fenix,0,very_low,0.005821690000000001,0.74011,0.2979977329974811,0.16907325550533112,38.04100755667506
Caelum-Elysium,323,42.3,0.509,ok,328774.293,Caelum,Elysium,0,medium,0.259081,21.5307,0.29901641025641024,0.16467290094562215,25.344512820512822
Caelum-Elysium,137,21.7,0.2618,ok,162237.56,Caelum,Elysium,0,low,0.06853923999999999,5.6810599999999996,0.29901641025641024,0.16467290094562215,25.344512820512822
Boreas-Dawn,370,56.6,0.2804,ok,91729.02,Boreas,Dawn,0,low,0.07862415999999998,15.87064,0.2929547120418848,0.16733925578385606,58.52005235602094
Aegis-Elysium,296,16.8,0.0834,ok,155497.6,Aegis,Elysium,0,very_low,0.00695556,1.4011200000000001,0.3029021390374331,0.16678734255381286,60.362834224598934
Dawn-Fenix,177,39.3,0.2502,ok,89530.149,Dawn,Fenix,0,low,0.06260004,9.832859999999998,0.3041873417721519,0.1724694243240588,47.598683544303796
Caelum-Fenix,476,43.8,0.3447,ok,170678.069,Caelum,Fenix,0,low,0.11881809,15.097859999999999,0.2979977329974811,0.16907325550533112,38.04100755667506
Elysium-Fenix,414,42.4,0.2788,ok,218043.916,Elysium,Fenix,0,low,0.07772944,11.821119999999999,0.2866814016172507,0.16585315339481224,43.56679245283019
Boreas-Elysium,295,21.6,0.1056,ok,103493.166,Boreas,Elysium,0,very_low,0.011151359999999999,2.2809600000000003,0.2900737913486005,0.165054059944648,59.068346055979646
Caelum-Dawn,308,42.3,0.4601,ok,245924.354,Caelum,Dawn,0,medium,0.21169201,19.462229999999998,0.30429655172413794,0.17370736738192366,28.526896551724136
Aegis-Dawn,449,43.2,0.4404,ok,238145.211,Aegis,Dawn,0,medium,0.19395216,19.025280000000002,0.3143477922077922,0.16558189329464748,31.258909090909093
Aegis-Elysium,367,20.5,0.1016,ok,165557.447,Aegis,Elysium,0,very_low,0.01032256,2.0827999999999998,0.3029021390374331,0.16678734255381286,60.362834224598934
Elysium-Fenix,104,57.4,0.3773,ok,278921.998,Elysium,Fenix,0,low,0.14235529000000002,21.65702,0.2866814016172507,0.16585315339481224,43.56679245283019
Boreas-Dawn,202,16.6,0.0822,ok,71213.459,Boreas,Dawn,0,very_low,0.006756839999999999,1.36452,0.2929547120418848,0.16733925578385606,58.52005235602094
Boreas-Dawn,92,130.0,0.6436,ok,306552.759,Boreas,Dawn,0,high,0.4142209599999999,83.66799999999999,0.2929547120418848,0.16733925578385606,58.52005235602094
Aegis-Dawn,371,20.7,0.2114,ok,142355.132,Aegis,Dawn,0,low,0.04468996,4.37598,0.3143477922077922,0.16558189329464748,31.258909090909093
Aegis-Boreas,369,97.2,0.4671,ok,133410.106,Aegis,Boreas,0,medium,0.21818241000000002,45.402120000000004,0.2911771978021978,0.16781519450328578,59.97527472527472
Aegis-Boreas,143,52.3,0.2516,ok,75383.525,Aegis,Boreas,0,low,0.06330256,13.158679999999999,0.2911771978021978,0.16781519450328578,59.97527472527472
Aegis-Boreas,307,122.2,0.5873,ok,210318.889,Aegis,Boreas,0,medium,0.34492129000000005,71.76806,0.2911771978021978,0.16781519450328578,59.97527472527472
Boreas-Dawn,127,33.2,0.1644,ok,75274.384,Boreas,Dawn,0,very_low,0.027027359999999997,5.45808,0.2929547120418848,0.16733925578385606,58.52005235602094
Aegis-Elysium,49,74.1,0.4428,ok,317022.237,Aegis,Elysium,0,medium,0.19607184000000002,32.811479999999996,0.3029021390374331,0.16678734255381286,60.362834224598934
Aegis-Boreas,395,26.0,0.1248,ok,63310.842,Aegis,Boreas,0,very_low,0.015575039999999998,3.2447999999999997,0.2911771978021978,0.16781519450328578,59.97527472527472
Caelum-Elysium,214,41.0,0.4935,ok,311861.419,Caelum,Elysium,0,medium,0.24354225,20.2335,0.29901641025641024,0.16467290094562215,25.344512820512822
Aegis-Dawn,293,12.5,0.128,ok,126452.039,Aegis,Dawn,0,very_low,0.016384,1.6,0.3143477922077922,0.16558189329464748,31.258909090909093
Caelum-Dawn,460,16.4,0.1782,ok,123903.084,Caelum,Dawn,0,very_low,0.03175524,2.9224799999999997,0.30429655172413794,0.17370736738192366,28.526896551724136
Boreas-Fenix,326,57.5,0.34,ok,205100.7,Boreas,Fenix,0,low,0.11560000000000002,19.55,0.3080685421994885,0.17007740427160456,51.75457800511509
Boreas-Fenix,491,46.74,0.2522,ok,172523.176,Boreas,Fenix,0,low,0.06360484,11.787828,0.3080685421994885,0.17007740427160456,51.75457800511509
Dawn-Elysium,351,8.6,0.1252,ok,105796.146,Dawn,Elysium,0,very_low,0.01567504,1.07672,0.29596,0.16907179960732635,20.87232
Aegis-Elysium,471,84.5,0.4185,ok,284657.97,Aegis,Elysium,0,medium,0.17514225,35.36325,0.3029021390374331,0.16678734255381286,60.362834224598934
Boreas-Fenix,309,25.9,0.1534,ok,141022.877,Boreas,Fenix,0,very_low,0.023531560000000003,3.97306,0.3080685421994885,0.17007740427160456,51.75457800511509
Dawn-Fenix,147,45.1,0.2871,ok,94470.012,Dawn,Fenix,0,low,0.08242641000000002,12.948210000000001,0.3041873417721519,0.1724694243240588,47.598683544303796
Boreas-Elysium,25,107.4,0.524,ok,264090.157,Boreas,Elysium,0,medium,0.27457600000000004,56.27760000000001,0.2900737913486005,0.165054059944648,59.068346055979646
Caelum-Dawn,74,16.6,0.1802,ok,126597.291,Caelum,Dawn,0,very_low,0.03247204,2.9913200000000004,0.30429655172413794,0.17370736738192366,28.526896551724136
Boreas-Fenix,275,42.3,0.2505,ok,168179.943,Boreas,Fenix,0,low,0.06275025,10.59615,0.3080685421994885,0.17007740427160456,51.75457800511509
Dawn-Elysium,280,21.7,0.315,ok,145196.377,Dawn,Elysium,0,low,0.09922500000000001,6.8355,0.29596,0.16907179960732635,20.87232
Dawn-Fenix,124,26.6,0.1694,ok,78225.199,Dawn,Fenix,0,very_low,0.028696359999999997,4.5060400000000005,0.3041873417721519,0.1724694243240588,47.598683544303796
Boreas-Fenix,204,86.7,0.5131,ok,351454.951,Boreas,Fenix,0,medium,0.26327161,44.48577,0.3080685421994885,0.17007740427160456,51.75457800511509
Caelum-Fenix,38,20.2,0.159,ok,121043.818,Caelum,Fenix,0,very_low,0.025281,3.2117999999999998,0.2979977329974811,0.16907325550533112,38.04100755667506
Aegis-Boreas,60,15.5,0.0743,ok,59424.245,Aegis,Boreas,0,very_low,0.005520490000000001,1.15165,0.2911771978021978,0.16781519450328578,59.97527472527472
Aegis-Boreas,80,43.5,0.2092,ok,69218.915,Aegis,Boreas,0,low,0.04376464,9.1002,0.2911771978021978,0.16781519450328578,59.97527472527472
Aegis-Dawn,329,53.8,0.5493,ok,352409.428,Aegis,Dawn,0,medium,0.30173049,29.552339999999997,0.3143477922077922,0.16558189329464748,31.258909090909093
Dawn-Elysium,389,27.0,0.391,ok,179297.479,Dawn,Elysium,0,low,0.15288100000000002,10.557,0.29596,0.16907179960732635,20.87232
Elysium-Fenix,354,57.3,0.3771,ok,275535.548,Elysium,Fenix,0,low,0.14220441,21.60783,0.2866814016172507,0.16585315339481224,43.56679245283019
Aegis-Dawn,318,31.9,0.3257,ok,171146.072,Aegis,Dawn,0,low,0.10608049,10.38983,0.3143477922077922,0.16558189329464748,31.258909090909093
Boreas-Fenix,276,42.2,0.2496,ok,167258.568,Boreas,Fenix,0,low,0.06230015999999999,10.53312,0.3080685421994885,0.17007740427160456,51.75457800511509
Caelum-Elysium,359,18.3,0.2204,ok,148773.475,Caelum,Elysium,0,low,0.04857616000000001,4.033320000000001,0.29901641025641024,0.16467290094562215,25.344512820512822
Boreas-Elysium,326,52.4,0.2558,ok,122450.247,Boreas,Elysium,0,low,0.06543364000000002,13.403920000000001,0.2900737913486005,0.165054059944648,59.068346055979646
Caelum-Dawn,234,10.4,0.1131,ok,117770.434,Caelum,Dawn,0,very_low,0.012791610000000002,1.1762400000000002,0.30429655172413794,0.17370736738192366,28.526896551724136
Boreas-Fenix,444,56.6,0.3348,ok,202545.54,Boreas,Fenix,0,low,0.11209103999999999,18.94968,0.3080685421994885,0.17007740427160456,51.75457800511509
Elysium-Fenix,257,12.7,0.0836,ok,172923.597,Elysium,Fenix,0,very_low,0.006988959999999999,1.0617199999999998,0.2866814016172507,0.16585315339481224,43.56679245283019
Dawn-Fenix,383,38.1,0.2429,ok,84912.043,Dawn,Fenix,0,low,0.05900041,9.25449,0.3041873417721519,0.1724694243240588,47.598683544303796
Dawn-Elysium,127,15.1,0.2191,ok,120035.421,Dawn,Elysium,0,low,0.048004809999999995,3.30841,0.29596,0.16907179960732635,20.87232
Aegis-Dawn,451,71.9,0.7341,ok,834342.494,Aegis,Dawn,0,high,0.53890281,52.78179,0.3143477922077922,0.16558189329464748,31.258909090909093
Boreas-Elysium,280,37.2,0.1815,ok,108076.686,Boreas,Elysium,0,very_low,0.03294225,6.7518,0.2900737913486005,0.165054059944648,59.068346055979646
Caelum-Fenix,50,58.9,0.4639,ok,245585.379,Caelum,Fenix,0,medium,0.21520320999999998,27.32371,0.2979977329974811,0.16907325550533112,38.04100755667506
Boreas-Elysium,422,98.7,0.4817,ok,227304.479,Boreas,Elysium,0,medium,0.23203489000000002,47.54379,0.2900737913486005,0.165054059944648,59.068346055979646
Elysium-Fenix,122,36.6,0.2407,ok,206894.31,Elysium,Fenix,0,low,0.05793649,8.80962,0.2866814016172507,0.16585315339481224,43.56679245283019
Aegis-Elysium,317,23.5,0.1161,ok,158747.148,Aegis,Elysium,0,very_low,0.013479209999999998,2.72835,0.3029021390374331,0.16678734255381286,60.362834224598934
Dawn-Elysium,19,24.0,0.3479,ok,157577.271,Dawn,Elysium,0,low,0.12103441,8.349599999999999,0.29596,0.16907179960732635,20.87232
Dawn-Fenix,232,68.3,0.4353,ok,141493.217,Dawn,Fenix,0,medium,0.18948609000000002,29.73099,0.3041873417721519,0.1724694243240588,47.598683544303796
Aegis-Elysium,236,102.4,0.5071,ok,391470.533,Aegis,Elysium,0,medium,0.25715041,51.927040000000005,0.3029021390374331,0.16678734255381286,60.362834224598934
Dawn-Elysium,13,10.2,0.1476,ok,113267.542,Dawn,Elysium,0,very_low,0.02178576,1.50552,0.29596,0.16907179960732635,20.87232
Dawn-Elysium,400,35.2,0.51,ok,261894.393,Dawn,Elysium,0,medium,0.2601,17.952,0.29596,0.16907179960732635,20.87232
Aegis-Boreas,461,34.1,0.1641,ok,66299.758,Aegis,Boreas,0,very_low,0.026928809999999997,5.59581,0.2911771978021978,0.16781519450328578,59.97527472527472
Elysium-Fenix,9,50.6,0.3329,ok,248735.206,Elysium,Fenix,0,low,0.11082240999999998,16.844739999999998,0.2866814016172507,0.16585315339481224,43.56679245283019
Boreas-Fenix,410,63.9,0.378,ok,227790.118,Boreas,Fenix,0,low,0.142884,24.1542,0.3080685421994885,0.17007740427160456,51.75457800511509
Caelum-Dawn,160,14.1,0.1535,ok,126469.476,Caelum,Dawn,0,very_low,0.02356225,2.1643499999999998,0.30429655172413794,0.17370736738192366,28.526896551724136
Elysium-Fenix,220,17.9,0.1175,ok,171998.702,Elysium,Fenix,0,very_low,0.013806249999999999,2.1032499999999996,0.2866814016172507,0.16585315339481224,43.56679245283019
Aegis-Elysium,103,112.9,0.5591,ok,483416.665,Aegis,Elysium,0,medium,0.31259281000000005,63.12239000000001,0.3029021390374331,0.16678734255381286,60.362834224598934
Caelum-Dawn,491,11.9,0.1299,ok,116427.55,Caelum,Dawn,0,very_low,0.01687401,1.54581,0.30429655172413794,0.17370736738192366,28.526896551724136
Dawn-Elysium,98,15.4,0.2234,ok,119968.862,Dawn,Elysium,0,low,0.04990756,3.44036,0.29596,0.16907179960732635,20.87232
Elysium-Fenix,309,40.4,0.266,ok,211898.785,Elysium,Fenix,0,low,0.07075600000000001,10.7464,0.2866814016172507,0.16585315339481224,43.56679245283019
Aegis-Elysium,484,13.7,0.0678,ok,160233.708,Aegis,Elysium,0,very_low,0.00459684,0.9288599999999999,0.3029021390374331,0.16678734255381286,60.362834224598934
Boreas-Elysium,486,53.3,0.2598,ok,123818.133,Boreas,Elysium,0,low,0.06749604,13.847339999999997,0.2900737913486005,0.165054059944648,59.068346055979646
Caelum-Fenix,277,27.0,0.2125,ok,130216.718,Caelum,Fenix,0,low,0.045156249999999995,5.7375,0.2979977329974811,0.16907325550533112,38.04100755667506
Boreas-Fenix,345,21.6,0.1277,ok,140022.894,Boreas,Fenix,0,very_low,0.016307290000000002,2.7583200000000003,0.3080685421994885,0.17007740427160456,51.75457800511509
Caelum-Dawn,433,66.0,0.7174,ok,720174.234,Caelum,Dawn,0,high,0.5146627600000001,47.348400000000005,0.30429655172413794,0.17370736738192366,28.526896551724136
Caelum-Fenix,137,21.4,0.1687,ok,119619.747,Caelum,Fenix,0,very_low,0.028459689999999996,3.6101799999999997,0.2979977329974811,0.16907325550533112,38.04100755667506
Boreas-Dawn,72,28.6,0.1418,ok,73696.233,Boreas,Dawn,0,very_low,0.020107240000000002,4.05548,0.2929547120418848,0.16733925578385606,58.52005235602094
Dawn-Elysium,469,7.2,0.104,ok,106222.865,Dawn,Elysium,0,very_low,0.010816,0.7488,0.29596,0.16907179960732635,20.87232
Caelum-Elysium,190,34.9,0.4208,ok,242267.742,Caelum,Elysium,0,medium,0.17707264,14.68592,0.29901641025641024,0.16467290094562215,25.344512820512822
Boreas-Elysium,106,31.2,0.1521,ok,102092.626,Boreas,Elysium,0,very_low,0.023134410000000005,4.74552,0.2900737913486005,0.165054059944648,59.068346055979646
Dawn-Elysium,135,18.5,0.2681,ok,133988.298,Dawn,Elysium,0,low,0.07187761000000001,4.95985,0.29596,0.16907179960732635,20.87232
Elysium-Fenix,494,125.5,0.8256,ok,2087798.658,Elysium,Fenix,1,very_high,0.68161536,103.61280000000001,0.2866814016172507,0.16585315339481224,43.56679245283019
Dawn-Elysium,338,22.0,0.3185,ok,147774.901,Dawn,Elysium,0,low,0.10144225,7.007,0.29596,0.16907179960732635,20.87232
Dawn-Elysium,31,4.7,0.0688,ok,105012.049,Dawn,Elysium,0,very_low,0.00473344,0.32336000000000004,0.29596,0.16907179960732635,20.87232
Aegis-Boreas,7,63.3,0.3042,ok,85729.036,Aegis,Boreas,0,low,0.09253764000000002,19.255860000000002,0.2911771978021978,0.16781519450328578,59.97527472527472
Aegis-Dawn,207,20.3,0.2071,ok,134568.829,Aegis,Dawn,0,low,0.042890410000000004,4.20413,0.3143477922077922,0.16558189329464748,31.258909090909093
Boreas-Elysium,36,27.5,0.1341,ok,103858.619,Boreas,Elysium,0,very_low,0.01798281,3.68775,0.2900737913486005,0.165054059944648,59.068346055979646
Caelum-Elysium,65,23.7,0.285,ok,169255.292,Caelum,Elysium,0,low,0.08122499999999999,6.754499999999999,0.29901641025641024,0.16467290094562215,25.344512820512822
Elysium-Fenix,15,60.2,0.396,ok,288202.308,Elysium,Fenix,0,low,0.156816,23.8392,0.2866814016172507,0.16585315339481224,43.56679245283019
Dawn-Elysium,330,15.1,0.2184,ok,119842.176,Dawn,Elysium,0,low,0.04769856000000001,3.29784,0.29596,0.16907179960732635,20.87232
Dawn-Elysium,104,12.6,0.1832,ok,115198.288,Dawn,Elysium,0,very_low,0.03356224,2.30832,0.29596,0.16907179960732635,20.87232
Caelum-Dawn,416,36.7,0.3991,ok,196148.774,Caelum,Dawn,0,low,0.15928081,14.646970000000001,0.30429655172413794,0.17370736738192366,28.526896551724136
Elysium-Fenix,12,57.5,0.3783,ok,280950.82,Elysium,Fenix,0,low,0.14311089000000002,21.75225,0.2866814016172507,0.16585315339481224,43.56679245283019
Aegis-Elysium,114,61.0,0.3018,ok,213396.571,Aegis,Elysium,0,low,0.09108324000000001,18.4098,0.3029021390374331,0.16678734255381286,60.362834224598934
Caelum-Elysium,81,35.8,0.431,ok,251481.049,Caelum,Elysium,0,medium,0.18576099999999998,15.429799999999998,0.29901641025641024,0.16467290094562215,25.344512820512822
Boreas-Elysium,351,43.4,0.2119,ok,114653.445,Boreas,Elysium,0,low,0.04490161,9.19646,0.2900737913486005,0.165054059944648,59.068346055979646
Boreas-Dawn,43,116.9,0.5785,ok,234136.342,Boreas,Dawn,0,medium,0.33466225,67.62665,0.2929547120418848,0.16733925578385606,58.52005235602094
Caelum-Fenix,448,52.8,0.416,ok,212756.093,Caelum,Fenix,0,medium,0.173056,21.964799999999997,0.2979977329974811,0.16907325550533112,38.04100755667506
Boreas-Dawn,479,70.6,0.3495,ok,107483.92,Boreas,Dawn,0,low,0.12215024999999999,24.674699999999998,0.2929547120418848,0.16733925578385606,58.52005235602094
Elysium-Fenix,487,30.0,0.1977,ok,188335.945,Elysium,Fenix,0,very_low,0.039085289999999995,5.930999999999999,0.2866814016172507,0.16585315339481224,43.56679245283019
Boreas-Elysium,117,35.7,0.1742,ok,256150.828,Boreas,Elysium,0,very_low,0.030345639999999997,6.21894,0.2900737913486005,0.165054059944648,59.068346055979646
Dawn-Elysium,223,31.5,0.456,ok,213101.079,Dawn,Elysium,0,medium,0.207936,14.364,0.29596,0.16907179960732635,20.87232
Caelum-Fenix,113,55.7,0.4389,ok,408402.909,Caelum,Fenix,0,medium,0.19263321,24.446730000000002,0.2979977329974811,0.16907325550533112,38.04100755667506
Boreas-Fenix,133,24.7,0.146,ok,143957.284,Boreas,Fenix,0,very_low,0.021315999999999998,3.6062,0.3080685421994885,0.17007740427160456,51.75457800511509
Aegis-Elysium,187,88.8,0.4396,ok,310932.955,Aegis,Elysium,0,medium,0.19324816,39.03648,0.3029021390374331,0.16678734255381286,60.362834224598934
Boreas-Dawn,30,22.0,0.1089,ok,72406.52,Boreas,Dawn,0,very_low,0.011859209999999999,2.3958,0.2929547120418848,0.16733925578385606,58.52005235602094
Elysium-Fenix,448,21.3,0.1399,ok,177030.669,Elysium,Fenix,0,very_low,0.019572009999999997,2.97987,0.2866814016172507,0.16585315339481224,43.56679245283019
Dawn-Fenix,426,63.0,0.4013,ok,130279.728,Dawn,Fenix,0,medium,0.16104169,25.2819,0.3041873417721519,0.1724694243240588,47.598683544303796
Caelum-Dawn,172,16.9,0.1177,ok,118941.22,Caelum,Dawn,0,very_low,0.013853289999999999,1.9891299999999998,0.30429655172413794,0.17370736738192366,28.526896551724136
Caelum-Dawn,122,31.1,0.3381,ok,168000.561,Caelum,Dawn,0,low,0.11431161000000001,10.51491,0.30429655172413794,0.17370736738192366,28.526896551724136
Aegis-Boreas,230,73.9,0.3553,ok,93251.576,Aegis,Boreas,0,low,0.12623809,26.256670000000003,0.2911771978021978,0.16781519450328578,59.97527472527472
Elysium-Fenix,59,46.7,0.307,ok,229751.626,Elysium,Fenix,0,low,0.094249,14.3369,0.2866814016172507,0.16585315339481224,43.56679245283019
Aegis-Boreas,50,12.8,0.0617,ok,61337.986,Aegis,Boreas,0,very_low,0.00380689,0.78976,0.2911771978021978,0.16781519450328578,59.97527472527472
Aegis-Dawn,97,35.9,0.3663,ok,193558.159,Aegis,Dawn,0,low,0.13417569000000001,13.15017,0.3143477922077922,0.16558189329464748,31.258909090909093
Aegis-Elysium,295,25.7,0.1273,ok,163909.274,Aegis,Elysium,0,very_low,0.01620529,3.27161,0.3029021390374331,0.16678734255381286,60.362834224598934
Dawn-Fenix,245,45.1,0.2875,ok,95730.787,Dawn,Fenix,0,low,0.08265624999999999,12.966249999999999,0.3041873417721519,0.1724694243240588,47.598683544303796
Elysium-Fenix,311,19.9,0.131,ok,170890.214,Elysium,Fenix,0,very_low,0.017161000000000003,2.6069,0.2866814016172507,0.16585315339481224,43.56679245283019
Dawn-Fenix,388,65.9,0.4197,ok,134278.875,Dawn,Fenix,0,medium,0.17614809,27.658230000000003,0.3041873417721519,0.1724694243240588,47.598683544303796
Boreas-Elysium,392,81.96,0.6162,ok,383074.781,Boreas,Elysium,0,high,0.37970244,50.50375199999999,0.2900737913486005,0.165054059944648,59.068346055979646
Dawn-Fenix,38,34.3,0.2187,ok,83426.568,Dawn,Fenix,0,low,0.04782969,7.50141,0.3041873417721519,0.1724694243240588,47.598683544303796
Aegis-Boreas,275,126.2,0.6065,ok,230881.655,Aegis,Boreas,0,high,0.36784225000000004,76.5403,0.2911771978021978,0.16781519450328578,59.97527472527472
Aegis-Elysium,158,16.5,0.0816,ok,156167.221,Aegis,Elysium,0,very_low,0.006658560000000001,1.3464,0.3029021390374331,0.16678734255381286,60.362834224598934
Boreas-Elysium,418,104.8,0.5113,ok,254864.803,Boreas,Elysium,0,medium,0.26142769,53.584239999999994,0.2900737913486005,0.165054059944648,59.068346055979646
Elysium-Fenix,386,76.5,0.5033,ok,417621.404,Elysium,Fenix,0,medium,0.25331088999999996,38.502449999999996,0.2866814016172507,0.16585315339481224,43.56679245283019
Boreas-Elysium,28,150.7,0.7351,ok,692851.821,Boreas,Elysium,0,high,0.54037201,110.77956999999999,0.2900737913486005,0.165054059944648,59.068346055979646
Aegis-Boreas,400,20.5,0.0986,ok,62141.151,Aegis,Boreas,0,very_low,0.009721959999999998,2.0212999999999997,0.2911771978021978,0.16781519450328578,59.97527472527472
Boreas-Dawn,279,29.02,0.2706,ok,90299.96,Boreas,Dawn,0,low,0.07322436,7.852812,0.2929547120418848,0.16733925578385606,58.52005235602094
Caelum-Fenix,205,18.0,0.1416,ok,118237.343,Caelum,Fenix,0,very_low,0.020050560000000002,2.5488,0.2979977329974811,0.16907325550533112,38.04100755667506
Elysium-Fenix,273,7.9,0.0517,ok,168828.727,Elysium,Fenix,0,very_low,0.0026728900000000002,0.40843,0.2866814016172507,0.16585315339481224,43.56679245283019
Dawn-Fenix,247,96.2,0.6126,ok,277120.891,Dawn,Fenix,0,high,0.37527876000000004,58.932120000000005,0.3041873417721519,0.1724694243240588,47.598683544303796
Boreas-Dawn,134,39.6,0.1959,ok,78274.728,Boreas,Dawn,0,very_low,0.03837681,7.75764,0.2929547120418848,0.16733925578385606,58.52005235602094
Dawn-Fenix,128,8.0,0.051,ok,71373.753,Dawn,Fenix,0,very_low,0.0026009999999999996,0.408,0.3041873417721519,0.1724694243240588,47.598683544303796
Aegis-Boreas,217,61.3,0.2947,ok,81644.456,Aegis,Boreas,0,low,0.08684809000000002,18.06511,0.2911771978021978,0.16781519450328578,59.97527472527472
Aegis-Dawn,450,30.8,0.314,ok,168261.978,Aegis,Dawn,0,low,0.098596,9.6712,0.3143477922077922,0.16558189329464748,31.258909090909093
Aegis-Elysium,352,95.8,0.4742,ok,351547.06,Aegis,Elysium,0,medium,0.22486564,45.42836,0.3029021390374331,0.16678734255381286,60.362834224598934
Dawn-Fenix,404,98.1,0.6247,ok,291019.177,Dawn,Fenix,0,high,0.39025009000000005,61.28307,0.3041873417721519,0.1724694243240588,47.598683544303796
Caelum-Elysium,199,37.96,0.284,ok,167380.653,Caelum,Elysium,0,low,0.08065599999999999,10.78064,0.29901641025641024,0.16467290094562215,25.344512820512822
Boreas-Dawn,429,13.6,0.0674,ok,70448.412,Boreas,Dawn,0,very_low,0.00454276,0.91664,0.2929547120418848,0.16733925578385606,58.52005235602094
Boreas-Fenix,112,62.6,0.3703,ok,223737.19,Boreas,Fenix,0,low,0.13712209,23.180780000000002,0.3080685421994885,0.17007740427160456,51.75457800511509
Dawn-Elysium,406,9.7,0.1412,ok,108956.648,Dawn,Elysium,0,very_low,0.019937439999999997,1.3696399999999997,0.29596,0.16907179960732635,20.87232
Caelum-Dawn,489,41.3,0.4489,ok,235359.795,Caelum,Dawn,0,medium,0.20151121000000002,18.53957,0.30429655172413794,0.17370736738192366,28.526896551724136
Aegis-Elysium,2,47.6,0.2356,ok,188465.074,Aegis,Elysium,0,low,0.05550736,11.21456,0.3029021390374331,0.16678734255381286,60.362834224598934
Boreas-Dawn,379,46.4,0.2298,ok,81819.257,Boreas,Dawn,0,low,0.05280804,10.66272,0.2929547120418848,0.16733925578385606,58.52005235602094
Boreas-Elysium,187,29.26,0.1942,ok,109498.884,Boreas,Elysium,0,very_low,0.03771364000000001,5.682292,0.2900737913486005,0.165054059944648,59.068346055979646
Aegis-Boreas,341,85.7,0.4122,ok,112743.537,Aegis,Boreas,0,medium,0.16990884,35.325540000000004,0.2911771978021978,0.16781519450328578,59.97527472527472
Caelum-Elysium,279,7.3,0.0878,ok,130673.905,Caelum,Elysium,0,very_low,0.007708840000000001,0.64094,0.29901641025641024,0.16467290094562215,25.344512820512822
Caelum-Elysium,226,14.8,0.1784,ok,145874.929,Caelum,Elysium,0,very_low,0.031826560000000004,2.64032,0.29901641025641024,0.16467290094562215,25.344512820512822
Boreas-Fenix,365,9.0,0.0534,ok,131124.836,Boreas,Fenix,0,very_low,0.0028515600000000004,0.4806,0.3080685421994885,0.17007740427160456,51.75457800511509
Boreas-Fenix,73,62.2,0.368,ok,221823.369,Boreas,Fenix,0,low,0.135424,22.8896,0.3080685421994885,0.17007740427160456,51.75457800511509
Boreas-Dawn,359,117.7,0.5827,ok,237878.893,Boreas,Dawn,0,medium,0.33953929,68.58379000000001,0.2929547120418848,0.16733925578385606,58.52005235602094
Caelum-Dawn,227,27.3,0.297,ok,153214.486,Caelum,Dawn,0,low,0.088209,8.1081,0.30429655172413794,0.17370736738192366,28.526896551724136
Caelum-Elysium,61,17.2,0.2072,ok,146897.28,Caelum,Elysium,0,low,0.04293184,3.56384,0.29901641025641024,0.16467290094562215,25.344512820512822
Elysium-Fenix,303,37.8,0.2488,ok,203335.37,Elysium,Fenix,0,low,0.061901439999999995,9.404639999999999,0.2866814016172507,0.16585315339481224,43.56679245283019
Boreas-Fenix,248,54.1,0.3201,ok,193267.259,Boreas,Fenix,0,low,0.10246401,17.31741,0.3080685421994885,0.17007740427160456,51.75457800511509
Caelum-Elysium,114,15.1,0.1822,ok,140764.521,Caelum,Elysium,0,very_low,0.03319684,2.75122,0.29901641025641024,0.16467290094562215,25.344512820512822
Boreas-Fenix,189,63.1,0.3736,ok,221183.087,Boreas,Fenix,0,low,0.13957696,23.57416,0.3080685421994885,0.17007740427160456,51.75457800511509
Boreas-Dawn,289,35.1,0.1736,ok,77724.359,Boreas,Dawn,0,very_low,0.03013696,6.0933600000000006,0.2929547120418848,0.16733925578385606,58.52005235602094
Dawn-Elysium,81,1.8,0.0261,ok,100437.974,Dawn,Elysium,0,very_low,0.0006812100000000001,0.04698,0.29596,0.16907179960732635,20.87232
Boreas-Fenix,93,22.0,0.1304,ok,140893.835,Boreas,Fenix,0,very_low,0.017004159999999997,2.8688,0.3080685421994885,0.17007740427160456,51.75457800511509
Aegis-Elysium,432,84.8,0.4199,ok,294196.392,Aegis,Elysium,0,medium,0.17631601,35.60752,0.3029021390374331,0.16678734255381286,60.362834224598934
Aegis-Boreas,180,96.2,0.4623,ok,129307.596,Aegis,Boreas,0,medium,0.21372128999999998,44.47326,0.2911771978021978,0.16781519450328578,59.97527472527472
Caelum-Elysium,376,10.3,0.1244,ok,132200.649,Caelum,Elysium,0,very_low,0.015475359999999999,1.28132,0.29901641025641024,0.16467290094562215,25.344512820512822
Dawn-Fenix,256,50.2,0.3198,ok,103658.478,Dawn,Fenix,0,low,0.10227203999999998,16.05396,0.3041873417721519,0.1724694243240588,47.598683544303796
Boreas-Fenix,274,39.6,0.234,ok,164657.431,Boreas,Fenix,0,low,0.054756000000000006,9.2664,0.3080685421994885,0.17007740427160456,51.75457800511509
Dawn-Fenix,226,53.9,0.3431,ok,108237.612,Dawn,Fenix,0,low,0.11771761000000001,18.49309,0.3041873417721519,0.1724694243240588,47.598683544303796
Boreas-Elysium,45,76.9,0.3752,ok,164355.959,Boreas,Elysium,0,low,0.14077504,28.85288,0.2900737913486005,0.165054059944648,59.068346055979646
Caelum-Elysium,397,29.9,0.3597,ok,205565.866,Caelum,Elysium,0,low,0.12938409,10.75503,0.29901641025641024,0.16467290094562215,25.344512820512822
Caelum-Dawn,217,26.1,0.2837,ok,149993.519,Caelum,Dawn,0,low,0.08048569,7.4045700000000005,0.30429655172413794,0.17370736738192366,28.526896551724136
Boreas-Elysium,132,64.7,0.3158,ok,140443.41,Boreas,Elysium,0,low,0.09972964000000002,20.432260000000003,0.2900737913486005,0.165054059944648,59.068346055979646
Caelum-Elysium,223,5.6,0.0669,ok,128586.922,Caelum,Elysium,0,very_low,0.0044756100000000005,0.37464,0.29901641025641024,0.16467290094562215,25.344512820512822
Caelum-Fenix,394,33.4,0.2629,ok,146732.467,Caelum,Fenix,0,low,0.06911641000000002,8.78086,0.2979977329974811,0.16907325550533112,38.04100755667506
Caelum-Fenix,40,8.2,0.0649,ok,116415.33,Caelum,Fenix,0,very_low,0.0042120099999999995,0.53218,0.2979977329974811,0.16907325550533112,38.04100755667506
Aegis-Boreas,0,90.0,0.4328,ok,118635.583,Aegis,Boreas,0,medium,0.18731584,38.952,0.2911771978021978,0.16781519450328578,59.97527472527472
Boreas-Elysium,282,61.3,0.2989,ok,134878.184,Boreas,Elysium,0,low,0.08934121,18.32257,0.2900737913486005,0.165054059944648,59.068346055979646
Aegis-Elysium,421,25.0,0.1239,ok,162835.259,Aegis,Elysium,0,very_low,0.015351209999999999,3.0974999999999997,0.3029021390374331,0.16678734255381286,60.362834224598934
Caelum-Fenix,465,38.2,0.3007,ok,154736.901,Caelum,Fenix,0,low,0.09042049000000002,11.486740000000001,0.2979977329974811,0.16907325550533112,38.04100755667506
Caelum-Fenix,6,20.9,0.1647,ok,289518.923,Caelum,Fenix,0,very_low,0.027126090000000005,3.44223,0.2979977329974811,0.16907325550533112,38.04100755667506
Caelum-Dawn,25,37.9,0.4122,ok,209552.335,Caelum,Dawn,0,medium,0.16990884,15.62238,0.30429655172413794,0.17370736738192366,28.526896551724136
Aegis-Boreas,412,61.5,0.2956,ok,85410.661,Aegis,Boreas,0,low,0.08737935999999999,18.179399999999998,0.2911771978021978,0.16781519450328578,59.97527472527472
Dawn-Elysium,7,35.1,0.5089,ok,262297.409,Dawn,Elysium,0,medium,0.25897921,17.86239,0.29596,0.16907179960732635,20.87232
Dawn-Elysium,478,18.2,0.2635,ok,129982.537,Dawn,Elysium,0,low,0.06943225,4.7957,0.29596,0.16907179960732635,20.87232
Boreas-Dawn,398,86.2,0.4266,ok,133663.451,Boreas,Dawn,0,medium,0.18198756,36.77292,0.2929547120418848,0.16733925578385606,58.52005235602094
Caelum-Dawn,464,47.6,0.517,ok,297627.082,Caelum,Dawn,0,medium,0.267289,24.6092,0.30429655172413794,0.17370736738192366,28.526896551724136
Dawn-Elysium,192,15.6,0.2265,ok,120482.375,Dawn,Elysium,0,low,0.05130225,3.5334,0.29596,0.16907179960732635,20.87232
Aegis-Dawn,351,10.0,0.1017,ok,125396.281,Aegis,Dawn,0,very_low,0.01034289,1.017,0.3143477922077922,0.16558189329464748,31.258909090909093
Boreas-Dawn,144,52.8,0.2613,ok,88560.472,Boreas,Dawn,0,low,0.06827768999999999,13.796639999999998,0.2929547120418848,0.16733925578385606,58.52005235602094
Dawn-Elysium,173,14.2,0.2061,ok,121255.924,Dawn,Elysium,0,low,0.04247721,2.9266199999999998,0.29596,0.16907179960732635,20.87232
Boreas-Dawn,386,52.6,0.2604,ok,84769.505,Boreas,Dawn,0,low,0.06780816,13.697040000000001,0.2929547120418848,0.16733925578385606,58.52005235602094
Boreas-Elysium,390,22.1,0.1078,ok,102880.22,Boreas,Elysium,0,very_low,0.011620840000000002,2.3823800000000004,0.2900737913486005,0.165054059944648,59.068346055979646
Caelum-Elysium,93,20.0,0.2412,ok,149883.642,Caelum,Elysium,0,low,0.05817744,4.824,0.29901641025641024,0.16467290094562215,25.344512820512822
Dawn-Elysium,248,10.9,0.1582,ok,111473.16,Dawn,Elysium,0,very_low,0.025027240000000003,1.7243800000000002,0.29596,0.16907179960732635,20.87232
Dawn-Elysium,35,33.5,0.485,ok,241171.368,Dawn,Elysium,0,medium,0.235225,16.2475,0.29596,0.16907179960732635,20.87232
Caelum-Dawn,148,51.3,0.5577,ok,345037.788,Caelum,Dawn,0,medium,0.31102928999999996,28.610009999999996,0.30429655172413794,0.17370736738192366,28.526896551724136
Dawn-Fenix,170,59.0,0.3757,ok,116553.241,Dawn,Fenix,0,low,0.14115049,22.1663,0.3041873417721519,0.1724694243240588,47.598683544303796
Caelum-Elysium,206,23.7,0.2857,ok,167985.182,Caelum,Elysium,0,low,0.08162449000000001,6.77109,0.29901641025641024,0.16467290094562215,25.344512820512822
Dawn-Elysium,78,20.3,0.2937,ok,138723.043,Dawn,Elysium,0,low,0.08625969000000001,5.962110000000001,0.29596,0.16907179960732635,20.87232
Dawn-Fenix,240,44.8,0.2852,ok,94387.209,Dawn,Fenix,0,low,0.08133904,12.776959999999999,0.3041873417721519,0.1724694243240588,47.598683544303796
Caelum-Fenix,114,42.1,0.3314,ok,164358.979,Caelum,Fenix,0,low,0.10982595999999999,13.951939999999999,0.2979977329974811,0.16907325550533112,38.04100755667506
Dawn-Fenix,432,45.6,0.2903,ok,94915.715,Dawn,Fenix,0,low,0.08427409,13.237680000000001,0.3041873417721519,0.1724694243240588,47.598683544303796
Aegis-Dawn,76,13.4,0.1366,ok,126501.667,Aegis,Dawn,0,very_low,0.01865956,1.83044,0.3143477922077922,0.16558189329464748,31.258909090909093
Aegis-Elysium,217,83.9,0.4156,ok,289603.805,Aegis,Elysium,0,medium,0.17272336000000002,34.868840000000006,0.3029021390374331,0.16678734255381286,60.362834224598934
Aegis-Elysium,272,43.5,0.2151,ok,182833.003,Aegis,Elysium,0,low,0.046268010000000005,9.356850000000001,0.3029021390374331,0.16678734255381286,60.362834224598934
Caelum-Elysium,150,18.5,0.1674,ok,142803.967,Caelum,Elysium,0,very_low,0.028022759999999997,3.0968999999999998,0.29901641025641024,0.16467290094562215,25.344512820512822
Aegis-Elysium,389,33.2,0.1643,ok,169382.415,Aegis,Elysium,0,very_low,0.02699449,5.45476,0.3029021390374331,0.16678734255381286,60.362834224598934
Caelum-Dawn,150,20.3,0.2211,ok,134502.844,Caelum,Dawn,0,low,0.04888521,4.48833,0.30429655172413794,0.17370736738192366,28.526896551724136
Caelum-Dawn,213,17.7,0.192,ok,130683.402,Caelum,Dawn,0,very_low,0.036864,3.3984,0.30429655172413794,0.17370736738192366,28.526896551724136
Aegis-Dawn,229,13.0,0.1328,ok,125199.296,Aegis,Dawn,0,very_low,0.01763584,1.7264,0.3143477922077922,0.16558189329464748,31.258909090909093
Caelum-Fenix,286,49.8,0.3919,ok,197232.741,Caelum,Fenix,0,low,0.15358561,19.51662,0.2979977329974811,0.16907325550533112,38.04100755667506
Caelum-Fenix,177,45.2,0.3562,ok,176714.05,Caelum,Fenix,0,low,0.12687844,16.100240000000003,0.2979977329974811,0.16907325550533112,38.04100755667506
Caelum-Fenix,400,33.1,0.2605,ok,140071.589,Caelum,Fenix,0,low,0.06786025000000001,8.62255,0.2979977329974811,0.16907325550533112,38.04100755667506
Boreas-Dawn,24,48.8,0.2418,ok,84969.593,Boreas,Dawn,0,low,0.05846724,11.799839999999998,0.2929547120418848,0.16733925578385606,58.52005235602094
Dawn-Fenix,19,39.9,0.2541,ok,90564.227,Dawn,Fenix,0,low,0.06456681,10.138589999999999,0.3041873417721519,0.1724694243240588,47.598683544303796
Boreas-Fenix,323,49.1,0.2906,ok,183333.367,Boreas,Fenix,0,low,0.08444836000000001,14.268460000000001,0.3080685421994885,0.17007740427160456,51.75457800511509
Dawn-Fenix,16,54.3,0.346,ok,109811.313,Dawn,Fenix,0,low,0.11971599999999999,18.787799999999997,0.3041873417721519,0.1724694243240588,47.598683544303796
Aegis-Dawn,405,42.9,0.4382,ok,236992.462,Aegis,Dawn,0,medium,0.19201923999999998,18.798779999999997,0.3143477922077922,0.16558189329464748,31.258909090909093
Boreas-Dawn,219,52.1,0.2577,ok,86296.668,Boreas,Dawn,0,low,0.06640929,13.426169999999999,0.2929547120418848,0.16733925578385606,58.52005235602094
Boreas-Elysium,242,29.0,0.1416,ok,101562.063,Boreas,Elysium,0,very_low,0.020050560000000002,4.1064,0.2900737913486005,0.165054059944648,59.068346055979646
Caelum-Elysium,336,39.2,0.4728,ok,289088.536,Caelum,Elysium,0,medium,0.22353984,18.53376,0.29901641025641024,0.16467290094562215,25.344512820512822
Caelum-Dawn,306,39.2,0.4258,ok,214275.549,Caelum,Dawn,0,medium,0.18130564000000002,16.691360000000003,0.30429655172413794,0.17370736738192366,28.526896551724136
Boreas-Dawn,60,12.4,0.0613,ok,69060.482,Boreas,Dawn,0,very_low,0.00375769,0.76012,0.2929547120418848,0.16733925578385606,58.52005235602094
Boreas-Fenix,456,22.2,0.1316,ok,146754.363,Boreas,Fenix,0,very_low,0.01731856,2.9215199999999997,0.3080685421994885,0.17007740427160456,51.75457800511509
Aegis-Dawn,258,25.9,0.2643,ok,154297.163,Aegis,Dawn,0,low,0.06985448999999999,6.845369999999999,0.3143477922077922,0.16558189329464748,31.258909090909093
Caelum-Fenix,58,27.9,0.2197,ok,130778.539,Caelum,Fenix,0,low,0.04826809,6.12963,0.2979977329974811,0.16907325550533112,38.04100755667506
Caelum-Dawn,359,22.9,0.2488,ok,138462.294,Caelum,Dawn,0,low,0.061901439999999995,5.69752,0.30429655172413794,0.17370736738192366,28.526896551724136
Boreas-Elysium,29,75.3,0.3675,ok,158544.477,Boreas,Elysium,0,low,0.13505625,27.672749999999997,0.2900737913486005,0.165054059944648,59.068346055979646
Caelum-Dawn,11,16.6,0.1803,ok,124067.735,Caelum,Dawn,0,very_low,0.032508089999999996,2.99298,0.30429655172413794,0.17370736738192366,28.526896551724136
Aegis-Elysium,165,45.9,0.227,ok,185558.899,Aegis,Elysium,0,low,0.051529000000000005,10.4193,0.3029021390374331,0.16678734255381286,60.362834224598934
Dawn-Elysium,410,23.0,0.3328,ok,151308.319,Dawn,Elysium,0,low,0.11075584,7.6544,0.29596,0.16907179960732635,20.87232
Dawn-Fenix,358,32.0,0.2041,ok,81324.905,Dawn,Fenix,0,low,0.04165681,6.5312,0.3041873417721519,0.1724694243240588,47.598683544303796
Boreas-Fenix,8,33.5,0.1981,ok,151969.931,Boreas,Fenix,0,very_low,0.03924361,6.63635,0.3080685421994885,0.17007740427160456,51.75457800511509
Aegis-Elysium,244,68.1,0.3372,ok,233220.388,Aegis,Elysium,0,low,0.11370384,22.96332,0.3029021390374331,0.16678734255381286,60.362834224598934
Boreas-Elysium,102,45.1,0.2201,ok,114666.031,Boreas,Elysium,0,low,0.048444009999999996,9.92651,0.2900737913486005,0.165054059944648,59.068346055979646
Aegis-Boreas,200,51.4,0.2472,ok,74000.132,Aegis,Boreas,0,low,0.061107840000000004,12.70608,0.2911771978021978,0.16781519450328578,59.97527472527472
Boreas-Dawn,85,2.2,0.0111,ok,68071.577,Boreas,Dawn,0,very_low,0.00012321,0.024420000000000004,0.2929547120418848,0.16733925578385606,58.52005235602094
Aegis-Dawn,102,15.7,0.1604,ok,127059.283,Aegis,Dawn,0,very_low,0.025728159999999996,2.51828,0.3143477922077922,0.16558189329464748,31.258909090909093
Boreas-Elysium,225,58.5,0.2853,ok,129499.693,Boreas,Elysium,0,low,0.08139609,16.69005,0.2900737913486005,0.165054059944648,59.068346055979646
Aegis-Elysium,498,62.5,0.3093,ok,218423.05,Aegis,Elysium,0,low,0.09566649,19.33125,0.3029021390374331,0.16678734255381286,60.362834224598934
Aegis-Dawn,303,31.4,0.3209,ok,168200.58,Aegis,Dawn,0,low,0.10297681000000002,10.07626,0.3143477922077922,0.16558189329464748,31.258909090909093
Caelum-Elysium,24,54.1,0.6513,ok,591110.546,Caelum,Elysium,0,high,0.42419169,35.23533,0.29901641025641024,0.16467290094562215,25.344512820512822
Boreas-Fenix,9,44.5,0.2633,ok,177869.496,Boreas,Fenix,0,low,0.06932688999999999,11.716849999999999,0.3080685421994885,0.17007740427160456,51.75457800511509
Elysium-Fenix,435,86.9,0.5715,ok,527030.162,Elysium,Fenix,0,medium,0.32661225,49.66335,0.2866814016172507,0.16585315339481224,43.56679245283019
Boreas-Dawn,433,77.4,0.3832,ok,226219.629,Boreas,Dawn,0,low,0.14684223999999999,29.65968,0.2929547120418848,0.16733925578385606,58.52005235602094
Aegis-Boreas,136,79.8,0.3834,ok,101292.603,Aegis,Boreas,0,low,0.14699556000000003,30.59532,0.2911771978021978,0.16781519450328578,59.97527472527472
Aegis-Boreas,185,39.4,0.1896,ok,69107.789,Aegis,Boreas,0,very_low,0.03594816,7.4702399999999995,0.2911771978021978,0.16781519450328578,59.97527472527472
Dawn-Fenix,353,58.8,0.3745,ok,118056.452,Dawn,Fenix,0,low,0.14025025,22.020599999999998,0.3041873417721519,0.1724694243240588,47.598683544303796
Dawn-Fenix,486,78.6,0.5007,ok,175406.612,Dawn,Fenix,0,medium,0.25070049000000005,39.35502,0.3041873417721519,0.1724694243240588,47.598683544303796
Caelum-Dawn,420,14.2,0.1548,ok,122522.763,Caelum,Dawn,0,very_low,0.023963039999999998,2.1981599999999997,0.30429655172413794,0.17370736738192366,28.526896551724136
Boreas-Fenix,198,49.4,0.2921,ok,185212.807,Boreas,Fenix,0,low,0.08532241000000002,14.42974,0.3080685421994885,0.17007740427160456,51.75457800511509
Dawn-Fenix,448,61.8,0.3938,ok,128176.926,Dawn,Fenix,0,low,0.15507843999999998,24.33684,0.3041873417721519,0.1724694243240588,47.598683544303796
Caelum-Dawn,219,22.0,0.239,ok,134331.461,Caelum,Dawn,0,low,0.057121,5.258,0.30429655172413794,0.17370736738192366,28.526896551724136
Caelum-Elysium,62,13.6,0.1638,ok,137941.357,Caelum,Elysium,0,very_low,0.02683044,2.22768,0.29901641025641024,0.16467290094562215,25.344512820512822
Boreas-Elysium,171,48.3,0.2354,ok,121635.941,Boreas,Elysium,0,low,0.055413159999999996,11.369819999999999,0.2900737913486005,0.165054059944648,59.068346055979646
Aegis-Dawn,185,46.2,0.4714,ok,264482.584,Aegis,Dawn,0,medium,0.22221796,21.77868,0.3143477922077922,0.16558189329464748,31.258909090909093
Boreas-Dawn,486,22.7,0.1122,ok,72024.175,Boreas,Dawn,0,very_low,0.012588839999999999,2.5469399999999998,0.2929547120418848,0.16733925578385606,58.52005235602094
Caelum-Fenix,405,19.2,0.1513,ok,124002.063,Caelum,Fenix,0,very_low,0.022891689999999996,2.9049599999999995,0.2979977329974811,0.16907325550533112,38.04100755667506
Caelum-Elysium,400,34.3,0.4137,ok,237389.358,Caelum,Elysium,0,medium,0.17114769000000002,14.18991,0.29901641025641024,0.16467290094562215,25.344512820512822
Boreas-Elysium,330,74.1,0.3613,ok,156948.408,Boreas,Elysium,0,low,0.13053769,26.77233,0.2900737913486005,0.165054059944648,59.068346055979646
Elysium-Fenix,180,39.0,0.2563,ok,212011.677,Elysium,Fenix,0,low,0.06568968999999998,9.9957,0.2866814016172507,0.16585315339481224,43.56679245283019
Boreas-Elysium,493,52.8,0.2574,ok,123010.313,Boreas,Elysium,0,low,0.06625476000000001,13.590720000000001,0.2900737913486005,0.165054059944648,59.068346055979646
Caelum-Fenix,220,62.7,0.4938,ok,271949.341,Caelum,Fenix,0,medium,0.24383844000000002,30.961260000000003,0.2979977329974811,0.16907325550533112,38.04100755667506
Aegis-Boreas,353,39.8,0.1913,ok,68993.785,Aegis,Boreas,0,very_low,0.03659569,7.613739999999999,0.2911771978021978,0.16781519450328578,59.97527472527472
Elysium-Fenix,307,30.2,0.1987,ok,190416.02,Elysium,Fenix,0,very_low,0.03948168999999999,6.0007399999999995,0.2866814016172507,0.16585315339481224,43.56679245283019
Boreas-Fenix,144,28.7,0.1697,ok,143884.245,Boreas,Fenix,0,very_low,0.028798089999999995,4.8703899999999996,0.3080685421994885,0.17007740427160456,51.75457800511509
Aegis-Dawn,256,71.0,0.7244,ok,797737.106,Aegis,Dawn,0,high,0.5247553600000001,51.4324,0.3143477922077922,0.16558189329464748,31.258909090909093
Dawn-Elysium,226,28.9,0.1716,ok,113349.498,Dawn,Elysium,0,very_low,0.02944656,4.959239999999999,0.29596,0.16907179960732635,20.87232
Aegis-Elysium,22,50.8,0.2517,ok,195484.862,Aegis,Elysium,0,low,0.06335289,12.786359999999998,0.3029021390374331,0.16678734255381286,60.362834224598934
Boreas-Fenix,261,62.3,0.3685,ok,219863.759,Boreas,Fenix,0,low,0.13579225,22.957549999999998,0.3080685421994885,0.17007740427160456,51.75457800511509
Caelum-Fenix,47,26.4,0.208,ok,126848.231,Caelum,Fenix,0,low,0.043264,5.491199999999999,0.2979977329974811,0.16907325550533112,38.04100755667506
Boreas-Elysium,20,47.0,0.2292,ok,120161.457,Boreas,Elysium,0,low,0.05253263999999999,10.7724,0.2900737913486005,0.165054059944648,59.068346055979646
Caelum-Elysium,44,27.7,0.3342,ok,194010.784,Caelum,Elysium,0,low,0.11168963999999999,9.25734,0.29901641025641024,0.16467290094562215,25.344512820512822
Elysium-Fenix,259,43.7,0.2878,ok,215746.399,Elysium,Fenix,0,low,0.08282884,12.576860000000002,0.2866814016172507,0.16585315339481224,43.56679245283019
Aegis-Elysium,362,56.2,0.2784,ok,209526.181,Aegis,Elysium,0,low,0.07750655999999999,15.64608,0.3029021390374331,0.16678734255381286,60.362834224598934
Caelum-Fenix,69,51.9,0.4088,ok,204682.813,Caelum,Fenix,0,medium,0.16711744,21.21672,0.2979977329974811,0.16907325550533112,38.04100755667506
Elysium-Fenix,3,35.2,0.2315,ok,203274.569,Elysium,Fenix,0,low,0.05359225000000001,8.148800000000001,0.2866814016172507,0.16585315339481224,43.56679245283019
Aegis-Dawn,187,40.2,0.4102,ok,216690.654,Aegis,Dawn,0,medium,0.16826404,16.49004,0.3143477922077922,0.16558189329464748,31.258909090909093
Boreas-Dawn,376,93.9,0.465,ok,150248.61,Boreas,Dawn,0,medium,0.21622500000000003,43.663500000000006,0.2929547120418848,0.16733925578385606,58.52005235602094
Caelum-Dawn,255,35.3,0.384,ok,188437.02,Caelum,Dawn,0,low,0.147456,13.5552,0.30429655172413794,0.17370736738192366,28.526896551724136
Caelum-Elysium,282,53.6,0.3048,ok,173322.811,Caelum,Elysium,0,low,0.09290304,16.33728,0.29901641025641024,0.16467290094562215,25.344512820512822
Caelum-Fenix,43,57.0,0.4485,ok,232195.477,Caelum,Fenix,0,medium,0.20115225,25.5645,0.2979977329974811,0.16907325550533112,38.04100755667506
Boreas-Fenix,479,46.0,0.2721,ok,175790.961,Boreas,Fenix,0,low,0.07403841,12.5166,0.3080685421994885,0.17007740427160456,51.75457800511509
Dawn-Fenix,466,33.6,0.2138,ok,83529.185,Dawn,Fenix,0,low,0.04571044,7.18368,0.3041873417721519,0.1724694243240588,47.598683544303796
Caelum-Fenix,76,53.7,0.4227,ok,211906.621,Caelum,Fenix,0,medium,0.17867529000000001,22.698990000000002,0.2979977329974811,0.16907325550533112,38.04100755667506
Caelum-Fenix,439,74.1,0.5838,ok,386237.996,Caelum,Fenix,0,medium,0.34082244,43.25957999999999,0.2979977329974811,0.16907325550533112,38.04100755667506
Elysium-Fenix,18,41.7,0.2742,ok,222037.491,Elysium,Fenix,0,low,0.07518564,11.434140000000001,0.2866814016172507,0.16585315339481224,43.56679245283019
Aegis-Elysium,136,39.4,0.1952,ok,175216.664,Aegis,Elysium,0,very_low,0.038103040000000005,7.69088,0.3029021390374331,0.16678734255381286,60.362834224598934
Elysium-Fenix,165,13.6,0.0895,ok,167399.295,Elysium,Fenix,0,very_low,0.00801025,1.2171999999999998,0.2866814016172507,0.16585315339481224,43.56679245283019
Aegis-Dawn,223,56.3,0.5746,ok,393926.785,Aegis,Dawn,0,medium,0.33016516,32.349979999999995,0.3143477922077922,0.16558189329464748,31.258909090909093
Aegis-Elysium,341,43.5,0.2154,ok,181976.532,Aegis,Elysium,0,low,0.04639716000000001,9.369900000000001,0.3029021390374331,0.16678734255381286,60.362834224598934
Caelum-Fenix,179,18.6,0.1463,ok,122210.462,Caelum,Fenix,0,very_low,0.021403690000000003,2.7211800000000004,0.2979977329974811,0.16907325550533112,38.04100755667506
Boreas-Dawn,195,40.9,0.2025,ok,77096.358,Boreas,Dawn,0,low,0.04100625000000001,8.28225,0.2929547120418848,0.16733925578385606,58.52005235602094
Boreas-Fenix,179,64.9,0.3841,ok,233927.407,Boreas,Fenix,0,low,0.14753281,24.92809,0.3080685421994885,0.17007740427160456,51.75457800511509
Caelum-Fenix,107,14.9,0.1176,ok,118314.199,Caelum,Fenix,0,very_low,0.01382976,1.75224,0.2979977329974811,0.16907325550533112,38.04100755667506
Dawn-Fenix,221,18.1,0.1156,ok,73844.117,Dawn,Fenix,0,very_low,0.01336336,2.09236,0.3041873417721519,0.1724694243240588,47.598683544303796
Aegis-Boreas,70,38.5,0.1853,ok,67770.858,Aegis,Boreas,0,very_low,0.03433609,7.134049999999999,0.2911771978021978,0.16781519450328578,59.97527472527472
Caelum-Elysium,5,26.1,0.3147,ok,181415.826,Caelum,Elysium,0,low,0.09903609,8.21367,0.29901641025641024,0.16467290094562215,25.344512820512822
Boreas-Fenix,384,30.4,0.1799,ok,148173.027,Boreas,Fenix,0,very_low,0.03236401,5.46896,0.3080685421994885,0.17007740427160456,51.75457800511509
Boreas-Elysium,379,79.8,0.3892,ok,169214.613,Boreas,Elysium,0,low,0.15147664,31.058159999999997,0.2900737913486005,0.165054059944648,59.068346055979646
Caelum-Fenix,167,40.2,0.3167,ok,161496.447,Caelum,Fenix,0,low,0.10029888999999999,12.73134,0.2979977329974811,0.16907325550533112,38.04100755667506
Dawn-Elysium,229,20.3,0.2945,ok,135166.015,Dawn,Elysium,0,low,0.08673025,5.97835,0.29596,0.16907179960732635,20.87232
Aegis-Dawn,355,19.8,0.2025,ok,136012.947,Aegis,Dawn,0,low,0.04100625000000001,4.0095,0.3143477922077922,0.16558189329464748,31.258909090909093
Aegis-Elysium,285,79.3,0.3924,ok,271833.449,Aegis,Elysium,0,low,0.15397776000000002,31.11732,0.3029021390374331,0.16678734255381286,60.362834224598934
Caelum-Fenix,71,24.0,0.1893,ok,124620.804,Caelum,Fenix,0,very_low,0.03583449,4.5432,0.2979977329974811,0.16907325550533112,38.04100755667506
Dawn-Fenix,12,59.8,0.3807,ok,122224.404,Dawn,Fenix,0,low,0.14493249,22.765859999999996,0.3041873417721519,0.1724694243240588,47.598683544303796
Boreas-Elysium,481,90.1,0.4397,ok,198073.049,Boreas,Elysium,0,medium,0.19333609,39.616969999999995,0.2900737913486005,0.165054059944648,59.068346055979646
Elysium-Fenix,83,73.94000000000001,0.5451,ok,481225.071,Elysium,Fenix,0,medium,0.29713401,40.30469400000001,0.2866814016172507,0.16585315339481224,43.56679245283019
Caelum-Elysium,228,10.6,0.1279,ok,128232.898,Caelum,Elysium,0,very_low,0.016358410000000004,1.3557400000000002,0.29901641025641024,0.16467290094562215,25.344512820512822
Boreas-Fenix,129,87.0,0.5145,ok,355905.851,Boreas,Fenix,0,medium,0.26471025,44.7615,0.3080685421994885,0.17007740427160456,51.75457800511509
Dawn-Fenix,342,69.5,0.4424,ok,146126.768,Dawn,Fenix,0,medium,0.19571776000000002,30.7468,0.3041873417721519,0.1724694243240588,47.598683544303796
Elysium-Fenix,404,35.9,0.2363,ok,204390.691,Elysium,Fenix,0,low,0.05583769,8.48317,0.2866814016172507,0.16585315339481224,43.56679245283019
Caelum-Fenix,431,45.5,0.3579,ok,177930.718,Caelum,Fenix,0,low,0.12809241,16.28445,0.2979977329974811,0.16907325550533112,38.04100755667506
Aegis-Elysium,201,28.5,0.1411,ok,160433.01,Aegis,Elysium,0,very_low,0.01990921,4.02135,0.3029021390374331,0.16678734255381286,60.362834224598934
Aegis-Boreas,413,86.1,0.4142,ok,113231.632,Aegis,Boreas,0,medium,0.17156164000000002,35.66262,0.2911771978021978,0.16781519450328578,59.97527472527472
Dawn-Fenix,35,73.8,0.4701,ok,160187.782,Dawn,Fenix,0,medium,0.22099401000000002,34.69338,0.3041873417721519,0.1724694243240588,47.598683544303796
Dawn-Fenix,142,86.6,0.5513,ok,214449.793,Dawn,Fenix,0,medium,0.30393169000000003,47.74258,0.3041873417721519,0.1724694243240588,47.598683544303796
Caelum-Elysium,249,11.7,0.1413,ok,136613.254,Caelum,Elysium,0,very_low,0.01996569,1.65321,0.29901641025641024,0.16467290094562215,25.344512820512822
Aegis-Elysium,467,64.6,0.3196,ok,219272.816,Aegis,Elysium,0,low,0.10214416,20.64616,0.3029021390374331,0.16678734255381286,60.362834224598934
Boreas-Dawn,234,84.2,0.4169,ok,130280.419,Boreas,Dawn,0,medium,0.17380561,35.10298,0.2929547120418848,0.16733925578385606,58.52005235602094
Boreas-Elysium,329,57.5,0.2806,ok,129376.493,Boreas,Elysium,0,low,0.07873636,16.1345,0.2900737913486005,0.165054059944648,59.068346055979646
Aegis-Elysium,25,91.5,0.4532,ok,320397.445,Aegis,Elysium,0,medium,0.20539024,41.4678,0.3029021390374331,0.16678734255381286,60.362834224598934
Boreas-Elysium,445,122.6,0.5979,ok,355327.143,Boreas,Elysium,0,medium,0.35748441,73.30254,0.2900737913486005,0.165054059944648,59.068346055979646
Aegis-Elysium,361,18.8,0.093,ok,157978.993,Aegis,Elysium,0,very_low,0.008649,1.7484,0.3029021390374331,0.16678734255381286,60.362834224598934
Caelum-Dawn,84,22.6,0.2454,ok,310513.672,Caelum,Dawn,0,low,0.06022116,5.5460400000000005,0.30429655172413794,0.17370736738192366,28.526896551724136
Aegis-Boreas,87,151.6,0.729,ok,411170.431,Aegis,Boreas,0,high,0.5314409999999999,110.51639999999999,0.2911771978021978,0.16781519450328578,59.97527472527472
Elysium-Fenix,60,36.1,0.2376,ok,207465.296,Elysium,Fenix,0,low,0.056453760000000006,8.57736,0.2866814016172507,0.16585315339481224,43.56679245283019
Caelum-Dawn,343,35.7,0.388,ok,195178.029,Caelum,Dawn,0,low,0.150544,13.851600000000001,0.30429655172413794,0.17370736738192366,28.526896551724136
Dawn-Elysium,189,10.6,0.1535,ok,110103.462,Dawn,Elysium,0,very_low,0.02356225,1.6271,0.29596,0.16907179960732635,20.87232
Caelum-Elysium,270,38.6,0.4652,ok,283072.443,Caelum,Elysium,0,medium,0.21641104,17.95672,0.29901641025641024,0.16467290094562215,25.344512820512822
Dawn-Elysium,225,29.4,0.4266,ok,199648.686,Dawn,Elysium,0,medium,0.18198756,12.542039999999998,0.29596,0.16907179960732635,20.87232
Dawn-Fenix,378,60.7,0.3865,ok,122351.734,Dawn,Fenix,0,low,0.14938225,23.46055,0.3041873417721519,0.1724694243240588,47.598683544303796
Aegis-Boreas,439,125.6,0.6038,ok,226205.738,Aegis,Boreas,0,high,0.36457444,75.83727999999999,0.2911771978021978,0.16781519450328578,59.97527472527472
Dawn-Fenix,188,93.3,0.5943,ok,257313.568,Dawn,Fenix,0,medium,0.3531924900000001,55.448190000000004,0.3041873417721519,0.1724694243240588,47.598683544303796
Boreas-Dawn,495,30.2,0.1494,ok,72913.507,Boreas,Dawn,0,very_low,0.02232036,4.51188,0.2929547120418848,0.16733925578385606,58.52005235602094
Dawn-Fenix,435,99.5,0.6336,ok,305588.499,Dawn,Fenix,0,high,0.4014489600000001,63.043200000000006,0.3041873417721519,0.1724694243240588,47.598683544303796
Boreas-Dawn,100,34.6,0.1714,ok,75933.548,Boreas,Dawn,0,very_low,0.029377959999999998,5.93044,0.2929547120418848,0.16733925578385606,58.52005235602094
Caelum-Fenix,222,42.2,0.332,ok,165603.624,Caelum,Fenix,0,low,0.11022400000000002,14.010400000000002,0.2979977329974811,0.16907325550533112,38.04100755667506
Boreas-Dawn,137,85.0,0.4206,ok,128887.829,Boreas,Dawn,0,medium,0.17690435999999998,35.751,0.2929547120418848,0.16733925578385606,58.52005235602094
Caelum-Fenix,434,60.7,0.4777,ok,260051.856,Caelum,Fenix,0,medium,0.22819729000000002,28.99639,0.2979977329974811,0.16907325550533112,38.04100755667506
Aegis-Dawn,375,9.4,0.0958,ok,124705.308,Aegis,Dawn,0,very_low,0.009177639999999999,0.90052,0.3143477922077922,0.16558189329464748,31.258909090909093
Aegis-Dawn,21,25.2,0.2571,ok,146378.659,Aegis,Dawn,0,low,0.06610041,6.47892,0.3143477922077922,0.16558189329464748,31.258909090909093
Caelum-Dawn,137,22.4,0.2435,ok,139369.668,Caelum,Dawn,0,low,0.05929225,5.4544,0.30429655172413794,0.17370736738192366,28.526896551724136
Aegis-Boreas,146,18.0,0.0863,ok,26739.114,Aegis,Boreas,0,very_low,0.00744769,1.5534000000000001,0.2911771978021978,0.16781519450328578,59.97527472527472
Elysium-Fenix,248,20.7,0.1359,ok,176428.802,Elysium,Fenix,0,very_low,0.01846881,2.8131299999999997,0.2866814016172507,0.16585315339481224,43.56679245283019
Boreas-Fenix,224,81.4,0.4816,ok,314255.479,Boreas,Fenix,0,medium,0.23193855999999996,39.20224,0.3080685421994885,0.17007740427160456,51.75457800511509
Aegis-Elysium,445,52.9,0.2619,ok,194094.709,Aegis,Elysium,0,low,0.06859161000000001,13.854510000000001,0.3029021390374331,0.16678734255381286,60.362834224598934
Dawn-Elysium,160,9.0,0.1303,ok,108443.998,Dawn,Elysium,0,very_low,0.01697809,1.1727,0.29596,0.16907179960732635,20.87232
Elysium-Fenix,377,51.3,0.3374,ok,250588.784,Elysium,Fenix,0,low,0.11383875999999998,17.308619999999998,0.2866814016172507,0.16585315339481224,43.56679245283019
Boreas-Elysium,376,100.5,0.4904,ok,235113.257,Boreas,Elysium,0,medium,0.24049216,49.2852,0.2900737913486005,0.165054059944648,59.068346055979646
Dawn-Fenix,323,82.2,0.5237,ok,193621.009,Dawn,Fenix,0,medium,0.27426169000000006,43.048140000000004,0.3041873417721519,0.1724694243240588,47.598683544303796
Aegis-Elysium,195,120.4,0.5961,ok,557782.991,Aegis,Elysium,0,medium,0.35533520999999996,71.77044,0.3029021390374331,0.16678734255381286,60.362834224598934
Boreas-Elysium,367,67.3,0.3281,ok,143472.408,Boreas,Elysium,0,low,0.10764961,22.081129999999998,0.2900737913486005,0.165054059944648,59.068346055979646
Caelum-Dawn,454,22.1,0.2404,ok,138852.126,Caelum,Dawn,0,low,0.05779216,5.3128400000000005,0.30429655172413794,0.17370736738192366,28.526896551724136
Boreas-Dawn,373,39.5,0.1954,ok,81118.966,Boreas,Dawn,0,very_low,0.03818116,7.718299999999999,0.2929547120418848,0.16733925578385606,58.52005235602094
Caelum-Dawn,485,27.6,0.3,ok,156252.447,Caelum,Dawn,0,low,0.09,8.28,0.30429655172413794,0.17370736738192366,28.526896551724136
Aegis-Dawn,72,16.8,0.1716,ok,385372.789,Aegis,Dawn,0,very_low,0.02944656,2.88288,0.3143477922077922,0.16558189329464748,31.258909090909093
Dawn-Elysium,38,57.6,0.835,ok,3914244.954,Dawn,Elysium,1,very_high,0.697225,48.096,0.29596,0.16907179960732635,20.87232
Boreas-Elysium,114,17.8,0.087,ok,99652.045,Boreas,Elysium,0,very_low,0.007568999999999999,1.5486,0.2900737913486005,0.165054059944648,59.068346055979646
Aegis-Dawn,490,30.8,0.314,ok,167767.057,Aegis,Dawn,0,low,0.098596,9.6712,0.3143477922077922,0.16558189329464748,31.258909090909093
Caelum-Fenix,444,9.0,0.0708,ok,111586.935,Caelum,Fenix,0,very_low,0.0050126400000000005,0.6372,0.2979977329974811,0.16907325550533112,38.04100755667506
Boreas-Fenix,489,71.4,0.4222,ok,258708.685,Boreas,Fenix,0,medium,0.17825284000000002,30.145080000000004,0.3080685421994885,0.17007740427160456,51.75457800511509
Aegis-Dawn,53,40.2,0.4106,ok,214915.091,Aegis,Dawn,0,medium,0.16859236000000002,16.506120000000003,0.3143477922077922,0.16558189329464748,31.258909090909093
Caelum-Elysium,188,16.8,0.2019,ok,149398.431,Caelum,Elysium,0,low,0.04076361,3.3919200000000003,0.29901641025641024,0.16467290094562215,25.344512820512822
Boreas-Dawn,416,88.1,0.4363,ok,139476.233,Boreas,Dawn,0,medium,0.19035769000000002,38.43803,0.2929547120418848,0.16733925578385606,58.52005235602094
Caelum-Elysium,465,19.6,0.2356,ok,151857.322,Caelum,Elysium,0,low,0.05550736,4.6177600000000005,0.29901641025641024,0.16467290094562215,25.344512820512822
Elysium-Fenix,321,14.3,0.094,ok,172345.167,Elysium,Fenix,0,very_low,0.008836,1.3442,0.2866814016172507,0.16585315339481224,43.56679245283019
Elysium-Fenix,282,24.1,0.1582,ok,181976.479,Elysium,Fenix,0,very_low,0.025027240000000003,3.8126200000000003,0.2866814016172507,0.16585315339481224,43.56679245283019
Elysium-Fenix,382,16.2,0.1066,ok,169228.272,Elysium,Fenix,0,very_low,0.01136356,1.72692,0.2866814016172507,0.16585315339481224,43.56679245283019
Boreas-Dawn,174,75.8,0.3752,ok,115891.828,Boreas,Dawn,0,low,0.14077504,28.44016,0.2929547120418848,0.16733925578385606,58.52005235602094
Boreas-Elysium,347,90.0,0.4391,ok,195732.627,Boreas,Elysium,0,medium,0.19280881,39.519,0.2900737913486005,0.165054059944648,59.068346055979646
Aegis-Dawn,165,34.9,0.356,ok,189329.581,Aegis,Dawn,0,low,0.126736,12.424399999999999,0.3143477922077922,0.16558189329464748,31.258909090909093
Elysium-Fenix,290,9.4,0.0616,ok,166536.787,Elysium,Fenix,0,very_low,0.00379456,0.57904,0.2866814016172507,0.16585315339481224,43.56679245283019
Aegis-Elysium,13,106.9,0.5292,ok,433415.722,Aegis,Elysium,0,medium,0.28005264,56.57148,0.3029021390374331,0.16678734255381286,60.362834224598934
Dawn-Fenix,67,29.0,0.1848,ok,80565.245,Dawn,Fenix,0,very_low,0.034151039999999994,5.3591999999999995,0.3041873417721519,0.1724694243240588,47.598683544303796
Caelum-Elysium,60,7.5,0.0898,ok,131247.594,Caelum,Elysium,0,very_low,0.008064040000000001,0.6735,0.29901641025641024,0.16467290094562215,25.344512820512822
Boreas-Dawn,261,56.0,0.2773,ok,89388.882,Boreas,Dawn,0,low,0.07689528999999999,15.5288,0.2929547120418848,0.16733925578385606,58.52005235602094
Boreas-Elysium,358,8.0,0.0391,ok,100866.998,Boreas,Elysium,0,very_low,0.0015288100000000002,0.3128,0.2900737913486005,0.165054059944648,59.068346055979646
Dawn-Fenix,199,25.8,0.1645,ok,77370.315,Dawn,Fenix,0,very_low,0.02706025,4.2441,0.3041873417721519,0.1724694243240588,47.598683544303796
Dawn-Fenix,357,22.6,0.1436,ok,75228.73,Dawn,Fenix,0,very_low,0.02062096,3.2453600000000002,0.3041873417721519,0.1724694243240588,47.598683544303796
Caelum-Elysium,299,28.8,0.3476,ok,197803.722,Caelum,Elysium,0,low,0.12082576000000002,10.01088,0.29901641025641024,0.16467290094562215,25.344512820512822
Aegis-Boreas,162,24.5,0.1178,ok,63212.956,Aegis,Boreas,0,very_low,0.01387684,2.8861,0.2911771978021978,0.16781519450328578,59.97527472527472
Boreas-Elysium,408,94.9,0.4627,ok,213394.621,Boreas,Elysium,0,medium,0.21409129,43.910230000000006,0.2900737913486005,0.165054059944648,59.068346055979646
Dawn-Fenix,196,51.5,0.3278,ok,105516.942,Dawn,Fenix,0,low,0.10745284,16.8817,0.3041873417721519,0.1724694243240588,47.598683544303796
Caelum-Elysium,357,35.9,0.4324,ok,251131.078,Caelum,Elysium,0,medium,0.18696976,15.523159999999999,0.29901641025641024,0.16467290094562215,25.344512820512822
Aegis-Elysium,140,96.0,0.4752,ok,357796.318,Aegis,Elysium,0,medium,0.22581504000000002,45.6192,0.3029021390374331,0.16678734255381286,60.362834224598934
Caelum-Elysium,97,23.1,0.2784,ok,167781.537,Caelum,Elysium,0,low,0.07750655999999999,6.43104,0.29901641025641024,0.16467290094562215,25.344512820512822
Boreas-Elysium,433,30.7,0.1497,ok,103605.057,Boreas,Elysium,0,very_low,0.02241009,4.59579,0.2900737913486005,0.165054059944648,59.068346055979646
Dawn-Fenix,72,104.7,0.6671,ok,354357.167,Dawn,Fenix,0,high,0.44502241000000003,69.84537,0.3041873417721519,0.1724694243240588,47.598683544303796
Aegis-Boreas,296,5.5,0.0263,ok,59397.284,Aegis,Boreas,0,very_low,0.00069169,0.14465,0.2911771978021978,0.16781519450328578,59.97527472527472
Aegis-Dawn,472,13.5,0.1375,ok,126696.9,Aegis,Dawn,0,very_low,0.018906250000000003,1.8562500000000002,0.3143477922077922,0.16558189329464748,31.258909090909093
Caelum-Dawn,439,57.5,0.6245,ok,457746.655,Caelum,Dawn,0,high,0.39000025000000005,35.908750000000005,0.30429655172413794,0.17370736738192366,28.526896551724136
Dawn-Elysium,155,22.0,0.3192,ok,148490.349,Dawn,Elysium,0,low,0.10188863999999999,7.022399999999999,0.29596,0.16907179960732635,20.87232
Caelum-Dawn,241,22.6,0.2453,ok,138350.198,Caelum,Dawn,0,low,0.06017209,5.54378,0.30429655172413794,0.17370736738192366,28.526896551724136
Caelum-Elysium,134,22.0,0.2649,ok,164760.735,Caelum,Elysium,0,low,0.07017201,5.827800000000001,0.29901641025641024,0.16467290094562215,25.344512820512822
Dawn-Fenix,439,41.9,0.2671,ok,92198.017,Dawn,Fenix,0,low,0.07134241000000001,11.19149,0.3041873417721519,0.1724694243240588,47.598683544303796
Caelum-Fenix,449,71.5,0.5627,ok,351926.581,Caelum,Fenix,0,medium,0.31663128999999995,40.23305,0.2979977329974811,0.16907325550533112,38.04100755667506
Caelum-Dawn,214,19.2,0.2091,ok,131564.625,Caelum,Dawn,0,low,0.04372281,4.01472,0.30429655172413794,0.17370736738192366,28.526896551724136
Elysium-Fenix,407,37.8,0.2486,ok,199951.375,Elysium,Fenix,0,low,0.061801959999999996,9.397079999999999,0.2866814016172507,0.16585315339481224,43.56679245283019
Aegis-Dawn,484,45.5,0.4642,ok,260518.764,Aegis,Dawn,0,medium,0.21548164,21.1211,0.3143477922077922,0.16558189329464748,31.258909090909093
Boreas-Elysium,468,33.2,0.1622,ok,104053.535,Boreas,Elysium,0,very_low,0.026308840000000003,5.385040000000001,0.2900737913486005,0.165054059944648,59.068346055979646
Dawn-Elysium,267,34.5,0.4998,ok,253494.088,Dawn,Elysium,0,medium,0.24980004000000003,17.243100000000002,0.29596,0.16907179960732635,20.87232
Dawn-Fenix,171,61.8,0.3934,ok,123865.006,Dawn,Fenix,0,low,0.15476356000000002,24.31212,0.3041873417721519,0.1724694243240588,47.598683544303796
Elysium-Fenix,94,29.3,0.1927,ok,183913.25,Elysium,Fenix,0,very_low,0.037133290000000006,5.64611,0.2866814016172507,0.16585315339481224,43.56679245283019
Boreas-Dawn,276,114.8,0.5685,ok,221223.999,Boreas,Dawn,0,medium,0.32319225,65.2638,0.2929547120418848,0.16733925578385606,58.52005235602094
Elysium-Fenix,149,70.5,0.464,ok,364287.41,Elysium,Fenix,0,medium,0.21529600000000002,32.712,0.2866814016172507,0.16585315339481224,43.56679245283019
Caelum-Fenix,15,43.4,0.342,ok,170787.07,Caelum,Fenix,0,low,0.11696400000000001,14.8428,0.2979977329974811,0.16907325550533112,38.04100755667506
Caelum-Fenix,130,72.8,0.573,ok,368914.757,Caelum,Fenix,0,medium,0.3283289999999999,41.7144,0.2979977329974811,0.16907325550533112,38.04100755667506
Caelum-Elysium,317,13.2,0.159,ok,138035.708,Caelum,Elysium,0,very_low,0.025281,2.0987999999999998,0.29901641025641024,0.16467290094562215,25.344512820512822
Dawn-Elysium,183,16.5,0.2393,ok,124388.247,Dawn,Elysium,0,low,0.05726449000000001,3.9484500000000002,0.29596,0.16907179960732635,20.87232
Aegis-Elysium,31,15.1,0.0747,ok,160801.61,Aegis,Elysium,0,very_low,0.00558009,1.12797,0.3029021390374331,0.16678734255381286,60.362834224598934
Caelum-Elysium,319,14.1,0.1697,ok,136231.985,Caelum,Elysium,0,very_low,0.028798089999999995,2.3927699999999996,0.29901641025641024,0.16467290094562215,25.344512820512822
Boreas-Fenix,474,34.160000000000004,0.2604,ok,166714.199,Boreas,Fenix,0,low,0.06780816,8.895264000000001,0.3080685421994885,0.17007740427160456,51.75457800511509
Dawn-Elysium,296,16.6,0.2402,ok,125475.71,Dawn,Elysium,0,low,0.05769604,3.9873200000000004,0.29596,0.16907179960732635,20.87232
Elysium-Fenix,227,42.7,0.2808,ok,223346.826,Elysium,Fenix,0,low,0.07884864,11.990160000000001,0.2866814016172507,0.16585315339481224,43.56679245283019
Aegis-Elysium,27,70.3,0.3481,ok,233862.409,Aegis,Elysium,0,low,0.12117361000000001,24.47143,0.3029021390374331,0.16678734255381286,60.362834224598934
Dawn-Elysium,22,27.9,0.4044,ok,181125.335,Dawn,Elysium,0,medium,0.16353936,11.28276,0.29596,0.16907179960732635,20.87232
Elysium-Fenix,208,24.8,0.1633,ok,177372.953,Elysium,Fenix,0,very_low,0.02666689,4.0498400000000006,0.2866814016172507,0.16585315339481224,43.56679245283019
Dawn-Fenix,454,136.9,0.8717,ok,1328861.224,Dawn,Fenix,1,very_high,0.75986089,119.33573000000001,0.3041873417721519,0.1724694243240588,47.598683544303796
Caelum-Dawn,304,20.6,0.2244,ok,135090.084,Caelum,Dawn,0,low,0.050355359999999995,4.62264,0.30429655172413794,0.17370736738192366,28.526896551724136
Caelum-Fenix,289,32.8,0.2582,ok,140316.31,Caelum,Fenix,0,low,0.06666723999999999,8.46896,0.2979977329974811,0.16907325550533112,38.04100755667506
Caelum-Elysium,495,53.3,0.6426,ok,568342.01,Caelum,Elysium,0,high,0.41293475999999996,34.25057999999999,0.29901641025641024,0.16467290094562215,25.344512820512822
Dawn-Elysium,50,3.0,0.043,ok,97995.777,Dawn,Elysium,0,very_low,0.0018489999999999997,0.129,0.29596,0.16907179960732635,20.87232
Caelum-Dawn,276,8.7,0.0946,ok,116220.451,Caelum,Dawn,0,very_low,0.008949160000000001,0.82302,0.30429655172413794,0.17370736738192366,28.526896551724136
Dawn-Elysium,261,30.0,0.4342,ok,200367.029,Dawn,Elysium,0,medium,0.18852963999999997,13.026,0.29596,0.16907179960732635,20.87232
Boreas-Dawn,26,99.8,0.4941,ok,169714.04,Boreas,Dawn,0,medium,0.24413480999999998,49.31118,0.2929547120418848,0.16733925578385606,58.52005235602094
Aegis-Elysium,464,67.3,0.3331,ok,228950.874,Aegis,Elysium,0,low,0.11095561000000001,22.41763,0.3029021390374331,0.16678734255381286,60.362834224598934
Aegis-Boreas,272,40.0,0.1924,ok,66068.269,Aegis,Boreas,0,very_low,0.03701776,7.696,0.2911771978021978,0.16781519450328578,59.97527472527472
Boreas-Fenix,372,28.8,0.1703,ok,150381.572,Boreas,Fenix,0,very_low,0.02900209,4.9046400000000006,0.3080685421994885,0.17007740427160456,51.75457800511509
Caelum-Dawn,257,57.6,0.6256,ok,463142.377,Caelum,Dawn,0,high,0.39137536000000006,36.034560000000006,0.30429655172413794,0.17370736738192366,28.526896551724136
Boreas-Fenix,313,65.0,0.3848,ok,73787.773,Boreas,Fenix,0,low,0.14807104,25.011999999999997,0.3080685421994885,0.17007740427160456,51.75457800511509
Aegis-Dawn,471,37.1,0.3781,ok,199018.3,Aegis,Dawn,0,low,0.14295961,14.02751,0.3143477922077922,0.16558189329464748,31.258909090909093
Caelum-Fenix,169,30.5,0.2401,ok,137536.656,Caelum,Fenix,0,low,0.057648010000000006,7.32305,0.2979977329974811,0.16907325550533112,38.04100755667506
Caelum-Dawn,223,60.0,0.6517,ok,517926.145,Caelum,Dawn,0,high,0.42471288999999995,39.102,0.30429655172413794,0.17370736738192366,28.526896551724136
Boreas-Fenix,14,94.1,0.5569,ok,420699.263,Boreas,Fenix,0,medium,0.31013760999999995,52.40428999999999,0.3080685421994885,0.17007740427160456,51.75457800511509
Boreas-Elysium,287,127.2,0.6206,ok,390173.934,Boreas,Elysium,0,high,0.3851443600000001,78.94032,0.2900737913486005,0.165054059944648,59.068346055979646
Elysium-Fenix,16,70.1,0.461,ok,359587.186,Elysium,Fenix,0,medium,0.21252100000000002,32.3161,0.2866814016172507,0.16585315339481224,43.56679245283019
Aegis-Boreas,254,59.2,0.2844,ok,83036.77,Aegis,Boreas,0,low,0.08088335999999999,16.83648,0.2911771978021978,0.16781519450328578,59.97527472527472
Boreas-Dawn,166,47.2,0.2338,ok,86339.44,Boreas,Dawn,0,low,0.05466244000000001,11.03536,0.2929547120418848,0.16733925578385606,58.52005235602094
Boreas-Dawn,340,80.5,0.3986,ok,123901.856,Boreas,Dawn,0,low,0.15888196000000002,32.0873,0.2929547120418848,0.16733925578385606,58.52005235602094
Elysium-Fenix,332,77.2,0.5077,ok,418749.357,Elysium,Fenix,0,medium,0.25775929000000003,39.19444000000001,0.2866814016172507,0.16585315339481224,43.56679245283019
Caelum-Elysium,316,28.1,0.3387,ok,189702.692,Caelum,Elysium,0,low,0.11471769,9.517470000000001,0.29901641025641024,0.16467290094562215,25.344512820512822
Aegis-Dawn,464,42.9,0.4381,ok,238085.547,Aegis,Dawn,0,medium,0.19193161,18.79449,0.3143477922077922,0.16558189329464748,31.258909090909093
Caelum-Dawn,186,19.6,0.2131,ok,131759.273,Caelum,Dawn,0,low,0.045411610000000005,4.176760000000001,0.30429655172413794,0.17370736738192366,28.526896551724136
Aegis-Boreas,276,10.1,0.0487,ok,60692.364,Aegis,Boreas,0,very_low,0.00237169,0.49187,0.2911771978021978,0.16781519450328578,59.97527472527472
Aegis-Dawn,198,21.8,0.2228,ok,137358.125,Aegis,Dawn,0,low,0.04963984,4.8570400000000005,0.3143477922077922,0.16558189329464748,31.258909090909093
Elysium-Fenix,452,23.3,0.1533,ok,176778.113,Elysium,Fenix,0,very_low,0.023500889999999997,3.57189,0.2866814016172507,0.16585315339481224,43.56679245283019
Boreas-Elysium,1,62.4,0.3042,ok,136083.732,Boreas,Elysium,0,low,0.09253764000000002,18.98208,0.2900737913486005,0.165054059944648,59.068346055979646
Caelum-Fenix,119,68.0,0.5355,ok,320095.16,Caelum,Fenix,0,medium,0.28676025,36.414,0.2979977329974811,0.16907325550533112,38.04100755667506
Aegis-Elysium,210,82.8,0.4098,ok,283266.907,Aegis,Elysium,0,medium,0.16793604,33.93144,0.3029021390374331,0.16678734255381286,60.362834224598934
Elysium-Fenix,271,42.8,0.2813,ok,213775.466,Elysium,Fenix,0,low,0.07912969,12.039639999999999,0.2866814016172507,0.16585315339481224,43.56679245283019
Caelum-Fenix,499,23.7,0.1867,ok,128197.954,Caelum,Fenix,0,very_low,0.03485689,4.42479,0.2979977329974811,0.16907325550533112,38.04100755667506
Boreas-Fenix,317,62.0,0.367,ok,217946.937,Boreas,Fenix,0,low,0.134689,22.753999999999998,0.3080685421994885,0.17007740427160456,51.75457800511509
Boreas-Fenix,209,109.4,0.6473,ok,613693.471,Boreas,Fenix,0,high,0.41899728999999997,70.81462,0.3080685421994885,0.17007740427160456,51.75457800511509
Dawn-Fenix,73,80.3,0.5113,ok,183133.843,Dawn,Fenix,0,medium,0.26142769,41.05739,0.3041873417721519,0.1724694243240588,47.598683544303796
Boreas-Dawn,366,77.4,0.3834,ok,117841.429,Boreas,Dawn,0,low,0.14699556000000003,29.675160000000005,0.2929547120418848,0.16733925578385606,58.52005235602094
Boreas-Fenix,27,55.4,0.3277,ok,198882.734,Boreas,Fenix,0,low,0.10738729,18.15458,0.3080685421994885,0.17007740427160456,51.75457800511509
Boreas-Elysium,420,30.8,0.1502,ok,106151.797,Boreas,Elysium,0,very_low,0.02256004,4.6261600000000005,0.2900737913486005,0.165054059944648,59.068346055979646
Boreas-Fenix,449,57.2,0.3383,ok,200790.786,Boreas,Fenix,0,low,0.11444689,19.35076,0.3080685421994885,0.17007740427160456,51.75457800511509
Caelum-Fenix,56,18.3,0.1444,ok,120708.91,Caelum,Fenix,0,very_low,0.02085136,2.64252,0.2979977329974811,0.16907325550533112,38.04100755667506
Boreas-Elysium,6,28.2,0.1377,ok,106153.873,Boreas,Elysium,0,very_low,0.01896129,3.8831399999999996,0.2900737913486005,0.165054059944648,59.068346055979646
Aegis-Dawn,137,27.6,0.2816,ok,155481.086,Aegis,Dawn,0,low,0.07929856,7.772160000000001,0.3143477922077922,0.16558189329464748,31.258909090909093
Caelum-Dawn,268,29.6,0.3215,ok,158572.079,Caelum,Dawn,0,low,0.10336225,9.5164,0.30429655172413794,0.17370736738192366,28.526896551724136
Boreas-Elysium,377,108.3,0.5282,ok,271661.314,Boreas,Elysium,0,medium,0.27899524,57.20406,0.2900737913486005,0.165054059944648,59.068346055979646
Boreas-Fenix,150,52.3,0.3097,ok,188275.64,Boreas,Fenix,0,low,0.09591408999999998,16.197309999999998,0.3080685421994885,0.17007740427160456,51.75457800511509
Aegis-Boreas,41,35.3,0.1696,ok,65144.068,Aegis,Boreas,0,very_low,0.02876416,5.986879999999999,0.2911771978021978,0.16781519450328578,59.97527472527472
Boreas-Dawn,489,38.8,0.1919,ok,78729.383,Boreas,Dawn,0,very_low,0.036825609999999995,7.445719999999999,0.2929547120418848,0.16733925578385606,58.52005235602094
Boreas-Dawn,224,18.360000000000003,0.1152,ok,72934.822,Boreas,Dawn,0,very_low,0.01327104,2.1150720000000005,0.2929547120418848,0.16733925578385606,58.52005235602094
Elysium-Fenix,289,16.4,0.1077,ok,171550.391,Elysium,Fenix,0,very_low,0.011599290000000002,1.7662799999999999,0.2866814016172507,0.16585315339481224,43.56679245283019
Aegis-Boreas,266,59.0,0.2838,ok,80084.697,Aegis,Boreas,0,low,0.08054243999999999,16.7442,0.2911771978021978,0.16781519450328578,59.97527472527472
Boreas-Fenix,48,24.3,0.1436,ok,146434.447,Boreas,Fenix,0,very_low,0.02062096,3.4894800000000004,0.3080685421994885,0.17007740427160456,51.75457800511509
Aegis-Dawn,384,23.3,0.1635,ok,129749.76,Aegis,Dawn,0,very_low,0.026732250000000003,3.80955,0.3143477922077922,0.16558189329464748,31.258909090909093
Boreas-Fenix,451,97.0,0.5738,ok,444655.067,Boreas,Fenix,0,medium,0.32924644,55.6586,0.3080685421994885,0.17007740427160456,51.75457800511509
Caelum-Fenix,395,59.2,0.4664,ok,248242.204,Caelum,Fenix,0,medium,0.21752896,27.61088,0.2979977329974811,0.16907325550533112,38.04100755667506
Dawn-Fenix,84,15.6,0.0993,ok,74124.497,Dawn,Fenix,0,very_low,0.00986049,1.54908,0.3041873417721519,0.1724694243240588,47.598683544303796
Caelum-Dawn,492,28.5,0.3096,ok,159731.408,Caelum,Dawn,0,low,0.09585215999999999,8.823599999999999,0.30429655172413794,0.17370736738192366,28.526896551724136
Aegis-Elysium,292,44.3,0.2192,ok,181216.462,Aegis,Elysium,0,low,0.048048640000000004,9.71056,0.3029021390374331,0.16678734255381286,60.362834224598934
Aegis-Elysium,182,121.2,0.6001,ok,567540.808,Aegis,Elysium,0,high,0.36012000999999993,72.73212,0.3029021390374331,0.16678734255381286,60.362834224598934
Caelum-Dawn,351,8.2,0.0896,ok,116893.18,Caelum,Dawn,0,very_low,0.00802816,0.7347199999999999,0.30429655172413794,0.17370736738192366,28.526896551724136
Boreas-Elysium,61,70.3,0.3431,ok,150007.228,Boreas,Elysium,0,low,0.11771761000000001,24.11993,0.2900737913486005,0.165054059944648,59.068346055979646
Aegis-Dawn,80,56.3,0.574,ok,389608.295,Aegis,Dawn,0,medium,0.32947599999999994,32.316199999999995,0.3143477922077922,0.16558189329464748,31.258909090909093
Aegis-Dawn,445,17.1,0.1747,ok,132038.499,Aegis,Dawn,0,very_low,0.030520089999999996,2.9873700000000003,0.3143477922077922,0.16558189329464748,31.258909090909093
Boreas-Fenix,233,12.4,0.0732,ok,136415.38,Boreas,Fenix,0,very_low,0.00535824,0.90768,0.3080685421994885,0.17007740427160456,51.75457800511509
Aegis-Dawn,4,33.9,0.3457,ok,176068.749,Aegis,Dawn,0,low,0.11950849000000001,11.71923,0.3143477922077922,0.16558189329464748,31.258909090909093
Boreas-Elysium,320,48.8,0.2382,ok,119035.82,Boreas,Elysium,0,low,0.056739239999999996,11.62416,0.2900737913486005,0.165054059944648,59.068346055979646
Aegis-Elysium,384,43.8,0.2167,ok,181490.108,Aegis,Elysium,0,low,0.04695889,9.49146,0.3029021390374331,0.16678734255381286,60.362834224598934
Elysium-Fenix,22,25.5,0.1675,ok,182047.0,Elysium,Fenix,0,very_low,0.028056250000000005,4.27125,0.2866814016172507,0.16585315339481224,43.56679245283019
Boreas-Fenix,172,35.7,0.2114,ok,153995.081,Boreas,Fenix,0,low,0.04468996,7.5469800000000005,0.3080685421994885,0.17007740427160456,51.75457800511509
Aegis-Boreas,8,28.0,0.1348,ok,63452.47,Aegis,Boreas,0,very_low,0.01817104,3.7744,0.2911771978021978,0.16781519450328578,59.97527472527472
Boreas-Elysium,429,21.4,0.1046,ok,99827.004,Boreas,Elysium,0,very_low,0.01094116,2.2384399999999998,0.2900737913486005,0.165054059944648,59.068346055979646
Dawn-Fenix,78,43.5,0.2773,ok,94529.877,Dawn,Fenix,0,low,0.07689528999999999,12.06255,0.3041873417721519,0.1724694243240588,47.598683544303796
Caelum-Fenix,379,79.4,0.6255,ok,458582.163,Caelum,Fenix,0,high,0.3912502499999999,49.664699999999996,0.2979977329974811,0.16907325550533112,38.04100755667506
Dawn-Fenix,150,83.5,0.5316,ok,198417.993,Dawn,Fenix,0,medium,0.28259855999999994,44.3886,0.3041873417721519,0.1724694243240588,47.598683544303796
Dawn-Fenix,269,40.6,0.2584,ok,87587.701,Dawn,Fenix,0,low,0.06677056,10.491040000000002,0.3041873417721519,0.1724694243240588,47.598683544303796
Boreas-Dawn,19,27.2,0.1347,ok,72214.194,Boreas,Dawn,0,very_low,0.018144089999999995,3.6638399999999995,0.2929547120418848,0.16733925578385606,58.52005235602094
Aegis-Elysium,260,8.3,0.0412,ok,153605.091,Aegis,Elysium,0,very_low,0.0016974400000000001,0.34196000000000004,0.3029021390374331,0.16678734255381286,60.362834224598934
Boreas-Fenix,40,82.1,0.486,ok,316649.184,Boreas,Fenix,0,medium,0.236196,39.9006,0.3080685421994885,0.17007740427160456,51.75457800511509
Boreas-Fenix,268,54.9,0.3248,ok,192928.393,Boreas,Fenix,0,low,0.10549503999999998,17.831519999999998,0.3080685421994885,0.17007740427160456,51.75457800511509
Boreas-Dawn,400,35.0,0.1732,ok,75726.231,Boreas,Dawn,0,very_low,0.02999824,6.061999999999999,0.2929547120418848,0.16733925578385606,58.52005235602094
Boreas-Fenix,348,83.2,0.4923,ok,328182.687,Boreas,Fenix,0,medium,0.24235929,40.959360000000004,0.3080685421994885,0.17007740427160456,51.75457800511509
Aegis-Dawn,305,15.8,0.161,ok,124152.096,Aegis,Dawn,0,very_low,0.025921000000000003,2.5438,0.3143477922077922,0.16558189329464748,31.258909090909093
Boreas-Elysium,384,73.7,0.3593,ok,157491.62,Boreas,Elysium,0,low,0.12909649,26.480410000000003,0.2900737913486005,0.165054059944648,59.068346055979646
Aegis-Elysium,57,92.2,0.4564,ok,330972.807,Aegis,Elysium,0,medium,0.20830095999999998,42.080079999999995,0.3029021390374331,0.16678734255381286,60.362834224598934
Caelum-Elysium,329,15.5,0.1868,ok,139538.483,Caelum,Elysium,0,very_low,0.03489424,2.8954,0.29901641025641024,0.16467290094562215,25.344512820512822
Caelum-Dawn,327,4.9,0.0536,ok,113147.509,Caelum,Dawn,0,very_low,0.0028729600000000004,0.26264000000000004,0.30429655172413794,0.17370736738192366,28.526896551724136
Boreas-Elysium,85,28.1,0.1369,ok,104119.341,Boreas,Elysium,0,very_low,0.01874161,3.84689,0.2900737913486005,0.165054059944648,59.068346055979646
Aegis-Elysium,340,38.8,0.1921,ok,172318.789,Aegis,Elysium,0,very_low,0.03690241,7.453479999999999,0.3029021390374331,0.16678734255381286,60.362834224598934
Boreas-Dawn,368,91.5,0.4531,ok,147716.183,Boreas,Dawn,0,medium,0.20529961,41.45865,0.2929547120418848,0.16733925578385606,58.52005235602094
Caelum-Fenix,226,57.0,0.4486,ok,233389.988,Caelum,Fenix,0,medium,0.20124196,25.5702,0.2979977329974811,0.16907325550533112,38.04100755667506
Aegis-Boreas,465,61.5,0.2958,ok,83391.094,Aegis,Boreas,0,low,0.08749764,18.1917,0.2911771978021978,0.16781519450328578,59.97527472527472
Aegis-Dawn,419,35.1,0.3584,ok,189701.747,Aegis,Dawn,0,low,0.12845056,12.57984,0.3143477922077922,0.16558189329464748,31.258909090909093
Dawn-Fenix,345,15.8,0.1007,ok,73185.98,Dawn,Fenix,0,very_low,0.01014049,1.5910600000000001,0.3041873417721519,0.1724694243240588,47.598683544303796
Boreas-Fenix,349,48.8,0.2887,ok,182394.361,Boreas,Fenix,0,low,0.08334769,14.08856,0.3080685421994885,0.17007740427160456,51.75457800511509
Aegis-Dawn,314,11.5,0.117,ok,123310.255,Aegis,Dawn,0,very_low,0.013689000000000002,1.3455000000000001,0.3143477922077922,0.16558189329464748,31.258909090909093
Boreas-Fenix,271,65.0,0.3845,ok,228930.411,Boreas,Fenix,0,low,0.14784025,24.9925,0.3080685421994885,0.17007740427160456,51.75457800511509
Elysium-Fenix,322,43.1,0.2838,ok,122241.389,Elysium,Fenix,0,low,0.08054243999999999,12.23178,0.2866814016172507,0.16585315339481224,43.56679245283019
Boreas-Dawn,331,37.1,0.1835,ok,77059.254,Boreas,Dawn,0,very_low,0.03367225,6.80785,0.2929547120418848,0.16733925578385606,58.52005235602094
Boreas-Elysium,228,111.3,0.5428,ok,282203.946,Boreas,Elysium,0,medium,0.2946318399999999,60.413639999999994,0.2900737913486005,0.165054059944648,59.068346055979646
Caelum-Elysium,257,11.3,0.1365,ok,138369.155,Caelum,Elysium,0,very_low,0.018632250000000003,1.5424500000000003,0.29901641025641024,0.16467290094562215,25.344512820512822
Caelum-Fenix,83,38.0,0.299,ok,153211.425,Caelum,Fenix,0,low,0.089401,11.362,0.2979977329974811,0.16907325550533112,38.04100755667506
Boreas-Fenix,37,30.7,0.1814,ok,152665.533,Boreas,Fenix,0,very_low,0.032905960000000005,5.56898,0.3080685421994885,0.17007740427160456,51.75457800511509
Elysium-Fenix,352,37.2,0.213,ok,194740.153,Elysium,Fenix,0,low,0.045369,7.9236,0.2866814016172507,0.16585315339481224,43.56679245283019
Dawn-Fenix,167,23.7,0.1507,ok,76967.822,Dawn,Fenix,0,very_low,0.02271049,3.57159,0.3041873417721519,0.1724694243240588,47.598683544303796
Aegis-Dawn,423,28.1,0.2865,ok,158644.523,Aegis,Dawn,0,low,0.08208224999999998,8.05065,0.3143477922077922,0.16558189329464748,31.258909090909093
Caelum-Elysium,29,25.1,0.3026,ok,174865.701,Caelum,Elysium,0,low,0.09156675999999998,7.59526,0.29901641025641024,0.16467290094562215,25.344512820512822
Aegis-Elysium,143,25.9,0.1284,ok,163879.71,Aegis,Elysium,0,very_low,0.016486559999999997,3.3255599999999994,0.3029021390374331,0.16678734255381286,60.362834224598934
Caelum-Fenix,336,7.0,0.0555,ok,107764.307,Caelum,Fenix,0,very_low,0.00308025,0.3885,0.2979977329974811,0.16907325550533112,38.04100755667506
Caelum-Fenix,233,32.9,0.2338,ok,136591.761,Caelum,Fenix,0,low,0.05466244000000001,7.69202,0.2979977329974811,0.16907325550533112,38.04100755667506
Aegis-Dawn,52,47.6,0.4858,ok,283792.642,Aegis,Dawn,0,medium,0.23600164,23.124080000000003,0.3143477922077922,0.16558189329464748,31.258909090909093
Dawn-Elysium,165,12.0,0.1739,ok,109437.246,Dawn,Elysium,0,very_low,0.03024121,2.0868,0.29596,0.16907179960732635,20.87232
Boreas-Fenix,52,69.7,0.4122,ok,253455.5,Boreas,Fenix,0,medium,0.16990884,28.73034,0.3080685421994885,0.17007740427160456,51.75457800511509
Dawn-Elysium,366,15.38,0.1,ok,102441.408,Dawn,Elysium,0,very_low,0.010000000000000002,1.5380000000000003,0.29596,0.16907179960732635,20.87232
Caelum-Fenix,409,49.9,0.393,ok,199090.299,Caelum,Fenix,0,low,0.154449,19.6107,0.2979977329974811,0.16907325550533112,38.04100755667506
Caelum-Elysium,295,8.9,0.1071,ok,131872.333,Caelum,Elysium,0,very_low,0.01147041,0.9531900000000001,0.29901641025641024,0.16467290094562215,25.344512820512822
Dawn-Elysium,412,48.1,0.6967,ok,584631.218,Dawn,Elysium,0,high,0.48539088999999996,33.51127,0.29596,0.16907179960732635,20.87232
Boreas-Elysium,403,53.0,0.2587,ok,127270.498,Boreas,Elysium,0,low,0.06692569,13.7111,0.2900737913486005,0.165054059944648,59.068346055979646
Boreas-Dawn,306,72.6,0.3595,ok,112650.517,Boreas,Dawn,0,low,0.12924025,26.0997,0.2929547120418848,0.16733925578385606,58.52005235602094
Aegis-Dawn,135,50.3,0.5136,ok,309776.632,Aegis,Dawn,0,medium,0.26378495999999996,25.834079999999997,0.3143477922077922,0.16558189329464748,31.258909090909093
Aegis-Dawn,94,19.1,0.1952,ok,135754.294,Aegis,Dawn,0,very_low,0.038103040000000005,3.7283200000000005,0.3143477922077922,0.16558189329464748,31.258909090909093
Caelum-Elysium,121,23.6,0.2838,ok,96972.477,Caelum,Elysium,0,low,0.08054243999999999,6.69768,0.29901641025641024,0.16467290094562215,25.344512820512822
Elysium-Fenix,427,30.4,0.2001,ok,188253.839,Elysium,Fenix,0,low,0.04004001,6.08304,0.2866814016172507,0.16585315339481224,43.56679245283019
Aegis-Boreas,354,13.5,0.065,ok,61142.818,Aegis,Boreas,0,very_low,0.0042250000000000005,0.8775000000000001,0.2911771978021978,0.16781519450328578,59.97527472527472
Caelum-Fenix,82,24.2,0.1905,ok,123506.272,Caelum,Fenix,0,very_low,0.03629025,4.6101,0.2979977329974811,0.16907325550533112,38.04100755667506
Caelum-Fenix,272,52.2,0.4107,ok,207925.358,Caelum,Fenix,0,medium,0.16867449,21.438540000000003,0.2979977329974811,0.16907325550533112,38.04100755667506
Aegis-Boreas,451,62.6,0.301,ok,82330.299,Aegis,Boreas,0,low,0.09060099999999999,18.8426,0.2911771978021978,0.16781519450328578,59.97527472527472
Boreas-Dawn,494,68.6,0.3398,ok,105117.5,Boreas,Dawn,0,low,0.11546403999999999,23.31028,0.2929547120418848,0.16733925578385606,58.52005235602094
Aegis-Boreas,102,58.1,0.2791,ok,80444.566,Aegis,Boreas,0,low,0.07789681000000001,16.21571,0.2911771978021978,0.16781519450328578,59.97527472527472
Elysium-Fenix,256,39.3,0.2585,ok,206748.823,Elysium,Fenix,0,low,0.06682225,10.159049999999999,0.2866814016172507,0.16585315339481224,43.56679245283019
Dawn-Fenix,368,84.5,0.5382,ok,200969.941,Dawn,Fenix,0,medium,0.28965924000000004,45.4779,0.3041873417721519,0.1724694243240588,47.598683544303796
Boreas-Elysium,167,18.2,0.0889,ok,95561.846,Boreas,Elysium,0,very_low,0.00790321,1.61798,0.2900737913486005,0.165054059944648,59.068346055979646
Boreas-Dawn,107,87.6,0.4339,ok,134088.056,Boreas,Dawn,0,medium,0.18826921000000002,38.00964,0.2929547120418848,0.16733925578385606,58.52005235602094
Caelum-Dawn,70,30.7,0.3337,ok,169883.013,Caelum,Dawn,0,low,0.11135569,10.24459,0.30429655172413794,0.17370736738192366,28.526896551724136
Caelum-Fenix,2,14.8,0.1168,ok,118051.387,Caelum,Fenix,0,very_low,0.01364224,1.7286400000000002,0.2979977329974811,0.16907325550533112,38.04100755667506
Dawn-Elysium,303,8.98,0.0565,ok,99054.818,Dawn,Elysium,0,very_low,0.00319225,0.50737,0.29596,0.16907179960732635,20.87232
Caelum-Dawn,187,16.82,0.152,ok,121447.81,Caelum,Dawn,0,very_low,0.023104,2.55664,0.30429655172413794,0.17370736738192366,28.526896551724136
Boreas-Dawn,87,22.5,0.1115,ok,73228.219,Boreas,Dawn,0,very_low,0.01243225,2.50875,0.2929547120418848,0.16733925578385606,58.52005235602094
Aegis-Elysium,11,40.1,0.1986,ok,171974.933,Aegis,Elysium,0,very_low,0.03944196,7.96386,0.3029021390374331,0.16678734255381286,60.362834224598934
Dawn-Fenix,488,51.1,0.3256,ok,106248.742,Dawn,Fenix,0,low,0.10601536,16.63816,0.3041873417721519,0.1724694243240588,47.598683544303796
Aegis-Dawn,49,29.6,0.3021,ok,167080.728,Aegis,Dawn,0,low,0.09126440999999999,8.94216,0.3143477922077922,0.16558189329464748,31.258909090909093
Aegis-Boreas,183,35.4,0.1702,ok,68647.128,Aegis,Boreas,0,very_low,0.028968039999999997,6.025079999999999,0.2911771978021978,0.16781519450328578,59.97527472527472
Boreas-Fenix,84,4.3,0.0253,ok,137232.014,Boreas,Fenix,0,very_low,0.00064009,0.10879,0.3080685421994885,0.17007740427160456,51.75457800511509
Dawn-Elysium,20,7.5,0.1082,ok,41453.206,Dawn,Elysium,0,very_low,0.01170724,0.8115,0.29596,0.16907179960732635,20.87232
Dawn-Elysium,332,16.5,0.2398,ok,123587.54,Dawn,Elysium,0,low,0.057504040000000006,3.9567,0.29596,0.16907179960732635,20.87232
Dawn-Fenix,136,55.8,0.3553,ok,113327.555,Dawn,Fenix,0,low,0.12623809,19.82574,0.3041873417721519,0.1724694243240588,47.598683544303796
Aegis-Dawn,96,49.4,0.5036,ok,297094.386,Aegis,Dawn,0,medium,0.25361296000000005,24.877840000000003,0.3143477922077922,0.16558189329464748,31.258909090909093
Caelum-Dawn,411,32.0,0.3477,ok,176380.513,Caelum,Dawn,0,low,0.12089529,11.1264,0.30429655172413794,0.17370736738192366,28.526896551724136
Aegis-Dawn,116,51.7,0.5274,ok,329052.463,Aegis,Dawn,0,medium,0.27815076,27.26658,0.3143477922077922,0.16558189329464748,31.258909090909093
Dawn-Elysium,476,39.6,0.5743,ok,337433.983,Dawn,Elysium,0,medium,0.32982049,22.74228,0.29596,0.16907179960732635,20.87232
Caelum-Dawn,344,32.4,0.3524,ok,173190.504,Caelum,Dawn,0,low,0.12418575999999999,11.41776,0.30429655172413794,0.17370736738192366,28.526896551724136
Boreas-Elysium,488,72.2,0.3523,ok,154543.707,Boreas,Elysium,0,low,0.12411529,25.43606,0.2900737913486005,0.165054059944648,59.068346055979646
Elysium-Fenix,130,65.2,0.4291,ok,325368.65,Elysium,Fenix,0,medium,0.18412680999999997,27.97732,0.2866814016172507,0.16585315339481224,43.56679245283019
Caelum-Fenix,327,14.7,0.1156,ok,119260.203,Caelum,Fenix,0,very_low,0.01336336,1.69932,0.2979977329974811,0.16907325550533112,38.04100755667506
Elysium-Fenix,179,61.3,0.4036,ok,299382.31,Elysium,Fenix,0,medium,0.16289296,24.74068,0.2866814016172507,0.16585315339481224,43.56679245283019
Boreas-Elysium,317,28.64,0.233,ok,117794.733,Boreas,Elysium,0,low,0.054289000000000004,6.673120000000001,0.2900737913486005,0.165054059944648,59.068346055979646
Caelum-Dawn,484,27.5,0.2986,ok,155954.946,Caelum,Dawn,0,low,0.08916195999999998,8.2115,0.30429655172413794,0.17370736738192366,28.526896551724136
Boreas-Fenix,107,51.5,0.3048,ok,187301.936,Boreas,Fenix,0,low,0.09290304,15.6972,0.3080685421994885,0.17007740427160456,51.75457800511509
Caelum-Elysium,243,27.2,0.3279,ok,187016.689,Caelum,Elysium,0,low,0.10751841000000002,8.91888,0.29901641025641024,0.16467290094562215,25.344512820512822
Aegis-Boreas,396,155.5,0.7478,ok,459586.25,Aegis,Boreas,0,high,0.55920484,116.2829,0.2911771978021978,0.16781519450328578,59.97527472527472
Aegis-Dawn,389,55.9,0.5701,ok,386598.85,Aegis,Dawn,0,medium,0.3250140100000001,31.86859,0.3143477922077922,0.16558189329464748,31.258909090909093
Boreas-Dawn,470,67.4,0.3335,ok,102224.021,Boreas,Dawn,0,low,0.11122225000000001,22.4779,0.2929547120418848,0.16733925578385606,58.52005235602094
Aegis-Boreas,381,87.6,0.4213,ok,115871.859,Aegis,Boreas,0,medium,0.17749369,36.905879999999996,0.2911771978021978,0.16781519450328578,59.97527472527472
Caelum-Dawn,448,31.3,0.3397,ok,168725.955,Caelum,Dawn,0,low,0.11539609,10.63261,0.30429655172413794,0.17370736738192366,28.526896551724136
Dawn-Elysium,6,39.24,0.255,ok,131783.139,Dawn,Elysium,0,low,0.065025,10.006200000000002,0.29596,0.16907179960732635,20.87232
Dawn-Fenix,169,12.5,0.1006,ok,70206.198,Dawn,Fenix,0,very_low,0.010120359999999998,1.2574999999999998,0.3041873417721519,0.1724694243240588,47.598683544303796
Aegis-Elysium,160,104.3,0.5164,ok,410377.84,Aegis,Elysium,0,medium,0.26666895999999995,53.860519999999994,0.3029021390374331,0.16678734255381286,60.362834224598934
Caelum-Dawn,493,12.5,0.1355,ok,116786.184,Caelum,Dawn,0,very_low,0.01836025,1.69375,0.30429655172413794,0.17370736738192366,28.526896551724136
Boreas-Elysium,475,82.3,0.4015,ok,176205.198,Boreas,Elysium,0,medium,0.16120225000000002,33.04345,0.2900737913486005,0.165054059944648,59.068346055979646
Dawn-Fenix,272,25.2,0.1606,ok,78067.398,Dawn,Fenix,0,very_low,0.025792359999999997,4.04712,0.3041873417721519,0.1724694243240588,47.598683544303796
Aegis-Elysium,400,94.0,0.4651,ok,339221.712,Aegis,Elysium,0,medium,0.21631801,43.7194,0.3029021390374331,0.16678734255381286,60.362834224598934
Boreas-Elysium,298,134.7,0.6571,ok,466575.95,Boreas,Elysium,0,high,0.43178041,88.51137,0.2900737913486005,0.165054059944648,59.068346055979646
Dawn-Fenix,497,30.4,0.1937,ok,77910.922,Dawn,Fenix,0,very_low,0.03751969,5.88848,0.3041873417721519,0.1724694243240588,47.598683544303796
Elysium-Fenix,287,64.0,0.4211,ok,316346.505,Elysium,Fenix,0,medium,0.17732520999999998,26.9504,0.2866814016172507,0.16585315339481224,43.56679245283019
Dawn-Elysium,40,9.7,0.14,ok,107170.73,Dawn,Elysium,0,very_low,0.019600000000000003,1.358,0.29596,0.16907179960732635,20.87232
Boreas-Elysium,355,61.6,0.3003,ok,135578.591,Boreas,Elysium,0,low,0.09018009,18.49848,0.2900737913486005,0.165054059944648,59.068346055979646
Caelum-Elysium,479,16.9,0.2034,ok,143673.414,Caelum,Elysium,0,low,0.04137156,3.4374599999999997,0.29901641025641024,0.16467290094562215,25.344512820512822
Elysium-Fenix,308,81.4,0.5353,ok,466273.477,Elysium,Fenix,0,medium,0.28654609,43.573420000000006,0.2866814016172507,0.16585315339481224,43.56679245283019
Aegis-Elysium,229,40.2,0.199,ok,178454.901,Aegis,Elysium,0,very_low,0.039601000000000004,7.999800000000001,0.3029021390374331,0.16678734255381286,60.362834224598934
Caelum-Elysium,20,61.4,0.7398,ok,929651.756,Caelum,Elysium,0,high,0.54730404,45.42372,0.29901641025641024,0.16467290094562215,25.344512820512822
Caelum-Elysium,157,5.3,0.0643,ok,130797.93,Caelum,Elysium,0,very_low,0.004134489999999999,0.34079,0.29901641025641024,0.16467290094562215,25.344512820512822
Aegis-Elysium,491,54.4,0.2695,ok,202949.786,Aegis,Elysium,0,low,0.07263025000000001,14.6608,0.3029021390374331,0.16678734255381286,60.362834224598934
Boreas-Fenix,307,97.7,0.5782,ok,451624.066,Boreas,Fenix,0,medium,0.33431524000000007,56.490140000000004,0.3080685421994885,0.17007740427160456,51.75457800511509
Caelum-Dawn,182,43.9,0.4772,ok,256184.658,Caelum,Dawn,0,medium,0.22771984,20.94908,0.30429655172413794,0.17370736738192366,28.526896551724136
Caelum-Elysium,92,44.0,0.5296,ok,354776.462,Caelum,Elysium,0,medium,0.28047616,23.3024,0.29901641025641024,0.16467290094562215,25.344512820512822
Dawn-Elysium,475,5.3,0.0774,ok,102133.754,Dawn,Elysium,0,very_low,0.0059907599999999995,0.41022,0.29596,0.16907179960732635,20.87232
Boreas-Dawn,33,23.8,0.1178,ok,72821.171,Boreas,Dawn,0,very_low,0.01387684,2.80364,0.2929547120418848,0.16733925578385606,58.52005235602094
Aegis-Dawn,413,35.7,0.3646,ok,189066.773,Aegis,Dawn,0,low,0.13293316,13.01622,0.3143477922077922,0.16558189329464748,31.258909090909093
Boreas-Elysium,410,145.4,0.7093,ok,600589.815,Boreas,Elysium,0,high,0.5031064900000001,103.13222,0.2900737913486005,0.165054059944648,59.068346055979646
Boreas-Fenix,262,67.8,0.4009,ok,238986.641,Boreas,Fenix,0,medium,0.16072081,27.181019999999997,0.3080685421994885,0.17007740427160456,51.75457800511509
Dawn-Elysium,253,12.8,0.1857,ok,117031.142,Dawn,Elysium,0,very_low,0.03448449,2.37696,0.29596,0.16907179960732635,20.87232
Dawn-Fenix,437,26.7,0.1704,ok,76233.818,Dawn,Fenix,0,very_low,0.02903616,4.5496799999999995,0.3041873417721519,0.1724694243240588,47.598683544303796
Aegis-Elysium,310,58.0,0.2873,ok,205541.988,Aegis,Elysium,0,low,0.08254129,16.6634,0.3029021390374331,0.16678734255381286,60.362834224598934
Caelum-Dawn,190,75.8,0.8236,ok,1397542.12,Caelum,Dawn,1,very_high,0.67831696,62.42888,0.30429655172413794,0.17370736738192366,28.526896551724136
Aegis-Dawn,376,40.8,0.4162,ok,222257.29,Aegis,Dawn,0,medium,0.17322244,16.98096,0.3143477922077922,0.16558189329464748,31.258909090909093
Caelum-Fenix,178,22.2,0.1746,ok,120199.125,Caelum,Fenix,0,very_low,0.03048516,3.87612,0.2979977329974811,0.16907325550533112,38.04100755667506
Aegis-Dawn,105,23.9,0.2439,ok,144008.579,Aegis,Dawn,0,low,0.059487210000000006,5.82921,0.3143477922077922,0.16558189329464748,31.258909090909093
Aegis-Boreas,211,78.5,0.3775,ok,101770.817,Aegis,Boreas,0,low,0.14250625,29.63375,0.2911771978021978,0.16781519450328578,59.97527472527472
Boreas-Dawn,216,54.2,0.2684,ok,89582.762,Boreas,Dawn,0,low,0.07203856000000002,14.547280000000002,0.2929547120418848,0.16733925578385606,58.52005235602094
Boreas-Elysium,109,51.5,0.251,ok,121130.223,Boreas,Elysium,0,low,0.063001,12.9265,0.2900737913486005,0.165054059944648,59.068346055979646
Aegis-Dawn,446,29.7,0.3035,ok,166361.366,Aegis,Dawn,0,low,0.09211224999999999,9.01395,0.3143477922077922,0.16558189329464748,31.258909090909093
Aegis-Dawn,156,31.3,0.3197,ok,171080.306,Aegis,Dawn,0,low,0.10220808999999999,10.00661,0.3143477922077922,0.16558189329464748,31.258909090909093
Caelum-Fenix,208,22.2,0.1746,ok,123465.49,Caelum,Fenix,0,very_low,0.03048516,3.87612,0.2979977329974811,0.16907325550533112,38.04100755667506
Boreas-Elysium,68,71.0,0.3463,ok,152945.635,Boreas,Elysium,0,low,0.11992369,24.5873,0.2900737913486005,0.165054059944648,59.068346055979646
Aegis-Boreas,169,122.2,0.5876,ok,209328.5,Aegis,Boreas,0,medium,0.34527376000000004,71.80472,0.2911771978021978,0.16781519450328578,59.97527472527472
Caelum-Fenix,297,10.6,0.0831,ok,116243.241,Caelum,Fenix,0,very_low,0.006905609999999999,0.8808599999999999,0.2979977329974811,0.16907325550533112,38.04100755667506
Caelum-Elysium,393,13.2,0.1594,ok,134064.506,Caelum,Elysium,0,very_low,0.025408359999999994,2.1040799999999997,0.29901641025641024,0.16467290094562215,25.344512820512822
Dawn-Fenix,387,50.4,0.3207,ok,102844.579,Dawn,Fenix,0,low,0.10284848999999999,16.16328,0.3041873417721519,0.1724694243240588,47.598683544303796
Caelum-Elysium,378,25.4,0.3055,ok,177740.623,Caelum,Elysium,0,low,0.09333024999999999,7.7597,0.29901641025641024,0.16467290094562215,25.344512820512822
Aegis-Dawn,142,30.5,0.3107,ok,169074.891,Aegis,Dawn,0,low,0.09653448999999999,9.47635,0.3143477922077922,0.16558189329464748,31.258909090909093
Aegis-Dawn,414,17.5,0.1784,ok,128986.82,Aegis,Dawn,0,very_low,0.031826560000000004,3.122,0.3143477922077922,0.16558189329464748,31.258909090909093
Boreas-Dawn,0,57.8,0.286,ok,92863.997,Boreas,Dawn,0,low,0.08179599999999998,16.5308,0.2929547120418848,0.16733925578385606,58.52005235602094
Caelum-Dawn,106,63.1,0.6855,ok,611522.482,Caelum,Dawn,0,high,0.46991025,43.255050000000004,0.30429655172413794,0.17370736738192366,28.526896551724136
Caelum-Fenix,25,6.1,0.0482,ok,106304.176,Caelum,Fenix,0,very_low,0.00232324,0.29402,0.2979977329974811,0.16907325550533112,38.04100755667506
Aegis-Dawn,69,8.9,0.0911,ok,117016.078,Aegis,Dawn,0,very_low,0.00829921,0.81079,0.3143477922077922,0.16558189329464748,31.258909090909093
Dawn-Elysium,216,29.4,0.1726,ok,110643.637,Dawn,Elysium,0,very_low,0.02979076,5.07444,0.29596,0.16907179960732635,20.87232
Elysium-Fenix,50,46.5,0.306,ok,228941.147,Elysium,Fenix,0,low,0.093636,14.229,0.2866814016172507,0.16585315339481224,43.56679245283019
Dawn-Fenix,48,50.5,0.3214,ok,104144.186,Dawn,Fenix,0,low,0.10329796000000001,16.230700000000002,0.3041873417721519,0.1724694243240588,47.598683544303796
Caelum-Dawn,245,23.0,0.2505,ok,138569.593,Caelum,Dawn,0,low,0.06275025,5.7615,0.30429655172413794,0.17370736738192366,28.526896551724136
Caelum-Elysium,112,17.8,0.1171,ok,130632.352,Caelum,Elysium,0,very_low,0.01371241,2.08438,0.29901641025641024,0.16467290094562215,25.344512820512822
Dawn-Fenix,415,24.6,0.157,ok,77054.835,Dawn,Fenix,0,very_low,0.024649,3.8622,0.3041873417721519,0.1724694243240588,47.598683544303796
Dawn-Elysium,393,36.9,0.5341,ok,289794.18,Dawn,Elysium,0,medium,0.28526281000000003,19.70829,0.29596,0.16907179960732635,20.87232
Boreas-Fenix,485,28.1,0.1662,ok,145600.997,Boreas,Fenix,0,very_low,0.027622439999999995,4.67022,0.3080685421994885,0.17007740427160456,51.75457800511509
Boreas-Dawn,451,91.9,0.4551,ok,149181.359,Boreas,Dawn,0,medium,0.20711601000000002,41.823690000000006,0.2929547120418848,0.16733925578385606,58.52005235602094
Boreas-Fenix,279,76.5,0.4526,ok,287779.865,Boreas,Fenix,0,medium,0.20484676,34.6239,0.3080685421994885,0.17007740427160456,51.75457800511509
Elysium-Fenix,0,9.9,0.0651,ok,160726.808,Elysium,Fenix,0,very_low,0.00423801,0.6444900000000001,0.2866814016172507,0.16585315339481224,43.56679245283019
Aegis-Dawn,167,43.7,0.4455,ok,106034.435,Aegis,Dawn,0,medium,0.19847025000000001,19.46835,0.3143477922077922,0.16558189329464748,31.258909090909093
Dawn-Fenix,65,55.3,0.3519,ok,110633.128,Dawn,Fenix,0,low,0.12383361,19.460069999999998,0.3041873417721519,0.1724694243240588,47.598683544303796
Caelum-Fenix,63,15.0,0.1181,ok,114038.137,Caelum,Fenix,0,very_low,0.01394761,1.7714999999999999,0.2979977329974811,0.16907325550533112,38.04100755667506
Elysium-Fenix,357,6.3,0.0417,ok,165554.79,Elysium,Fenix,0,very_low,0.00173889,0.26271,0.2866814016172507,0.16585315339481224,43.56679245283019
Aegis-Dawn,163,9.5,0.0974,ok,123472.734,Aegis,Dawn,0,very_low,0.00948676,0.9253,0.3143477922077922,0.16558189329464748,31.258909090909093
Dawn-Elysium,401,30.9,0.4483,ok,211912.474,Dawn,Elysium,0,medium,0.20097289,13.852469999999999,0.29596,0.16907179960732635,20.87232
Dawn-Elysium,3,38.4,0.5561,ok,319175.446,Dawn,Elysium,0,medium,0.30924721000000005,21.35424,0.29596,0.16907179960732635,20.87232
Boreas-Elysium,421,113.4,0.5532,ok,298198.775,Boreas,Elysium,0,medium,0.30603024,62.73288000000001,0.2900737913486005,0.165054059944648,59.068346055979646
Caelum-Fenix,62,52.3,0.4122,ok,209876.348,Caelum,Fenix,0,medium,0.16990884,21.55806,0.2979977329974811,0.16907325550533112,38.04100755667506
Caelum-Elysium,128,38.9,0.4684,ok,282200.933,Caelum,Elysium,0,medium,0.21939856,18.22076,0.29901641025641024,0.16467290094562215,25.344512820512822
Boreas-Elysium,196,17.3,0.0842,ok,99208.853,Boreas,Elysium,0,very_low,0.0070896399999999995,1.45666,0.2900737913486005,0.165054059944648,59.068346055979646
Caelum-Fenix,404,44.1,0.3469,ok,173752.858,Caelum,Fenix,0,low,0.12033960999999999,15.29829,0.2979977329974811,0.16907325550533112,38.04100755667506
Caelum-Fenix,186,57.0,0.4485,ok,232612.883,Caelum,Fenix,0,medium,0.20115225,25.5645,0.2979977329974811,0.16907325550533112,38.04100755667506
Aegis-Elysium,438,78.3,0.3876,ok,260852.788,Aegis,Elysium,0,low,0.15023376,30.349079999999997,0.3029021390374331,0.16678734255381286,60.362834224598934
Caelum-Elysium,360,24.6,0.2961,ok,169669.701,Caelum,Elysium,0,low,0.08767520999999999,7.28406,0.29901641025641024,0.16467290094562215,25.344512820512822
Aegis-Dawn,462,8.9,0.0912,ok,121173.703,Aegis,Dawn,0,very_low,0.00831744,0.8116800000000001,0.3143477922077922,0.16558189329464748,31.258909090909093
Aegis-Dawn,68,34.3,0.3501,ok,187476.067,Aegis,Dawn,0,low,0.12257001000000002,12.00843,0.3143477922077922,0.16558189329464748,31.258909090909093
Boreas-Dawn,18,92.8,0.4594,ok,148205.561,Boreas,Dawn,0,medium,0.21104836,42.63231999999999,0.2929547120418848,0.16733925578385606,58.52005235602094
Boreas-Fenix,432,61.6,0.3648,ok,220873.291,Boreas,Fenix,0,low,0.13307904,22.471680000000003,0.3080685421994885,0.17007740427160456,51.75457800511509
Boreas-Fenix,229,51.84,0.4998,ok,333009.637,Boreas,Fenix,0,medium,0.24980004000000003,25.909632000000002,0.3080685421994885,0.17007740427160456,51.75457800511509
Boreas-Dawn,491,10.0,0.0497,ok,66333.027,Boreas,Dawn,0,very_low,0.0024700900000000003,0.497,0.2929547120418848,0.16733925578385606,58.52005235602094
Boreas-Fenix,381,89.9,0.5319,ok,377481.91,Boreas,Fenix,0,medium,0.28291761000000004,47.81781000000001,0.3080685421994885,0.17007740427160456,51.75457800511509
Boreas-Elysium,124,74.8,0.3649,ok,158875.04,Boreas,Elysium,0,low,0.13315201000000002,27.29452,0.2900737913486005,0.165054059944648,59.068346055979646
Boreas-Elysium,414,105.3,0.5138,ok,254129.563,Boreas,Elysium,0,medium,0.26399044000000005,54.10314,0.2900737913486005,0.165054059944648,59.068346055979646
Boreas-Dawn,475,107.08,0.6326,ok,293350.433,Boreas,Dawn,0,high,0.4001827600000001,67.738808,0.2929547120418848,0.16733925578385606,58.52005235602094
Boreas-Dawn,217,12.5,0.0617,ok,69636.898,Boreas,Dawn,0,very_low,0.00380689,0.77125,0.2929547120418848,0.16733925578385606,58.52005235602094
Aegis-Elysium,18,57.8,0.44,ok,309738.541,Aegis,Elysium,0,medium,0.1936,25.432,0.3029021390374331,0.16678734255381286,60.362834224598934
Elysium-Fenix,263,12.0,0.0789,ok,171448.109,Elysium,Fenix,0,very_low,0.006225209999999999,0.9468,0.2866814016172507,0.16585315339481224,43.56679245283019
Boreas-Elysium,197,10.0,0.0489,ok,99920.15,Boreas,Elysium,0,very_low,0.00239121,0.489,0.2900737913486005,0.165054059944648,59.068346055979646
Dawn-Fenix,209,10.3,0.0655,ok,70665.486,Dawn,Fenix,0,very_low,0.004290250000000001,0.6746500000000001,0.3041873417721519,0.1724694243240588,47.598683544303796
Dawn-Elysium,76,25.9,0.3757,ok,170051.983,Dawn,Elysium,0,low,0.14115049,9.73063,0.29596,0.16907179960732635,20.87232
Dawn-Fenix,386,31.3,0.1996,ok,81724.561,Dawn,Fenix,0,very_low,0.03984016,6.24748,0.3041873417721519,0.1724694243240588,47.598683544303796
Elysium-Fenix,454,45.8,0.301,ok,228484.787,Elysium,Fenix,0,low,0.09060099999999999,13.785799999999998,0.2866814016172507,0.16585315339481224,43.56679245283019
Aegis-Dawn,372,27.3,0.2782,ok,161698.132,Aegis,Dawn,0,low,0.07739524,7.594860000000001,0.3143477922077922,0.16558189329464748,31.258909090909093
Aegis-Dawn,125,59.8,0.6101,ok,457030.84,Aegis,Dawn,0,high,0.37222201,36.483979999999995,0.3143477922077922,0.16558189329464748,31.258909090909093
Boreas-Elysium,293,112.4,0.5481,ok,292472.981,Boreas,Elysium,0,medium,0.30041361000000005,61.606440000000006,0.2900737913486005,0.165054059944648,59.068346055979646
Dawn-Elysium,271,6.5200000000000005,0.0437,ok,102452.289,Dawn,Elysium,0,very_low,0.0019096900000000003,0.284924,0.29596,0.16907179960732635,20.87232
Dawn-Elysium,466,35.4,0.5124,ok,264166.523,Dawn,Elysium,0,medium,0.26255375999999997,18.138959999999997,0.29596,0.16907179960732635,20.87232
Elysium-Fenix,107,54.2,0.3568,ok,263316.515,Elysium,Fenix,0,low,0.12730624000000001,19.33856,0.2866814016172507,0.16585315339481224,43.56679245283019
Boreas-Dawn,154,26.8,0.1326,ok,75033.821,Boreas,Dawn,0,very_low,0.01758276,3.55368,0.2929547120418848,0.16733925578385606,58.52005235602094
Dawn-Fenix,103,22.2,0.1415,ok,75632.181,Dawn,Fenix,0,very_low,0.020022249999999995,3.1412999999999998,0.3041873417721519,0.1724694243240588,47.598683544303796
Caelum-Dawn,437,26.8,0.2918,ok,151294.267,Caelum,Dawn,0,low,0.08514724,7.82024,0.30429655172413794,0.17370736738192366,28.526896551724136
Caelum-Elysium,204,6.24,0.041,ok,123883.474,Caelum,Elysium,0,very_low,0.0016810000000000002,0.25584,0.29901641025641024,0.16467290094562215,25.344512820512822
Aegis-Elysium,121,95.8,0.4741,ok,349006.658,Aegis,Elysium,0,medium,0.22477081000000002,45.41878,0.3029021390374331,0.16678734255381286,60.362834224598934
Boreas-Dawn,360,79.2,0.3923,ok,121121.968,Boreas,Dawn,0,low,0.15389929,31.07016,0.2929547120418848,0.16733925578385606,58.52005235602094
Elysium-Fenix,262,6.0,0.0392,ok,161284.788,Elysium,Fenix,0,very_low,0.00153664,0.2352,0.2866814016172507,0.16585315339481224,43.56679245283019
Aegis-Elysium,346,71.5,0.3539,ok,247252.591,Aegis,Elysium,0,low,0.12524521,25.30385,0.3029021390374331,0.16678734255381286,60.362834224598934
Caelum-Fenix,155,16.3,0.1281,ok,116343.126,Caelum,Fenix,0,very_low,0.016409609999999998,2.08803,0.2979977329974811,0.16907325550533112,38.04100755667506
Elysium-Fenix,153,13.4,0.0883,ok,166642.165,Elysium,Fenix,0,very_low,0.007796890000000001,1.1832200000000002,0.2866814016172507,0.16585315339481224,43.56679245283019
Elysium-Fenix,201,96.2,0.6329,ok,702226.215,Elysium,Fenix,0,high,0.40056241000000004,60.884980000000006,0.2866814016172507,0.16585315339481224,43.56679245283019
Boreas-Dawn,423,94.1,0.4658,ok,151656.153,Boreas,Dawn,0,medium,0.21696964,43.831779999999995,0.2929547120418848,0.16733925578385606,58.52005235602094
Dawn-Fenix,74,55.4,0.3532,ok,109915.342,Dawn,Fenix,0,low,0.12475024000000001,19.56728,0.3041873417721519,0.1724694243240588,47.598683544303796
Aegis-Elysium,66,68.6,0.3398,ok,233377.717,Aegis,Elysium,0,low,0.11546403999999999,23.31028,0.3029021390374331,0.16678734255381286,60.362834224598934
Aegis-Elysium,16,41.6,0.2059,ok,174581.008,Aegis,Elysium,0,low,0.04239481,8.56544,0.3029021390374331,0.16678734255381286,60.362834224598934
Aegis-Elysium,390,112.5,0.5569,ok,477341.723,Aegis,Elysium,0,medium,0.31013760999999995,62.65125,0.3029021390374331,0.16678734255381286,60.362834224598934
Elysium-Fenix,341,54.6,0.3591,ok,259874.043,Elysium,Fenix,0,low,0.12895280999999997,19.606859999999998,0.2866814016172507,0.16585315339481224,43.56679245283019
Aegis-Boreas,495,74.3,0.357,ok,94421.752,Aegis,Boreas,0,low,0.12744899999999998,26.5251,0.2911771978021978,0.16781519450328578,59.97527472527472
Boreas-Fenix,439,64.6,0.3824,ok,225565.147,Boreas,Fenix,0,low,0.14622976000000001,24.703039999999998,0.3080685421994885,0.17007740427160456,51.75457800511509
Dawn-Fenix,337,59.2,0.377,ok,118604.569,Dawn,Fenix,0,low,0.142129,22.3184,0.3041873417721519,0.1724694243240588,47.598683544303796
Boreas-Dawn,226,92.8,0.4594,ok,147297.228,Boreas,Dawn,0,medium,0.21104836,42.63231999999999,0.2929547120418848,0.16733925578385606,58.52005235602094
Elysium-Fenix,68,53.8,0.354,ok,252400.284,Elysium,Fenix,0,low,0.12531599999999998,19.045199999999998,0.2866814016172507,0.16585315339481224,43.56679245283019
Dawn-Fenix,123,106.4,0.678,ok,374137.417,Dawn,Fenix,0,high,0.45968400000000004,72.1392,0.3041873417721519,0.1724694243240588,47.598683544303796
Boreas-Fenix,145,60.3,0.3567,ok,211845.194,Boreas,Fenix,0,low,0.12723489000000002,21.50901,0.3080685421994885,0.17007740427160456,51.75457800511509
Dawn-Fenix,218,94.6,0.6027,ok,264548.315,Dawn,Fenix,0,high,0.36324729,57.01542,0.3041873417721519,0.1724694243240588,47.598683544303796
Caelum-Dawn,366,31.5,0.3423,ok,171328.972,Caelum,Dawn,0,low,0.11716929,10.782449999999999,0.30429655172413794,0.17370736738192366,28.526896551724136
Caelum-Elysium,8,20.1,0.2421,ok,155172.191,Caelum,Elysium,0,low,0.058612410000000004,4.866210000000001,0.29901641025641024,0.16467290094562215,25.344512820512822
Aegis-Elysium,439,40.3,0.1997,ok,178810.915,Aegis,Elysium,0,very_low,0.03988008999999999,8.047909999999998,0.3029021390374331,0.16678734255381286,60.362834224598934
Aegis-Dawn,268,31.4,0.3205,ok,169607.182,Aegis,Dawn,0,low,0.10272025,10.063699999999999,0.3143477922077922,0.16558189329464748,31.258909090909093
Dawn-Elysium,109,5.6,0.0807,ok,104554.613,Dawn,Elysium,0,very_low,0.006512489999999999,0.45191999999999993,0.29596,0.16907179960732635,20.87232
Caelum-Fenix,363,89.6,0.5652,ok,361080.279,Caelum,Fenix,0,medium,0.31945104,50.64192,0.2979977329974811,0.16907325550533112,38.04100755667506
Aegis-Dawn,406,59.6,0.6077,ok,454857.853,Aegis,Dawn,0,high,0.36929929,36.218920000000004,0.3143477922077922,0.16558189329464748,31.258909090909093
Caelum-Dawn,107,47.6,0.5169,ok,297393.741,Caelum,Dawn,0,medium,0.26718561,24.60444,0.30429655172413794,0.17370736738192366,28.526896551724136
Aegis-Elysium,198,84.8,0.4199,ok,286852.116,Aegis,Elysium,0,medium,0.17631601,35.60752,0.3029021390374331,0.16678734255381286,60.362834224598934
Aegis-Elysium,43,1.5,0.0073,ok,63360.079,Aegis,Elysium,0,very_low,5.329e-05,0.01095,0.3029021390374331,0.16678734255381286,60.362834224598934
Aegis-Elysium,401,31.4,0.1556,ok,168365.001,Aegis,Elysium,0,very_low,0.024211359999999998,4.885839999999999,0.3029021390374331,0.16678734255381286,60.362834224598934
Aegis-Dawn,63,22.2,0.2264,ok,140579.812,Aegis,Dawn,0,low,0.05125696,5.026079999999999,0.3143477922077922,0.16558189329464748,31.258909090909093
Aegis-Elysium,153,102.7,0.5083,ok,395125.554,Aegis,Elysium,0,medium,0.25836888999999996,52.20241,0.3029021390374331,0.16678734255381286,60.362834224598934
Aegis-Elysium,189,48.7,0.241,ok,192953.907,Aegis,Elysium,0,low,0.058080999999999994,11.7367,0.3029021390374331,0.16678734255381286,60.362834224598934
Elysium-Fenix,312,12.4,0.0818,ok,171862.153,Elysium,Fenix,0,very_low,0.006691239999999999,1.01432,0.2866814016172507,0.16585315339481224,43.56679245283019
Caelum-Elysium,189,32.1,0.3873,ok,216528.78,Caelum,Elysium,0,low,0.15000128999999998,12.43233,0.29901641025641024,0.16467290094562215,25.344512820512822
Boreas-Elysium,368,14.0,0.0685,ok,99904.129,Boreas,Elysium,0,very_low,0.004692250000000001,0.9590000000000001,0.2900737913486005,0.165054059944648,59.068346055979646
Dawn-Elysium,346,18.3,0.2646,ok,131925.92,Dawn,Elysium,0,low,0.07001316,4.84218,0.29596,0.16907179960732635,20.87232
Caelum-Dawn,95,46.6,0.5062,ok,282483.228,Caelum,Dawn,0,medium,0.25623843999999996,23.58892,0.30429655172413794,0.17370736738192366,28.526896551724136
Aegis-Boreas,61,83.1,0.3995,ok,106653.281,Aegis,Boreas,0,low,0.15960025000000003,33.19845,0.2911771978021978,0.16781519450328578,59.97527472527472
Caelum-Elysium,418,23.6,0.2842,ok,169162.533,Caelum,Elysium,0,low,0.08076964,6.707120000000001,0.29901641025641024,0.16467290094562215,25.344512820512822
Boreas-Elysium,31,35.6,0.1737,ok,102833.1,Boreas,Elysium,0,very_low,0.030171689999999998,6.18372,0.2900737913486005,0.165054059944648,59.068346055979646
Dawn-Fenix,458,67.1,0.4275,ok,137891.194,Dawn,Fenix,0,medium,0.18275624999999998,28.685249999999996,0.3041873417721519,0.1724694243240588,47.598683544303796
Elysium-Fenix,417,10.3,0.0678,ok,169657.137,Elysium,Fenix,0,very_low,0.00459684,0.6983400000000001,0.2866814016172507,0.16585315339481224,43.56679245283019
Elysium-Fenix,26,52.4,0.3444,ok,252534.336,Elysium,Fenix,0,low,0.11861135999999999,18.04656,0.2866814016172507,0.16585315339481224,43.56679245283019
Boreas-Fenix,442,15.3,0.0903,ok,140444.348,Boreas,Fenix,0,very_low,0.008154090000000001,1.38159,0.3080685421994885,0.17007740427160456,51.75457800511509
Dawn-Fenix,190,72.1,0.4593,ok,150959.493,Dawn,Fenix,0,medium,0.21095649,33.11553,0.3041873417721519,0.1724694243240588,47.598683544303796
Caelum-Dawn,283,21.4,0.2321,ok,137272.353,Caelum,Dawn,0,low,0.05387041,4.966939999999999,0.30429655172413794,0.17370736738192366,28.526896551724136
Aegis-Elysium,129,37.3,0.1848,ok,172963.911,Aegis,Elysium,0,very_low,0.034151039999999994,6.893039999999999,0.3029021390374331,0.16678734255381286,60.362834224598934
Dawn-Elysium,32,12.4,0.1794,ok,113993.354,Dawn,Elysium,0,very_low,0.03218436,2.2245600000000003,0.29596,0.16907179960732635,20.87232
Elysium-Fenix,204,27.3,0.1798,ok,187178.239,Elysium,Fenix,0,very_low,0.032328039999999995,4.9085399999999995,0.2866814016172507,0.16585315339481224,43.56679245283019
Elysium-Fenix,43,16.0,0.1054,ok,165335.703,Elysium,Fenix,0,very_low,0.011109159999999998,1.6864,0.2866814016172507,0.16585315339481224,43.56679245283019
Dawn-Fenix,101,53.8,0.343,ok,108250.716,Dawn,Fenix,0,low,0.11764900000000002,18.453400000000002,0.3041873417721519,0.1724694243240588,47.598683544303796
Boreas-Fenix,249,49.6,0.2936,ok,186680.752,Boreas,Fenix,0,low,0.08620096000000002,14.562560000000001,0.3080685421994885,0.17007740427160456,51.75457800511509
Caelum-Dawn,380,66.2,0.7199,ok,733653.006,Caelum,Dawn,0,high,0.51825601,47.65738,0.30429655172413794,0.17370736738192366,28.526896551724136
Caelum-Dawn,271,52.1,0.5665,ok,364652.551,Caelum,Dawn,0,medium,0.32092225,29.51465,0.30429655172413794,0.17370736738192366,28.526896551724136
Aegis-Dawn,482,33.7,0.3436,ok,184171.291,Aegis,Dawn,0,low,0.11806096,11.579320000000001,0.3143477922077922,0.16558189329464748,31.258909090909093
Aegis-Elysium,131,27.1,0.1343,ok,161834.552,Aegis,Elysium,0,very_low,0.018036490000000002,3.63953,0.3029021390374331,0.16678734255381286,60.362834224598934
Aegis-Boreas,194,91.3,0.4391,ok,121846.061,Aegis,Boreas,0,medium,0.19280881,40.08983,0.2911771978021978,0.16781519450328578,59.97527472527472
Dawn-Elysium,418,26.9,0.3893,ok,177273.058,Dawn,Elysium,0,low,0.15155449,10.472169999999998,0.29596,0.16907179960732635,20.87232
Caelum-Fenix,0,19.5,0.1534,ok,120367.491,Caelum,Fenix,0,very_low,0.023531560000000003,2.9913000000000003,0.2979977329974811,0.16907325550533112,38.04100755667506
Boreas-Elysium,184,47.9,0.2336,ok,114837.112,Boreas,Elysium,0,low,0.05456896,11.18944,0.2900737913486005,0.165054059944648,59.068346055979646
Boreas-Elysium,359,97.7,0.4764,ok,225036.076,Boreas,Elysium,0,medium,0.22695695999999999,46.54428,0.2900737913486005,0.165054059944648,59.068346055979646
Caelum-Elysium,38,30.4,0.3667,ok,207328.35,Caelum,Elysium,0,low,0.13446889,11.147680000000001,0.29901641025641024,0.16467290094562215,25.344512820512822
Elysium-Fenix,363,50.9,0.3349,ok,245947.247,Elysium,Fenix,0,low,0.11215800999999999,17.046409999999998,0.2866814016172507,0.16585315339481224,43.56679245283019
Boreas-Elysium,119,113.8,0.5552,ok,295946.049,Boreas,Elysium,0,medium,0.30824704,63.181760000000004,0.2900737913486005,0.165054059944648,59.068346055979646
Caelum-Elysium,140,50.52,0.3576,ok,202330.196,Caelum,Elysium,0,low,0.12787775999999998,18.065952,0.29901641025641024,0.16467290094562215,25.344512820512822
Boreas-Dawn,62,24.7,0.1223,ok,71509.301,Boreas,Dawn,0,very_low,0.014957290000000002,3.02081,0.2929547120418848,0.16733925578385606,58.52005235602094
Dawn-Elysium,103,9.7,0.1404,ok,108412.733,Dawn,Elysium,0,very_low,0.01971216,1.36188,0.29596,0.16907179960732635,20.87232
Aegis-Boreas,234,32.8,0.1579,ok,64518.643,Aegis,Boreas,0,very_low,0.024932410000000006,5.17912,0.2911771978021978,0.16781519450328578,59.97527472527472
Aegis-Elysium,60,22.5,0.1112,ok,159270.868,Aegis,Elysium,0,very_low,0.012365439999999998,2.502,0.3029021390374331,0.16678734255381286,60.362834224598934
Boreas-Fenix,201,121.4,0.7183,ok,869525.443,Boreas,Fenix,0,high,0.51595489,87.20162,0.3080685421994885,0.17007740427160456,51.75457800511509
Boreas-Elysium,21,37.8,0.1844,ok,109545.15,Boreas,Elysium,0,very_low,0.03400336,6.97032,0.2900737913486005,0.165054059944648,59.068346055979646
Caelum-Fenix,161,84.0,0.6612,ok,547509.878,Caelum,Fenix,0,high,0.43718544000000004,55.540800000000004,0.2979977329974811,0.16907325550533112,38.04100755667506
Dawn-Fenix,381,66.2,0.4215,ok,133507.465,Dawn,Fenix,0,medium,0.17766225,27.9033,0.3041873417721519,0.1724694243240588,47.598683544303796
Aegis-Elysium,473,25.5,0.1262,ok,161558.053,Aegis,Elysium,0,very_low,0.01592644,3.2181,0.3029021390374331,0.16678734255381286,60.362834224598934
Boreas-Elysium,288,87.6,0.4275,ok,188895.695,Boreas,Elysium,0,medium,0.18275624999999998,37.449,0.2900737913486005,0.165054059944648,59.068346055979646
Aegis-Dawn,226,14.8,0.1511,ok,126164.45,Aegis,Dawn,0,very_low,0.022831210000000005,2.2362800000000003,0.3143477922077922,0.16558189329464748,31.258909090909093
Aegis-Elysium,179,94.5,0.468,ok,341357.837,Aegis,Elysium,0,medium,0.21902400000000002,44.226,0.3029021390374331,0.16678734255381286,60.362834224598934
Caelum-Fenix,410,53.9,0.4244,ok,217297.385,Caelum,Fenix,0,medium,0.18011536,22.87516,0.2979977329974811,0.16907325550533112,38.04100755667506
Caelum-Elysium,467,27.2,0.3281,ok,192125.259,Caelum,Elysium,0,low,0.10764961,8.92432,0.29901641025641024,0.16467290094562215,25.344512820512822
Boreas-Dawn,363,24.9,0.1233,ok,73809.368,Boreas,Dawn,0,very_low,0.015202890000000002,3.07017,0.2929547120418848,0.16733925578385606,58.52005235602094
Boreas-Fenix,253,83.9,0.4966,ok,333003.183,Boreas,Fenix,0,medium,0.24661155999999998,41.66474,0.3080685421994885,0.17007740427160456,51.75457800511509
Caelum-Dawn,231,40.7,0.442,ok,227924.424,Caelum,Dawn,0,medium,0.195364,17.9894,0.30429655172413794,0.17370736738192366,28.526896551724136
Dawn-Elysium,325,9.3,0.135,ok,107329.419,Dawn,Elysium,0,very_low,0.018225,1.2555000000000003,0.29596,0.16907179960732635,20.87232
Aegis-Elysium,84,33.6,0.1665,ok,177294.08,Aegis,Elysium,0,very_low,0.027722250000000004,5.5944,0.3029021390374331,0.16678734255381286,60.362834224598934
Elysium-Fenix,313,31.1,0.2049,ok,188953.783,Elysium,Fenix,0,low,0.04198401,6.37239,0.2866814016172507,0.16585315339481224,43.56679245283019
Boreas-Elysium,366,39.3,0.1919,ok,110426.521,Boreas,Elysium,0,very_low,0.036825609999999995,7.541669999999999,0.2900737913486005,0.165054059944648,59.068346055979646
Dawn-Elysium,324,18.9,0.2738,ok,133893.728,Dawn,Elysium,0,low,0.07496644,5.1748199999999995,0.29596,0.16907179960732635,20.87232
Elysium-Fenix,423,79.7,0.5242,ok,449084.561,Elysium,Fenix,0,medium,0.27478564,41.77874,0.2866814016172507,0.16585315339481224,43.56679245283019
Aegis-Boreas,321,32.5,0.1561,ok,67251.998,Aegis,Boreas,0,very_low,0.024367209999999997,5.07325,0.2911771978021978,0.16781519450328578,59.97527472527472
Boreas-Fenix,269,18.9,0.1117,ok,138900.495,Boreas,Fenix,0,very_low,0.01247689,2.1111299999999997,0.3080685421994885,0.17007740427160456,51.75457800511509
Boreas-Elysium,391,87.5,0.427,ok,192780.106,Boreas,Elysium,0,medium,0.182329,37.3625,0.2900737913486005,0.165054059944648,59.068346055979646
Caelum-Fenix,340,47.6,0.375,ok,187085.89,Caelum,Fenix,0,low,0.140625,17.85,0.2979977329974811,0.16907325550533112,38.04100755667506
Caelum-Fenix,280,34.4,0.2708,ok,148657.511,Caelum,Fenix,0,low,0.07333263999999999,9.31552,0.2979977329974811,0.16907325550533112,38.04100755667506
Boreas-Fenix,164,61.1,0.3617,ok,216584.83,Boreas,Fenix,0,low,0.13082689000000003,22.099870000000003,0.3080685421994885,0.17007740427160456,51.75457800511509
Aegis-Elysium,485,44.3,0.2195,ok,182767.327,Aegis,Elysium,0,low,0.04818025,9.723849999999999,0.3029021390374331,0.16678734255381286,60.362834224598934
Aegis-Elysium,83,16.3,0.0807,ok,155935.339,Aegis,Elysium,0,very_low,0.006512489999999999,1.31541,0.3029021390374331,0.16678734255381286,60.362834224598934
Boreas-Elysium,266,97.7,0.4767,ok,221576.764,Boreas,Elysium,0,medium,0.22724289,46.57359,0.2900737913486005,0.165054059944648,59.068346055979646
Caelum-Dawn,118,51.2,0.3078,ok,154648.205,Caelum,Dawn,0,low,0.09474084,15.759360000000001,0.30429655172413794,0.17370736738192366,28.526896551724136
Caelum-Dawn,278,16.7,0.1813,ok,124326.307,Caelum,Dawn,0,very_low,0.03286968999999999,3.02771,0.30429655172413794,0.17370736738192366,28.526896551724136
Dawn-Elysium,483,18.2,0.2632,ok,129202.238,Dawn,Elysium,0,low,0.06927424,4.79024,0.29596,0.16907179960732635,20.87232
Boreas-Dawn,336,60.6,0.3001,ok,97743.128,Boreas,Dawn,0,low,0.09006000999999998,18.186059999999998,0.2929547120418848,0.16733925578385606,58.52005235602094
Caelum-Fenix,237,42.7,0.3361,ok,164855.895,Caelum,Fenix,0,low,0.11296321000000001,14.35147,0.2979977329974811,0.16907325550533112,38.04100755667506
Caelum-Elysium,320,17.0,0.2043,ok,145867.097,Caelum,Elysium,0,low,0.04173849,3.4731,0.29901641025641024,0.16467290094562215,25.344512820512822
Caelum-Elysium,164,39.2,0.4717,ok,288283.596,Caelum,Elysium,0,medium,0.22250089,18.490640000000003,0.29901641025641024,0.16467290094562215,25.344512820512822
Caelum-Dawn,478,7.4,0.0808,ok,114147.243,Caelum,Dawn,0,very_low,0.00652864,0.59792,0.30429655172413794,0.17370736738192366,28.526896551724136
Boreas-Fenix,137,27.1,0.1605,ok,146953.062,Boreas,Fenix,0,very_low,0.025760250000000002,4.349550000000001,0.3080685421994885,0.17007740427160456,51.75457800511509
Aegis-Dawn,412,43.6,0.4452,ok,245829.333,Aegis,Dawn,0,medium,0.19820304,19.41072,0.3143477922077922,0.16558189329464748,31.258909090909093
Dawn-Fenix,61,10.7,0.0681,ok,69826.935,Dawn,Fenix,0,very_low,0.0046376099999999995,0.7286699999999999,0.3041873417721519,0.1724694243240588,47.598683544303796
Caelum-Fenix,489,20.1,0.1583,ok,121276.569,Caelum,Fenix,0,very_low,0.02505889,3.18183,0.2979977329974811,0.16907325550533112,38.04100755667506
Boreas-Dawn,76,26.8,0.1325,ok,70557.418,Boreas,Dawn,0,very_low,0.017556250000000002,3.551,0.2929547120418848,0.16733925578385606,58.52005235602094
Boreas-Elysium,15,64.9,0.3168,ok,144165.829,Boreas,Elysium,0,low,0.10036224000000002,20.560320000000004,0.2900737913486005,0.165054059944648,59.068346055979646
Aegis-Boreas,467,59.4,0.2856,ok,80191.047,Aegis,Boreas,0,low,0.08156736,16.96464,0.2911771978021978,0.16781519450328578,59.97527472527472
Dawn-Elysium,431,11.6,0.1686,ok,114495.154,Dawn,Elysium,0,very_low,0.02842596,1.95576,0.29596,0.16907179960732635,20.87232
Dawn-Elysium,398,21.0,0.3038,ok,144168.639,Dawn,Elysium,0,low,0.09229444,6.3798,0.29596,0.16907179960732635,20.87232
Elysium-Fenix,456,57.4,0.3774,ok,282146.303,Elysium,Fenix,0,low,0.14243076000000002,21.66276,0.2866814016172507,0.16585315339481224,43.56679245283019
Caelum-Elysium,72,33.7,0.4056,ok,233477.215,Caelum,Elysium,0,medium,0.16451136000000002,13.668720000000002,0.29901641025641024,0.16467290094562215,25.344512820512822
Aegis-Boreas,372,8.2,0.0394,ok,61756.596,Aegis,Boreas,0,very_low,0.0015523599999999998,0.32308,0.2911771978021978,0.16781519450328578,59.97527472527472
Boreas-Elysium,292,25.0,0.1218,ok,98957.73,Boreas,Elysium,0,very_low,0.014835240000000001,3.045,0.2900737913486005,0.165054059944648,59.068346055979646
Aegis-Elysium,191,55.5,0.2749,ok,552403.116,Aegis,Elysium,0,low,0.07557000999999999,15.256949999999998,0.3029021390374331,0.16678734255381286,60.362834224598934
Dawn-Elysium,282,25.4,0.3681,ok,166229.418,Dawn,Elysium,0,low,0.13549761,9.349739999999999,0.29596,0.16907179960732635,20.87232
Boreas-Elysium,260,72.6,0.3543,ok,152550.322,Boreas,Elysium,0,low,0.12552849,25.722179999999998,0.2900737913486005,0.165054059944648,59.068346055979646
Boreas-Dawn,417,14.4,0.0711,ok,70065.948,Boreas,Dawn,0,very_low,0.005055209999999999,1.02384,0.2929547120418848,0.16733925578385606,58.52005235602094
Aegis-Elysium,101,58.0,0.2872,ok,211111.875,Aegis,Elysium,0,low,0.08248384,16.657600000000002,0.3029021390374331,0.16678734255381286,60.362834224598934
Boreas-Fenix,74,39.08,0.2418,ok,162542.979,Boreas,Fenix,0,low,0.05846724,9.449544,0.3080685421994885,0.17007740427160456,51.75457800511509
Aegis-Boreas,23,58.9,0.2832,ok,79816.536,Aegis,Boreas,0,low,0.08020224000000001,16.68048,0.2911771978021978,0.16781519450328578,59.97527472527472
Boreas-Elysium,164,146.2,0.7133,ok,616024.493,Boreas,Elysium,0,high,0.5087968900000001,104.28446,0.2900737913486005,0.165054059944648,59.068346055979646
Boreas-Dawn,228,70.1,0.347,ok,108474.987,Boreas,Dawn,0,low,0.12040899999999999,24.324699999999996,0.2929547120418848,0.16733925578385606,58.52005235602094
Dawn-Elysium,180,28.2,0.4094,ok,186419.245,Dawn,Elysium,0,medium,0.16760835999999998,11.545079999999999,0.29596,0.16907179960732635,20.87232
Caelum-Fenix,326,44.7,0.3516,ok,175435.171,Caelum,Fenix,0,low,0.12362256000000002,15.716520000000003,0.2979977329974811,0.16907325550533112,38.04100755667506
Boreas-Fenix,366,61.2,0.3619,ok,220111.659,Boreas,Fenix,0,low,0.13097161,22.14828,0.3080685421994885,0.17007740427160456,51.75457800511509
Caelum-Elysium,446,23.9,0.2876,ok,171797.654,Caelum,Elysium,0,low,0.08271376000000001,6.87364,0.29901641025641024,0.16467290094562215,25.344512820512822
Dawn-Elysium,378,14.8,0.2141,ok,117774.0,Dawn,Elysium,0,low,0.04583881000000001,3.16868,0.29596,0.16907179960732635,20.87232
Boreas-Fenix,82,57.3,0.3393,ok,204054.884,Boreas,Fenix,0,low,0.11512449,19.441889999999997,0.3080685421994885,0.17007740427160456,51.75457800511509
Boreas-Elysium,439,12.1,0.0588,ok,98642.46,Boreas,Elysium,0,very_low,0.00345744,0.71148,0.2900737913486005,0.165054059944648,59.068346055979646
Aegis-Boreas,480,49.2,0.2365,ok,72801.42,Aegis,Boreas,0,low,0.055932249999999996,11.6358,0.2911771978021978,0.16781519450328578,59.97527472527472
Aegis-Elysium,117,7.0,0.0348,ok,157003.115,Aegis,Elysium,0,very_low,0.0012110399999999998,0.24359999999999998,0.3029021390374331,0.16678734255381286,60.362834224598934
Aegis-Boreas,92,131.6,0.6325,ok,256867.416,Aegis,Boreas,0,high,0.40005624999999995,83.237,0.2911771978021978,0.16781519450328578,59.97527472527472
Aegis-Elysium,499,109.4,0.5414,ok,441263.223,Aegis,Elysium,0,medium,0.29311396,59.22916,0.3029021390374331,0.16678734255381286,60.362834224598934
Caelum-Elysium,88,30.1,0.3629,ok,200899.283,Caelum,Elysium,0,low,0.13169641,10.92329,0.29901641025641024,0.16467290094562215,25.344512820512822
Aegis-Boreas,290,49.5,0.238,ok,76486.661,Aegis,Boreas,0,low,0.05664399999999999,11.780999999999999,0.2911771978021978,0.16781519450328578,59.97527472527472
Boreas-Fenix,98,34.0,0.2011,ok,152734.999,Boreas,Fenix,0,low,0.04044121,6.8374,0.3080685421994885,0.17007740427160456,51.75457800511509
Aegis-Boreas,482,18.8,0.0906,ok,60863.138,Aegis,Boreas,0,very_low,0.00820836,1.7032800000000001,0.2911771978021978,0.16781519450328578,59.97527472527472
Aegis-Boreas,220,18.2,0.0874,ok,61478.054,Aegis,Boreas,0,very_low,0.007638760000000001,1.59068,0.2911771978021978,0.16781519450328578,59.97527472527472
Boreas-Fenix,206,41.2,0.2439,ok,165491.915,Boreas,Fenix,0,low,0.059487210000000006,10.048680000000001,0.3080685421994885,0.17007740427160456,51.75457800511509
Caelum-Dawn,393,49.5,0.5378,ok,321265.667,Caelum,Dawn,0,medium,0.28922883999999993,26.6211,0.30429655172413794,0.17370736738192366,28.526896551724136
Caelum-Dawn,38,2.8,0.0306,ok,110460.477,Caelum,Dawn,0,very_low,0.0009363599999999999,0.08567999999999999,0.30429655172413794,0.17370736738192366,28.526896551724136
Boreas-Fenix,199,36.8,0.2175,ok,155635.172,Boreas,Fenix,0,low,0.04730625,8.004,0.3080685421994885,0.17007740427160456,51.75457800511509
Aegis-Elysium,434,42.9,0.2123,ok,176132.658,Aegis,Elysium,0,low,0.04507128999999999,9.107669999999999,0.3029021390374331,0.16678734255381286,60.362834224598934
Aegis-Boreas,242,34.4,0.1655,ok,66099.369,Aegis,Boreas,0,very_low,0.02739025,5.6932,0.2911771978021978,0.16781519450328578,59.97527472527472
Caelum-Elysium,263,22.1,0.2668,ok,169039.423,Caelum,Elysium,0,low,0.07118224,5.89628,0.29901641025641024,0.16467290094562215,25.344512820512822
Aegis-Dawn,121,16.7,0.17,ok,126855.951,Aegis,Dawn,0,very_low,0.028900000000000006,2.839,0.3143477922077922,0.16558189329464748,31.258909090909093
Dawn-Fenix,297,129.7,0.8259,ok,901603.425,Dawn,Fenix,1,very_high,0.68211081,107.11922999999999,0.3041873417721519,0.1724694243240588,47.598683544303796
Boreas-Elysium,360,56.4,0.2751,ok,129322.911,Boreas,Elysium,0,low,0.07568001,15.51564,0.2900737913486005,0.165054059944648,59.068346055979646
Dawn-Elysium,375,7.9,0.1151,ok,108063.912,Dawn,Elysium,0,very_low,0.01324801,0.90929,0.29596,0.16907179960732635,20.87232
Boreas-Elysium,393,27.6,0.1346,ok,100644.161,Boreas,Elysium,0,very_low,0.01811716,3.71496,0.2900737913486005,0.165054059944648,59.068346055979646
Aegis-Dawn,189,11.2,0.1146,ok,122782.765,Aegis,Dawn,0,very_low,0.013133159999999998,1.2835199999999998,0.3143477922077922,0.16558189329464748,31.258909090909093
Elysium-Fenix,450,115.5,0.7597,ok,1345420.676,Elysium,Fenix,0,high,0.5771440900000001,87.74535,0.2866814016172507,0.16585315339481224,43.56679245283019
Boreas-Elysium,396,25.6,0.125,ok,101695.091,Boreas,Elysium,0,very_low,0.015625,3.2,0.2900737913486005,0.165054059944648,59.068346055979646
Elysium-Fenix,158,86.6,0.5696,ok,534886.423,Elysium,Fenix,0,medium,0.32444416,49.32736,0.2866814016172507,0.16585315339481224,43.56679245283019
Caelum-Fenix,315,80.5,0.6336,ok,478820.234,Caelum,Fenix,0,high,0.4014489600000001,51.0048,0.2979977329974811,0.16907325550533112,38.04100755667506
Caelum-Elysium,35,14.2,0.1713,ok,142618.936,Caelum,Elysium,0,very_low,0.029343690000000002,2.43246,0.29901641025641024,0.16467290094562215,25.344512820512822
Dawn-Fenix,470,12.9,0.0819,ok,73459.491,Dawn,Fenix,0,very_low,0.00670761,1.05651,0.3041873417721519,0.1724694243240588,47.598683544303796
Elysium-Fenix,10,39.9,0.2626,ok,204607.9,Elysium,Fenix,0,low,0.06895876,10.477739999999999,0.2866814016172507,0.16585315339481224,43.56679245283019
Caelum-Dawn,124,25.8,0.2806,ok,146135.726,Caelum,Dawn,0,low,0.07873636,7.23948,0.30429655172413794,0.17370736738192366,28.526896551724136
Dawn-Fenix,333,49.0,0.3119,ok,99655.587,Dawn,Fenix,0,low,0.09728161,15.283100000000001,0.3041873417721519,0.1724694243240588,47.598683544303796
Aegis-Dawn,312,29.4,0.3,ok,160317.758,Aegis,Dawn,0,low,0.09,8.819999999999999,0.3143477922077922,0.16558189329464748,31.258909090909093
Boreas-Fenix,161,104.0,0.6152,ok,533313.45,Boreas,Fenix,0,high,0.37847104,63.980799999999995,0.3080685421994885,0.17007740427160456,51.75457800511509
Caelum-Fenix,454,17.9,0.1412,ok,121922.732,Caelum,Fenix,0,very_low,0.019937439999999997,2.5274799999999997,0.2979977329974811,0.16907325550533112,38.04100755667506
Caelum-Fenix,484,20.9,0.1645,ok,124823.565,Caelum,Fenix,0,very_low,0.02706025,3.43805,0.2979977329974811,0.16907325550533112,38.04100755667506
Dawn-Elysium,235,26.2,0.3801,ok,172870.249,Dawn,Elysium,0,low,0.14447601,9.95862,0.29596,0.16907179960732635,20.87232
Dawn-Fenix,443,34.5,0.22,ok,82999.391,Dawn,Fenix,0,low,0.0484,7.59,0.3041873417721519,0.1724694243240588,47.598683544303796
Dawn-Fenix,236,37.7,0.2401,ok,87853.489,Dawn,Fenix,0,low,0.057648010000000006,9.051770000000001,0.3041873417721519,0.1724694243240588,47.598683544303796
Elysium-Fenix,293,49.3,0.3243,ok,238197.309,Elysium,Fenix,0,low,0.10517048999999999,15.987989999999998,0.2866814016172507,0.16585315339481224,43.56679245283019
Aegis-Dawn,214,15.1,0.1537,ok,126122.906,Aegis,Dawn,0,very_low,0.023623690000000003,2.32087,0.3143477922077922,0.16558189329464748,31.258909090909093
Boreas-Dawn,330,15.7,0.0776,ok,69979.713,Boreas,Dawn,0,very_low,0.00602176,1.21832,0.2929547120418848,0.16733925578385606,58.52005235602094
Dawn-Elysium,215,14.1,0.205,ok,119106.246,Dawn,Elysium,0,low,0.04202499999999999,2.8905,0.29596,0.16907179960732635,20.87232
Dawn-Elysium,136,12.6,0.1831,ok,116498.013,Dawn,Elysium,0,very_low,0.033525610000000004,2.30706,0.29596,0.16907179960732635,20.87232
Boreas-Fenix,466,57.8,0.3422,ok,206979.804,Boreas,Fenix,0,low,0.11710084,19.77916,0.3080685421994885,0.17007740427160456,51.75457800511509
Caelum-Dawn,169,43.4,0.4716,ok,252751.541,Caelum,Dawn,0,medium,0.22240656000000003,20.46744,0.30429655172413794,0.17370736738192366,28.526896551724136
Boreas-Elysium,279,14.1,0.0687,ok,99548.464,Boreas,Elysium,0,very_low,0.0047196899999999995,0.9686699999999999,0.2900737913486005,0.165054059944648,59.068346055979646
Caelum-Elysium,115,28.2,0.3393,ok,195363.059,Caelum,Elysium,0,low,0.11512449,9.568259999999999,0.29901641025641024,0.16467290094562215,25.344512820512822
Boreas-Dawn,438,108.9,0.5391,ok,201434.197,Boreas,Dawn,0,medium,0.29062881,58.70799,0.2929547120418848,0.16733925578385606,58.52005235602094
Aegis-Dawn,7,45.0,0.2819,ok,160323.128,Aegis,Dawn,0,low,0.07946761,12.6855,0.3143477922077922,0.16558189329464748,31.258909090909093
Boreas-Dawn,266,60.2,0.2979,ok,93954.892,Boreas,Dawn,0,low,0.08874441,17.93358,0.2929547120418848,0.16733925578385606,58.52005235602094
Boreas-Elysium,339,60.0,0.2925,ok,132129.303,Boreas,Elysium,0,low,0.08555624999999999,17.549999999999997,0.2900737913486005,0.165054059944648,59.068346055979646
Caelum-Fenix,435,24.6,0.1937,ok,126964.238,Caelum,Fenix,0,very_low,0.03751969,4.765020000000001,0.2979977329974811,0.16907325550533112,38.04100755667506
Boreas-Elysium,434,151.1,0.7373,ok,700188.456,Boreas,Elysium,0,high,0.54361129,111.40602999999999,0.2900737913486005,0.165054059944648,59.068346055979646
Aegis-Dawn,315,19.0,0.1939,ok,133220.48,Aegis,Dawn,0,very_low,0.03759721,3.6841,0.3143477922077922,0.16558189329464748,31.258909090909093
Aegis-Dawn,42,21.1,0.2148,ok,141750.861,Aegis,Dawn,0,low,0.04613904,4.53228,0.3143477922077922,0.16558189329464748,31.258909090909093
Aegis-Dawn,43,12.7,0.1294,ok,122776.198,Aegis,Dawn,0,very_low,0.016744359999999996,1.6433799999999998,0.3143477922077922,0.16558189329464748,31.258909090909093
Caelum-Elysium,355,54.9,0.6618,ok,620988.964,Caelum,Elysium,0,high,0.43797924000000005,36.332820000000005,0.29901641025641024,0.16467290094562215,25.344512820512822
Caelum-Dawn,72,67.1,0.7297,ok,769957.496,Caelum,Dawn,0,high,0.53246209,48.962869999999995,0.30429655172413794,0.17370736738192366,28.526896551724136
Dawn-Elysium,328,4.2,0.0612,ok,101565.498,Dawn,Elysium,0,very_low,0.0037454399999999996,0.25704,0.29596,0.16907179960732635,20.87232
Boreas-Fenix,12,85.7,0.5069,ok,344064.167,Boreas,Fenix,0,medium,0.25694761,43.44133,0.3080685421994885,0.17007740427160456,51.75457800511509
Boreas-Elysium,316,62.0,0.3022,ok,131720.348,Boreas,Elysium,0,low,0.09132484000000002,18.736400000000003,0.2900737913486005,0.165054059944648,59.068346055979646
Dawn-Elysium,17,1.2,0.017,ok,101882.327,Dawn,Elysium,0,very_low,0.00028900000000000003,0.0204,0.29596,0.16907179960732635,20.87232
Aegis-Dawn,313,31.1,0.3178,ok,169390.288,Aegis,Dawn,0,low,0.10099684000000002,9.883580000000002,0.3143477922077922,0.16558189329464748,31.258909090909093
Dawn-Elysium,187,19.9,0.2887,ok,137601.132,Dawn,Elysium,0,low,0.08334769,5.74513,0.29596,0.16907179960732635,20.87232
Caelum-Elysium,333,25.2,0.3041,ok,179224.92,Caelum,Elysium,0,low,0.09247680999999999,7.66332,0.29901641025641024,0.16467290094562215,25.344512820512822
Boreas-Dawn,81,117.0,0.5792,ok,235059.938,Boreas,Dawn,0,medium,0.33547264000000004,67.7664,0.2929547120418848,0.16733925578385606,58.52005235602094
Boreas-Dawn,472,64.8,0.3206,ok,98843.851,Boreas,Dawn,0,low,0.10278435999999999,20.77488,0.2929547120418848,0.16733925578385606,58.52005235602094
Aegis-Dawn,178,26.8,0.2737,ok,158489.835,Aegis,Dawn,0,low,0.07491169,7.33516,0.3143477922077922,0.16558189329464748,31.258909090909093
Caelum-Elysium,287,20.0,0.2414,ok,160289.811,Caelum,Elysium,0,low,0.05827396,4.828,0.29901641025641024,0.16467290094562215,25.344512820512822
Dawn-Elysium,411,10.0,0.1454,ok,106457.064,Dawn,Elysium,0,very_low,0.02114116,1.454,0.29596,0.16907179960732635,20.87232
Aegis-Boreas,380,96.5,0.464,ok,132820.295,Aegis,Boreas,0,medium,0.21529600000000002,44.776,0.2911771978021978,0.16781519450328578,59.97527472527472
Dawn-Fenix,234,43.7,0.2784,ok,91728.397,Dawn,Fenix,0,low,0.07750655999999999,12.16608,0.3041873417721519,0.1724694243240588,47.598683544303796
Caelum-Elysium,80,37.8,0.4553,ok,270088.331,Caelum,Elysium,0,medium,0.20729809,17.21034,0.29901641025641024,0.16467290094562215,25.344512820512822
Aegis-Boreas,123,97.9,0.4705,ok,137122.912,Aegis,Boreas,0,medium,0.22137024999999996,46.06195,0.2911771978021978,0.16781519450328578,59.97527472527472
Aegis-Boreas,390,61.4,0.2954,ok,81595.889,Aegis,Boreas,0,low,0.08726116,18.13756,0.2911771978021978,0.16781519450328578,59.97527472527472
Caelum-Fenix,136,29.9,0.2355,ok,136994.09,Caelum,Fenix,0,low,0.055460249999999996,7.041449999999999,0.2979977329974811,0.16907325550533112,38.04100755667506
Boreas-Elysium,325,48.4,0.2363,ok,121391.44,Boreas,Elysium,0,low,0.05583769,11.43692,0.2900737913486005,0.165054059944648,59.068346055979646
Dawn-Fenix,428,81.4,0.5188,ok,77260.909,Dawn,Fenix,0,medium,0.26915344,42.230320000000006,0.3041873417721519,0.1724694243240588,47.598683544303796
Boreas-Dawn,187,35.1,0.1735,ok,75662.717,Boreas,Dawn,0,very_low,0.030102249999999997,6.08985,0.2929547120418848,0.16733925578385606,58.52005235602094
Caelum-Dawn,13,40.5,0.4398,ok,228684.832,Caelum,Dawn,0,medium,0.19342404000000002,17.8119,0.30429655172413794,0.17370736738192366,28.526896551724136
Caelum-Elysium,460,4.7,0.0563,ok,130396.531,Caelum,Elysium,0,very_low,0.00316969,0.26461,0.29901641025641024,0.16467290094562215,25.344512820512822
Aegis-Elysium,8,13.9,0.0686,ok,153981.624,Aegis,Elysium,0,very_low,0.0047059599999999995,0.9535399999999999,0.3029021390374331,0.16678734255381286,60.362834224598934
Dawn-Fenix,396,52.4,0.3337,ok,105142.668,Dawn,Fenix,0,low,0.11135569,17.485879999999998,0.3041873417721519,0.1724694243240588,47.598683544303796
Boreas-Fenix,127,94.7,0.5606,ok,421733.795,Boreas,Fenix,0,medium,0.31427236,53.08882,0.3080685421994885,0.17007740427160456,51.75457800511509
Elysium-Fenix,498,27.7,0.1825,ok,185610.526,Elysium,Fenix,0,very_low,0.033306249999999996,5.05525,0.2866814016172507,0.16585315339481224,43.56679245283019
Dawn-Elysium,64,34.7,0.5034,ok,259429.364,Dawn,Elysium,0,medium,0.25341156,17.46798,0.29596,0.16907179960732635,20.87232
Caelum-Fenix,37,22.7,0.179,ok,126693.707,Caelum,Fenix,0,very_low,0.032041,4.0633,0.2979977329974811,0.16907325550533112,38.04100755667506
Aegis-Boreas,370,71.0,0.3412,ok,92075.13,Aegis,Boreas,0,low,0.11641744,24.2252,0.2911771978021978,0.16781519450328578,59.97527472527472
Caelum-Fenix,131,57.6,0.3788,ok,191040.951,Caelum,Fenix,0,low,0.14348944000000002,21.818880000000004,0.2979977329974811,0.16907325550533112,38.04100755667506
Boreas-Fenix,29,23.7,0.1403,ok,144469.146,Boreas,Fenix,0,very_low,0.01968409,3.32511,0.3080685421994885,0.17007740427160456,51.75457800511509
Elysium-Fenix,79,57.3,0.3768,ok,275268.186,Elysium,Fenix,0,low,0.14197824,21.59064,0.2866814016172507,0.16585315339481224,43.56679245283019
Dawn-Fenix,64,31.1,0.1982,ok,191332.475,Dawn,Fenix,0,very_low,0.03928324,6.16402,0.3041873417721519,0.1724694243240588,47.598683544303796
Boreas-Elysium,294,144.9,0.7067,ok,595047.011,Boreas,Elysium,0,high,0.49942489,102.40083,0.2900737913486005,0.165054059944648,59.068346055979646
Dawn-Elysium,195,16.2,0.235,ok,124047.025,Dawn,Elysium,0,low,0.055224999999999996,3.8069999999999995,0.29596,0.16907179960732635,20.87232
Boreas-Fenix,185,47.9,0.2835,ok,179394.435,Boreas,Fenix,0,low,0.08037224999999999,13.579649999999999,0.3080685421994885,0.17007740427160456,51.75457800511509
Boreas-Elysium,133,72.9,0.3557,ok,155834.842,Boreas,Elysium,0,low,0.12652249000000002,25.930530000000005,0.2900737913486005,0.165054059944648,59.068346055979646
Dawn-Fenix,97,25.9,0.1653,ok,229306.25,Dawn,Fenix,0,very_low,0.027324090000000002,4.28127,0.3041873417721519,0.1724694243240588,47.598683544303796
Aegis-Dawn,304,24.7,0.2517,ok,148609.307,Aegis,Dawn,0,low,0.06335289,6.216989999999999,0.3143477922077922,0.16558189329464748,31.258909090909093
Aegis-Elysium,347,47.0,0.2325,ok,188263.378,Aegis,Elysium,0,low,0.05405625000000001,10.9275,0.3029021390374331,0.16678734255381286,60.362834224598934
Elysium-Fenix,399,65.1,0.4281,ok,324398.475,Elysium,Fenix,0,medium,0.18326960999999997,27.869309999999995,0.2866814016172507,0.16585315339481224,43.56679245283019
Elysium-Fenix,181,74.9,0.4924,ok,402438.655,Elysium,Fenix,0,medium,0.24245776,36.88076,0.2866814016172507,0.16585315339481224,43.56679245283019
Boreas-Fenix,205,20.1,0.1187,ok,136586.441,Boreas,Fenix,0,very_low,0.01408969,2.38587,0.3080685421994885,0.17007740427160456,51.75457800511509
Dawn-Fenix,478,33.3,0.2118,ok,84215.167,Dawn,Fenix,0,low,0.044859239999999995,7.052939999999999,0.3041873417721519,0.1724694243240588,47.598683544303796
Aegis-Elysium,483,28.9,0.1433,ok,164478.795,Aegis,Elysium,0,very_low,0.020534890000000004,4.14137,0.3029021390374331,0.16678734255381286,60.362834224598934
Aegis-Elysium,293,32.18,0.2052,ok,177225.731,Aegis,Elysium,0,low,0.04210704,6.603336,0.3029021390374331,0.16678734255381286,60.362834224598934
Caelum-Elysium,166,16.82,0.1037,ok,137500.765,Caelum,Elysium,0,very_low,0.01075369,1.744234,0.29901641025641024,0.16467290094562215,25.344512820512822
Aegis-Boreas,452,35.1,0.1687,ok,64847.32,Aegis,Boreas,0,very_low,0.028459689999999996,5.92137,0.2911771978021978,0.16781519450328578,59.97527472527472
Boreas-Dawn,251,23.6,0.1171,ok,69614.139,Boreas,Dawn,0,very_low,0.01371241,2.76356,0.2929547120418848,0.16733925578385606,58.52005235602094
Aegis-Boreas,376,81.3,0.391,ok,105956.908,Aegis,Boreas,0,low,0.15288100000000002,31.7883,0.2911771978021978,0.16781519450328578,59.97527472527472
Caelum-Elysium,90,34.7,0.418,ok,239969.469,Caelum,Elysium,0,medium,0.174724,14.5046,0.29901641025641024,0.16467290094562215,25.344512820512822
Aegis-Boreas,239,3.6,0.0173,ok,58698.618,Aegis,Boreas,0,very_low,0.00029928999999999996,0.06228,0.2911771978021978,0.16781519450328578,59.97527472527472
Dawn-Fenix,104,60.8,0.3871,ok,122829.142,Dawn,Fenix,0,low,0.14984641,23.53568,0.3041873417721519,0.1724694243240588,47.598683544303796
Aegis-Boreas,153,26.8,0.1289,ok,64033.287,Aegis,Boreas,0,very_low,0.01661521,3.4545199999999996,0.2911771978021978,0.16781519450328578,59.97527472527472
Dawn-Fenix,268,71.0,0.452,ok,148617.255,Dawn,Fenix,0,medium,0.204304,32.092,0.3041873417721519,0.1724694243240588,47.598683544303796
Caelum-Dawn,226,30.3,0.3291,ok,161452.348,Caelum,Dawn,0,low,0.10830681,9.97173,0.30429655172413794,0.17370736738192366,28.526896551724136
Dawn-Elysium,380,14.4,0.2094,ok,116906.715,Dawn,Elysium,0,low,0.04384836,3.0153600000000003,0.29596,0.16907179960732635,20.87232
Aegis-Boreas,423,26.7,0.1282,ok,63039.999,Aegis,Boreas,0,very_low,0.016435240000000004,3.42294,0.2911771978021978,0.16781519450328578,59.97527472527472
Boreas-Elysium,190,82.4,0.4021,ok,177664.177,Boreas,Elysium,0,medium,0.16168441,33.13304,0.2900737913486005,0.165054059944648,59.068346055979646
Aegis-Boreas,91,112.1,0.5392,ok,172541.647,Aegis,Boreas,0,medium,0.29073664,60.44432,0.2911771978021978,0.16781519450328578,59.97527472527472
Caelum-Dawn,417,30.5,0.3317,ok,168880.233,Caelum,Dawn,0,low,0.11002489,10.11685,0.30429655172413794,0.17370736738192366,28.526896551724136
Aegis-Dawn,380,13.5,0.1375,ok,124360.147,Aegis,Dawn,0,very_low,0.018906250000000003,1.8562500000000002,0.3143477922077922,0.16558189329464748,31.258909090909093
Aegis-Elysium,78,151.1,0.7478,ok,1177731.023,Aegis,Elysium,0,high,0.55920484,112.99258,0.3029021390374331,0.16678734255381286,60.362834224598934
Caelum-Elysium,67,15.9,0.1911,ok,143704.458,Caelum,Elysium,0,very_low,0.036519209999999996,3.03849,0.29901641025641024,0.16467290094562215,25.344512820512822
Caelum-Fenix,324,38.5,0.3033,ok,77695.261,Caelum,Fenix,0,low,0.09199089,11.677050000000001,0.2979977329974811,0.16907325550533112,38.04100755667506
Caelum-Elysium,201,37.96,0.284,ok,166623.544,Caelum,Elysium,0,low,0.08065599999999999,10.78064,0.29901641025641024,0.16467290094562215,25.344512820512822
Caelum-Dawn,121,6.5,0.0709,ok,117809.426,Caelum,Dawn,0,very_low,0.0050268100000000005,0.46085000000000004,0.30429655172413794,0.17370736738192366,28.526896551724136
Caelum-Fenix,346,41.9,0.3301,ok,162798.556,Caelum,Fenix,0,low,0.10896601,13.83119,0.2979977329974811,0.16907325550533112,38.04100755667506
Boreas-Fenix,247,9.2,0.0545,ok,136020.063,Boreas,Fenix,0,very_low,0.00297025,0.5014,0.3080685421994885,0.17007740427160456,51.75457800511509
Elysium-Fenix,185,68.9,0.4534,ok,355040.701,Elysium,Fenix,0,medium,0.20557156000000001,31.239260000000005,0.2866814016172507,0.16585315339481224,43.56679245283019
Elysium-Fenix,74,25.1,0.165,ok,171525.648,Elysium,Fenix,0,very_low,0.027225000000000003,4.141500000000001,0.2866814016172507,0.16585315339481224,43.56679245283019
Aegis-Dawn,392,23.6,0.2403,ok,144296.404,Aegis,Dawn,0,low,0.057744090000000005,5.671080000000001,0.3143477922077922,0.16558189329464748,31.258909090909093
Caelum-Dawn,140,23.0,0.25,ok,139926.36,Caelum,Dawn,0,low,0.0625,5.75,0.30429655172413794,0.17370736738192366,28.526896551724136
Aegis-Boreas,83,6.3,0.0304,ok,59199.132,Aegis,Boreas,0,very_low,0.00092416,0.19152,0.2911771978021978,0.16781519450328578,59.97527472527472
Caelum-Dawn,126,15.1,0.1637,ok,122681.206,Caelum,Dawn,0,very_low,0.026797690000000002,2.47187,0.30429655172413794,0.17370736738192366,28.526896551724136
Boreas-Elysium,357,37.2,0.1813,ok,106535.023,Boreas,Elysium,0,very_low,0.03286968999999999,6.74436,0.2900737913486005,0.165054059944648,59.068346055979646
Caelum-Elysium,394,24.6,0.2964,ok,171157.004,Caelum,Elysium,0,low,0.08785296,7.291440000000001,0.29901641025641024,0.16467290094562215,25.344512820512822
Dawn-Fenix,472,41.7,0.2653,ok,91322.254,Dawn,Fenix,0,low,0.07038409,11.06301,0.3041873417721519,0.1724694243240588,47.598683544303796
Elysium-Fenix,234,15.1,0.0993,ok,169341.544,Elysium,Fenix,0,very_low,0.00986049,1.49943,0.2866814016172507,0.16585315339481224,43.56679245283019
Aegis-Dawn,288,37.3,0.3804,ok,198909.187,Aegis,Dawn,0,low,0.14470416,14.18892,0.3143477922077922,0.16558189329464748,31.258909090909093
Caelum-Elysium,459,42.5,0.5124,ok,328743.753,Caelum,Elysium,0,medium,0.26255375999999997,21.776999999999997,0.29901641025641024,0.16467290094562215,25.344512820512822
Caelum-Elysium,456,29.7,0.358,ok,205997.376,Caelum,Elysium,0,low,0.128164,10.6326,0.29901641025641024,0.16467290094562215,25.344512820512822
Boreas-Elysium,389,65.4,0.3188,ok,137194.625,Boreas,Elysium,0,low,0.10163343999999998,20.84952,0.2900737913486005,0.165054059944648,59.068346055979646
Caelum-Elysium,26,10.4,0.1257,ok,132032.267,Caelum,Elysium,0,very_low,0.01580049,1.3072800000000002,0.29901641025641024,0.16467290094562215,25.344512820512822
Caelum-Fenix,211,6.8,0.0533,ok,114478.881,Caelum,Fenix,0,very_low,0.00284089,0.36244,0.2979977329974811,0.16907325550533112,38.04100755667506
Dawn-Elysium,479,10.2,0.1472,ok,111825.622,Dawn,Elysium,0,very_low,0.02166784,1.5014399999999999,0.29596,0.16907179960732635,20.87232
Dawn-Elysium,276,15.2,0.2205,ok,120602.653,Dawn,Elysium,0,low,0.048620250000000004,3.3516,0.29596,0.16907179960732635,20.87232
Caelum-Fenix,486,17.9,0.1409,ok,118696.428,Caelum,Fenix,0,very_low,0.01985281,2.5221099999999996,0.2979977329974811,0.16907325550533112,38.04100755667506
Dawn-Elysium,428,32.3,0.4677,ok,225109.144,Dawn,Elysium,0,medium,0.21874329,15.10671,0.29596,0.16907179960732635,20.87232
Boreas-Elysium,284,37.9,0.1849,ok,110588.868,Boreas,Elysium,0,very_low,0.034188010000000005,7.00771,0.2900737913486005,0.165054059944648,59.068346055979646
Aegis-Boreas,440,64.9,0.3118,ok,88162.305,Aegis,Boreas,0,low,0.09721924000000001,20.235820000000004,0.2911771978021978,0.16781519450328578,59.97527472527472
Aegis-Boreas,407,90.3,0.4343,ok,120752.001,Aegis,Boreas,0,medium,0.18861649000000003,39.21729,0.2911771978021978,0.16781519450328578,59.97527472527472
Dawn-Elysium,152,5.7,0.0833,ok,102840.499,Dawn,Elysium,0,very_low,0.00693889,0.47481,0.29596,0.16907179960732635,20.87232
Elysium-Fenix,168,23.2,0.1527,ok,180233.608,Elysium,Fenix,0,very_low,0.02331729,3.54264,0.2866814016172507,0.16585315339481224,43.56679245283019
Boreas-Elysium,348,77.9,0.3801,ok,167150.777,Boreas,Elysium,0,low,0.14447601,29.60979,0.2900737913486005,0.165054059944648,59.068346055979646
Aegis-Boreas,109,127.2,0.6118,ok,232534.457,Aegis,Boreas,0,high,0.37429924000000003,77.82096,0.2911771978021978,0.16781519450328578,59.97527472527472
Boreas-Fenix,292,39.66,0.2578,ok,171986.637,Boreas,Fenix,0,low,0.06646084,10.224347999999997,0.3080685421994885,0.17007740427160456,51.75457800511509
Elysium-Fenix,218,22.1,0.1453,ok,179885.084,Elysium,Fenix,0,very_low,0.021112090000000003,3.2111300000000003,0.2866814016172507,0.16585315339481224,43.56679245283019
Caelum-Fenix,453,15.0,0.1182,ok,64638.407,Caelum,Fenix,0,very_low,0.01397124,1.773,0.2979977329974811,0.16907325550533112,38.04100755667506
Caelum-Fenix,266,88.3,0.6951,ok,644202.197,Caelum,Fenix,0,high,0.4831640100000001,61.37733,0.2979977329974811,0.16907325550533112,38.04100755667506
Caelum-Elysium,315,39.3,0.4735,ok,287469.191,Caelum,Elysium,0,medium,0.22420224999999996,18.608549999999997,0.29901641025641024,0.16467290094562215,25.344512820512822
Boreas-Elysium,41,66.9,0.3262,ok,140495.121,Boreas,Elysium,0,low,0.10640643999999999,21.82278,0.2900737913486005,0.165054059944648,59.068346055979646
Boreas-Dawn,28,44.7,0.2212,ok,80378.921,Boreas,Dawn,0,low,0.048929440000000005,9.887640000000001,0.2929547120418848,0.16733925578385606,58.52005235602094
Boreas-Dawn,353,19.3,0.0957,ok,69816.581,Boreas,Dawn,0,very_low,0.009158489999999998,1.84701,0.2929547120418848,0.16733925578385606,58.52005235602094
Caelum-Dawn,449,30.3,0.3294,ok,165369.155,Caelum,Dawn,0,low,0.10850436000000002,9.980820000000001,0.30429655172413794,0.17370736738192366,28.526896551724136
Caelum-Elysium,309,20.5,0.2474,ok,158155.143,Caelum,Elysium,0,low,0.061206760000000006,5.0717,0.29901641025641024,0.16467290094562215,25.344512820512822
Caelum-Elysium,177,45.6,0.5499,ok,380744.21,Caelum,Elysium,0,medium,0.30239001000000004,25.075440000000004,0.29901641025641024,0.16467290094562215,25.344512820512822
Elysium-Fenix,243,27.8,0.1831,ok,191176.021,Elysium,Fenix,0,very_low,0.033525610000000004,5.09018,0.2866814016172507,0.16585315339481224,43.56679245283019
Boreas-Dawn,159,113.3,0.5608,ok,215140.181,Boreas,Dawn,0,medium,0.31449663999999994,63.538639999999994,0.2929547120418848,0.16733925578385606,58.52005235602094
Dawn-Elysium,137,19.7,0.2848,ok,137534.255,Dawn,Elysium,0,low,0.08111104,5.6105599999999995,0.29596,0.16907179960732635,20.87232
Boreas-Dawn,310,72.6,0.3592,ok,109599.35,Boreas,Dawn,0,low,0.12902464000000002,26.07792,0.2929547120418848,0.16733925578385606,58.52005235602094
Elysium-Fenix,214,35.9,0.2362,ok,205299.676,Elysium,Fenix,0,low,0.05579044,8.479579999999999,0.2866814016172507,0.16585315339481224,43.56679245283019
Dawn-Fenix,317,54.9,0.3499,ok,112476.674,Dawn,Fenix,0,low,0.12243000999999999,19.209509999999998,0.3041873417721519,0.1724694243240588,47.598683544303796
Aegis-Boreas,189,136.5,0.6561,ok,285900.44,Aegis,Boreas,0,high,0.43046721000000004,89.55765,0.2911771978021978,0.16781519450328578,59.97527472527472
Boreas-Dawn,377,88.6,0.4388,ok,140616.691,Boreas,Dawn,0,medium,0.19254544,38.87768,0.2929547120418848,0.16733925578385606,58.52005235602094
Boreas-Elysium,469,13.7,0.0671,ok,100272.579,Boreas,Elysium,0,very_low,0.004502410000000001,0.91927,0.2900737913486005,0.165054059944648,59.068346055979646
Boreas-Elysium,33,18.4,0.0896,ok,95332.202,Boreas,Elysium,0,very_low,0.00802816,1.6486399999999999,0.2900737913486005,0.165054059944648,59.068346055979646
Aegis-Dawn,231,35.6,0.3632,ok,188936.514,Aegis,Dawn,0,low,0.13191424000000002,12.929920000000001,0.3143477922077922,0.16558189329464748,31.258909090909093
Boreas-Fenix,56,134.5,0.7956,ok,1380490.551,Boreas,Fenix,0,high,0.63297936,107.0082,0.3080685421994885,0.17007740427160456,51.75457800511509
Caelum-Elysium,321,19.5,0.2345,ok,149839.962,Caelum,Elysium,0,low,0.05499024999999999,4.57275,0.29901641025641024,0.16467290094562215,25.344512820512822
Aegis-Dawn,17,21.6,0.2207,ok,143236.54,Aegis,Dawn,0,low,0.04870849,4.76712,0.3143477922077922,0.16558189329464748,31.258909090909093
Dawn-Elysium,161,15.3,0.2215,ok,120517.081,Dawn,Elysium,0,low,0.04906225,3.3889500000000004,0.29596,0.16907179960732635,20.87232
Aegis-Boreas,484,118.8,0.5713,ok,195566.221,Aegis,Boreas,0,medium,0.32638369000000006,67.87044,0.2911771978021978,0.16781519450328578,59.97527472527472
Caelum-Elysium,148,53.2,0.6411,ok,558210.449,Caelum,Elysium,0,high,0.41100921,34.10652,0.29901641025641024,0.16467290094562215,25.344512820512822
Dawn-Fenix,182,95.2,0.6065,ok,268229.736,Dawn,Fenix,0,high,0.36784225000000004,57.738800000000005,0.3041873417721519,0.1724694243240588,47.598683544303796
Aegis-Boreas,179,57.8,0.2779,ok,78903.933,Aegis,Boreas,0,low,0.07722840999999998,16.06262,0.2911771978021978,0.16781519450328578,59.97527472527472
Caelum-Fenix,184,78.8,0.6202,ok,448422.986,Caelum,Fenix,0,high,0.38464803999999997,48.871759999999995,0.2979977329974811,0.16907325550533112,38.04100755667506
Elysium-Fenix,326,12.0,0.0787,ok,168314.053,Elysium,Fenix,0,very_low,0.006193690000000001,0.9444000000000001,0.2866814016172507,0.16585315339481224,43.56679245283019
Dawn-Fenix,338,28.3,0.1805,ok,78830.144,Dawn,Fenix,0,very_low,0.03258025,5.10815,0.3041873417721519,0.1724694243240588,47.598683544303796
Boreas-Fenix,157,75.7,0.448,ok,275874.663,Boreas,Fenix,0,medium,0.20070400000000002,33.9136,0.3080685421994885,0.17007740427160456,51.75457800511509
Elysium-Fenix,442,56.620000000000005,0.3515,ok,263387.391,Elysium,Fenix,0,low,0.12355224999999999,19.90193,0.2866814016172507,0.16585315339481224,43.56679245283019
Caelum-Fenix,8,69.9,0.55,ok,339057.601,Caelum,Fenix,0,medium,0.30250000000000005,38.44500000000001,0.2979977329974811,0.16907325550533112,38.04100755667506
Boreas-Elysium,370,36.8,0.1797,ok,109268.172,Boreas,Elysium,0,very_low,0.03229209,6.612959999999999,0.2900737913486005,0.165054059944648,59.068346055979646
Caelum-Dawn,222,23.4,0.254,ok,144638.79,Caelum,Dawn,0,low,0.064516,5.9436,0.30429655172413794,0.17370736738192366,28.526896551724136
Boreas-Elysium,214,55.9,0.2726,ok,124717.128,Boreas,Elysium,0,low,0.07431076,15.23834,0.2900737913486005,0.165054059944648,59.068346055979646
Aegis-Dawn,441,30.8,0.314,ok,170318.705,Aegis,Dawn,0,low,0.098596,9.6712,0.3143477922077922,0.16558189329464748,31.258909090909093
Boreas-Dawn,15,34.5,0.1707,ok,80179.088,Boreas,Dawn,0,very_low,0.029138489999999996,5.88915,0.2929547120418848,0.16733925578385606,58.52005235602094
Boreas-Elysium,2,54.0,0.2635,ok,125929.865,Boreas,Elysium,0,low,0.06943225,14.229000000000001,0.2900737913486005,0.165054059944648,59.068346055979646
Boreas-Fenix,318,19.5,0.1151,ok,142913.157,Boreas,Fenix,0,very_low,0.01324801,2.24445,0.3080685421994885,0.17007740427160456,51.75457800511509
Caelum-Fenix,46,63.0,0.4957,ok,276399.295,Caelum,Fenix,0,medium,0.24571848999999998,31.2291,0.2979977329974811,0.16907325550533112,38.04100755667506
Aegis-Dawn,270,21.2,0.2159,ok,396295.407,Aegis,Dawn,0,low,0.046612810000000005,4.57708,0.3143477922077922,0.16558189329464748,31.258909090909093
Boreas-Elysium,406,29.7,0.1449,ok,102951.247,Boreas,Elysium,0,very_low,0.02099601,4.30353,0.2900737913486005,0.165054059944648,59.068346055979646
Boreas-Fenix,66,52.5,0.3107,ok,187328.398,Boreas,Fenix,0,low,0.09653448999999999,16.31175,0.3080685421994885,0.17007740427160456,51.75457800511509
Dawn-Elysium,91,25.9,0.375,ok,165027.238,Dawn,Elysium,0,low,0.140625,9.712499999999999,0.29596,0.16907179960732635,20.87232
Dawn-Elysium,399,5.6,0.0819,ok,101277.633,Dawn,Elysium,0,very_low,0.00670761,0.45864,0.29596,0.16907179960732635,20.87232
Aegis-Elysium,265,67.2,0.3324,ok,230011.674,Aegis,Elysium,0,low,0.11048975999999998,22.33728,0.3029021390374331,0.16678734255381286,60.362834224598934
Aegis-Dawn,30,85.12,0.4961,ok,293381.141,Aegis,Dawn,0,medium,0.24611520999999997,42.228032,0.3143477922077922,0.16558189329464748,31.258909090909093
Dawn-Elysium,474,31.8,0.4615,ok,223776.992,Dawn,Elysium,0,medium,0.21298225,14.6757,0.29596,0.16907179960732635,20.87232
Caelum-Elysium,53,36.0,0.4339,ok,254171.666,Caelum,Elysium,0,medium,0.18826921000000002,15.6204,0.29901641025641024,0.16467290094562215,25.344512820512822
Dawn-Elysium,199,25.8,0.3742,ok,170901.265,Dawn,Elysium,0,low,0.14002563999999998,9.65436,0.29596,0.16907179960732635,20.87232
Dawn-Fenix,427,55.9,0.3559,ok,112765.42,Dawn,Fenix,0,low,0.12666481,19.89481,0.3041873417721519,0.1724694243240588,47.598683544303796
Boreas-Dawn,120,27.9,0.1384,ok,73936.716,Boreas,Dawn,0,very_low,0.019154559999999998,3.8613599999999995,0.2929547120418848,0.16733925578385606,58.52005235602094
Caelum-Dawn,166,22.7,0.2465,ok,137347.985,Caelum,Dawn,0,low,0.06076225,5.595549999999999,0.30429655172413794,0.17370736738192366,28.526896551724136
Dawn-Fenix,89,23.8,0.1514,ok,78883.502,Dawn,Fenix,0,very_low,0.02292196,3.60332,0.3041873417721519,0.1724694243240588,47.598683544303796
Boreas-Elysium,311,48.4,0.2359,ok,118048.717,Boreas,Elysium,0,low,0.05564881,11.41756,0.2900737913486005,0.165054059944648,59.068346055979646
Boreas-Fenix,184,3.9,0.0232,ok,132793.119,Boreas,Fenix,0,very_low,0.0005382399999999999,0.09047999999999999,0.3080685421994885,0.17007740427160456,51.75457800511509
Caelum-Elysium,136,53.3,0.6422,ok,562385.959,Caelum,Elysium,0,high,0.41242084,34.22926,0.29901641025641024,0.16467290094562215,25.344512820512822
Boreas-Elysium,140,29.5,0.1439,ok,104806.057,Boreas,Elysium,0,very_low,0.02070721,4.24505,0.2900737913486005,0.165054059944648,59.068346055979646
Aegis-Dawn,299,19.9,0.2026,ok,135967.218,Aegis,Dawn,0,low,0.04104676,4.03174,0.3143477922077922,0.16558189329464748,31.258909090909093
Elysium-Fenix,342,45.58,0.4088,ok,307493.522,Elysium,Fenix,0,medium,0.16711744,18.633104,0.2866814016172507,0.16585315339481224,43.56679245283019
Boreas-Dawn,78,53.8,0.2663,ok,91050.891,Boreas,Dawn,0,low,0.07091568999999999,14.326939999999999,0.2929547120418848,0.16733925578385606,58.52005235602094
Caelum-Dawn,275,22.1,0.2403,ok,136317.608,Caelum,Dawn,0,low,0.057744090000000005,5.310630000000001,0.30429655172413794,0.17370736738192366,28.526896551724136
Elysium-Fenix,369,24.5,0.1612,ok,178442.397,Elysium,Fenix,0,very_low,0.025985440000000002,3.9494000000000002,0.2866814016172507,0.16585315339481224,43.56679245283019
Aegis-Boreas,437,104.3,0.5015,ok,150983.472,Aegis,Boreas,0,medium,0.2515022499999999,52.30644999999999,0.2911771978021978,0.16781519450328578,59.97527472527472
Aegis-Boreas,128,93.4,0.4491,ok,123483.547,Aegis,Boreas,0,medium,0.20169081,41.94594,0.2911771978021978,0.16781519450328578,59.97527472527472
Dawn-Elysium,482,28.1,0.4074,ok,184830.895,Dawn,Elysium,0,medium,0.16597476,11.447940000000001,0.29596,0.16907179960732635,20.87232
Caelum-Elysium,64,16.4,0.1971,ok,148217.151,Caelum,Elysium,0,very_low,0.03884841,3.2324399999999995,0.29901641025641024,0.16467290094562215,25.344512820512822
Caelum-Elysium,491,20.8,0.2501,ok,153994.922,Caelum,Elysium,0,low,0.06255000999999999,5.20208,0.29901641025641024,0.16467290094562215,25.344512820512822
Aegis-Dawn,354,18.2,0.1854,ok,136780.52,Aegis,Dawn,0,very_low,0.03437316000000001,3.37428,0.3143477922077922,0.16558189329464748,31.258909090909093
Aegis-Elysium,472,128.5,0.6359,ok,671916.812,Aegis,Elysium,0,high,0.40436881,81.71315,0.3029021390374331,0.16678734255381286,60.362834224598934
Aegis-Elysium,450,64.2,0.318,ok,223736.289,Aegis,Elysium,0,low,0.101124,20.4156,0.3029021390374331,0.16678734255381286,60.362834224598934
Boreas-Elysium,251,60.5,0.2951,ok,134036.66,Boreas,Elysium,0,low,0.08708400999999999,17.85355,0.2900737913486005,0.165054059944648,59.068346055979646
Dawn-Fenix,44,58.6,0.3732,ok,120017.549,Dawn,Fenix,0,low,0.13927823999999997,21.869519999999998,0.3041873417721519,0.1724694243240588,47.598683544303796
Boreas-Dawn,147,48.3,0.2391,ok,85591.634,Boreas,Dawn,0,low,0.05716881,11.54853,0.2929547120418848,0.16733925578385606,58.52005235602094
Boreas-Dawn,213,116.7,0.5778,ok,231503.719,Boreas,Dawn,0,medium,0.33385284,67.42926,0.2929547120418848,0.16733925578385606,58.52005235602094
Boreas-Dawn,381,92.6,0.4583,ok,150086.122,Boreas,Dawn,0,medium,0.21003888999999998,42.438579999999995,0.2929547120418848,0.16733925578385606,58.52005235602094
Caelum-Dawn,483,24.9,0.2704,ok,143409.425,Caelum,Dawn,0,low,0.07311615999999999,6.732959999999999,0.30429655172413794,0.17370736738192366,28.526896551724136
Elysium-Fenix,269,76.2,0.5013,ok,412388.543,Elysium,Fenix,0,medium,0.25130168999999997,38.199059999999996,0.2866814016172507,0.16585315339481224,43.56679245283019
Dawn-Fenix,336,61.1,0.3889,ok,128049.286,Dawn,Fenix,0,low,0.15124321000000002,23.76179,0.3041873417721519,0.1724694243240588,47.598683544303796
Aegis-Boreas,415,44.0,0.2697,ok,77695.555,Aegis,Boreas,0,low,0.07273808999999999,11.8668,0.2911771978021978,0.16781519450328578,59.97527472527472
Caelum-Dawn,292,22.0,0.2386,ok,137384.588,Caelum,Dawn,0,low,0.05692996,5.2492,0.30429655172413794,0.17370736738192366,28.526896551724136
Boreas-Elysium,424,20.0,0.0974,ok,97520.679,Boreas,Elysium,0,very_low,0.00948676,1.948,0.2900737913486005,0.165054059944648,59.068346055979646
Aegis-Dawn,422,52.0,0.5307,ok,331474.682,Aegis,Dawn,0,medium,0.28164248999999997,27.596399999999996,0.3143477922077922,0.16558189329464748,31.258909090909093
Elysium-Fenix,461,16.4,0.108,ok,168045.346,Elysium,Fenix,0,very_low,0.011663999999999999,1.7711999999999999,0.2866814016172507,0.16585315339481224,43.56679245283019
Elysium-Fenix,108,8.8,0.0577,ok,168267.185,Elysium,Fenix,0,very_low,0.00332929,0.5077600000000001,0.2866814016172507,0.16585315339481224,43.56679245283019
Aegis-Elysium,416,32.5,0.161,ok,169298.525,Aegis,Elysium,0,very_low,0.025921000000000003,5.2325,0.3029021390374331,0.16678734255381286,60.362834224598934
Dawn-Elysium,93,35.9,0.5207,ok,271957.175,Dawn,Elysium,0,medium,0.27112849000000006,18.69313,0.29596,0.16907179960732635,20.87232
Dawn-Fenix,451,49.7,0.3163,ok,100772.454,Dawn,Fenix,0,low,0.10004569000000002,15.720110000000002,0.3041873417721519,0.1724694243240588,47.598683544303796
Boreas-Elysium,232,17.1,0.0835,ok,94660.47,Boreas,Elysium,0,very_low,0.006972250000000001,1.4278500000000003,0.2900737913486005,0.165054059944648,59.068346055979646
Aegis-Elysium,28,26.0,0.1288,ok,162935.153,Aegis,Elysium,0,very_low,0.01658944,3.3487999999999998,0.3029021390374331,0.16678734255381286,60.362834224598934
Aegis-Boreas,476,43.7,0.2102,ok,69474.025,Aegis,Boreas,0,low,0.04418404,9.185740000000001,0.2911771978021978,0.16781519450328578,59.97527472527472
Boreas-Dawn,56,59.8,0.2959,ok,94703.298,Boreas,Dawn,0,low,0.08755681,17.69482,0.2929547120418848,0.16733925578385606,58.52005235602094
Aegis-Elysium,130,24.9,0.1231,ok,154371.423,Aegis,Elysium,0,very_low,0.01515361,3.06519,0.3029021390374331,0.16678734255381286,60.362834224598934
Boreas-Elysium,43,58.5,0.2852,ok,133369.573,Boreas,Elysium,0,low,0.08133904,16.6842,0.2900737913486005,0.165054059944648,59.068346055979646
Dawn-Fenix,158,46.9,0.299,ok,97803.908,Dawn,Fenix,0,low,0.089401,14.0231,0.3041873417721519,0.1724694243240588,47.598683544303796
Aegis-Dawn,218,24.7,0.2518,ok,146349.269,Aegis,Dawn,0,low,0.06340324000000001,6.219460000000001,0.3143477922077922,0.16558189329464748,31.258909090909093
Boreas-Fenix,43,44.8,0.265,ok,172772.734,Boreas,Fenix,0,low,0.07022500000000001,11.872,0.3080685421994885,0.17007740427160456,51.75457800511509
Aegis-Dawn,168,31.8,0.3244,ok,176043.423,Aegis,Dawn,0,low,0.10523536000000001,10.31592,0.3143477922077922,0.16558189329464748,31.258909090909093
Boreas-Fenix,6,76.4,0.4522,ok,286643.017,Boreas,Fenix,0,medium,0.20448484,34.54808,0.3080685421994885,0.17007740427160456,51.75457800511509
Boreas-Fenix,454,10.8,0.0638,ok,133107.75,Boreas,Fenix,0,very_low,0.00407044,0.68904,0.3080685421994885,0.17007740427160456,51.75457800511509
Boreas-Elysium,47,122.3,0.5964,ok,352680.226,Boreas,Elysium,0,medium,0.35569296000000006,72.93972000000001,0.2900737913486005,0.165054059944648,59.068346055979646
Caelum-Elysium,233,15.0,0.1808,ok,143971.389,Caelum,Elysium,0,very_low,0.03268864,2.7119999999999997,0.29901641025641024,0.16467290094562215,25.344512820512822
Caelum-Dawn,195,12.9,0.1401,ok,120728.207,Caelum,Dawn,0,very_low,0.01962801,1.80729,0.30429655172413794,0.17370736738192366,28.526896551724136
Dawn-Elysium,305,19.7,0.286,ok,134185.221,Dawn,Elysium,0,low,0.08179599999999998,5.634199999999999,0.29596,0.16907179960732635,20.87232
Caelum-Fenix,491,17.8,0.1404,ok,121096.074,Caelum,Fenix,0,very_low,0.01971216,2.49912,0.2979977329974811,0.16907325550533112,38.04100755667506
Boreas-Fenix,331,69.6,0.412,ok,251898.72,Boreas,Fenix,0,medium,0.16974399999999998,28.675199999999997,0.3080685421994885,0.17007740427160456,51.75457800511509
Aegis-Elysium,134,47.5,0.2352,ok,187371.712,Aegis,Elysium,0,low,0.05531904,11.171999999999999,0.3029021390374331,0.16678734255381286,60.362834224598934
Caelum-Fenix,447,53.5,0.4216,ok,213060.872,Caelum,Fenix,0,medium,0.17774655999999997,22.5556,0.2979977329974811,0.16907325550533112,38.04100755667506
Elysium-Fenix,216,65.1,0.4282,ok,320850.029,Elysium,Fenix,0,medium,0.18335524000000003,27.87582,0.2866814016172507,0.16585315339481224,43.56679245283019
Caelum-Fenix,314,53.0,0.4174,ok,214215.17,Caelum,Fenix,0,medium,0.17422276,22.1222,0.2979977329974811,0.16907325550533112,38.04100755667506
Boreas-Dawn,474,58.3,0.2887,ok,91552.893,Boreas,Dawn,0,low,0.08334769,16.83121,0.2929547120418848,0.16733925578385606,58.52005235602094
Dawn-Elysium,10,27.9,0.4042,ok,184932.165,Dawn,Elysium,0,medium,0.16337764,11.27718,0.29596,0.16907179960732635,20.87232
Aegis-Boreas,403,57.5,0.2763,ok,78584.801,Aegis,Boreas,0,low,0.07634168999999999,15.88725,0.2911771978021978,0.16781519450328578,59.97527472527472
Boreas-Fenix,109,104.3,0.6171,ok,535750.143,Boreas,Fenix,0,high,0.38081241,64.36353,0.3080685421994885,0.17007740427160456,51.75457800511509
Caelum-Fenix,242,88.7,0.6986,ok,652358.034,Caelum,Fenix,0,high,0.48804196,61.96582,0.2979977329974811,0.16907325550533112,38.04100755667506
Caelum-Dawn,173,10.9,0.118,ok,123156.341,Caelum,Dawn,0,very_low,0.013923999999999999,1.2862,0.30429655172413794,0.17370736738192366,28.526896551724136
Caelum-Elysium,432,24.5,0.2952,ok,175059.535,Caelum,Elysium,0,low,0.08714304,7.2324,0.29901641025641024,0.16467290094562215,25.344512820512822
Aegis-Dawn,381,76.2,0.7777,ok,1081675.252,Aegis,Dawn,0,high,0.60481729,59.26074,0.3143477922077922,0.16558189329464748,31.258909090909093
Aegis-Dawn,64,18.1,0.1844,ok,133373.874,Aegis,Dawn,0,very_low,0.03400336,3.3376400000000004,0.3143477922077922,0.16558189329464748,31.258909090909093
Aegis-Boreas,96,131.3,0.6311,ok,254222.534,Aegis,Boreas,0,high,0.39828721,82.86343000000001,0.2911771978021978,0.16781519450328578,59.97527472527472
Elysium-Fenix,143,13.7,0.0902,ok,175132.301,Elysium,Fenix,0,very_low,0.00813604,1.23574,0.2866814016172507,0.16585315339481224,43.56679245283019
Caelum-Elysium,246,35.3,0.4252,ok,252219.512,Caelum,Elysium,0,medium,0.18079504000000002,15.00956,0.29901641025641024,0.16467290094562215,25.344512820512822
Boreas-Elysium,73,52.7,0.2571,ok,121275.295,Boreas,Elysium,0,low,0.06610041,13.54917,0.2900737913486005,0.165054059944648,59.068346055979646
Caelum-Dawn,390,22.6,0.2452,ok,136645.816,Caelum,Dawn,0,low,0.06012304,5.54152,0.30429655172413794,0.17370736738192366,28.526896551724136
Caelum-Elysium,318,27.3,0.3285,ok,187285.115,Caelum,Elysium,0,low,0.10791225000000002,8.96805,0.29901641025641024,0.16467290094562215,25.344512820512822
Caelum-Dawn,291,38.3,0.4163,ok,210762.767,Caelum,Dawn,0,medium,0.17330569,15.944289999999999,0.30429655172413794,0.17370736738192366,28.526896551724136
Dawn-Elysium,402,13.9,0.201,ok,117490.43,Dawn,Elysium,0,low,0.040401000000000006,2.7939000000000003,0.29596,0.16907179960732635,20.87232
Caelum-Elysium,449,14.0,0.1688,ok,139268.44,Caelum,Elysium,0,very_low,0.028493440000000002,2.3632,0.29901641025641024,0.16467290094562215,25.344512820512822
Caelum-Fenix,358,15.5,0.1219,ok,118145.565,Caelum,Fenix,0,very_low,0.014859609999999999,1.8894499999999999,0.2979977329974811,0.16907325550533112,38.04100755667506
Caelum-Dawn,97,49.9,0.5429,ok,327396.149,Caelum,Dawn,0,medium,0.29474041000000006,27.09071,0.30429655172413794,0.17370736738192366,28.526896551724136
Caelum-Elysium,120,10.9,0.1317,ok,135527.054,Caelum,Elysium,0,very_low,0.01734489,1.4355300000000002,0.29901641025641024,0.16467290094562215,25.344512820512822
Boreas-Fenix,146,45.2,0.2676,ok,174220.808,Boreas,Fenix,0,low,0.07160976000000001,12.09552,0.3080685421994885,0.17007740427160456,51.75457800511509
Caelum-Elysium,464,42.7,0.5143,ok,333506.196,Caelum,Elysium,0,medium,0.26450449,21.96061,0.29901641025641024,0.16467290094562215,25.344512820512822
Boreas-Dawn,253,85.8,0.4246,ok,132559.604,Boreas,Dawn,0,medium,0.18028515999999997,36.430679999999995,0.2929547120418848,0.16733925578385606,58.52005235602094
Aegis-Elysium,95,110.7,0.5479,ok,459818.932,Aegis,Elysium,0,medium,0.3001944100000001,60.652530000000006,0.3029021390374331,0.16678734255381286,60.362834224598934
Caelum-Dawn,82,35.7,0.3886,ok,195231.486,Caelum,Dawn,0,low,0.15100996,13.87302,0.30429655172413794,0.17370736738192366,28.526896551724136
Boreas-Elysium,54,69.5,0.3393,ok,148420.843,Boreas,Elysium,0,low,0.11512449,23.58135,0.2900737913486005,0.165054059944648,59.068346055979646
Boreas-Fenix,147,62.0,0.3667,ok,220489.787,Boreas,Fenix,0,low,0.13446889,22.735400000000002,0.3080685421994885,0.17007740427160456,51.75457800511509
Caelum-Fenix,406,47.8,0.376,ok,186000.427,Caelum,Fenix,0,low,0.141376,17.9728,0.2979977329974811,0.16907325550533112,38.04100755667506
Caelum-Elysium,278,13.2,0.1591,ok,140108.146,Caelum,Elysium,0,very_low,0.025312809999999998,2.10012,0.29901641025641024,0.16467290094562215,25.344512820512822
Aegis-Boreas,245,58.4,0.2809,ok,81987.966,Aegis,Boreas,0,low,0.07890480999999999,16.40456,0.2911771978021978,0.16781519450328578,59.97527472527472
Caelum-Fenix,28,60.2,0.4744,ok,251915.07,Caelum,Fenix,0,medium,0.22505535999999998,28.558880000000002,0.2979977329974811,0.16907325550533112,38.04100755667506
Dawn-Elysium,23,31.7,0.4587,ok,220985.378,Dawn,Elysium,0,medium,0.21040569,14.54079,0.29596,0.16907179960732635,20.87232
Aegis-Elysium,190,108.4,0.5365,ok,435200.907,Aegis,Elysium,0,medium,0.28783224999999996,58.1566,0.3029021390374331,0.16678734255381286,60.362834224598934
Caelum-Dawn,10,30.1,0.3268,ok,164529.394,Caelum,Dawn,0,low,0.10679823999999999,9.83668,0.30429655172413794,0.17370736738192366,28.526896551724136
Boreas-Dawn,391,151.5,0.75,ok,531325.188,Boreas,Dawn,0,high,0.5625,113.625,0.2929547120418848,0.16733925578385606,58.52005235602094
Dawn-Elysium,461,29.0,0.421,ok,194913.894,Dawn,Elysium,0,medium,0.17724099999999998,12.209,0.29596,0.16907179960732635,20.87232
Aegis-Boreas,170,47.4,0.2278,ok,71932.43,Aegis,Boreas,0,low,0.05189284,10.79772,0.2911771978021978,0.16781519450328578,59.97527472527472
Dawn-Elysium,27,32.6,0.4722,ok,233220.491,Dawn,Elysium,0,medium,0.22297284,15.39372,0.29596,0.16907179960732635,20.87232
Elysium-Fenix,206,61.0,0.4693,ok,371860.81,Elysium,Fenix,0,medium,0.22024248999999999,28.627299999999998,0.2866814016172507,0.16585315339481224,43.56679245283019
Elysium-Fenix,150,64.7,0.4255,ok,317507.112,Elysium,Fenix,0,medium,0.18105025,27.52985,0.2866814016172507,0.16585315339481224,43.56679245283019
Dawn-Elysium,170,4.7,0.0685,ok,104454.699,Dawn,Elysium,0,very_low,0.004692250000000001,0.32195,0.29596,0.16907179960732635,20.87232
Caelum-Fenix,497,40.1,0.316,ok,161375.369,Caelum,Fenix,0,low,0.099856,12.6716,0.2979977329974811,0.16907325550533112,38.04100755667506
Dawn-Fenix,370,12.2,0.0779,ok,73720.744,Dawn,Fenix,0,very_low,0.00606841,0.9503799999999999,0.3041873417721519,0.1724694243240588,47.598683544303796
Aegis-Boreas,273,61.4,0.295,ok,81192.646,Aegis,Boreas,0,low,0.08702499999999999,18.113,0.2911771978021978,0.16781519450328578,59.97527472527472
Boreas-Elysium,96,112.1,0.5467,ok,289650.741,Boreas,Elysium,0,medium,0.29888088999999995,61.28506999999999,0.2900737913486005,0.165054059944648,59.068346055979646
Boreas-Dawn,397,67.3,0.3331,ok,101933.596,Boreas,Dawn,0,low,0.11095561000000001,22.41763,0.2929547120418848,0.16733925578385606,58.52005235602094
Caelum-Dawn,423,18.9,0.2052,ok,123547.626,Caelum,Dawn,0,low,0.04210704,3.8782799999999997,0.30429655172413794,0.17370736738192366,28.526896551724136
Caelum-Dawn,111,16.7,0.182,ok,367866.37,Caelum,Dawn,0,very_low,0.033124,3.0393999999999997,0.30429655172413794,0.17370736738192366,28.526896551724136
Caelum-Fenix,234,20.2,0.1589,ok,121936.544,Caelum,Fenix,0,very_low,0.025249210000000005,3.2097800000000003,0.2979977329974811,0.16907325550533112,38.04100755667506
Caelum-Dawn,37,23.8,0.2582,ok,143205.796,Caelum,Dawn,0,low,0.06666723999999999,6.14516,0.30429655172413794,0.17370736738192366,28.526896551724136
Caelum-Fenix,283,17.1,0.1343,ok,117799.663,Caelum,Fenix,0,very_low,0.018036490000000002,2.29653,0.2979977329974811,0.16907325550533112,38.04100755667506
Aegis-Elysium,497,60.1,0.2975,ok,210603.824,Aegis,Elysium,0,low,0.08850625,17.87975,0.3029021390374331,0.16678734255381286,60.362834224598934
Aegis-Boreas,414,76.6,0.3683,ok,102608.935,Aegis,Boreas,0,low,0.13564489000000002,28.211779999999997,0.2911771978021978,0.16781519450328578,59.97527472527472
Dawn-Fenix,328,33.7,0.2146,ok,83954.022,Dawn,Fenix,0,low,0.04605316,7.232020000000001,0.3041873417721519,0.1724694243240588,47.598683544303796
Aegis-Dawn,489,17.3,0.1769,ok,129780.059,Aegis,Dawn,0,very_low,0.03129361,3.0603700000000003,0.3143477922077922,0.16558189329464748,31.258909090909093
Caelum-Dawn,215,7.7,0.0842,ok,116644.68,Caelum,Dawn,0,very_low,0.0070896399999999995,0.64834,0.30429655172413794,0.17370736738192366,28.526896551724136
Caelum-Dawn,279,64.8,0.7039,ok,674626.79,Caelum,Dawn,0,high,0.49547520999999994,45.612719999999996,0.30429655172413794,0.17370736738192366,28.526896551724136
Dawn-Fenix,346,29.0,0.185,ok,77901.646,Dawn,Fenix,0,very_low,0.034225,5.365,0.3041873417721519,0.1724694243240588,47.598683544303796
Elysium-Fenix,73,46.9,0.3084,ok,230516.735,Elysium,Fenix,0,low,0.09511056000000001,14.46396,0.2866814016172507,0.16585315339481224,43.56679245283019
Dawn-Fenix,148,52.6,0.3352,ok,108315.014,Dawn,Fenix,0,low,0.11235904,17.631520000000002,0.3041873417721519,0.1724694243240588,47.598683544303796
Caelum-Dawn,374,35.4,0.3848,ok,190045.883,Caelum,Dawn,0,low,0.14807104,13.62192,0.30429655172413794,0.17370736738192366,28.526896551724136
Caelum-Elysium,331,10.9,0.1316,ok,135715.523,Caelum,Elysium,0,very_low,0.01731856,1.43444,0.29901641025641024,0.16467290094562215,25.344512820512822
Boreas-Dawn,21,110.9,0.549,ok,206550.977,Boreas,Dawn,0,medium,0.30140100000000003,60.88410000000001,0.2929547120418848,0.16733925578385606,58.52005235602094
Aegis-Dawn,117,33.7,0.3436,ok,176204.879,Aegis,Dawn,0,low,0.11806096,11.579320000000001,0.3143477922077922,0.16558189329464748,31.258909090909093
Boreas-Fenix,347,42.1,0.2489,ok,164591.39,Boreas,Fenix,0,low,0.06195121000000001,10.47869,0.3080685421994885,0.17007740427160456,51.75457800511509
Aegis-Boreas,43,53.2,0.2556,ok,76472.565,Aegis,Boreas,0,low,0.06533135999999999,13.59792,0.2911771978021978,0.16781519450328578,59.97527472527472
Aegis-Dawn,83,22.6,0.231,ok,140982.908,Aegis,Dawn,0,low,0.053361000000000006,5.220600000000001,0.3143477922077922,0.16558189329464748,31.258909090909093
Dawn-Elysium,333,26.3,0.3808,ok,172222.782,Dawn,Elysium,0,low,0.14500864000000002,10.01504,0.29596,0.16907179960732635,20.87232
Dawn-Fenix,109,6.3,0.0401,ok,71527.168,Dawn,Fenix,0,very_low,0.0016080099999999998,0.25262999999999997,0.3041873417721519,0.1724694243240588,47.598683544303796
Caelum-Fenix,433,21.7,0.171,ok,123939.806,Caelum,Fenix,0,very_low,0.029241000000000003,3.7107,0.2979977329974811,0.16907325550533112,38.04100755667506
Aegis-Boreas,251,74.1,0.3564,ok,95694.505,Aegis,Boreas,0,low,0.12702096,26.409239999999997,0.2911771978021978,0.16781519450328578,59.97527472527472
Caelum-Dawn,314,25.2,0.2737,ok,143124.808,Caelum,Dawn,0,low,0.07491169,6.89724,0.30429655172413794,0.17370736738192366,28.526896551724136
Aegis-Elysium,403,35.5,0.1758,ok,171194.538,Aegis,Elysium,0,very_low,0.030905640000000005,6.240900000000001,0.3029021390374331,0.16678734255381286,60.362834224598934
Caelum-Elysium,275,36.9,0.444,ok,258584.316,Caelum,Elysium,0,medium,0.197136,16.3836,0.29901641025641024,0.16467290094562215,25.344512820512822
Caelum-Fenix,20,14.3,0.1128,ok,113880.869,Caelum,Fenix,0,very_low,0.01272384,1.61304,0.2979977329974811,0.16907325550533112,38.04100755667506
Aegis-Boreas,421,38.1,0.1833,ok,68092.269,Aegis,Boreas,0,very_low,0.03359889,6.9837299999999995,0.2911771978021978,0.16781519450328578,59.97527472527472
Boreas-Dawn,11,83.1,0.4112,ok,129480.472,Boreas,Dawn,0,medium,0.16908544,34.170719999999996,0.2929547120418848,0.16733925578385606,58.52005235602094
Aegis-Boreas,269,56.1,0.2698,ok,77501.407,Aegis,Boreas,0,low,0.07279203999999999,15.135779999999999,0.2911771978021978,0.16781519450328578,59.97527472527472
Caelum-Fenix,261,8.8,0.0694,ok,112086.061,Caelum,Fenix,0,very_low,0.00481636,0.61072,0.2979977329974811,0.16907325550533112,38.04100755667506
Dawn-Fenix,465,63.5,0.4045,ok,373964.834,Dawn,Fenix,0,medium,0.16362025000000002,25.685750000000002,0.3041873417721519,0.1724694243240588,47.598683544303796
Boreas-Dawn,267,36.3,0.1799,ok,77372.951,Boreas,Dawn,0,very_low,0.03236401,6.53037,0.2929547120418848,0.16733925578385606,58.52005235602094
Caelum-Elysium,135,51.6,0.6218,ok,515553.738,Caelum,Elysium,0,high,0.38663524000000005,32.084880000000005,0.29901641025641024,0.16467290094562215,25.344512820512822
Boreas-Dawn,304,31.7,0.1567,ok,72435.518,Boreas,Dawn,0,very_low,0.024554890000000003,4.96739,0.2929547120418848,0.16733925578385606,58.52005235602094
Aegis-Elysium,262,60.7,0.3005,ok,213385.925,Aegis,Elysium,0,low,0.09030025,18.24035,0.3029021390374331,0.16678734255381286,60.362834224598934
Aegis-Dawn,370,76.3,0.7787,ok,1085287.032,Aegis,Dawn,0,high,0.60637369,59.414809999999996,0.3143477922077922,0.16558189329464748,31.258909090909093
Boreas-Dawn,456,116.8,0.5781,ok,231908.991,Boreas,Dawn,0,medium,0.3341996099999999,67.52207999999999,0.2929547120418848,0.16733925578385606,58.52005235602094
Boreas-Fenix,111,39.7,0.235,ok,163902.166,Boreas,Fenix,0,low,0.055224999999999996,9.3295,0.3080685421994885,0.17007740427160456,51.75457800511509
Caelum-Dawn,153,41.5,0.4512,ok,236105.427,Caelum,Dawn,0,medium,0.20358144,18.7248,0.30429655172413794,0.17370736738192366,28.526896551724136
Dawn-Elysium,11,28.6,0.414,ok,190736.242,Dawn,Elysium,0,medium,0.171396,11.8404,0.29596,0.16907179960732635,20.87232
Boreas-Elysium,105,9.3,0.0454,ok,95442.862,Boreas,Elysium,0,very_low,0.0020611600000000002,0.42222000000000004,0.2900737913486005,0.165054059944648,59.068346055979646
Caelum-Elysium,271,10.4,0.1258,ok,130551.58,Caelum,Elysium,0,very_low,0.01582564,1.30832,0.29901641025641024,0.16467290094562215,25.344512820512822
Aegis-Boreas,350,61.760000000000005,0.3311,ok,89936.713,Aegis,Boreas,0,low,0.10962721,20.448736000000004,0.2911771978021978,0.16781519450328578,59.97527472527472
Caelum-Fenix,67,20.3,0.1596,ok,120882.006,Caelum,Fenix,0,very_low,0.025472159999999997,3.23988,0.2979977329974811,0.16907325550533112,38.04100755667506
Boreas-Dawn,173,74.7,0.37,ok,113441.185,Boreas,Dawn,0,low,0.1369,27.639,0.2929547120418848,0.16733925578385606,58.52005235602094
Boreas-Fenix,424,22.7,0.1344,ok,140274.879,Boreas,Fenix,0,very_low,0.018063359999999997,3.05088,0.3080685421994885,0.17007740427160456,51.75457800511509
Caelum-Fenix,88,43.0,0.3385,ok,171156.364,Caelum,Fenix,0,low,0.11458225000000001,14.5555,0.2979977329974811,0.16907325550533112,38.04100755667506
Elysium-Fenix,133,31.7,0.2083,ok,194589.656,Elysium,Fenix,0,low,0.043388890000000006,6.60311,0.2866814016172507,0.16585315339481224,43.56679245283019
Aegis-Dawn,0,9.8,0.1001,ok,116433.718,Aegis,Dawn,0,very_low,0.01002001,0.98098,0.3143477922077922,0.16558189329464748,31.258909090909093
Caelum-Elysium,337,4.2,0.0501,ok,133802.097,Caelum,Elysium,0,very_low,0.00251001,0.21042,0.29901641025641024,0.16467290094562215,25.344512820512822
Boreas-Fenix,412,54.0,0.3196,ok,193293.824,Boreas,Fenix,0,low,0.10214416,17.258399999999998,0.3080685421994885,0.17007740427160456,51.75457800511509
Boreas-Dawn,93,42.9,0.2126,ok,79705.383,Boreas,Dawn,0,low,0.045198760000000004,9.12054,0.2929547120418848,0.16733925578385606,58.52005235602094
Caelum-Fenix,467,18.4,0.1448,ok,118756.249,Caelum,Fenix,0,very_low,0.020967040000000003,2.66432,0.2979977329974811,0.16907325550533112,38.04100755667506
Dawn-Fenix,322,30.3,0.1933,ok,80969.917,Dawn,Fenix,0,very_low,0.03736489,5.85699,0.3041873417721519,0.1724694243240588,47.598683544303796
Elysium-Fenix,57,67.3,0.4425,ok,335341.599,Elysium,Fenix,0,medium,0.19580625000000002,29.78025,0.2866814016172507,0.16585315339481224,43.56679245283019
Caelum-Fenix,150,7.0,0.0549,ok,112993.089,Caelum,Fenix,0,very_low,0.0030140099999999997,0.3843,0.2979977329974811,0.16907325550533112,38.04100755667506
Aegis-Dawn,332,6.5,0.0667,ok,116080.317,Aegis,Dawn,0,very_low,0.00444889,0.43355,0.3143477922077922,0.16558189329464748,31.258909090909093
Boreas-Dawn,351,123.6,0.6118,ok,267219.097,Boreas,Dawn,0,high,0.37429924000000003,75.61847999999999,0.2929547120418848,0.16733925578385606,58.52005235602094
Elysium-Fenix,480,32.2,0.2115,ok,189483.755,Elysium,Fenix,0,low,0.044732249999999994,6.810300000000001,0.2866814016172507,0.16585315339481224,43.56679245283019
Caelum-Dawn,162,10.9,0.1189,ok,118701.849,Caelum,Dawn,0,very_low,0.01413721,1.29601,0.30429655172413794,0.17370736738192366,28.526896551724136
Boreas-Fenix,67,100.2,0.5927,ok,478366.867,Boreas,Fenix,0,medium,0.35129329,59.38854,0.3080685421994885,0.17007740427160456,51.75457800511509
Elysium-Fenix,100,58.4,0.3842,ok,282240.845,Elysium,Fenix,0,low,0.14760964,22.437279999999998,0.2866814016172507,0.16585315339481224,43.56679245283019
Dawn-Elysium,243,21.6,0.3127,ok,146605.157,Dawn,Elysium,0,low,0.09778128999999999,6.75432,0.29596,0.16907179960732635,20.87232
Dawn-Elysium,359,37.0,0.5358,ok,289329.861,Dawn,Elysium,0,medium,0.2870816400000001,19.824600000000004,0.29596,0.16907179960732635,20.87232
Elysium-Fenix,114,39.7,0.2609,ok,208589.345,Elysium,Fenix,0,low,0.06806881000000001,10.357730000000002,0.2866814016172507,0.16585315339481224,43.56679245283019
Aegis-Boreas,374,37.1,0.1784,ok,28259.458,Aegis,Boreas,0,very_low,0.031826560000000004,6.61864,0.2911771978021978,0.16781519450328578,59.97527472527472
Aegis-Elysium,334,63.4,0.3141,ok,223274.23,Aegis,Elysium,0,low,0.09865881,19.91394,0.3029021390374331,0.16678734255381286,60.362834224598934
Dawn-Fenix,118,18.0,0.1149,ok,76205.977,Dawn,Fenix,0,very_low,0.01320201,2.0682,0.3041873417721519,0.1724694243240588,47.598683544303796
Dawn-Fenix,393,51.2,0.326,ok,105019.444,Dawn,Fenix,0,low,0.10627600000000001,16.691200000000002,0.3041873417721519,0.1724694243240588,47.598683544303796
Dawn-Elysium,315,17.6,0.2553,ok,127784.671,Dawn,Elysium,0,low,0.06517809000000001,4.493280000000001,0.29596,0.16907179960732635,20.87232
Elysium-Fenix,126,75.28,0.4364,ok,335218.448,Elysium,Fenix,0,medium,0.19044496,32.852192,0.2866814016172507,0.16585315339481224,43.56679245283019
Elysium-Fenix,317,52.6,0.3458,ok,253392.553,Elysium,Fenix,0,low,0.11957764,18.18908,0.2866814016172507,0.16585315339481224,43.56679245283019
Aegis-Boreas,358,106.3,0.5112,ok,158034.602,Aegis,Boreas,0,medium,0.26132543999999996,54.340559999999996,0.2911771978021978,0.16781519450328578,59.97527472527472
Caelum-Fenix,34,11.1,0.087,ok,117607.712,Caelum,Fenix,0,very_low,0.007568999999999999,0.9656999999999999,0.2979977329974811,0.16907325550533112,38.04100755667506
Dawn-Elysium,283,5.7,0.082,ok,106174.236,Dawn,Elysium,0,very_low,0.006724000000000001,0.46740000000000004,0.29596,0.16907179960732635,20.87232
Elysium-Fenix,35,49.2,0.3235,ok,240055.341,Elysium,Fenix,0,low,0.10465225,15.916200000000002,0.2866814016172507,0.16585315339481224,43.56679245283019
Boreas-Fenix,180,77.1,0.4562,ok,288067.858,Boreas,Fenix,0,medium,0.20811844,35.173019999999994,0.3080685421994885,0.17007740427160456,51.75457800511509
Caelum-Dawn,164,33.5,0.364,ok,180820.354,Caelum,Dawn,0,low,0.132496,12.193999999999999,0.30429655172413794,0.17370736738192366,28.526896551724136
Dawn-Fenix,493,58.2,0.3705,ok,117291.149,Dawn,Fenix,0,low,0.13727025,21.563100000000002,0.3041873417721519,0.1724694243240588,47.598683544303796
Aegis-Elysium,492,53.4,0.2643,ok,201113.001,Aegis,Elysium,0,low,0.06985448999999999,14.11362,0.3029021390374331,0.16678734255381286,60.362834224598934
Aegis-Dawn,183,34.3,0.3501,ok,185600.493,Aegis,Dawn,0,low,0.12257001000000002,12.00843,0.3143477922077922,0.16558189329464748,31.258909090909093
Caelum-Dawn,221,29.9,0.3247,ok,164559.154,Caelum,Dawn,0,low,0.10543008999999999,9.70853,0.30429655172413794,0.17370736738192366,28.526896551724136
Elysium-Fenix,20,6.6,0.0431,ok,164385.061,Elysium,Fenix,0,very_low,0.00185761,0.28446,0.2866814016172507,0.16585315339481224,43.56679245283019
Boreas-Elysium,203,64.2,0.313,ok,138936.437,Boreas,Elysium,0,low,0.097969,20.0946,0.2900737913486005,0.165054059944648,59.068346055979646
Aegis-Dawn,157,12.6,0.1285,ok,121687.273,Aegis,Dawn,0,very_low,0.01651225,1.6191,0.3143477922077922,0.16558189329464748,31.258909090909093
Dawn-Elysium,117,28.8,0.4176,ok,192795.831,Dawn,Elysium,0,medium,0.17438976000000003,12.02688,0.29596,0.16907179960732635,20.87232
Boreas-Fenix,108,16.1,0.0951,ok,139525.968,Boreas,Fenix,0,very_low,0.00904401,1.5311100000000002,0.3080685421994885,0.17007740427160456,51.75457800511509
Boreas-Fenix,285,55.3,0.3272,ok,198561.12,Boreas,Fenix,0,low,0.10705983999999999,18.09416,0.3080685421994885,0.17007740427160456,51.75457800511509
Dawn-Elysium,427,5.8,0.0842,ok,105846.688,Dawn,Elysium,0,very_low,0.0070896399999999995,0.48835999999999996,0.29596,0.16907179960732635,20.87232
Dawn-Elysium,140,5.2,0.076,ok,102839.936,Dawn,Elysium,0,very_low,0.005776,0.3952,0.29596,0.16907179960732635,20.87232
Caelum-Fenix,397,43.2,0.3399,ok,171251.217,Caelum,Fenix,0,low,0.11553200999999999,14.68368,0.2979977329974811,0.16907325550533112,38.04100755667506
Caelum-Fenix,214,40.6,0.3199,ok,164977.374,Caelum,Fenix,0,low,0.10233601,12.987940000000002,0.2979977329974811,0.16907325550533112,38.04100755667506
Caelum-Fenix,213,22.3,0.1757,ok,121521.159,Caelum,Fenix,0,very_low,0.030870489999999997,3.91811,0.2979977329974811,0.16907325550533112,38.04100755667506
Caelum-Elysium,210,14.7,0.1765,ok,142148.591,Caelum,Elysium,0,very_low,0.031152249999999996,2.59455,0.29901641025641024,0.16467290094562215,25.344512820512822
Dawn-Elysium,95,24.9,0.3602,ok,168691.424,Dawn,Elysium,0,low,0.12974404,8.96898,0.29596,0.16907179960732635,20.87232
Boreas-Fenix,116,61.5,0.364,ok,215039.251,Boreas,Fenix,0,low,0.132496,22.386,0.3080685421994885,0.17007740427160456,51.75457800511509
Boreas-Dawn,34,29.4,0.1726,ok,75053.59,Boreas,Dawn,0,very_low,0.02979076,5.07444,0.2929547120418848,0.16733925578385606,58.52005235602094
Caelum-Elysium,349,46.9,0.5655,ok,404946.3,Caelum,Elysium,0,medium,0.31979025,26.52195,0.29901641025641024,0.16467290094562215,25.344512820512822
Dawn-Elysium,349,7.3,0.106,ok,106176.923,Dawn,Elysium,0,very_low,0.011236,0.7737999999999999,0.29596,0.16907179960732635,20.87232
Aegis-Boreas,120,41.9,0.2014,ok,68766.679,Aegis,Boreas,0,low,0.04056196,8.438659999999999,0.2911771978021978,0.16781519450328578,59.97527472527472
Boreas-Dawn,407,58.7,0.2904,ok,93978.378,Boreas,Dawn,0,low,0.08433215999999999,17.04648,0.2929547120418848,0.16733925578385606,58.52005235602094
Boreas-Dawn,64,32.7,0.1617,ok,73419.407,Boreas,Dawn,0,very_low,0.026146890000000002,5.287590000000001,0.2929547120418848,0.16733925578385606,58.52005235602094
Boreas-Fenix,15,97.8,0.5787,ok,456185.09,Boreas,Fenix,0,medium,0.33489368999999997,56.59686,0.3080685421994885,0.17007740427160456,51.75457800511509
Aegis-Elysium,291,55.4,0.2741,ok,201393.253,Aegis,Elysium,0,low,0.07513081,15.18514,0.3029021390374331,0.16678734255381286,60.362834224598934
Boreas-Fenix,281,19.8,0.1169,ok,144647.523,Boreas,Fenix,0,very_low,0.013665610000000002,2.31462,0.3080685421994885,0.17007740427160456,51.75457800511509
Boreas-Fenix,446,52.3,0.3098,ok,188708.253,Boreas,Fenix,0,low,0.09597604000000001,16.20254,0.3080685421994885,0.17007740427160456,51.75457800511509
Caelum-Elysium,404,7.9,0.0946,ok,289595.061,Caelum,Elysium,0,very_low,0.008949160000000001,0.7473400000000001,0.29901641025641024,0.16467290094562215,25.344512820512822
Dawn-Fenix,475,42.8,0.2723,ok,92727.949,Dawn,Fenix,0,low,0.07414728999999999,11.65444,0.3041873417721519,0.1724694243240588,47.598683544303796
Aegis-Elysium,211,25.6,0.1265,ok,161474.69,Aegis,Elysium,0,very_low,0.01600225,3.2384000000000004,0.3029021390374331,0.16678734255381286,60.362834224598934
Dawn-Elysium,264,11.2,0.1623,ok,107527.504,Dawn,Elysium,0,very_low,0.02634129,1.8177599999999998,0.29596,0.16907179960732635,20.87232
Dawn-Fenix,327,63.0,0.401,ok,127987.385,Dawn,Fenix,0,medium,0.16080100000000003,25.263,0.3041873417721519,0.1724694243240588,47.598683544303796
Aegis-Boreas,59,5.7,0.0275,ok,59468.878,Aegis,Boreas,0,very_low,0.00075625,0.15675,0.2911771978021978,0.16781519450328578,59.97527472527472
Caelum-Fenix,468,52.5,0.4131,ok,213753.203,Caelum,Fenix,0,medium,0.17065161,21.68775,0.2979977329974811,0.16907325550533112,38.04100755667506
Caelum-Dawn,198,29.2,0.3174,ok,160625.351,Caelum,Dawn,0,low,0.10074276000000001,9.26808,0.30429655172413794,0.17370736738192366,28.526896551724136
Dawn-Fenix,126,6.7,0.043,ok,70048.016,Dawn,Fenix,0,very_low,0.0018489999999999997,0.28809999999999997,0.3041873417721519,0.1724694243240588,47.598683544303796
Elysium-Fenix,428,63.8,0.4199,ok,311401.833,Elysium,Fenix,0,medium,0.17631601,26.78962,0.2866814016172507,0.16585315339481224,43.56679245283019
Boreas-Dawn,314,63.6,0.3147,ok,98831.027,Boreas,Dawn,0,low,0.09903609,20.01492,0.2929547120418848,0.16733925578385606,58.52005235602094
Dawn-Fenix,399,39.9,0.254,ok,90846.368,Dawn,Fenix,0,low,0.064516,10.134599999999999,0.3041873417721519,0.1724694243240588,47.598683544303796
Boreas-Fenix,452,47.9,0.2836,ok,181572.714,Boreas,Fenix,0,low,0.08042896000000001,13.58444,0.3080685421994885,0.17007740427160456,51.75457800511509
Boreas-Elysium,305,104.7,0.5105,ok,251529.707,Boreas,Elysium,0,medium,0.26061024999999993,53.449349999999995,0.2900737913486005,0.165054059944648,59.068346055979646
Aegis-Boreas,166,120.6,0.5799,ok,204066.652,Aegis,Boreas,0,medium,0.33628400999999997,69.93593999999999,0.2911771978021978,0.16781519450328578,59.97527472527472
Elysium-Fenix,99,52.4,0.3451,ok,250514.128,Elysium,Fenix,0,low,0.11909401000000001,18.08324,0.2866814016172507,0.16585315339481224,43.56679245283019
Boreas-Fenix,89,30.1,0.1784,ok,151177.009,Boreas,Fenix,0,very_low,0.031826560000000004,5.36984,0.3080685421994885,0.17007740427160456,51.75457800511509
Boreas-Fenix,182,50.3,0.2975,ok,182223.893,Boreas,Fenix,0,low,0.08850625,14.964249999999998,0.3080685421994885,0.17007740427160456,51.75457800511509
Caelum-Fenix,287,45.3,0.3564,ok,177304.802,Caelum,Fenix,0,low,0.12702096,16.14492,0.2979977329974811,0.16907325550533112,38.04100755667506
Caelum-Fenix,18,64.7,0.5094,ok,284657.291,Caelum,Fenix,0,medium,0.25948836,32.95818,0.2979977329974811,0.16907325550533112,38.04100755667506
Boreas-Fenix,227,26.4,0.1562,ok,144969.045,Boreas,Fenix,0,very_low,0.02439844,4.12368,0.3080685421994885,0.17007740427160456,51.75457800511509
Dawn-Elysium,134,7.2,0.1042,ok,106274.921,Dawn,Elysium,0,very_low,0.01085764,0.75024,0.29596,0.16907179960732635,20.87232
Aegis-Dawn,236,28.2,0.2882,ok,158972.682,Aegis,Dawn,0,low,0.08305924,8.12724,0.3143477922077922,0.16558189329464748,31.258909090909093
Caelum-Dawn,183,15.4,0.1674,ok,122104.496,Caelum,Dawn,0,very_low,0.028022759999999997,2.57796,0.30429655172413794,0.17370736738192366,28.526896551724136
Dawn-Fenix,117,46.2,0.294,ok,96768.099,Dawn,Fenix,0,low,0.08643599999999999,13.5828,0.3041873417721519,0.1724694243240588,47.598683544303796
Aegis-Elysium,145,33.9,0.1677,ok,426980.311,Aegis,Elysium,0,very_low,0.028123289999999995,5.685029999999999,0.3029021390374331,0.16678734255381286,60.362834224598934
Dawn-Elysium,75,25.3,0.3661,ok,166976.632,Dawn,Elysium,0,low,0.13402920999999998,9.26233,0.29596,0.16907179960732635,20.87232
Aegis-Elysium,443,14.4,0.0714,ok,151477.305,Aegis,Elysium,0,very_low,0.00509796,1.0281600000000002,0.3029021390374331,0.16678734255381286,60.362834224598934
Elysium-Fenix,391,43.6,0.2871,ok,219398.551,Elysium,Fenix,0,low,0.08242641000000002,12.517560000000001,0.2866814016172507,0.16585315339481224,43.56679245283019
Aegis-Boreas,76,22.1,0.1063,ok,62746.837,Aegis,Boreas,0,very_low,0.011299690000000001,2.3492300000000004,0.2911771978021978,0.16781519450328578,59.97527472527472
Boreas-Elysium,13,101.3,0.4943,ok,238529.2,Boreas,Elysium,0,medium,0.24433249,50.07259,0.2900737913486005,0.165054059944648,59.068346055979646
Caelum-Fenix,299,59.5,0.4687,ok,377142.537,Caelum,Fenix,0,medium,0.21967969,27.88765,0.2979977329974811,0.16907325550533112,38.04100755667506
Boreas-Dawn,347,111.0,0.5493,ok,208520.874,Boreas,Dawn,0,medium,0.30173049,60.972300000000004,0.2929547120418848,0.16733925578385606,58.52005235602094
Aegis-Dawn,272,15.1,0.1537,ok,130084.588,Aegis,Dawn,0,very_low,0.023623690000000003,2.32087,0.3143477922077922,0.16558189329464748,31.258909090909093
Caelum-Elysium,410,49.5,0.5966,ok,464833.812,Caelum,Elysium,0,medium,0.35593156000000004,29.5317,0.29901641025641024,0.16467290094562215,25.344512820512822
Aegis-Elysium,51,142.9,0.7073,ok,939030.084,Aegis,Elysium,0,high,0.5002732900000001,101.07317,0.3029021390374331,0.16678734255381286,60.362834224598934
Boreas-Fenix,288,66.2,0.3917,ok,235406.121,Boreas,Fenix,0,low,0.15342888999999998,25.93054,0.3080685421994885,0.17007740427160456,51.75457800511509
Aegis-Elysium,249,27.1,0.1342,ok,158502.955,Aegis,Elysium,0,very_low,0.018009640000000004,3.6368200000000006,0.3029021390374331,0.16678734255381286,60.362834224598934
Dawn-Fenix,287,32.9,0.2098,ok,125505.882,Dawn,Fenix,0,low,0.04401603999999999,6.902419999999999,0.3041873417721519,0.1724694243240588,47.598683544303796
Boreas-Fenix,220,47.0,0.2779,ok,176283.288,Boreas,Fenix,0,low,0.07722840999999998,13.0613,0.3080685421994885,0.17007740427160456,51.75457800511509
Aegis-Elysium,180,43.0,0.2128,ok,179313.691,Aegis,Elysium,0,low,0.04528384,9.1504,0.3029021390374331,0.16678734255381286,60.362834224598934
Aegis-Elysium,300,108.1,0.535,ok,437281.705,Aegis,Elysium,0,medium,0.286225,57.8335,0.3029021390374331,0.16678734255381286,60.362834224598934
Caelum-Elysium,374,18.1,0.2184,ok,147424.153,Caelum,Elysium,0,low,0.04769856000000001,3.9530400000000006,0.29901641025641024,0.16467290094562215,25.344512820512822
Dawn-Fenix,371,59.9,0.3818,ok,119722.103,Dawn,Fenix,0,low,0.14577123999999997,22.869819999999997,0.3041873417721519,0.1724694243240588,47.598683544303796
Dawn-Elysium,447,16.5,0.2395,ok,126307.269,Dawn,Elysium,0,low,0.057360249999999995,3.9517499999999997,0.29596,0.16907179960732635,20.87232
Elysium-Fenix,154,46.6,0.3067,ok,234162.487,Elysium,Fenix,0,low,0.09406488999999998,14.292219999999999,0.2866814016172507,0.16585315339481224,43.56679245283019
Caelum-Elysium,4,19.5,0.2344,ok,159462.929,Caelum,Elysium,0,low,0.05494336,4.5708,0.29901641025641024,0.16467290094562215,25.344512820512822
Aegis-Elysium,44,67.7,0.335,ok,233419.342,Aegis,Elysium,0,low,0.11222500000000002,22.6795,0.3029021390374331,0.16678734255381286,60.362834224598934
Dawn-Elysium,54,7.9,0.1145,ok,103999.724,Dawn,Elysium,0,very_low,0.01311025,0.9045500000000001,0.29596,0.16907179960732635,20.87232
Caelum-Elysium,368,19.4,0.234,ok,153810.435,Caelum,Elysium,0,low,0.054756000000000006,4.5396,0.29901641025641024,0.16467290094562215,25.344512820512822
Boreas-Fenix,305,19.7,0.1166,ok,134756.503,Boreas,Fenix,0,very_low,0.01359556,2.29702,0.3080685421994885,0.17007740427160456,51.75457800511509
Dawn-Fenix,290,35.6,0.227,ok,84616.47,Dawn,Fenix,0,low,0.051529000000000005,8.0812,0.3041873417721519,0.1724694243240588,47.598683544303796
Boreas-Dawn,149,55.4,0.2745,ok,89646.17,Boreas,Dawn,0,low,0.07535025000000001,15.2073,0.2929547120418848,0.16733925578385606,58.52005235602094
Elysium-Fenix,244,81.6,0.5369,ok,466670.653,Elysium,Fenix,0,medium,0.28826161000000006,43.81104,0.2866814016172507,0.16585315339481224,43.56679245283019
Boreas-Dawn,413,23.6,0.1168,ok,71830.369,Boreas,Dawn,0,very_low,0.01364224,2.7564800000000003,0.2929547120418848,0.16733925578385606,58.52005235602094
Aegis-Elysium,407,99.9,0.4944,ok,377688.321,Aegis,Elysium,0,medium,0.24443136000000001,49.39056,0.3029021390374331,0.16678734255381286,60.362834224598934
Elysium-Fenix,483,21.2,0.1393,ok,174660.68,Elysium,Fenix,0,very_low,0.019404490000000003,2.95316,0.2866814016172507,0.16585315339481224,43.56679245283019
Dawn-Elysium,120,14.2,0.2061,ok,118082.319,Dawn,Elysium,0,low,0.04247721,2.9266199999999998,0.29596,0.16907179960732635,20.87232
Dawn-Elysium,454,22.2,0.3219,ok,148826.725,Dawn,Elysium,0,low,0.10361961000000001,7.14618,0.29596,0.16907179960732635,20.87232
Aegis-Boreas,458,17.4,0.0836,ok,60805.456,Aegis,Boreas,0,very_low,0.006988959999999999,1.4546399999999997,0.2911771978021978,0.16781519450328578,59.97527472527472
Elysium-Fenix,434,45.0,0.2962,ok,224039.91,Elysium,Fenix,0,low,0.08773444000000001,13.329,0.2866814016172507,0.16585315339481224,43.56679245283019
Aegis-Elysium,154,110.3,0.5458,ok,455314.503,Aegis,Elysium,0,medium,0.29789763999999996,60.201739999999994,0.3029021390374331,0.16678734255381286,60.362834224598934
Boreas-Fenix,256,13.7,0.0811,ok,136202.779,Boreas,Fenix,0,very_low,0.006577210000000001,1.11107,0.3080685421994885,0.17007740427160456,51.75457800511509
Caelum-Fenix,164,85.3,0.6718,ok,567937.783,Caelum,Fenix,0,high,0.45131523999999995,57.304539999999996,0.2979977329974811,0.16907325550533112,38.04100755667506
Aegis-Dawn,176,24.9,0.2539,ok,143904.234,Aegis,Dawn,0,low,0.06446521000000001,6.32211,0.3143477922077922,0.16558189329464748,31.258909090909093
Boreas-Dawn,117,148.7,0.7361,ok,492409.321,Boreas,Dawn,0,high,0.54184321,109.45806999999999,0.2929547120418848,0.16733925578385606,58.52005235602094
Caelum-Dawn,376,26.96,0.2159,ok,131622.359,Caelum,Dawn,0,low,0.046612810000000005,5.820664000000001,0.30429655172413794,0.17370736738192366,28.526896551724136
Caelum-Fenix,490,62.8,0.4942,ok,273113.52,Caelum,Fenix,0,medium,0.24423363999999997,31.035759999999996,0.2979977329974811,0.16907325550533112,38.04100755667506
Dawn-Elysium,57,14.7,0.2131,ok,117322.696,Dawn,Elysium,0,low,0.045411610000000005,3.13257,0.29596,0.16907179960732635,20.87232
Dawn-Elysium,74,15.2,0.2207,ok,121297.823,Dawn,Elysium,0,low,0.04870849,3.35464,0.29596,0.16907179960732635,20.87232
Boreas-Fenix,481,57.9,0.3425,ok,200981.84,Boreas,Fenix,0,low,0.11730625000000001,19.830750000000002,0.3080685421994885,0.17007740427160456,51.75457800511509
Caelum-Elysium,163,25.3,0.3047,ok,177944.429,Caelum,Elysium,0,low,0.09284209000000002,7.708910000000001,0.29901641025641024,0.16467290094562215,25.344512820512822
Dawn-Elysium,217,13.7,0.1986,ok,111859.764,Dawn,Elysium,0,very_low,0.03944196,2.72082,0.29596,0.16907179960732635,20.87232
Dawn-Elysium,191,10.4,0.1509,ok,109242.763,Dawn,Elysium,0,very_low,0.022770810000000002,1.56936,0.29596,0.16907179960732635,20.87232
Aegis-Dawn,155,12.5,0.128,ok,127538.926,Aegis,Dawn,0,very_low,0.016384,1.6,0.3143477922077922,0.16558189329464748,31.258909090909093
Aegis-Dawn,201,35.3,0.3601,ok,188867.948,Aegis,Dawn,0,low,0.12967200999999998,12.711529999999998,0.3143477922077922,0.16558189329464748,31.258909090909093
Aegis-Elysium,308,119.5,0.5914,ok,548426.841,Aegis,Elysium,0,medium,0.34975396000000003,70.6723,0.3029021390374331,0.16678734255381286,60.362834224598934
Caelum-Elysium,422,49.5,0.596,ok,460880.968,Caelum,Elysium,0,medium,0.355216,29.502,0.29901641025641024,0.16467290094562215,25.344512820512822
Aegis-Dawn,2,27.9,0.2842,ok,160485.715,Aegis,Dawn,0,low,0.08076964,7.92918,0.3143477922077922,0.16558189329464748,31.258909090909093
Boreas-Dawn,156,32.2,0.1596,ok,77288.935,Boreas,Dawn,0,very_low,0.025472159999999997,5.13912,0.2929547120418848,0.16733925578385606,58.52005235602094
Caelum-Fenix,185,32.8,0.2584,ok,143620.617,Caelum,Fenix,0,low,0.06677056,8.47552,0.2979977329974811,0.16907325550533112,38.04100755667506
Elysium-Fenix,39,10.3,0.068,ok,159977.06,Elysium,Fenix,0,very_low,0.0046240000000000005,0.7004000000000001,0.2866814016172507,0.16585315339481224,43.56679245283019
Caelum-Fenix,141,33.5,0.2635,ok,143649.238,Caelum,Fenix,0,low,0.06943225,8.827250000000001,0.2979977329974811,0.16907325550533112,38.04100755667506
Boreas-Dawn,31,51.6,0.2554,ok,87169.33,Boreas,Dawn,0,low,0.06522916000000001,13.178640000000001,0.2929547120418848,0.16733925578385606,58.52005235602094
Caelum-Dawn,177,14.6,0.1588,ok,123703.263,Caelum,Dawn,0,very_low,0.02521744,2.31848,0.30429655172413794,0.17370736738192366,28.526896551724136
Dawn-Elysium,310,32.8,0.4749,ok,235330.047,Dawn,Elysium,0,medium,0.22553001,15.576719999999998,0.29596,0.16907179960732635,20.87232
Dawn-Elysium,111,18.0,0.2601,ok,130287.097,Dawn,Elysium,0,low,0.06765201,4.6818,0.29596,0.16907179960732635,20.87232
Elysium-Fenix,470,24.2,0.1591,ok,179338.072,Elysium,Fenix,0,very_low,0.025312809999999998,3.8502199999999998,0.2866814016172507,0.16585315339481224,43.56679245283019
Caelum-Dawn,419,29.2,0.317,ok,160526.587,Caelum,Dawn,0,low,0.10048900000000001,9.2564,0.30429655172413794,0.17370736738192366,28.526896551724136
Caelum-Dawn,383,13.9,0.1505,ok,119503.747,Caelum,Dawn,0,very_low,0.022650249999999997,2.09195,0.30429655172413794,0.17370736738192366,28.526896551724136
Caelum-Dawn,272,34.9,0.3793,ok,190458.97,Caelum,Dawn,0,low,0.14386849000000002,13.23757,0.30429655172413794,0.17370736738192366,28.526896551724136
Caelum-Elysium,354,36.3,0.4373,ok,251507.683,Caelum,Elysium,0,medium,0.19123129000000003,15.87399,0.29901641025641024,0.16467290094562215,25.344512820512822
Boreas-Fenix,196,48.9,0.2895,ok,178168.594,Boreas,Fenix,0,low,0.08381024999999999,14.15655,0.3080685421994885,0.17007740427160456,51.75457800511509
Dawn-Elysium,233,12.9,0.1863,ok,115318.487,Dawn,Elysium,0,very_low,0.03470769,2.40327,0.29596,0.16907179960732635,20.87232
Aegis-Boreas,51,69.2,0.3328,ok,89539.186,Aegis,Boreas,0,low,0.11075584,23.02976,0.2911771978021978,0.16781519450328578,59.97527472527472
Dawn-Fenix,127,26.4,0.1684,ok,82018.526,Dawn,Fenix,0,very_low,0.028358559999999998,4.44576,0.3041873417721519,0.1724694243240588,47.598683544303796
Caelum-Fenix,162,54.4,0.428,ok,216078.81,Caelum,Fenix,0,medium,0.18318399999999999,23.283199999999997,0.2979977329974811,0.16907325550533112,38.04100755667506
Aegis-Dawn,397,36.2,0.369,ok,193514.056,Aegis,Dawn,0,low,0.136161,13.357800000000001,0.3143477922077922,0.16558189329464748,31.258909090909093
Caelum-Dawn,370,59.6,0.6476,ok,510596.948,Caelum,Dawn,0,high,0.41938575999999994,38.596959999999996,0.30429655172413794,0.17370736738192366,28.526896551724136
Aegis-Elysium,123,35.8,0.1774,ok,175797.271,Aegis,Elysium,0,very_low,0.03147076,6.3509199999999995,0.3029021390374331,0.16678734255381286,60.362834224598934
Aegis-Dawn,248,9.8,0.0996,ok,122007.701,Aegis,Dawn,0,very_low,0.009920159999999999,0.9760800000000001,0.3143477922077922,0.16558189329464748,31.258909090909093
Boreas-Elysium,308,64.7,0.3157,ok,143434.402,Boreas,Elysium,0,low,0.09966648999999998,20.42579,0.2900737913486005,0.165054059944648,59.068346055979646
Boreas-Fenix,250,64.1,0.3794,ok,225369.696,Boreas,Fenix,0,low,0.14394436000000002,24.31954,0.3080685421994885,0.17007740427160456,51.75457800511509
Elysium-Fenix,343,50.3,0.3309,ok,251644.481,Elysium,Fenix,0,low,0.10949481000000001,16.64427,0.2866814016172507,0.16585315339481224,43.56679245283019
Boreas-Dawn,235,30.2,0.1494,ok,75409.792,Boreas,Dawn,0,very_low,0.02232036,4.51188,0.2929547120418848,0.16733925578385606,58.52005235602094
Boreas-Dawn,231,71.4,0.3535,ok,108130.541,Boreas,Dawn,0,low,0.12496224999999998,25.239900000000002,0.2929547120418848,0.16733925578385606,58.52005235602094
Boreas-Fenix,39,23.4,0.1383,ok,143214.231,Boreas,Fenix,0,very_low,0.01912689,3.23622,0.3080685421994885,0.17007740427160456,51.75457800511509
Dawn-Elysium,48,35.1,0.5088,ok,263620.883,Dawn,Elysium,0,medium,0.25887744,17.858880000000003,0.29596,0.16907179960732635,20.87232
Dawn-Fenix,55,10.8,0.0691,ok,73930.128,Dawn,Fenix,0,very_low,0.004774809999999999,0.7462799999999999,0.3041873417721519,0.1724694243240588,47.598683544303796
Elysium-Fenix,462,19.5,0.1285,ok,163783.07,Elysium,Fenix,0,very_low,0.01651225,2.50575,0.2866814016172507,0.16585315339481224,43.56679245283019
Dawn-Fenix,69,56.3,0.3583,ok,114452.228,Dawn,Fenix,0,low,0.12837889,20.17229,0.3041873417721519,0.1724694243240588,47.598683544303796
Caelum-Dawn,237,55.1,0.5992,ok,411444.75,Caelum,Dawn,0,medium,0.35904063999999997,33.01592,0.30429655172413794,0.17370736738192366,28.526896551724136
Dawn-Fenix,365,63.6,0.4051,ok,130279.072,Dawn,Fenix,0,medium,0.16410601000000002,25.76436,0.3041873417721519,0.1724694243240588,47.598683544303796
Elysium-Fenix,372,50.4,0.3314,ok,248963.685,Elysium,Fenix,0,low,0.10982595999999999,16.70256,0.2866814016172507,0.16585315339481224,43.56679245283019
Elysium-Fenix,199,27.4,0.1805,ok,186320.578,Elysium,Fenix,0,very_low,0.03258025,4.9456999999999995,0.2866814016172507,0.16585315339481224,43.56679245283019
Caelum-Dawn,334,15.3,0.1667,ok,123811.868,Caelum,Dawn,0,very_low,0.027788889999999997,2.55051,0.30429655172413794,0.17370736738192366,28.526896551724136
Caelum-Dawn,67,23.3,0.2529,ok,136921.945,Caelum,Dawn,0,low,0.06395841000000001,5.89257,0.30429655172413794,0.17370736738192366,28.526896551724136
Dawn-Elysium,443,22.1,0.3198,ok,148286.602,Dawn,Elysium,0,low,0.10227203999999998,7.0675799999999995,0.29596,0.16907179960732635,20.87232
Caelum-Fenix,230,24.0,0.1893,ok,124846.017,Caelum,Fenix,0,very_low,0.03583449,4.5432,0.2979977329974811,0.16907325550533112,38.04100755667506
Boreas-Fenix,225,53.5,0.3168,ok,197297.194,Boreas,Fenix,0,low,0.10036224000000002,16.948800000000002,0.3080685421994885,0.17007740427160456,51.75457800511509
Aegis-Elysium,454,17.9,0.0884,ok,155538.008,Aegis,Elysium,0,very_low,0.007814560000000002,1.58236,0.3029021390374331,0.16678734255381286,60.362834224598934
Elysium-Fenix,21,20.4,0.134,ok,167247.714,Elysium,Fenix,0,very_low,0.017956000000000003,2.7336,0.2866814016172507,0.16585315339481224,43.56679245283019
Aegis-Elysium,468,49.3,0.244,ok,193441.015,Aegis,Elysium,0,low,0.059536,12.0292,0.3029021390374331,0.16678734255381286,60.362834224598934
Aegis-Elysium,254,37.5,0.1856,ok,169651.045,Aegis,Elysium,0,very_low,0.034447359999999996,6.959999999999999,0.3029021390374331,0.16678734255381286,60.362834224598934
Aegis-Elysium,477,71.8,0.3557,ok,241999.323,Aegis,Elysium,0,low,0.12652249000000002,25.53926,0.3029021390374331,0.16678734255381286,60.362834224598934
Boreas-Dawn,432,26.0,0.1287,ok,73399.935,Boreas,Dawn,0,very_low,0.016563690000000002,3.3462,0.2929547120418848,0.16733925578385606,58.52005235602094
Boreas-Dawn,384,79.2,0.3921,ok,120040.273,Boreas,Dawn,0,low,0.15374241,31.05432,0.2929547120418848,0.16733925578385606,58.52005235602094
Boreas-Dawn,45,79.4,0.3931,ok,120705.586,Boreas,Dawn,0,low,0.15452761,31.21214,0.2929547120418848,0.16733925578385606,58.52005235602094
Caelum-Fenix,339,61.3,0.4828,ok,263716.305,Caelum,Fenix,0,medium,0.23309584,29.59564,0.2979977329974811,0.16907325550533112,38.04100755667506
Aegis-Boreas,37,54.1,0.2602,ok,77258.602,Aegis,Boreas,0,low,0.06770404,14.07682,0.2911771978021978,0.16781519450328578,59.97527472527472
Dawn-Elysium,369,2.0,0.0293,ok,101282.991,Dawn,Elysium,0,very_low,0.00085849,0.0586,0.29596,0.16907179960732635,20.87232
Boreas-Elysium,459,43.4,0.2119,ok,113643.546,Boreas,Elysium,0,low,0.04490161,9.19646,0.2900737913486005,0.165054059944648,59.068346055979646
Aegis-Boreas,463,48.1,0.2311,ok,75016.201,Aegis,Boreas,0,low,0.05340721,11.11591,0.2911771978021978,0.16781519450328578,59.97527472527472
Caelum-Dawn,463,31.7,0.3442,ok,170462.465,Caelum,Dawn,0,low,0.11847364,10.91114,0.30429655172413794,0.17370736738192366,28.526896551724136
Boreas-Elysium,473,45.4,0.2213,ok,113970.308,Boreas,Elysium,0,low,0.04897369,10.04702,0.2900737913486005,0.165054059944648,59.068346055979646
Caelum-Dawn,143,16.8,0.1825,ok,125215.71,Caelum,Dawn,0,very_low,0.033306249999999996,3.066,0.30429655172413794,0.17370736738192366,28.526896551724136
Caelum-Elysium,322,28.3,0.3404,ok,193629.296,Caelum,Elysium,0,low,0.11587215999999999,9.63332,0.29901641025641024,0.16467290094562215,25.344512820512822
Boreas-Elysium,315,30.2,0.1474,ok,107158.76,Boreas,Elysium,0,very_low,0.02172676,4.45148,0.2900737913486005,0.165054059944648,59.068346055979646
Dawn-Elysium,53,15.0,0.2175,ok,118123.214,Dawn,Elysium,0,low,0.04730625,3.2625,0.29596,0.16907179960732635,20.87232
Dawn-Fenix,134,73.8,0.4698,ok,305582.809,Dawn,Fenix,0,medium,0.22071204,34.67124,0.3041873417721519,0.1724694243240588,47.598683544303796
Caelum-Elysium,326,45.9,0.5532,ok,386781.952,Caelum,Elysium,0,medium,0.30603024,25.39188,0.29901641025641024,0.16467290094562215,25.344512820512822
Caelum-Dawn,321,45.1,0.4899,ok,269805.893,Caelum,Dawn,0,medium,0.24000201000000002,22.09449,0.30429655172413794,0.17370736738192366,28.526896551724136
Caelum-Elysium,76,45.3,0.5458,ok,378455.977,Caelum,Elysium,0,medium,0.29789763999999996,24.724739999999997,0.29901641025641024,0.16467290094562215,25.344512820512822
Aegis-Elysium,349,35.6,0.1763,ok,167414.608,Aegis,Elysium,0,very_low,0.031081690000000006,6.276280000000001,0.3029021390374331,0.16678734255381286,60.362834224598934
Elysium-Fenix,36,50.3,0.3311,ok,243294.57,Elysium,Fenix,0,low,0.10962721,16.654329999999998,0.2866814016172507,0.16585315339481224,43.56679245283019
Aegis-Boreas,360,71.9,0.3457,ok,92374.447,Aegis,Boreas,0,low,0.11950849000000001,24.85583,0.2911771978021978,0.16781519450328578,59.97527472527472
Caelum-Elysium,70,17.8,0.2146,ok,145175.995,Caelum,Elysium,0,low,0.04605316,3.8198800000000004,0.29901641025641024,0.16467290094562215,25.344512820512822
Boreas-Elysium,239,50.7,0.2471,ok,117865.227,Boreas,Elysium,0,low,0.061058409999999994,12.52797,0.2900737913486005,0.165054059944648,59.068346055979646
Boreas-Fenix,312,89.8,0.5315,ok,375987.878,Boreas,Fenix,0,medium,0.28249224999999994,47.728699999999996,0.3080685421994885,0.17007740427160456,51.75457800511509
Caelum-Fenix,51,94.9,0.7472,ok,852140.212,Caelum,Fenix,0,high,0.55830784,70.90928,0.2979977329974811,0.16907325550533112,38.04100755667506
Dawn-Elysium,101,20.1,0.2913,ok,138593.911,Dawn,Elysium,0,low,0.08485569,5.855130000000001,0.29596,0.16907179960732635,20.87232
Boreas-Dawn,258,114.6,0.5672,ok,220429.822,Boreas,Dawn,0,medium,0.32171584000000003,65.00112,0.2929547120418848,0.16733925578385606,58.52005235602094
Dawn-Elysium,365,27.0,0.3908,ok,178256.144,Dawn,Elysium,0,low,0.15272464,10.551599999999999,0.29596,0.16907179960732635,20.87232
Boreas-Dawn,12,50.9,0.2521,ok,85450.378,Boreas,Dawn,0,low,0.06355440999999999,12.83189,0.2929547120418848,0.16733925578385606,58.52005235602094
Caelum-Fenix,390,3.0,0.0233,ok,112254.152,Caelum,Fenix,0,very_low,0.0005428900000000001,0.0699,0.2979977329974811,0.16907325550533112,38.04100755667506
Caelum-Dawn,360,24.4,0.2657,ok,144772.641,Caelum,Dawn,0,low,0.07059649,6.483079999999999,0.30429655172413794,0.17370736738192366,28.526896551724136
Boreas-Dawn,247,14.4,0.0714,ok,72201.075,Boreas,Dawn,0,very_low,0.00509796,1.0281600000000002,0.2929547120418848,0.16733925578385606,58.52005235602094
Caelum-Fenix,11,45.1,0.3547,ok,178315.6,Caelum,Fenix,0,low,0.12581209000000002,15.996970000000001,0.2979977329974811,0.16907325550533112,38.04100755667506
Aegis-Elysium,237,17.9,0.0884,ok,156960.483,Aegis,Elysium,0,very_low,0.007814560000000002,1.58236,0.3029021390374331,0.16678734255381286,60.362834224598934
Boreas-Fenix,426,68.0,0.4025,ok,247532.0,Boreas,Fenix,0,medium,0.16200625000000002,27.37,0.3080685421994885,0.17007740427160456,51.75457800511509
Boreas-Dawn,270,45.9,0.2273,ok,81768.635,Boreas,Dawn,0,low,0.05166529,10.433069999999999,0.2929547120418848,0.16733925578385606,58.52005235602094
Caelum-Fenix,419,43.6,0.3434,ok,173955.021,Caelum,Fenix,0,low,0.11792355999999998,14.97224,0.2979977329974811,0.16907325550533112,38.04100755667506
Dawn-Fenix,271,11.1,0.0704,ok,72140.824,Dawn,Fenix,0,very_low,0.00495616,0.78144,0.3041873417721519,0.1724694243240588,47.598683544303796
Caelum-Elysium,303,19.3,0.2324,ok,156402.948,Caelum,Elysium,0,low,0.05400976,4.48532,0.29901641025641024,0.16467290094562215,25.344512820512822
Aegis-Boreas,384,1.3,0.0065,ok,62122.885,Aegis,Boreas,0,very_low,4.225e-05,0.00845,0.2911771978021978,0.16781519450328578,59.97527472527472
Caelum-Dawn,192,21.2,0.2304,ok,136242.525,Caelum,Dawn,0,low,0.05308416,4.88448,0.30429655172413794,0.17370736738192366,28.526896551724136
Dawn-Elysium,106,26.0,0.3762,ok,173747.878,Dawn,Elysium,0,low,0.14152643999999998,9.7812,0.29596,0.16907179960732635,20.87232
Boreas-Elysium,7,33.0,0.1611,ok,107906.677,Boreas,Elysium,0,very_low,0.025953209999999997,5.3163,0.2900737913486005,0.165054059944648,59.068346055979646
Aegis-Elysium,422,79.0,0.391,ok,265799.989,Aegis,Elysium,0,low,0.15288100000000002,30.889000000000003,0.3029021390374331,0.16678734255381286,60.362834224598934
Boreas-Dawn,412,41.8,0.2071,ok,79166.96,Boreas,Dawn,0,low,0.042890410000000004,8.65678,0.2929547120418848,0.16733925578385606,58.52005235602094
Aegis-Dawn,319,14.5,0.1481,ok,123778.584,Aegis,Dawn,0,very_low,0.021933610000000003,2.14745,0.3143477922077922,0.16558189329464748,31.258909090909093
Aegis-Boreas,489,65.7,0.316,ok,85880.603,Aegis,Boreas,0,low,0.099856,20.761200000000002,0.2911771978021978,0.16781519450328578,59.97527472527472
Aegis-Boreas,145,57.6,0.2767,ok,79808.126,Aegis,Boreas,0,low,0.07656289,15.93792,0.2911771978021978,0.16781519450328578,59.97527472527472
Aegis-Dawn,321,25.9,0.2639,ok,151862.461,Aegis,Dawn,0,low,0.06964321000000001,6.8350100000000005,0.3143477922077922,0.16558189329464748,31.258909090909093
Aegis-Boreas,332,149.6,0.719,ok,391315.18,Aegis,Boreas,0,high,0.516961,107.5624,0.2911771978021978,0.16781519450328578,59.97527472527472
Aegis-Boreas,52,19.8,0.0954,ok,63239.966,Aegis,Boreas,0,very_low,0.00910116,1.88892,0.2911771978021978,0.16781519450328578,59.97527472527472
Aegis-Dawn,243,70.7,0.7219,ok,779965.396,Aegis,Dawn,0,high,0.52113961,51.03833,0.3143477922077922,0.16558189329464748,31.258909090909093
Dawn-Fenix,380,26.8,0.1707,ok,79759.327,Dawn,Fenix,0,very_low,0.029138489999999996,4.5747599999999995,0.3041873417721519,0.1724694243240588,47.598683544303796
Boreas-Fenix,469,44.8,0.2654,ok,170737.478,Boreas,Fenix,0,low,0.07043716000000001,11.88992,0.3080685421994885,0.17007740427160456,51.75457800511509
Boreas-Fenix,60,52.0,0.3075,ok,192168.834,Boreas,Fenix,0,low,0.09455625,15.99,0.3080685421994885,0.17007740427160456,51.75457800511509
Elysium-Fenix,267,5.7,0.0375,ok,164771.335,Elysium,Fenix,0,very_low,0.00140625,0.21375,0.2866814016172507,0.16585315339481224,43.56679245283019
Caelum-Dawn,333,19.160000000000004,0.1435,ok,117828.654,Caelum,Dawn,0,very_low,0.020592249999999996,2.7494600000000005,0.30429655172413794,0.17370736738192366,28.526896551724136
Dawn-Fenix,295,41.7,0.2659,ok,89190.604,Dawn,Fenix,0,low,0.07070281000000002,11.088030000000002,0.3041873417721519,0.1724694243240588,47.598683544303796
Dawn-Fenix,499,36.9,0.235,ok,86763.962,Dawn,Fenix,0,low,0.055224999999999996,8.6715,0.3041873417721519,0.1724694243240588,47.598683544303796
Caelum-Fenix,108,57.4,0.4523,ok,240192.986,Caelum,Fenix,0,medium,0.20457529,25.96202,0.2979977329974811,0.16907325550533112,38.04100755667506
Boreas-Fenix,286,109.9,0.6504,ok,618898.251,Boreas,Fenix,0,high,0.42302016,71.47896,0.3080685421994885,0.17007740427160456,51.75457800511509
Aegis-Boreas,422,12.2,0.0586,ok,63217.479,Aegis,Boreas,0,very_low,0.00343396,0.71492,0.2911771978021978,0.16781519450328578,59.97527472527472
Aegis-Boreas,21,66.4,0.3192,ok,87170.787,Aegis,Boreas,0,low,0.10188863999999999,21.19488,0.2911771978021978,0.16781519450328578,59.97527472527472
Aegis-Elysium,50,84.1,0.4163,ok,290753.288,Aegis,Elysium,0,medium,0.17330569,35.01083,0.3029021390374331,0.16678734255381286,60.362834224598934
Elysium-Fenix,195,33.9,0.2233,ok,197841.229,Elysium,Fenix,0,low,0.04986289,7.56987,0.2866814016172507,0.16585315339481224,43.56679245283019
Aegis-Dawn,430,40.5,0.4131,ok,216401.5,Aegis,Dawn,0,medium,0.17065161,16.73055,0.3143477922077922,0.16558189329464748,31.258909090909093
Boreas-Fenix,25,62.5,0.37,ok,222524.219,Boreas,Fenix,0,low,0.1369,23.125,0.3080685421994885,0.17007740427160456,51.75457800511509
Boreas-Fenix,162,19.72,0.1496,ok,146799.055,Boreas,Fenix,0,very_low,0.022380160000000003,2.950112,0.3080685421994885,0.17007740427160456,51.75457800511509
Aegis-Elysium,413,61.5,0.3043,ok,219454.372,Aegis,Elysium,0,low,0.09259849,18.71445,0.3029021390374331,0.16678734255381286,60.362834224598934
Boreas-Fenix,4,35.0,0.2068,ok,153826.427,Boreas,Fenix,0,low,0.042766240000000004,7.238,0.3080685421994885,0.17007740427160456,51.75457800511509
Dawn-Elysium,320,28.7,0.4155,ok,189875.133,Dawn,Elysium,0,medium,0.17264025,11.92485,0.29596,0.16907179960732635,20.87232
Aegis-Boreas,44,66.7,0.3206,ok,85698.806,Aegis,Boreas,0,low,0.10278435999999999,21.38402,0.2911771978021978,0.16781519450328578,59.97527472527472
Boreas-Fenix,459,36.1,0.2136,ok,153060.481,Boreas,Fenix,0,low,0.045624960000000006,7.710960000000001,0.3080685421994885,0.17007740427160456,51.75457800511509
Caelum-Fenix,399,19.3,0.1524,ok,119909.893,Caelum,Fenix,0,very_low,0.02322576,2.94132,0.2979977329974811,0.16907325550533112,38.04100755667506
Caelum-Elysium,25,45.3,0.5453,ok,378942.18,Caelum,Elysium,0,medium,0.29735209,24.70209,0.29901641025641024,0.16467290094562215,25.344512820512822
Caelum-Dawn,159,53.3,0.5793,ok,377985.686,Caelum,Dawn,0,medium,0.33558849,30.87669,0.30429655172413794,0.17370736738192366,28.526896551724136
Caelum-Elysium,18,33.9,0.4087,ok,232911.77,Caelum,Elysium,0,medium,0.16703569000000001,13.85493,0.29901641025641024,0.16467290094562215,25.344512820512822
Aegis-Boreas,311,47.2,0.2271,ok,71320.925,Aegis,Boreas,0,low,0.05157441,10.71912,0.2911771978021978,0.16781519450328578,59.97527472527472
Elysium-Fenix,65,29.8,0.1962,ok,186687.41,Elysium,Fenix,0,very_low,0.038494440000000005,5.846760000000001,0.2866814016172507,0.16585315339481224,43.56679245283019
Aegis-Boreas,12,98.7,0.4745,ok,135546.089,Aegis,Boreas,0,medium,0.22515024999999997,46.833149999999996,0.2911771978021978,0.16781519450328578,59.97527472527472
Aegis-Dawn,191,7.8,0.08,ok,121878.445,Aegis,Dawn,0,very_low,0.0064,0.624,0.3143477922077922,0.16558189329464748,31.258909090909093
Aegis-Elysium,235,44.12,0.3483,ok,241356.167,Aegis,Elysium,0,low,0.12131288999999999,15.366995999999999,0.3029021390374331,0.16678734255381286,60.362834224598934
Caelum-Dawn,442,32.6,0.3544,ok,178124.631,Caelum,Dawn,0,low,0.12559936,11.55344,0.30429655172413794,0.17370736738192366,28.526896551724136
Boreas-Fenix,296,9.2,0.0546,ok,65078.672,Boreas,Fenix,0,very_low,0.0029811600000000005,0.50232,0.3080685421994885,0.17007740427160456,51.75457800511509
Boreas-Elysium,40,51.9,0.2531,ok,122058.652,Boreas,Elysium,0,low,0.06405960999999999,13.13589,0.2900737913486005,0.165054059944648,59.068346055979646
Boreas-Fenix,117,103.9,0.6145,ok,526785.558,Boreas,Fenix,0,high,0.37761025000000004,63.84655000000001,0.3080685421994885,0.17007740427160456,51.75457800511509
Boreas-Dawn,42,156.5,0.7746,ok,615928.346,Boreas,Dawn,0,high,0.6000051599999999,121.22489999999999,0.2929547120418848,0.16733925578385606,58.52005235602094
Boreas-Fenix,492,9.7,0.0577,ok,131737.817,Boreas,Fenix,0,very_low,0.00332929,0.55969,0.3080685421994885,0.17007740427160456,51.75457800511509
Boreas-Elysium,489,36.1,0.176,ok,109037.683,Boreas,Elysium,0,very_low,0.030975999999999997,6.3536,0.2900737913486005,0.165054059944648,59.068346055979646
Boreas-Elysium,234,122.5,0.5974,ok,358600.396,Boreas,Elysium,0,medium,0.35688676,73.1815,0.2900737913486005,0.165054059944648,59.068346055979646
Aegis-Elysium,73,20.8,0.103,ok,159621.147,Aegis,Elysium,0,very_low,0.010608999999999999,2.1424,0.3029021390374331,0.16678734255381286,60.362834224598934
Caelum-Dawn,123,24.1,0.2624,ok,137460.814,Caelum,Dawn,0,low,0.06885376000000001,6.323840000000001,0.30429655172413794,0.17370736738192366,28.526896551724136
Aegis-Elysium,6,76.34,0.5735,ok,513429.645,Aegis,Elysium,0,medium,0.32890225,43.78099,0.3029021390374331,0.16678734255381286,60.362834224598934
Caelum-Dawn,19,26.2,0.2847,ok,152533.557,Caelum,Dawn,0,low,0.08105409000000001,7.45914,0.30429655172413794,0.17370736738192366,28.526896551724136
Caelum-Dawn,158,25.1,0.2728,ok,146365.748,Caelum,Dawn,0,low,0.07441983999999999,6.8472800000000005,0.30429655172413794,0.17370736738192366,28.526896551724136
Caelum-Elysium,364,15.6,0.1878,ok,143625.218,Caelum,Elysium,0,very_low,0.035268839999999996,2.92968,0.29901641025641024,0.16467290094562215,25.344512820512822
Caelum-Dawn,152,20.3,0.2208,ok,131545.061,Caelum,Dawn,0,low,0.04875264,4.48224,0.30429655172413794,0.17370736738192366,28.526896551724136
Dawn-Fenix,450,63.9,0.4069,ok,127568.539,Dawn,Fenix,0,medium,0.16556760999999998,26.000909999999998,0.3041873417721519,0.1724694243240588,47.598683544303796
Caelum-Dawn,490,62.0,0.6743,ok,581056.38,Caelum,Dawn,0,high,0.45468049,41.8066,0.30429655172413794,0.17370736738192366,28.526896551724136
Boreas-Elysium,104,1.8,0.0089,ok,98449.818,Boreas,Elysium,0,very_low,7.921e-05,0.01602,0.2900737913486005,0.165054059944648,59.068346055979646
Boreas-Elysium,252,31.0,0.1511,ok,106529.309,Boreas,Elysium,0,very_low,0.022831210000000005,4.684100000000001,0.2900737913486005,0.165054059944648,59.068346055979646
Boreas-Elysium,57,45.6,0.2223,ok,114259.801,Boreas,Elysium,0,low,0.049417289999999996,10.13688,0.2900737913486005,0.165054059944648,59.068346055979646
Boreas-Elysium,452,83.7,0.4083,ok,177524.89,Boreas,Elysium,0,medium,0.16670889,34.17471,0.2900737913486005,0.165054059944648,59.068346055979646
Caelum-Fenix,180,69.1,0.5445,ok,331745.323,Caelum,Fenix,0,medium,0.29648025,37.62495,0.2979977329974811,0.16907325550533112,38.04100755667506
Aegis-Dawn,264,18.2,0.1861,ok,129647.23,Aegis,Dawn,0,very_low,0.03463321,3.3870199999999997,0.3143477922077922,0.16558189329464748,31.258909090909093
Aegis-Boreas,312,66.1,0.3177,ok,86538.368,Aegis,Boreas,0,low,0.10093329,20.999969999999998,0.2911771978021978,0.16781519450328578,59.97527472527472
Boreas-Dawn,9,21.9,0.1084,ok,67825.033,Boreas,Dawn,0,very_low,0.011750559999999998,2.37396,0.2929547120418848,0.16733925578385606,58.52005235602094
Boreas-Dawn,66,36.2,0.1791,ok,77694.575,Boreas,Dawn,0,very_low,0.032076810000000004,6.483420000000001,0.2929547120418848,0.16733925578385606,58.52005235602094
Boreas-Fenix,272,24.9,0.1471,ok,143371.6,Boreas,Fenix,0,very_low,0.021638410000000004,3.66279,0.3080685421994885,0.17007740427160456,51.75457800511509
Caelum-Dawn,4,38.3,0.4158,ok,214368.107,Caelum,Dawn,0,medium,0.17288964,15.925139999999999,0.30429655172413794,0.17370736738192366,28.526896551724136
Aegis-Dawn,457,34.6,0.353,ok,184715.254,Aegis,Dawn,0,low,0.12460899999999998,12.213799999999999,0.3143477922077922,0.16558189329464748,31.258909090909093
Dawn-Fenix,3,30.9,0.1967,ok,84276.462,Dawn,Fenix,0,very_low,0.038690890000000006,6.07803,0.3041873417721519,0.1724694243240588,47.598683544303796
Aegis-Dawn,239,30.1,0.3076,ok,169146.596,Aegis,Dawn,0,low,0.09461776,9.25876,0.3143477922077922,0.16558189329464748,31.258909090909093
Elysium-Fenix,37,44.8,0.2949,ok,228486.81,Elysium,Fenix,0,low,0.08696601,13.211519999999998,0.2866814016172507,0.16585315339481224,43.56679245283019
Dawn-Fenix,286,15.8,0.101,ok,74913.079,Dawn,Fenix,0,very_low,0.010201000000000002,1.5958,0.3041873417721519,0.1724694243240588,47.598683544303796
Dawn-Elysium,185,11.8,0.1715,ok,113445.531,Dawn,Elysium,0,very_low,0.029412250000000004,2.0237000000000003,0.29596,0.16907179960732635,20.87232
Boreas-Fenix,398,50.0,0.2958,ok,184259.663,Boreas,Fenix,0,low,0.08749764,14.790000000000001,0.3080685421994885,0.17007740427160456,51.75457800511509
Boreas-Dawn,198,14.2,0.0705,ok,71630.848,Boreas,Dawn,0,very_low,0.004970249999999999,1.0010999999999999,0.2929547120418848,0.16733925578385606,58.52005235602094
Dawn-Elysium,258,21.9,0.3168,ok,147871.173,Dawn,Elysium,0,low,0.10036224000000002,6.93792,0.29596,0.16907179960732635,20.87232
Aegis-Dawn,356,28.8,0.2939,ok,159142.588,Aegis,Dawn,0,low,0.08637721,8.46432,0.3143477922077922,0.16558189329464748,31.258909090909093
Aegis-Elysium,433,72.5,0.3587,ok,249591.46,Aegis,Elysium,0,low,0.12866569000000003,26.005750000000003,0.3029021390374331,0.16678734255381286,60.362834224598934
Caelum-Elysium,384,22.9,0.2758,ok,168368.681,Caelum,Elysium,0,low,0.07606563999999999,6.3158199999999995,0.29901641025641024,0.16467290094562215,25.344512820512822
Aegis-Elysium,418,102.4,0.5069,ok,388317.639,Aegis,Elysium,0,medium,0.25694761,51.906560000000006,0.3029021390374331,0.16678734255381286,60.362834224598934
Dawn-Fenix,389,26.9,0.1715,ok,78163.625,Dawn,Fenix,0,very_low,0.029412250000000004,4.6133500000000005,0.3041873417721519,0.1724694243240588,47.598683544303796
Aegis-Dawn,387,5.3,0.0541,ok,116157.337,Aegis,Dawn,0,very_low,0.00292681,0.28673,0.3143477922077922,0.16558189329464748,31.258909090909093
Caelum-Elysium,3,6.9,0.0827,ok,125632.8,Caelum,Elysium,0,very_low,0.00683929,0.57063,0.29901641025641024,0.16467290094562215,25.344512820512822
Aegis-Elysium,46,37.8,0.1872,ok,173778.288,Aegis,Elysium,0,very_low,0.03504384,7.07616,0.3029021390374331,0.16678734255381286,60.362834224598934
Dawn-Fenix,482,7.4,0.0469,ok,70307.485,Dawn,Fenix,0,very_low,0.00219961,0.34706,0.3041873417721519,0.1724694243240588,47.598683544303796
Caelum-Fenix,308,37.8,0.2979,ok,153599.254,Caelum,Fenix,0,low,0.08874441,11.26062,0.2979977329974811,0.16907325550533112,38.04100755667506
Dawn-Elysium,260,33.7,0.4884,ok,244711.174,Dawn,Elysium,0,medium,0.23853456,16.45908,0.29596,0.16907179960732635,20.87232
Caelum-Elysium,186,17.7,0.2128,ok,150854.262,Caelum,Elysium,0,low,0.04528384,3.7665599999999997,0.29901641025641024,0.16467290094562215,25.344512820512822
Aegis-Boreas,19,80.84,0.5608,ok,188640.6,Aegis,Boreas,0,medium,0.31449663999999994,45.335072,0.2911771978021978,0.16781519450328578,59.97527472527472
Boreas-Dawn,212,47.8,0.2368,ok,81798.606,Boreas,Dawn,0,low,0.056074240000000004,11.31904,0.2929547120418848,0.16733925578385606,58.52005235602094
Boreas-Dawn,242,31.4,0.1555,ok,76272.9,Boreas,Dawn,0,very_low,0.02418025,4.8827,0.2929547120418848,0.16733925578385606,58.52005235602094
Aegis-Dawn,13,21.3,0.2173,ok,139891.628,Aegis,Dawn,0,low,0.04721929,4.62849,0.3143477922077922,0.16558189329464748,31.258909090909093
Caelum-Dawn,315,31.7,0.3447,ok,173847.856,Caelum,Dawn,0,low,0.11881809,10.92699,0.30429655172413794,0.17370736738192366,28.526896551724136
Dawn-Elysium,311,16.9,0.2454,ok,125019.334,Dawn,Elysium,0,low,0.06022116,4.14726,0.29596,0.16907179960732635,20.87232
Dawn-Elysium,61,15.1,0.219,ok,124950.873,Dawn,Elysium,0,low,0.047961,3.3068999999999997,0.29596,0.16907179960732635,20.87232
Aegis-Elysium,411,49.9,0.2468,ok,187600.413,Aegis,Elysium,0,low,0.06091024,12.31532,0.3029021390374331,0.16678734255381286,60.362834224598934
Caelum-Dawn,155,48.6,0.5283,ok,306917.022,Caelum,Dawn,0,medium,0.27910089,25.67538,0.30429655172413794,0.17370736738192366,28.526896551724136
Dawn-Elysium,182,14.3,0.2077,ok,118526.596,Dawn,Elysium,0,low,0.04313929,2.97011,0.29596,0.16907179960732635,20.87232
Caelum-Dawn,375,28.1,0.3051,ok,154584.781,Caelum,Dawn,0,low,0.09308600999999998,8.57331,0.30429655172413794,0.17370736738192366,28.526896551724136
Boreas-Fenix,255,129.7,0.7675,ok,1151080.013,Boreas,Fenix,0,high,0.58905625,99.54474999999998,0.3080685421994885,0.17007740427160456,51.75457800511509
Caelum-Fenix,153,58.6,0.4617,ok,243135.751,Caelum,Fenix,0,medium,0.21316689,27.05562,0.2979977329974811,0.16907325550533112,38.04100755667506
Dawn-Elysium,107,37.6,0.5447,ok,297686.005,Dawn,Elysium,0,medium,0.29669808999999997,20.480719999999998,0.29596,0.16907179960732635,20.87232
Boreas-Fenix,457,33.3,0.1972,ok,156425.488,Boreas,Fenix,0,very_low,0.03888783999999999,6.566759999999999,0.3080685421994885,0.17007740427160456,51.75457800511509
Aegis-Dawn,216,10.8,0.1098,ok,123731.581,Aegis,Dawn,0,very_low,0.012056039999999999,1.18584,0.3143477922077922,0.16558189329464748,31.258909090909093
Aegis-Elysium,167,123.0,0.609,ok,593049.981,Aegis,Elysium,0,high,0.37088099999999996,74.907,0.3029021390374331,0.16678734255381286,60.362834224598934
Caelum-Elysium,425,42.5,0.5119,ok,331355.57,Caelum,Elysium,0,medium,0.26204161000000004,21.755750000000003,0.29901641025641024,0.16467290094562215,25.344512820512822
Caelum-Dawn,377,27.9,0.3034,ok,157020.789,Caelum,Dawn,0,low,0.09205156,8.46486,0.30429655172413794,0.17370736738192366,28.526896551724136
Boreas-Dawn,180,23.3,0.1151,ok,72454.867,Boreas,Dawn,0,very_low,0.01324801,2.68183,0.2929547120418848,0.16733925578385606,58.52005235602094
Dawn-Elysium,403,40.1,0.5809,ok,347149.51,Dawn,Elysium,0,medium,0.33744481,23.29409,0.29596,0.16907179960732635,20.87232
Aegis-Dawn,232,10.7,0.1088,ok,120574.032,Aegis,Dawn,0,very_low,0.01183744,1.1641599999999999,0.3143477922077922,0.16558189329464748,31.258909090909093
Aegis-Elysium,55,39.4,0.195,ok,175958.267,Aegis,Elysium,0,very_low,0.038025,7.683,0.3029021390374331,0.16678734255381286,60.362834224598934
Caelum-Dawn,440,13.5,0.1463,ok,116260.759,Caelum,Dawn,0,very_low,0.021403690000000003,1.9750500000000002,0.30429655172413794,0.17370736738192366,28.526896551724136
Caelum-Elysium,342,26.8,0.3231,ok,187231.457,Caelum,Elysium,0,low,0.10439361,8.65908,0.29901641025641024,0.16467290094562215,25.344512820512822
Boreas-Fenix,22,36.4,0.2155,ok,159498.089,Boreas,Fenix,0,low,0.046440249999999995,7.8442,0.3080685421994885,0.17007740427160456,51.75457800511509
Aegis-Elysium,144,58.6,0.2902,ok,208198.841,Aegis,Elysium,0,low,0.08421604,17.00572,0.3029021390374331,0.16678734255381286,60.362834224598934
Aegis-Elysium,391,4.6,0.0227,ok,152521.614,Aegis,Elysium,0,very_low,0.0005152900000000001,0.10442,0.3029021390374331,0.16678734255381286,60.362834224598934
Elysium-Fenix,87,50.0,0.3291,ok,241885.32,Elysium,Fenix,0,low,0.10830681,16.455000000000002,0.2866814016172507,0.16585315339481224,43.56679245283019
Boreas-Dawn,254,96.8,0.479,ok,159636.117,Boreas,Dawn,0,medium,0.22944099999999998,46.3672,0.2929547120418848,0.16733925578385606,58.52005235602094
Boreas-Elysium,94,52.9,0.2581,ok,123787.039,Boreas,Elysium,0,low,0.06661560999999999,13.65349,0.2900737913486005,0.165054059944648,59.068346055979646
Aegis-Elysium,374,15.2,0.0751,ok,156584.53,Aegis,Elysium,0,very_low,0.00564001,1.1415199999999999,0.3029021390374331,0.16678734255381286,60.362834224598934
Caelum-Dawn,363,24.6,0.2671,ok,146079.274,Caelum,Dawn,0,low,0.07134241000000001,6.57066,0.30429655172413794,0.17370736738192366,28.526896551724136
Caelum-Fenix,158,59.1,0.4654,ok,250855.249,Caelum,Fenix,0,medium,0.21659715999999998,27.50514,0.2979977329974811,0.16907325550533112,38.04100755667506
Dawn-Elysium,308,37.6,0.5455,ok,301447.23,Dawn,Elysium,0,medium,0.29757025,20.5108,0.29596,0.16907179960732635,20.87232
Boreas-Elysium,81,99.4,0.4849,ok,227566.254,Boreas,Elysium,0,medium,0.23512801,48.19906,0.2900737913486005,0.165054059944648,59.068346055979646
Dawn-Elysium,131,11.7,0.1691,ok,108303.634,Dawn,Elysium,0,very_low,0.028594810000000002,1.97847,0.29596,0.16907179960732635,20.87232
Aegis-Boreas,355,39.1,0.188,ok,68150.06,Aegis,Boreas,0,very_low,0.035344,7.3508000000000004,0.2911771978021978,0.16781519450328578,59.97527472527472
Dawn-Fenix,9,62.8,0.4003,ok,127481.788,Dawn,Fenix,0,medium,0.16024009,25.13884,0.3041873417721519,0.1724694243240588,47.598683544303796
Aegis-Elysium,32,96.0,0.4755,ok,351508.195,Aegis,Elysium,0,medium,0.22610024999999997,45.647999999999996,0.3029021390374331,0.16678734255381286,60.362834224598934
Aegis-Dawn,111,11.9,0.1217,ok,121579.66,Aegis,Dawn,0,very_low,0.01481089,1.4482300000000001,0.3143477922077922,0.16558189329464748,31.258909090909093
Boreas-Fenix,418,39.6,0.2344,ok,162006.85,Boreas,Fenix,0,low,0.05494336,9.28224,0.3080685421994885,0.17007740427160456,51.75457800511509
Dawn-Fenix,156,32.9,0.2095,ok,38236.067,Dawn,Fenix,0,low,0.04389025,6.892549999999999,0.3041873417721519,0.1724694243240588,47.598683544303796
Dawn-Elysium,467,32.3,0.4678,ok,228879.021,Dawn,Elysium,0,medium,0.21883684,15.109939999999998,0.29596,0.16907179960732635,20.87232
Caelum-Fenix,460,54.3,0.4278,ok,220339.975,Caelum,Fenix,0,medium,0.18301284,23.22954,0.2979977329974811,0.16907325550533112,38.04100755667506
Caelum-Fenix,231,38.4,0.3024,ok,151642.305,Caelum,Fenix,0,low,0.09144576,11.61216,0.2979977329974811,0.16907325550533112,38.04100755667506
Dawn-Elysium,353,14.0,0.2023,ok,117645.995,Dawn,Elysium,0,low,0.04092529,2.8322000000000003,0.29596,0.16907179960732635,20.87232
Caelum-Elysium,142,10.6,0.1276,ok,132612.182,Caelum,Elysium,0,very_low,0.01628176,1.3525599999999998,0.29901641025641024,0.16467290094562215,25.344512820512822
Caelum-Fenix,218,32.3,0.2547,ok,139643.727,Caelum,Fenix,0,low,0.06487209,8.226809999999999,0.2979977329974811,0.16907325550533112,38.04100755667506
Caelum-Fenix,128,53.2,0.4192,ok,211374.317,Caelum,Fenix,0,medium,0.17572864000000002,22.301440000000003,0.2979977329974811,0.16907325550533112,38.04100755667506
Caelum-Dawn,438,60.0,0.6518,ok,517157.212,Caelum,Dawn,0,high,0.42484324000000007,39.108000000000004,0.30429655172413794,0.17370736738192366,28.526896551724136
Aegis-Elysium,200,61.8,0.306,ok,213376.659,Aegis,Elysium,0,low,0.093636,18.9108,0.3029021390374331,0.16678734255381286,60.362834224598934
Boreas-Elysium,472,107.9,0.5263,ok,265562.389,Boreas,Elysium,0,medium,0.27699169,56.78777,0.2900737913486005,0.165054059944648,59.068346055979646
Caelum-Dawn,410,27.2,0.2958,ok,148159.459,Caelum,Dawn,0,low,0.08749764,8.04576,0.30429655172413794,0.17370736738192366,28.526896551724136
Caelum-Fenix,49,28.2,0.2221,ok,131686.523,Caelum,Fenix,0,low,0.049328409999999996,6.26322,0.2979977329974811,0.16907325550533112,38.04100755667506
Aegis-Elysium,257,26.6,0.1316,ok,162332.718,Aegis,Elysium,0,very_low,0.01731856,3.50056,0.3029021390374331,0.16678734255381286,60.362834224598934
Aegis-Boreas,90,119.5,0.5745,ok,197817.71,Aegis,Boreas,0,medium,0.33005025,68.65275,0.2911771978021978,0.16781519450328578,59.97527472527472
Boreas-Dawn,88,103.2,0.5107,ok,180092.035,Boreas,Dawn,0,medium,0.26081449000000007,52.704240000000006,0.2929547120418848,0.16733925578385606,58.52005235602094
Aegis-Dawn,37,21.9,0.223,ok,139576.469,Aegis,Dawn,0,low,0.049729,4.8837,0.3143477922077922,0.16558189329464748,31.258909090909093
Aegis-Elysium,449,32.1,0.1591,ok,166884.232,Aegis,Elysium,0,very_low,0.025312809999999998,5.10711,0.3029021390374331,0.16678734255381286,60.362834224598934
Caelum-Elysium,78,13.5,0.1626,ok,143319.44,Caelum,Elysium,0,very_low,0.02643876,2.1951,0.29901641025641024,0.16467290094562215,25.344512820512822
Boreas-Fenix,337,30.86,0.2162,ok,157491.202,Boreas,Fenix,0,low,0.04674244,6.671932,0.3080685421994885,0.17007740427160456,51.75457800511509
Elysium-Fenix,447,17.4,0.1147,ok,174193.196,Elysium,Fenix,0,very_low,0.013156089999999999,1.9957799999999997,0.2866814016172507,0.16585315339481224,43.56679245283019
Aegis-Elysium,61,13.7,0.0678,ok,158797.882,Aegis,Elysium,0,very_low,0.00459684,0.9288599999999999,0.3029021390374331,0.16678734255381286,60.362834224598934
Aegis-Boreas,133,15.1,0.0724,ok,61515.496,Aegis,Boreas,0,very_low,0.005241760000000001,1.09324,0.2911771978021978,0.16781519450328578,59.97527472527472
Aegis-Elysium,430,13.1,0.0649,ok,148359.566,Aegis,Elysium,0,very_low,0.0042120099999999995,0.85019,0.3029021390374331,0.16678734255381286,60.362834224598934
Dawn-Elysium,112,19.1,0.2773,ok,133317.289,Dawn,Elysium,0,low,0.07689528999999999,5.29643,0.29596,0.16907179960732635,20.87232
Dawn-Elysium,340,26.2,0.3791,ok,173665.701,Dawn,Elysium,0,low,0.14371681,9.932419999999999,0.29596,0.16907179960732635,20.87232
Elysium-Fenix,202,103.6,0.6816,ok,883199.777,Elysium,Fenix,0,high,0.46457856,70.61376,0.2866814016172507,0.16585315339481224,43.56679245283019
Aegis-Dawn,431,41.3,0.4217,ok,226912.732,Aegis,Dawn,0,medium,0.17783089000000002,17.41621,0.3143477922077922,0.16558189329464748,31.258909090909093
Boreas-Fenix,420,97.88,0.6271,ok,557267.435,Boreas,Fenix,0,high,0.39325441,61.380548,0.3080685421994885,0.17007740427160456,51.75457800511509
Dawn-Fenix,33,86.6,0.5516,ok,214698.379,Dawn,Fenix,0,medium,0.30426255999999996,47.768559999999994,0.3041873417721519,0.1724694243240588,47.598683544303796
Aegis-Elysium,425,44.4,0.22,ok,183707.125,Aegis,Elysium,0,low,0.0484,9.767999999999999,0.3029021390374331,0.16678734255381286,60.362834224598934
Aegis-Boreas,315,25.0,0.1201,ok,63473.103,Aegis,Boreas,0,very_low,0.01442401,3.0025,0.2911771978021978,0.16781519450328578,59.97527472527472
Elysium-Fenix,397,48.3,0.3176,ok,239926.14,Elysium,Fenix,0,low,0.10086976,15.340079999999999,0.2866814016172507,0.16585315339481224,43.56679245283019
Boreas-Dawn,236,79.8,0.3953,ok,124406.959,Boreas,Dawn,0,low,0.15626209,31.544939999999997,0.2929547120418848,0.16733925578385606,58.52005235602094
Boreas-Fenix,45,36.4,0.2156,ok,159452.295,Boreas,Fenix,0,low,0.04648336000000001,7.847840000000001,0.3080685421994885,0.17007740427160456,51.75457800511509
Dawn-Elysium,317,19.9,0.289,ok,136737.933,Dawn,Elysium,0,low,0.08352099999999998,5.751099999999999,0.29596,0.16907179960732635,20.87232
Elysium-Fenix,217,83.9,0.552,ok,500349.551,Elysium,Fenix,0,medium,0.30470400000000003,46.31280000000001,0.2866814016172507,0.16585315339481224,43.56679245283019
Aegis-Elysium,381,40.9,0.2023,ok,177624.013,Aegis,Elysium,0,low,0.04092529,8.27407,0.3029021390374331,0.16678734255381286,60.362834224598934
Caelum-Elysium,159,14.6,0.1755,ok,142975.545,Caelum,Elysium,0,very_low,0.030800249999999998,2.5622999999999996,0.29901641025641024,0.16467290094562215,25.344512820512822
Dawn-Fenix,361,91.1,0.5804,ok,241538.564,Dawn,Fenix,0,medium,0.33686416,52.87444,0.3041873417721519,0.1724694243240588,47.598683544303796
Caelum-Dawn,395,20.22000000000001,0.1571,ok,119294.419,Caelum,Dawn,0,very_low,0.024680409999999996,3.1765620000000014,0.30429655172413794,0.17370736738192366,28.526896551724136
Boreas-Fenix,88,33.5,0.1985,ok,155682.692,Boreas,Fenix,0,very_low,0.03940225000000001,6.64975,0.3080685421994885,0.17007740427160456,51.75457800511509
Boreas-Fenix,159,85.3,0.5049,ok,884209.392,Boreas,Fenix,0,medium,0.25492401000000003,43.06797,0.3080685421994885,0.17007740427160456,51.75457800511509
Elysium-Fenix,279,46.18,0.3069,ok,226003.92,Elysium,Fenix,0,low,0.09418761,14.172642,0.2866814016172507,0.16585315339481224,43.56679245283019
Aegis-Elysium,305,86.3,0.4272,ok,302271.42,Aegis,Elysium,0,medium,0.18249984000000002,36.86736,0.3029021390374331,0.16678734255381286,60.362834224598934
Dawn-Elysium,491,14.4,0.209,ok,116062.906,Dawn,Elysium,0,low,0.043681,3.0096,0.29596,0.16907179960732635,20.87232
Aegis-Elysium,267,68.9,0.3413,ok,235937.87,Aegis,Elysium,0,low,0.11648568999999999,23.51557,0.3029021390374331,0.16678734255381286,60.362834224598934
Caelum-Fenix,44,68.5,0.5391,ok,323892.916,Caelum,Fenix,0,medium,0.29062881,36.92835,0.2979977329974811,0.16907325550533112,38.04100755667506
Caelum-Elysium,31,14.1,0.1703,ok,137507.533,Caelum,Elysium,0,very_low,0.02900209,2.40123,0.29901641025641024,0.16467290094562215,25.344512820512822
Aegis-Boreas,224,27.7,0.1334,ok,63365.435,Aegis,Boreas,0,very_low,0.01779556,3.6951799999999997,0.2911771978021978,0.16781519450328578,59.97527472527472
Dawn-Fenix,131,48.5,0.3092,ok,99862.169,Dawn,Fenix,0,low,0.09560463999999999,14.996199999999998,0.3041873417721519,0.1724694243240588,47.598683544303796
Caelum-Fenix,59,61.8,0.4865,ok,264789.466,Caelum,Fenix,0,medium,0.23668224999999998,30.0657,0.2979977329974811,0.16907325550533112,38.04100755667506
Caelum-Fenix,171,60.4,0.4758,ok,255842.648,Caelum,Fenix,0,medium,0.22638564,28.738319999999998,0.2979977329974811,0.16907325550533112,38.04100755667506
Aegis-Elysium,298,109.0,0.5398,ok,440400.39,Aegis,Elysium,0,medium,0.29138403999999996,58.83819999999999,0.3029021390374331,0.16678734255381286,60.362834224598934
Boreas-Elysium,402,18.7,0.0912,ok,104126.464,Boreas,Elysium,0,very_low,0.00831744,1.70544,0.2900737913486005,0.165054059944648,59.068346055979646
Boreas-Fenix,363,72.0,0.4258,ok,263639.849,Boreas,Fenix,0,medium,0.18130564000000002,30.657600000000002,0.3080685421994885,0.17007740427160456,51.75457800511509
Aegis-Boreas,283,43.9,0.2108,ok,70838.129,Aegis,Boreas,0,low,0.04443663999999999,9.254119999999999,0.2911771978021978,0.16781519450328578,59.97527472527472
Aegis-Dawn,9,8.3,0.0844,ok,121778.578,Aegis,Dawn,0,very_low,0.0071233600000000005,0.70052,0.3143477922077922,0.16558189329464748,31.258909090909093
Aegis-Elysium,82,84.4,0.4177,ok,290082.826,Aegis,Elysium,0,medium,0.17447329,35.25388,0.3029021390374331,0.16678734255381286,60.362834224598934
Aegis-Elysium,288,117.3,0.5805,ok,522704.447,Aegis,Elysium,0,medium,0.33698025000000004,68.09265,0.3029021390374331,0.16678734255381286,60.362834224598934
Dawn-Fenix,487,114.1,0.7269,ok,480972.118,Dawn,Fenix,0,high,0.52838361,82.93929,0.3041873417721519,0.1724694243240588,47.598683544303796
Aegis-Elysium,54,30.8,0.1527,ok,165572.046,Aegis,Elysium,0,very_low,0.02331729,4.7031600000000005,0.3029021390374331,0.16678734255381286,60.362834224598934
Elysium-Fenix,147,27.1,0.1782,ok,181765.538,Elysium,Fenix,0,very_low,0.03175524,4.82922,0.2866814016172507,0.16585315339481224,43.56679245283019
Caelum-Fenix,248,8.2,0.0647,ok,111915.599,Caelum,Fenix,0,very_low,0.004186089999999999,0.5305399999999999,0.2979977329974811,0.16907325550533112,38.04100755667506
Elysium-Fenix,472,25.2,0.166,ok,356744.984,Elysium,Fenix,0,very_low,0.027556000000000004,4.1832,0.2866814016172507,0.16585315339481224,43.56679245283019
Caelum-Fenix,4,7.9,0.0623,ok,110554.627,Caelum,Fenix,0,very_low,0.0038812900000000003,0.49217000000000005,0.2979977329974811,0.16907325550533112,38.04100755667506
Boreas-Fenix,149,35.1,0.2078,ok,157653.594,Boreas,Fenix,0,low,0.043180840000000005,7.293780000000001,0.3080685421994885,0.17007740427160456,51.75457800511509
Dawn-Elysium,489,26.9,0.3905,ok,177225.838,Dawn,Elysium,0,low,0.15249025000000002,10.50445,0.29596,0.16907179960732635,20.87232
Aegis-Elysium,108,50.5,0.2498,ok,189914.971,Aegis,Elysium,0,low,0.06240004,12.6149,0.3029021390374331,0.16678734255381286,60.362834224598934
Boreas-Elysium,274,15.9,0.0892,ok,97023.786,Boreas,Elysium,0,very_low,0.007956640000000001,1.41828,0.2900737913486005,0.165054059944648,59.068346055979646
Dawn-Fenix,178,37.3,0.2378,ok,86558.401,Dawn,Fenix,0,low,0.05654884,8.86994,0.3041873417721519,0.1724694243240588,47.598683544303796
Caelum-Fenix,451,58.0,0.4568,ok,243663.184,Caelum,Fenix,0,medium,0.20866623999999998,26.4944,0.2979977329974811,0.16907325550533112,38.04100755667506
Aegis-Boreas,289,22.4,0.1076,ok,62159.802,Aegis,Boreas,0,very_low,0.01157776,2.41024,0.2911771978021978,0.16781519450328578,59.97527472527472
Aegis-Elysium,90,97.9,0.4846,ok,363813.427,Aegis,Elysium,0,medium,0.23483716,47.44234,0.3029021390374331,0.16678734255381286,60.362834224598934
Aegis-Elysium,380,1.4,0.0071,ok,150692.764,Aegis,Elysium,0,very_low,5.041000000000001e-05,0.00994,0.3029021390374331,0.16678734255381286,60.362834224598934
Elysium-Fenix,467,95.1,0.6257,ok,682036.702,Elysium,Fenix,0,high,0.39150049000000003,59.50407,0.2866814016172507,0.16585315339481224,43.56679245283019
Aegis-Elysium,14,2.4,0.0117,ok,155679.236,Aegis,Elysium,0,very_low,0.00013689,0.02808,0.3029021390374331,0.16678734255381286,60.362834224598934
Dawn-Fenix,49,12.7,0.0808,ok,72022.671,Dawn,Fenix,0,very_low,0.00652864,1.02616,0.3041873417721519,0.1724694243240588,47.598683544303796
Dawn-Elysium,68,43.52,0.3091,ok,142426.702,Dawn,Elysium,0,low,0.09554280999999999,13.452032,0.29596,0.16907179960732635,20.87232
Dawn-Elysium,289,52.9,0.7672,ok,871893.866,Dawn,Elysium,0,high,0.58859584,40.58488,0.29596,0.16907179960732635,20.87232
Boreas-Elysium,32,79.4,0.3872,ok,167233.495,Boreas,Elysium,0,low,0.14992384,30.74368,0.2900737913486005,0.165054059944648,59.068346055979646
Dawn-Fenix,198,3.5,0.022,ok,70469.851,Dawn,Fenix,0,very_low,0.00048399999999999995,0.077,0.3041873417721519,0.1724694243240588,47.598683544303796
Aegis-Elysium,337,73.0,0.3614,ok,246347.79,Aegis,Elysium,0,low,0.13060996,26.3822,0.3029021390374331,0.16678734255381286,60.362834224598934
Aegis-Dawn,144,15.0,0.1528,ok,128823.534,Aegis,Dawn,0,very_low,0.023347839999999998,2.292,0.3143477922077922,0.16558189329464748,31.258909090909093
Caelum-Fenix,350,42.6,0.3353,ok,167624.897,Caelum,Fenix,0,low,0.11242608999999999,14.28378,0.2979977329974811,0.16907325550533112,38.04100755667506
Boreas-Dawn,324,23.12,0.1629,ok,75415.843,Boreas,Dawn,0,very_low,0.026536409999999996,3.766248,0.2929547120418848,0.16733925578385606,58.52005235602094
Aegis-Elysium,459,54.1,0.268,ok,199235.018,Aegis,Elysium,0,low,0.07182400000000001,14.498800000000001,0.3029021390374331,0.16678734255381286,60.362834224598934
Dawn-Elysium,386,30.0,0.4341,ok,203256.077,Dawn,Elysium,0,medium,0.18844281,13.023,0.29596,0.16907179960732635,20.87232
Boreas-Dawn,434,146.0,0.7227,ok,456473.84,Boreas,Dawn,0,high,0.52229529,105.5142,0.2929547120418848,0.16733925578385606,58.52005235602094
Boreas-Dawn,151,109.7,0.5429,ok,202135.598,Boreas,Dawn,0,medium,0.29474041000000006,59.55613000000001,0.2929547120418848,0.16733925578385606,58.52005235602094
Boreas-Dawn,230,25.6,0.127,ok,69807.949,Boreas,Dawn,0,very_low,0.016129,3.2512000000000003,0.2929547120418848,0.16733925578385606,58.52005235602094
Caelum-Elysium,231,21.1,0.2541,ok,160169.786,Caelum,Elysium,0,low,0.06456681,5.36151,0.29901641025641024,0.16467290094562215,25.344512820512822
Boreas-Elysium,466,6.4,0.0313,ok,96924.174,Boreas,Elysium,0,very_low,0.00097969,0.20032000000000003,0.2900737913486005,0.165054059944648,59.068346055979646
Boreas-Elysium,321,52.5,0.2562,ok,121505.417,Boreas,Elysium,0,low,0.06563843999999999,13.4505,0.2900737913486005,0.165054059944648,59.068346055979646
Caelum-Dawn,421,12.4,0.1351,ok,119329.993,Caelum,Dawn,0,very_low,0.01825201,1.67524,0.30429655172413794,0.17370736738192366,28.526896551724136
Boreas-Elysium,116,76.3,0.372,ok,162514.517,Boreas,Elysium,0,low,0.138384,28.383599999999998,0.2900737913486005,0.165054059944648,59.068346055979646
Elysium-Fenix,460,23.3,0.1533,ok,182298.817,Elysium,Fenix,0,very_low,0.023500889999999997,3.57189,0.2866814016172507,0.16585315339481224,43.56679245283019
Boreas-Elysium,50,100.0,0.4876,ok,235613.446,Boreas,Elysium,0,medium,0.23775375999999998,48.76,0.2900737913486005,0.165054059944648,59.068346055979646
Caelum-Dawn,320,14.6,0.1591,ok,119382.634,Caelum,Dawn,0,very_low,0.025312809999999998,2.32286,0.30429655172413794,0.17370736738192366,28.526896551724136
Caelum-Dawn,337,23.9,0.2597,ok,143387.685,Caelum,Dawn,0,low,0.06744409,6.206829999999999,0.30429655172413794,0.17370736738192366,28.526896551724136
Aegis-Elysium,371,38.44,0.2424,ok,192248.249,Aegis,Elysium,0,low,0.05875776,9.317855999999999,0.3029021390374331,0.16678734255381286,60.362834224598934
Boreas-Elysium,98,108.2,0.528,ok,266459.791,Boreas,Elysium,0,medium,0.27878400000000003,57.1296,0.2900737913486005,0.165054059944648,59.068346055979646
Dawn-Fenix,339,38.9,0.2475,ok,88607.741,Dawn,Fenix,0,low,0.06125625,9.627749999999999,0.3041873417721519,0.1724694243240588,47.598683544303796
Aegis-Dawn,99,39.9,0.4069,ok,216215.921,Aegis,Dawn,0,medium,0.16556760999999998,16.23531,0.3143477922077922,0.16558189329464748,31.258909090909093
Boreas-Elysium,474,17.9,0.0875,ok,100777.664,Boreas,Elysium,0,very_low,0.007656249999999999,1.5662499999999997,0.2900737913486005,0.165054059944648,59.068346055979646
Dawn-Fenix,26,51.3,0.3264,ok,104467.815,Dawn,Fenix,0,low,0.10653696000000001,16.744320000000002,0.3041873417721519,0.1724694243240588,47.598683544303796
Elysium-Fenix,33,86.5,0.5692,ok,533629.825,Elysium,Fenix,0,medium,0.32398864000000005,49.235800000000005,0.2866814016172507,0.16585315339481224,43.56679245283019
Boreas-Dawn,285,15.2,0.0755,ok,69230.193,Boreas,Dawn,0,very_low,0.00570025,1.1476,0.2929547120418848,0.16733925578385606,58.52005235602094
Boreas-Dawn,385,58.3,0.2886,ok,93686.632,Boreas,Dawn,0,low,0.08328996000000001,16.82538,0.2929547120418848,0.16733925578385606,58.52005235602094
Caelum-Dawn,499,24.8,0.2698,ok,146606.865,Caelum,Dawn,0,low,0.07279203999999999,6.69104,0.30429655172413794,0.17370736738192366,28.526896551724136
Dawn-Fenix,211,128.2,0.8163,ok,840382.936,Dawn,Fenix,1,very_high,0.66634569,104.64966,0.3041873417721519,0.1724694243240588,47.598683544303796
Aegis-Elysium,343,82.1,0.4067,ok,286228.64,Aegis,Elysium,0,medium,0.16540489,33.39007,0.3029021390374331,0.16678734255381286,60.362834224598934
Dawn-Elysium,383,5.4,0.0781,ok,105428.695,Dawn,Elysium,0,very_low,0.00609961,0.42174000000000006,0.29596,0.16907179960732635,20.87232
Aegis-Dawn,400,16.2,0.1658,ok,127094.51,Aegis,Dawn,0,very_low,0.027489640000000003,2.68596,0.3143477922077922,0.16558189329464748,31.258909090909093
Dawn-Fenix,367,17.2,0.1093,ok,75951.565,Dawn,Fenix,0,very_low,0.011946489999999999,1.8799599999999999,0.3041873417721519,0.1724694243240588,47.598683544303796
Boreas-Dawn,387,83.1,0.4116,ok,127972.177,Boreas,Dawn,0,medium,0.16941456000000002,34.20396,0.2929547120418848,0.16733925578385606,58.52005235602094
Boreas-Dawn,203,60.9,0.3017,ok,96575.296,Boreas,Dawn,0,low,0.09102289000000001,18.373530000000002,0.2929547120418848,0.16733925578385606,58.52005235602094
Boreas-Elysium,87,19.2,0.0939,ok,100537.32,Boreas,Elysium,0,very_low,0.008817209999999999,1.8028799999999998,0.2900737913486005,0.165054059944648,59.068346055979646
Boreas-Fenix,258,25.0,0.1482,ok,150382.229,Boreas,Fenix,0,very_low,0.02196324,3.705,0.3080685421994885,0.17007740427160456,51.75457800511509
Aegis-Boreas,277,42.4,0.2038,ok,67625.895,Aegis,Boreas,0,low,0.041534440000000006,8.64112,0.2911771978021978,0.16781519450328578,59.97527472527472
Aegis-Dawn,154,19.6,0.1998,ok,133325.128,Aegis,Dawn,0,very_low,0.039920040000000004,3.9160800000000004,0.3143477922077922,0.16558189329464748,31.258909090909093
Caelum-Fenix,442,15.6,0.1231,ok,117703.521,Caelum,Fenix,0,very_low,0.01515361,1.92036,0.2979977329974811,0.16907325550533112,38.04100755667506
Caelum-Dawn,218,57.3,0.6225,ok,451783.841,Caelum,Dawn,0,high,0.38750625000000005,35.66925,0.30429655172413794,0.17370736738192366,28.526896551724136
Caelum-Elysium,123,17.8,0.2148,ok,149514.833,Caelum,Elysium,0,low,0.04613904,3.82344,0.29901641025641024,0.16467290094562215,25.344512820512822
Boreas-Elysium,448,60.9,0.297,ok,134128.544,Boreas,Elysium,0,low,0.088209,18.0873,0.2900737913486005,0.165054059944648,59.068346055979646
Dawn-Fenix,233,85.1,0.5421,ok,205782.872,Dawn,Fenix,0,medium,0.29387241000000003,46.132709999999996,0.3041873417721519,0.1724694243240588,47.598683544303796
Caelum-Dawn,99,11.1,0.1205,ok,117757.282,Caelum,Dawn,0,very_low,0.014520249999999998,1.33755,0.30429655172413794,0.17370736738192366,28.526896551724136
Aegis-Boreas,308,73.1,0.3512,ok,93491.921,Aegis,Boreas,0,low,0.12334144000000001,25.672719999999998,0.2911771978021978,0.16781519450328578,59.97527472527472
Caelum-Fenix,470,12.360000000000005,0.0881,ok,118640.453,Caelum,Fenix,0,very_low,0.0077616099999999995,1.0889160000000004,0.2979977329974811,0.16907325550533112,38.04100755667506
Caelum-Fenix,206,22.1,0.174,ok,124451.072,Caelum,Fenix,0,very_low,0.030275999999999997,3.8454,0.2979977329974811,0.16907325550533112,38.04100755667506
Aegis-Boreas,479,35.8,0.1723,ok,67843.551,Aegis,Boreas,0,very_low,0.02968729,6.16834,0.2911771978021978,0.16781519450328578,59.97527472527472
Boreas-Dawn,16,41.0,0.2028,ok,79525.338,Boreas,Dawn,0,low,0.041127840000000006,8.3148,0.2929547120418848,0.16733925578385606,58.52005235602094
Boreas-Dawn,41,130.0,0.6437,ok,307206.37,Boreas,Dawn,0,high,0.41434969000000005,83.68100000000001,0.2929547120418848,0.16733925578385606,58.52005235602094
Boreas-Elysium,142,66.7,0.3252,ok,142579.656,Boreas,Elysium,0,low,0.10575504,21.69084,0.2900737913486005,0.165054059944648,59.068346055979646
Dawn-Fenix,53,17.0,0.1082,ok,70140.791,Dawn,Fenix,0,very_low,0.01170724,1.8394000000000001,0.3041873417721519,0.1724694243240588,47.598683544303796
Dawn-Elysium,214,21.5,0.3119,ok,141831.48,Dawn,Elysium,0,low,0.09728161,6.70585,0.29596,0.16907179960732635,20.87232
Elysium-Fenix,205,45.8,0.301,ok,229198.05,Elysium,Fenix,0,low,0.09060099999999999,13.785799999999998,0.2866814016172507,0.16585315339481224,43.56679245283019
Boreas-Elysium,215,106.1,0.5173,ok,258482.676,Boreas,Elysium,0,medium,0.26759929,54.885529999999996,0.2900737913486005,0.165054059944648,59.068346055979646
Aegis-Boreas,29,75.7,0.364,ok,96354.792,Aegis,Boreas,0,low,0.132496,27.5548,0.2911771978021978,0.16781519450328578,59.97527472527472
Boreas-Elysium,136,7.3,0.0355,ok,94834.819,Boreas,Elysium,0,very_low,0.0012602499999999999,0.25915,0.2900737913486005,0.165054059944648,59.068346055979646
Caelum-Fenix,109,66.8,0.5259,ok,305650.546,Caelum,Fenix,0,medium,0.27657081000000006,35.13012,0.2979977329974811,0.16907325550533112,38.04100755667506
Elysium-Fenix,28,50.9,0.3348,ok,247167.652,Elysium,Fenix,0,low,0.11209103999999999,17.04132,0.2866814016172507,0.16585315339481224,43.56679245283019
Caelum-Dawn,361,5.8,0.0633,ok,115994.96,Caelum,Dawn,0,very_low,0.004006889999999999,0.36713999999999997,0.30429655172413794,0.17370736738192366,28.526896551724136
Aegis-Dawn,373,14.8,0.1513,ok,126831.533,Aegis,Dawn,0,very_low,0.022891689999999996,2.23924,0.3143477922077922,0.16558189329464748,31.258909090909093
Caelum-Elysium,490,44.8,0.5393,ok,369539.398,Caelum,Elysium,0,medium,0.29084449,24.160639999999997,0.29901641025641024,0.16467290094562215,25.344512820512822
Aegis-Boreas,134,61.1,0.2939,ok,82267.838,Aegis,Boreas,0,low,0.08637721,17.95729,0.2911771978021978,0.16781519450328578,59.97527472527472
Caelum-Fenix,446,51.1,0.4021,ok,199990.6,Caelum,Fenix,0,medium,0.16168441,20.54731,0.2979977329974811,0.16907325550533112,38.04100755667506
Boreas-Elysium,103,59.1,0.2881,ok,127971.954,Boreas,Elysium,0,low,0.08300161000000002,17.02671,0.2900737913486005,0.165054059944648,59.068346055979646
Elysium-Fenix,383,43.2,0.2841,ok,217464.448,Elysium,Fenix,0,low,0.08071281000000001,12.273120000000002,0.2866814016172507,0.16585315339481224,43.56679245283019
Aegis-Dawn,24,14.0,0.1426,ok,127286.911,Aegis,Dawn,0,very_low,0.02033476,1.9964,0.3143477922077922,0.16558189329464748,31.258909090909093
Aegis-Boreas,14,71.1,0.3419,ok,90668.79,Aegis,Boreas,0,low,0.11689560999999998,24.309089999999998,0.2911771978021978,0.16781519450328578,59.97527472527472
Dawn-Fenix,145,25.6,0.1628,ok,74550.516,Dawn,Fenix,0,very_low,0.02650384,4.16768,0.3041873417721519,0.1724694243240588,47.598683544303796
Aegis-Boreas,393,9.3,0.0448,ok,58506.505,Aegis,Boreas,0,very_low,0.00200704,0.41664,0.2911771978021978,0.16781519450328578,59.97527472527472
Boreas-Dawn,440,72.2,0.3575,ok,109169.062,Boreas,Dawn,0,low,0.12780624999999998,25.8115,0.2929547120418848,0.16733925578385606,58.52005235602094
Boreas-Dawn,95,29.8,0.1475,ok,74303.173,Boreas,Dawn,0,very_low,0.021756249999999998,4.3955,0.2929547120418848,0.16733925578385606,58.52005235602094
Boreas-Elysium,479,26.5,0.1295,ok,101749.042,Boreas,Elysium,0,very_low,0.01677025,3.43175,0.2900737913486005,0.165054059944648,59.068346055979646
Dawn-Fenix,180,48.0,0.3056,ok,102085.949,Dawn,Fenix,0,low,0.09339135999999999,14.6688,0.3041873417721519,0.1724694243240588,47.598683544303796
Caelum-Dawn,189,20.5,0.2227,ok,129673.779,Caelum,Dawn,0,low,0.04959529000000001,4.5653500000000005,0.30429655172413794,0.17370736738192366,28.526896551724136
Caelum-Fenix,188,14.7,0.1155,ok,119576.469,Caelum,Fenix,0,very_low,0.013340250000000001,1.69785,0.2979977329974811,0.16907325550533112,38.04100755667506
Caelum-Dawn,14,5.6,0.0604,ok,111426.505,Caelum,Dawn,0,very_low,0.00364816,0.33824,0.30429655172413794,0.17370736738192366,28.526896551724136
Boreas-Elysium,454,74.4,0.3631,ok,154453.684,Boreas,Elysium,0,low,0.13184161,27.01464,0.2900737913486005,0.165054059944648,59.068346055979646
Aegis-Boreas,386,167.8,0.8066,ok,664873.739,Aegis,Boreas,1,very_high,0.65060356,135.34748000000002,0.2911771978021978,0.16781519450328578,59.97527472527472
Dawn-Fenix,263,41.7,0.2654,ok,91054.067,Dawn,Fenix,0,low,0.07043716000000001,11.067180000000002,0.3041873417721519,0.1724694243240588,47.598683544303796
Boreas-Elysium,495,52.1,0.2539,ok,123539.494,Boreas,Elysium,0,low,0.06446521000000001,13.228190000000001,0.2900737913486005,0.165054059944648,59.068346055979646
Dawn-Fenix,152,29.2,0.1859,ok,78932.116,Dawn,Fenix,0,very_low,0.03455881,5.42828,0.3041873417721519,0.1724694243240588,47.598683544303796
Aegis-Dawn,481,33.6,0.3431,ok,179285.368,Aegis,Dawn,0,low,0.11771761000000001,11.528160000000002,0.3143477922077922,0.16558189329464748,31.258909090909093
Elysium-Fenix,245,43.8,0.288,ok,221006.016,Elysium,Fenix,0,low,0.08294399999999999,12.614399999999998,0.2866814016172507,0.16585315339481224,43.56679245283019
Dawn-Elysium,265,15.3,0.2223,ok,122341.805,Dawn,Elysium,0,low,0.049417289999999996,3.40119,0.29596,0.16907179960732635,20.87232
Dawn-Elysium,485,4.68,0.056,ok,102608.639,Dawn,Elysium,0,very_low,0.0031360000000000003,0.26208,0.29596,0.16907179960732635,20.87232
Boreas-Fenix,427,70.9,0.4197,ok,256385.755,Boreas,Fenix,0,medium,0.17614809,29.756730000000005,0.3080685421994885,0.17007740427160456,51.75457800511509
Boreas-Elysium,250,66.8,0.3257,ok,146534.74,Boreas,Elysium,0,low,0.10608049,21.75676,0.2900737913486005,0.165054059944648,59.068346055979646
Caelum-Elysium,254,14.6,0.1758,ok,139012.111,Caelum,Elysium,0,very_low,0.030905640000000005,2.5666800000000003,0.29901641025641024,0.16467290094562215,25.344512820512822
Dawn-Elysium,458,3.9,0.057,ok,100547.999,Dawn,Elysium,0,very_low,0.003249,0.2223,0.29596,0.16907179960732635,20.87232
Dawn-Fenix,438,6.1,0.0386,ok,72036.272,Dawn,Fenix,0,very_low,0.0014899600000000002,0.23546,0.3041873417721519,0.1724694243240588,47.598683544303796
Caelum-Elysium,484,10.9,0.1315,ok,131929.001,Caelum,Elysium,0,very_low,0.017292250000000002,1.4333500000000001,0.29901641025641024,0.16467290094562215,25.344512820512822
Dawn-Fenix,41,91.5,0.5827,ok,124164.318,Dawn,Fenix,0,medium,0.33953929,53.31705,0.3041873417721519,0.1724694243240588,47.598683544303796
Boreas-Elysium,166,26.6,0.1297,ok,98658.894,Boreas,Elysium,0,very_low,0.01682209,3.4500200000000003,0.2900737913486005,0.165054059944648,59.068346055979646
Caelum-Elysium,290,54.4,0.6553,ok,599261.592,Caelum,Elysium,0,high,0.42941809,35.64832,0.29901641025641024,0.16467290094562215,25.344512820512822
Aegis-Dawn,50,39.9,0.4074,ok,218262.036,Aegis,Dawn,0,medium,0.16597476,16.25526,0.3143477922077922,0.16558189329464748,31.258909090909093
Caelum-Dawn,459,22.3,0.2422,ok,76704.098,Caelum,Dawn,0,low,0.05866084,5.40106,0.30429655172413794,0.17370736738192366,28.526896551724136
Caelum-Elysium,386,25.8,0.3108,ok,179512.055,Caelum,Elysium,0,low,0.09659664000000001,8.018640000000001,0.29901641025641024,0.16467290094562215,25.344512820512822
Elysium-Fenix,302,91.9,0.6044,ok,617720.419,Elysium,Fenix,0,high,0.3652993600000001,55.544360000000005,0.2866814016172507,0.16585315339481224,43.56679245283019
Aegis-Dawn,162,47.2,0.4812,ok,275219.548,Aegis,Dawn,0,medium,0.23155344000000003,22.71264,0.3143477922077922,0.16558189329464748,31.258909090909093
Aegis-Elysium,332,44.7,0.2212,ok,182278.761,Aegis,Elysium,0,low,0.048929440000000005,9.887640000000001,0.3029021390374331,0.16678734255381286,60.362834224598934
Aegis-Boreas,192,61.5,0.2955,ok,82249.408,Aegis,Boreas,0,low,0.08732024999999999,18.17325,0.2911771978021978,0.16781519450328578,59.97527472527472
Aegis-Elysium,463,69.03999999999999,0.4238,ok,294491.238,Aegis,Elysium,0,medium,0.17960644,29.259151999999997,0.3029021390374331,0.16678734255381286,60.362834224598934
Elysium-Fenix,115,39.9,0.2628,ok,205228.679,Elysium,Fenix,0,low,0.06906383999999999,10.485719999999999,0.2866814016172507,0.16585315339481224,43.56679245283019
Caelum-Fenix,192,75.4,0.5941,ok,400886.854,Caelum,Fenix,0,medium,0.35295480999999995,44.79514,0.2979977329974811,0.16907325550533112,38.04100755667506
Caelum-Fenix,498,43.0,0.3387,ok,173047.846,Caelum,Fenix,0,low,0.11471769,14.5641,0.2979977329974811,0.16907325550533112,38.04100755667506
Boreas-Dawn,383,105.2,0.5208,ok,186390.143,Boreas,Dawn,0,medium,0.27123264,54.788160000000005,0.2929547120418848,0.16733925578385606,58.52005235602094
Caelum-Dawn,112,28.2,0.3066,ok,156483.393,Caelum,Dawn,0,low,0.09400355999999999,8.64612,0.30429655172413794,0.17370736738192366,28.526896551724136
Boreas-Dawn,10,73.4,0.3632,ok,109963.929,Boreas,Dawn,0,low,0.13191424000000002,26.658880000000003,0.2929547120418848,0.16733925578385606,58.52005235602094
Elysium-Fenix,171,41.1,0.2701,ok,211570.03,Elysium,Fenix,0,low,0.07295401,11.10111,0.2866814016172507,0.16585315339481224,43.56679245283019
Elysium-Fenix,344,72.79999999999998,0.5525,ok,504995.786,Elysium,Fenix,0,medium,0.30525625,40.22199999999999,0.2866814016172507,0.16585315339481224,43.56679245283019
Caelum-Elysium,487,55.6,0.6696,ok,644101.625,Caelum,Elysium,0,high,0.44836415999999996,37.22976,0.29901641025641024,0.16467290094562215,25.344512820512822
Aegis-Elysium,336,67.1,0.3322,ok,231154.774,Aegis,Elysium,0,low,0.11035684,22.290619999999997,0.3029021390374331,0.16678734255381286,60.362834224598934
Boreas-Dawn,291,29.2,0.1447,ok,74260.485,Boreas,Dawn,0,very_low,0.02093809,4.225239999999999,0.2929547120418848,0.16733925578385606,58.52005235602094
Aegis-Dawn,498,14.8,0.1512,ok,127339.604,Aegis,Dawn,0,very_low,0.02286144,2.23776,0.3143477922077922,0.16558189329464748,31.258909090909093
Caelum-Fenix,440,6.7,0.0531,ok,109605.511,Caelum,Fenix,0,very_low,0.00281961,0.35577000000000003,0.2979977329974811,0.16907325550533112,38.04100755667506
Dawn-Elysium,295,40.0,0.5804,ok,580805.45,Dawn,Elysium,0,medium,0.33686416,23.216,0.29596,0.16907179960732635,20.87232
Dawn-Fenix,304,20.2,0.1286,ok,43305.764,Dawn,Fenix,0,very_low,0.016537959999999997,2.59772,0.3041873417721519,0.1724694243240588,47.598683544303796
Aegis-Boreas,419,63.3,0.3043,ok,85220.043,Aegis,Boreas,0,low,0.09259849,19.26219,0.2911771978021978,0.16781519450328578,59.97527472527472
Boreas-Elysium,169,34.3,0.1673,ok,106848.231,Boreas,Elysium,0,very_low,0.02798929,5.73839,0.2900737913486005,0.165054059944648,59.068346055979646
Elysium-Fenix,203,18.0,0.1239,ok,171312.286,Elysium,Fenix,0,very_low,0.015351209999999999,2.2302,0.2866814016172507,0.16585315339481224,43.56679245283019
Boreas-Elysium,71,68.7,0.3352,ok,144962.73,Boreas,Elysium,0,low,0.11235904,23.02824,0.2900737913486005,0.165054059944648,59.068346055979646
Aegis-Boreas,165,113.9,0.5476,ok,179306.723,Aegis,Boreas,0,medium,0.29986576,62.37164,0.2911771978021978,0.16781519450328578,59.97527472527472
Caelum-Fenix,66,51.2,0.4028,ok,203741.903,Caelum,Fenix,0,medium,0.16224784,20.62336,0.2979977329974811,0.16907325550533112,38.04100755667506
Aegis-Dawn,443,47.8,0.4875,ok,279548.347,Aegis,Dawn,0,medium,0.23765624999999999,23.3025,0.3143477922077922,0.16558189329464748,31.258909090909093
Aegis-Boreas,363,78.9,0.3796,ok,101907.067,Aegis,Boreas,0,low,0.14409616,29.95044,0.2911771978021978,0.16781519450328578,59.97527472527472
Aegis-Dawn,284,49.3,0.5034,ok,296949.704,Aegis,Dawn,0,medium,0.25341156,24.817619999999998,0.3143477922077922,0.16558189329464748,31.258909090909093
Caelum-Dawn,104,20.1,0.2184,ok,131511.508,Caelum,Dawn,0,low,0.04769856000000001,4.38984,0.30429655172413794,0.17370736738192366,28.526896551724136
Elysium-Fenix,468,45.3,0.2978,ok,221319.786,Elysium,Fenix,0,low,0.08868484,13.49034,0.2866814016172507,0.16585315339481224,43.56679245283019
Caelum-Dawn,53,13.2,0.1435,ok,120110.427,Caelum,Dawn,0,very_low,0.020592249999999996,1.8941999999999997,0.30429655172413794,0.17370736738192366,28.526896551724136
Aegis-Boreas,319,28.2,0.1356,ok,64160.672,Aegis,Boreas,0,very_low,0.01838736,3.8239199999999998,0.2911771978021978,0.16781519450328578,59.97527472527472
Aegis-Dawn,188,32.0,0.3261,ok,174505.501,Aegis,Dawn,0,low,0.10634121,10.4352,0.3143477922077922,0.16558189329464748,31.258909090909093
Boreas-Elysium,83,32.2,0.1571,ok,104552.658,Boreas,Elysium,0,very_low,0.024680409999999996,5.05862,0.2900737913486005,0.165054059944648,59.068346055979646
Caelum-Elysium,334,43.9,0.5283,ok,349033.586,Caelum,Elysium,0,medium,0.27910089,23.19237,0.29901641025641024,0.16467290094562215,25.344512820512822
Aegis-Boreas,314,62.4,0.3001,ok,82392.689,Aegis,Boreas,0,low,0.09006000999999998,18.726239999999997,0.2911771978021978,0.16781519450328578,59.97527472527472
Boreas-Elysium,449,70.0,0.3412,ok,150216.576,Boreas,Elysium,0,low,0.11641744,23.884,0.2900737913486005,0.165054059944648,59.068346055979646
Boreas-Elysium,470,76.8,0.3747,ok,155241.077,Boreas,Elysium,0,low,0.14040008999999998,28.77696,0.2900737913486005,0.165054059944648,59.068346055979646
Caelum-Elysium,373,39.6,0.4772,ok,294579.041,Caelum,Elysium,0,medium,0.22771984,18.89712,0.29901641025641024,0.16467290094562215,25.344512820512822
Caelum-Elysium,480,11.2,0.1352,ok,139646.516,Caelum,Elysium,0,very_low,0.018279039999999996,1.5142399999999998,0.29901641025641024,0.16467290094562215,25.344512820512822
Boreas-Elysium,19,31.6,0.1542,ok,104388.107,Boreas,Elysium,0,very_low,0.023777640000000003,4.87272,0.2900737913486005,0.165054059944648,59.068346055979646
Caelum-Elysium,82,42.5,0.5122,ok,330548.605,Caelum,Elysium,0,medium,0.26234883999999997,21.7685,0.29901641025641024,0.16467290094562215,25.344512820512822
Aegis-Dawn,279,52.6,0.5371,ok,339381.246,Aegis,Dawn,0,medium,0.28847641,28.25146,0.3143477922077922,0.16558189329464748,31.258909090909093
Caelum-Elysium,306,45.4,0.5468,ok,377597.051,Caelum,Elysium,0,medium,0.29899023999999996,24.824719999999996,0.29901641025641024,0.16467290094562215,25.344512820512822
Caelum-Fenix,359,28.1,0.2214,ok,130436.468,Caelum,Fenix,0,low,0.049017960000000006,6.2213400000000005,0.2979977329974811,0.16907325550533112,38.04100755667506
Aegis-Elysium,328,68.4,0.3385,ok,233623.244,Aegis,Elysium,0,low,0.11458225000000001,23.153400000000005,0.3029021390374331,0.16678734255381286,60.362834224598934
Dawn-Elysium,52,13.9,0.2011,ok,114569.749,Dawn,Elysium,0,low,0.04044121,2.79529,0.29596,0.16907179960732635,20.87232
Dawn-Fenix,302,35.7,0.2272,ok,85259.713,Dawn,Fenix,0,low,0.05161984000000001,8.111040000000001,0.3041873417721519,0.1724694243240588,47.598683544303796
Caelum-Elysium,259,13.5,0.1627,ok,139837.228,Caelum,Elysium,0,very_low,0.026471290000000005,2.19645,0.29901641025641024,0.16467290094562215,25.344512820512822
Boreas-Elysium,236,62.0,0.3026,ok,133663.992,Boreas,Elysium,0,low,0.09156675999999998,18.7612,0.2900737913486005,0.165054059944648,59.068346055979646
Caelum-Fenix,293,37.0,0.291,ok,151515.332,Caelum,Fenix,0,low,0.08468099999999999,10.767,0.2979977329974811,0.16907325550533112,38.04100755667506
Aegis-Dawn,35,27.5,0.2807,ok,156981.711,Aegis,Dawn,0,low,0.07879249,7.71925,0.3143477922077922,0.16558189329464748,31.258909090909093
Dawn-Fenix,359,63.3,0.403,ok,130178.537,Dawn,Fenix,0,medium,0.16240900000000003,25.509900000000002,0.3041873417721519,0.1724694243240588,47.598683544303796
Aegis-Boreas,425,37.6,0.1806,ok,67384.634,Aegis,Boreas,0,very_low,0.032616360000000004,6.790560000000001,0.2911771978021978,0.16781519450328578,59.97527472527472
Caelum-Fenix,475,84.1,0.6622,ok,548682.129,Caelum,Fenix,0,high,0.43850884,55.691019999999995,0.2979977329974811,0.16907325550533112,38.04100755667506
Elysium-Fenix,473,9.8,0.0642,ok,169159.944,Elysium,Fenix,0,very_low,0.004121639999999999,0.6291599999999999,0.2866814016172507,0.16585315339481224,43.56679245283019
Elysium-Fenix,424,48.8,0.3209,ok,236489.19,Elysium,Fenix,0,low,0.10297681000000002,15.65992,0.2866814016172507,0.16585315339481224,43.56679245283019
Dawn-Fenix,192,10.8,0.0686,ok,72910.652,Dawn,Fenix,0,very_low,0.0047059599999999995,0.74088,0.3041873417721519,0.1724694243240588,47.598683544303796
Aegis-Boreas,215,83.7,0.4025,ok,110596.182,Aegis,Boreas,0,medium,0.16200625000000002,33.68925,0.2911771978021978,0.16781519450328578,59.97527472527472
Aegis-Boreas,478,3.8,0.0182,ok,57565.156,Aegis,Boreas,0,very_low,0.00033124,0.06916,0.2911771978021978,0.16781519450328578,59.97527472527472
Boreas-Elysium,150,51.8,0.2526,ok,121990.152,Boreas,Elysium,0,low,0.06380675999999999,13.084679999999999,0.2900737913486005,0.165054059944648,59.068346055979646
Boreas-Fenix,44,30.9,0.1826,ok,153070.944,Boreas,Fenix,0,very_low,0.033342760000000006,5.64234,0.3080685421994885,0.17007740427160456,51.75457800511509
Aegis-Boreas,258,43.1,0.2073,ok,69393.041,Aegis,Boreas,0,low,0.042973290000000004,8.93463,0.2911771978021978,0.16781519450328578,59.97527472527472
Aegis-Elysium,162,70.8,0.3504,ok,245495.784,Aegis,Elysium,0,low,0.12278016,24.80832,0.3029021390374331,0.16678734255381286,60.362834224598934
Dawn-Fenix,68,25.8,0.1645,ok,76636.109,Dawn,Fenix,0,very_low,0.02706025,4.2441,0.3041873417721519,0.1724694243240588,47.598683544303796
Boreas-Dawn,292,28.2,0.1398,ok,73956.782,Boreas,Dawn,0,very_low,0.019544040000000002,3.9423600000000003,0.2929547120418848,0.16733925578385606,58.52005235602094
Caelum-Fenix,89,28.3,0.223,ok,131669.999,Caelum,Fenix,0,low,0.049729,6.3109,0.2979977329974811,0.16907325550533112,38.04100755667506
Aegis-Dawn,244,16.6,0.1691,ok,128012.888,Aegis,Dawn,0,very_low,0.028594810000000002,2.8070600000000003,0.3143477922077922,0.16558189329464748,31.258909090909093
Aegis-Dawn,74,13.8,0.1403,ok,121354.447,Aegis,Dawn,0,very_low,0.01968409,1.9361400000000002,0.3143477922077922,0.16558189329464748,31.258909090909093
Boreas-Dawn,8,24.4,0.1206,ok,72311.568,Boreas,Dawn,0,very_low,0.01454436,2.94264,0.2929547120418848,0.16733925578385606,58.52005235602094
Boreas-Elysium,380,3.5,0.0169,ok,96520.051,Boreas,Elysium,0,very_low,0.00028560999999999994,0.059149999999999994,0.2900737913486005,0.165054059944648,59.068346055979646
Caelum-Dawn,285,6.1,0.0663,ok,114329.262,Caelum,Dawn,0,very_low,0.00439569,0.40442999999999996,0.30429655172413794,0.17370736738192366,28.526896551724136
Elysium-Fenix,436,22.2,0.146,ok,173178.912,Elysium,Fenix,0,very_low,0.021315999999999998,3.2411999999999996,0.2866814016172507,0.16585315339481224,43.56679245283019
Boreas-Elysium,17,47.0,0.2295,ok,115570.859,Boreas,Elysium,0,low,0.05267025,10.7865,0.2900737913486005,0.165054059944648,59.068346055979646
Aegis-Dawn,159,54.5,0.5566,ok,364715.383,Aegis,Dawn,0,medium,0.30980356,30.334699999999998,0.3143477922077922,0.16558189329464748,31.258909090909093
Aegis-Boreas,324,26.1,0.1257,ok,62349.756,Aegis,Boreas,0,very_low,0.01580049,3.2807700000000004,0.2911771978021978,0.16781519450328578,59.97527472527472
Elysium-Fenix,139,39.6,0.2604,ok,207679.671,Elysium,Fenix,0,low,0.06780816,10.311840000000002,0.2866814016172507,0.16585315339481224,43.56679245283019
Aegis-Boreas,444,73.9,0.3554,ok,93345.238,Aegis,Boreas,0,low,0.12630916,26.26406,0.2911771978021978,0.16781519450328578,59.97527472527472
Caelum-Fenix,452,31.7,0.2492,ok,141381.753,Caelum,Fenix,0,low,0.062100640000000006,7.89964,0.2979977329974811,0.16907325550533112,38.04100755667506
Aegis-Boreas,110,92.5,0.4446,ok,123491.669,Aegis,Boreas,0,medium,0.19766915999999998,41.1255,0.2911771978021978,0.16781519450328578,59.97527472527472
Caelum-Dawn,178,27.7,0.3013,ok,158259.756,Caelum,Dawn,0,low,0.09078169000000001,8.34601,0.30429655172413794,0.17370736738192366,28.526896551724136
Boreas-Elysium,277,47.94,0.3325,ok,146096.185,Boreas,Elysium,0,low,0.11055625000000001,15.94005,0.2900737913486005,0.165054059944648,59.068346055979646
Boreas-Dawn,288,63.0,0.3121,ok,99056.627,Boreas,Dawn,0,low,0.09740641,19.6623,0.2929547120418848,0.16733925578385606,58.52005235602094
Aegis-Boreas,94,36.5,0.1757,ok,64984.26,Aegis,Boreas,0,very_low,0.030870489999999997,6.41305,0.2911771978021978,0.16781519450328578,59.97527472527472
Boreas-Elysium,350,25.3,0.1234,ok,100062.579,Boreas,Elysium,0,very_low,0.01522756,3.12202,0.2900737913486005,0.165054059944648,59.068346055979646
Caelum-Dawn,316,34.6,0.3766,ok,186034.708,Caelum,Dawn,0,low,0.14182756,13.03036,0.30429655172413794,0.17370736738192366,28.526896551724136
Elysium-Fenix,266,43.4,0.2854,ok,221129.829,Elysium,Fenix,0,low,0.08145316,12.38636,0.2866814016172507,0.16585315339481224,43.56679245283019
Boreas-Elysium,42,76.7,0.3739,ok,162308.659,Boreas,Elysium,0,low,0.13980121,28.678130000000003,0.2900737913486005,0.165054059944648,59.068346055979646
Caelum-Fenix,227,61.8,0.4868,ok,265054.529,Caelum,Fenix,0,medium,0.23697424,30.084239999999998,0.2979977329974811,0.16907325550533112,38.04100755667506
Boreas-Fenix,477,115.0,0.6806,ok,721872.771,Boreas,Fenix,0,high,0.46321636,78.26899999999999,0.3080685421994885,0.17007740427160456,51.75457800511509
Aegis-Boreas,1,136.4,0.6557,ok,283818.179,Aegis,Boreas,0,high,0.42994248999999995,89.43748,0.2911771978021978,0.16781519450328578,59.97527472527472
Aegis-Dawn,477,42.7,0.4358,ok,232172.458,Aegis,Dawn,0,medium,0.18992164000000003,18.60866,0.3143477922077922,0.16558189329464748,31.258909090909093
Dawn-Fenix,135,65.5,0.4169,ok,135980.624,Dawn,Fenix,0,medium,0.17380561,27.30695,0.3041873417721519,0.1724694243240588,47.598683544303796
Boreas-Fenix,341,89.5,0.5294,ok,368979.177,Boreas,Fenix,0,medium,0.28026436,47.381299999999996,0.3080685421994885,0.17007740427160456,51.75457800511509
Aegis-Dawn,115,55.0,0.5616,ok,371568.793,Aegis,Dawn,0,medium,0.31539456,30.887999999999998,0.3143477922077922,0.16558189329464748,31.258909090909093
Dawn-Fenix,200,53.7,0.3421,ok,106533.473,Dawn,Fenix,0,low,0.11703241000000002,18.37077,0.3041873417721519,0.1724694243240588,47.598683544303796
Caelum-Dawn,69,22.0,0.2391,ok,333275.111,Caelum,Dawn,0,low,0.05716881,5.2602,0.30429655172413794,0.17370736738192366,28.526896551724136
Boreas-Fenix,62,88.2,0.5219,ok,367238.452,Boreas,Fenix,0,medium,0.27237961000000005,46.031580000000005,0.3080685421994885,0.17007740427160456,51.75457800511509
Boreas-Dawn,148,14.9,0.074,ok,67657.895,Boreas,Dawn,0,very_low,0.005475999999999999,1.1026,0.2929547120418848,0.16733925578385606,58.52005235602094
Dawn-Fenix,5,37.7,0.2398,ok,83261.075,Dawn,Fenix,0,low,0.057504040000000006,9.040460000000001,0.3041873417721519,0.1724694243240588,47.598683544303796
Aegis-Boreas,221,47.5,0.2285,ok,72207.227,Aegis,Boreas,0,low,0.05221225,10.85375,0.2911771978021978,0.16781519450328578,59.97527472527472
Aegis-Dawn,311,19.2,0.1961,ok,132488.646,Aegis,Dawn,0,very_low,0.03845521,3.7651199999999996,0.3143477922077922,0.16558189329464748,31.258909090909093
Caelum-Elysium,155,5.5,0.066,ok,127647.119,Caelum,Elysium,0,very_low,0.0043560000000000005,0.363,0.29901641025641024,0.16467290094562215,25.344512820512822
Boreas-Elysium,139,27.2,0.1325,ok,104159.641,Boreas,Elysium,0,very_low,0.017556250000000002,3.604,0.2900737913486005,0.165054059944648,59.068346055979646
Dawn-Fenix,434,44.4,0.2827,ok,94375.466,Dawn,Fenix,0,low,0.07991929,12.55188,0.3041873417721519,0.1724694243240588,47.598683544303796
Boreas-Dawn,139,18.1,0.0895,ok,70211.763,Boreas,Dawn,0,very_low,0.00801025,1.61995,0.2929547120418848,0.16733925578385606,58.52005235602094
Aegis-Boreas,172,21.2,0.1019,ok,62543.338,Aegis,Boreas,0,very_low,0.010383610000000001,2.16028,0.2911771978021978,0.16781519450328578,59.97527472527472
Caelum-Elysium,229,2.4,0.0287,ok,125445.527,Caelum,Elysium,0,very_low,0.00082369,0.06888,0.29901641025641024,0.16467290094562215,25.344512820512822
Dawn-Elysium,92,36.0,0.5223,ok,275998.376,Dawn,Elysium,0,medium,0.27279728999999997,18.802799999999998,0.29596,0.16907179960732635,20.87232
Boreas-Elysium,108,23.7,0.1155,ok,104956.411,Boreas,Elysium,0,very_low,0.013340250000000001,2.73735,0.2900737913486005,0.165054059944648,59.068346055979646
Aegis-Boreas,281,49.1,0.2362,ok,75181.374,Aegis,Boreas,0,low,0.05579044,11.59742,0.2911771978021978,0.16781519450328578,59.97527472527472
Caelum-Fenix,36,77.0,0.6059,ok,421823.315,Caelum,Fenix,0,high,0.36711481,46.6543,0.2979977329974811,0.16907325550533112,38.04100755667506
Caelum-Fenix,357,46.4,0.3652,ok,182943.707,Caelum,Fenix,0,low,0.13337104000000002,16.94528,0.2979977329974811,0.16907325550533112,38.04100755667506
Dawn-Elysium,290,31.7,0.4594,ok,224724.009,Dawn,Elysium,0,medium,0.21104836,14.56298,0.29596,0.16907179960732635,20.87232
Caelum-Elysium,463,27.1,0.326,ok,187717.813,Caelum,Elysium,0,low,0.10627600000000001,8.8346,0.29901641025641024,0.16467290094562215,25.344512820512822
Aegis-Boreas,409,49.9,0.2399,ok,71784.265,Aegis,Boreas,0,low,0.05755201,11.97101,0.2911771978021978,0.16781519450328578,59.97527472527472
Aegis-Dawn,107,25.0,0.2551,ok,149586.883,Aegis,Dawn,0,low,0.06507601,6.3774999999999995,0.3143477922077922,0.16558189329464748,31.258909090909093
Elysium-Fenix,478,14.5,0.0957,ok,166593.993,Elysium,Fenix,0,very_low,0.009158489999999998,1.3876499999999998,0.2866814016172507,0.16585315339481224,43.56679245283019
Elysium-Fenix,61,8.6,0.0566,ok,167104.126,Elysium,Fenix,0,very_low,0.00320356,0.48675999999999997,0.2866814016172507,0.16585315339481224,43.56679245283019
Elysium-Fenix,489,41.4,0.2725,ok,221949.754,Elysium,Fenix,0,low,0.07425625000000001,11.281500000000001,0.2866814016172507,0.16585315339481224,43.56679245283019
Aegis-Dawn,41,0.7,0.0073,ok,120149.352,Aegis,Dawn,0,very_low,5.329e-05,0.00511,0.3143477922077922,0.16558189329464748,31.258909090909093
Boreas-Dawn,346,58.7,0.2903,ok,93481.806,Boreas,Dawn,0,low,0.08427409,17.04061,0.2929547120418848,0.16733925578385606,58.52005235602094
Boreas-Dawn,465,42.5,0.2106,ok,149786.416,Boreas,Dawn,0,low,0.04435236000000001,8.9505,0.2929547120418848,0.16733925578385606,58.52005235602094
Caelum-Fenix,146,20.8,0.1637,ok,119760.973,Caelum,Fenix,0,very_low,0.026797690000000002,3.4049600000000004,0.2979977329974811,0.16907325550533112,38.04100755667506
Caelum-Dawn,496,24.6,0.2676,ok,146346.185,Caelum,Dawn,0,low,0.07160976000000001,6.582960000000001,0.30429655172413794,0.17370736738192366,28.526896551724136
Boreas-Elysium,363,56.6,0.2763,ok,128217.349,Boreas,Elysium,0,low,0.07634168999999999,15.63858,0.2900737913486005,0.165054059944648,59.068346055979646
Caelum-Dawn,369,57.7,0.6273,ok,469757.43,Caelum,Dawn,0,high,0.39350528999999995,36.19521,0.30429655172413794,0.17370736738192366,28.526896551724136
Aegis-Dawn,47,32.0,0.3268,ok,175617.747,Aegis,Dawn,0,low,0.10679823999999999,10.4576,0.3143477922077922,0.16558189329464748,31.258909090909093
Caelum-Dawn,79,15.4,0.1678,ok,121507.556,Caelum,Dawn,0,very_low,0.028156840000000002,2.58412,0.30429655172413794,0.17370736738192366,28.526896551724136
Caelum-Fenix,77,58.9,0.4637,ok,244644.629,Caelum,Fenix,0,medium,0.21501769,27.31193,0.2979977329974811,0.16907325550533112,38.04100755667506
Aegis-Dawn,221,29.0,0.2956,ok,159678.764,Aegis,Dawn,0,low,0.08737935999999999,8.5724,0.3143477922077922,0.16558189329464748,31.258909090909093
Elysium-Fenix,176,41.2,0.271,ok,214118.428,Elysium,Fenix,0,low,0.073441,11.165200000000002,0.2866814016172507,0.16585315339481224,43.56679245283019
Caelum-Elysium,301,62.9,0.7573,ok,1026674.336,Caelum,Elysium,0,high,0.57350329,47.63417,0.29901641025641024,0.16467290094562215,25.344512820512822
Aegis-Elysium,97,47.6,0.2355,ok,186459.715,Aegis,Elysium,0,low,0.055460249999999996,11.2098,0.3029021390374331,0.16678734255381286,60.362834224598934
Aegis-Dawn,114,15.5,0.1581,ok,129330.027,Aegis,Dawn,0,very_low,0.024995609999999998,2.45055,0.3143477922077922,0.16558189329464748,31.258909090909093
Aegis-Dawn,40,55.7,0.5686,ok,383981.329,Aegis,Dawn,0,medium,0.32330596,31.671020000000002,0.3143477922077922,0.16558189329464748,31.258909090909093
Caelum-Elysium,34,20.0,0.2409,ok,151045.948,Caelum,Elysium,0,low,0.058032810000000004,4.818,0.29901641025641024,0.16467290094562215,25.344512820512822
Caelum-Elysium,345,17.9,0.216,ok,150284.506,Caelum,Elysium,0,low,0.046655999999999996,3.8663999999999996,0.29901641025641024,0.16467290094562215,25.344512820512822
Dawn-Elysium,440,34.6,0.5021,ok,257002.888,Dawn,Elysium,0,medium,0.25210441,17.37266,0.29596,0.16907179960732635,20.87232
Boreas-Dawn,179,36.0,0.1782,ok,75365.391,Boreas,Dawn,0,very_low,0.03175524,6.4152,0.2929547120418848,0.16733925578385606,58.52005235602094
Caelum-Elysium,274,38.5,0.464,ok,283061.72,Caelum,Elysium,0,medium,0.21529600000000002,17.864,0.29901641025641024,0.16467290094562215,25.344512820512822
Elysium-Fenix,228,60.5,0.3982,ok,289771.857,Elysium,Fenix,0,low,0.15856324,24.0911,0.2866814016172507,0.16585315339481224,43.56679245283019
Boreas-Dawn,395,86.0,0.4256,ok,133267.524,Boreas,Dawn,0,medium,0.18113536,36.6016,0.2929547120418848,0.16733925578385606,58.52005235602094
Aegis-Dawn,324,23.6,0.2409,ok,144068.283,Aegis,Dawn,0,low,0.058032810000000004,5.68524,0.3143477922077922,0.16558189329464748,31.258909090909093
Aegis-Dawn,325,17.6,0.1794,ok,135525.394,Aegis,Dawn,0,very_low,0.03218436,3.1574400000000002,0.3143477922077922,0.16558189329464748,31.258909090909093
Dawn-Elysium,430,18.8,0.2729,ok,129688.703,Dawn,Elysium,0,low,0.07447440999999999,5.13052,0.29596,0.16907179960732635,20.87232
Boreas-Dawn,444,72.4,0.3584,ok,108385.181,Boreas,Dawn,0,low,0.12845056,25.94816,0.2929547120418848,0.16733925578385606,58.52005235602094
Boreas-Elysium,74,14.5,0.071,ok,98776.051,Boreas,Elysium,0,very_low,0.0050409999999999995,1.0294999999999999,0.2900737913486005,0.165054059944648,59.068346055979646
Caelum-Dawn,378,36.2,0.3939,ok,200213.542,Caelum,Dawn,0,low,0.15515721,14.25918,0.30429655172413794,0.17370736738192366,28.526896551724136
Caelum-Elysium,262,11.0,0.1321,ok,133619.23,Caelum,Elysium,0,very_low,0.01745041,1.4531,0.29901641025641024,0.16467290094562215,25.344512820512822
Aegis-Dawn,475,49.9,0.5092,ok,306829.805,Aegis,Dawn,0,medium,0.25928464,25.40908,0.3143477922077922,0.16558189329464748,31.258909090909093
Caelum-Fenix,144,46.1,0.3632,ok,184236.952,Caelum,Fenix,0,low,0.13191424000000002,16.74352,0.2979977329974811,0.16907325550533112,38.04100755667506
Elysium-Fenix,493,35.4,0.2332,ok,199876.349,Elysium,Fenix,0,low,0.05438224,8.255279999999999,0.2866814016172507,0.16585315339481224,43.56679245283019
Caelum-Fenix,369,16.5,0.13,ok,115009.081,Caelum,Fenix,0,very_low,0.016900000000000002,2.145,0.2979977329974811,0.16907325550533112,38.04100755667506
Caelum-Fenix,209,34.84,0.2126,ok,128424.432,Caelum,Fenix,0,low,0.045198760000000004,7.406984000000001,0.2979977329974811,0.16907325550533112,38.04100755667506
Caelum-Fenix,301,85.3,0.6717,ok,569696.054,Caelum,Fenix,0,high,0.45118088999999995,57.296009999999995,0.2979977329974811,0.16907325550533112,38.04100755667506
Aegis-Elysium,34,112.8,0.5583,ok,483954.434,Aegis,Elysium,0,medium,0.31169889,62.97624,0.3029021390374331,0.16678734255381286,60.362834224598934
Dawn-Elysium,319,22.7,0.3291,ok,146777.317,Dawn,Elysium,0,low,0.10830681,7.4705699999999995,0.29596,0.16907179960732635,20.87232
Caelum-Elysium,109,8.3,0.0995,ok,128247.889,Caelum,Elysium,0,very_low,0.009900250000000001,0.8258500000000001,0.29901641025641024,0.16467290094562215,25.344512820512822
Dawn-Fenix,474,70.8,0.451,ok,150800.314,Dawn,Fenix,0,medium,0.203401,31.930799999999998,0.3041873417721519,0.1724694243240588,47.598683544303796
Caelum-Elysium,453,21.3,0.2561,ok,157333.847,Caelum,Elysium,0,low,0.06558720999999999,5.45493,0.29901641025641024,0.16467290094562215,25.344512820512822
Dawn-Fenix,29,31.2,0.1988,ok,84620.838,Dawn,Fenix,0,very_low,0.039521440000000005,6.20256,0.3041873417721519,0.1724694243240588,47.598683544303796
Caelum-Dawn,233,24.7,0.2689,ok,143977.451,Caelum,Dawn,0,low,0.07230720999999998,6.641829999999999,0.30429655172413794,0.17370736738192366,28.526896551724136
Caelum-Dawn,296,33.2,0.361,ok,179212.444,Caelum,Dawn,0,low,0.130321,11.9852,0.30429655172413794,0.17370736738192366,28.526896551724136
Caelum-Dawn,346,17.1,0.1858,ok,215730.505,Caelum,Dawn,0,very_low,0.03452164,3.1771800000000003,0.30429655172413794,0.17370736738192366,28.526896551724136
Dawn-Elysium,342,29.4,0.4265,ok,199258.778,Dawn,Elysium,0,medium,0.18190225,12.5391,0.29596,0.16907179960732635,20.87232
Aegis-Elysium,152,37.1,0.1836,ok,173804.711,Aegis,Elysium,0,very_low,0.03370896,6.811560000000001,0.3029021390374331,0.16678734255381286,60.362834224598934
Dawn-Elysium,481,10.6,0.153,ok,112335.974,Dawn,Elysium,0,very_low,0.023409,1.6218,0.29596,0.16907179960732635,20.87232
Boreas-Fenix,473,131.0,0.7751,ok,1214224.157,Boreas,Fenix,0,high,0.60078001,101.5381,0.3080685421994885,0.17007740427160456,51.75457800511509
Aegis-Dawn,426,14.6,0.1493,ok,130267.034,Aegis,Dawn,0,very_low,0.022290489999999996,2.1797799999999996,0.3143477922077922,0.16558189329464748,31.258909090909093
Elysium-Fenix,412,21.6,0.1423,ok,177925.977,Elysium,Fenix,0,very_low,0.020249290000000003,3.0736800000000004,0.2866814016172507,0.16585315339481224,43.56679245283019
Dawn-Elysium,151,5.1,0.0741,ok,100905.554,Dawn,Elysium,0,very_low,0.00549081,0.37790999999999997,0.29596,0.16907179960732635,20.87232
Aegis-Dawn,36,29.9,0.3048,ok,160559.035,Aegis,Dawn,0,low,0.09290304,9.11352,0.3143477922077922,0.16558189329464748,31.258909090909093
Elysium-Fenix,31,21.4,0.141,ok,174020.306,Elysium,Fenix,0,very_low,0.019880999999999996,3.0173999999999994,0.2866814016172507,0.16585315339481224,43.56679245283019
Boreas-Dawn,22,14.7,0.0729,ok,67942.112,Boreas,Dawn,0,very_low,0.005314410000000001,1.07163,0.2929547120418848,0.16733925578385606,58.52005235602094
Caelum-Elysium,216,45.3,0.5462,ok,376801.757,Caelum,Elysium,0,medium,0.29833444000000003,24.74286,0.29901641025641024,0.16467290094562215,25.344512820512822
Caelum-Elysium,273,19.5,0.2354,ok,153134.054,Caelum,Elysium,0,low,0.055413159999999996,4.5903,0.29901641025641024,0.16467290094562215,25.344512820512822
Boreas-Fenix,122,37.7,0.223,ok,283747.643,Boreas,Fenix,0,low,0.049729,8.407100000000002,0.3080685421994885,0.17007740427160456,51.75457800511509
Caelum-Dawn,128,14.4,0.1569,ok,123265.239,Caelum,Dawn,0,very_low,0.024617610000000005,2.25936,0.30429655172413794,0.17370736738192366,28.526896551724136
Caelum-Fenix,182,74.5,0.5866,ok,389524.291,Caelum,Fenix,0,medium,0.34409956,43.7017,0.2979977329974811,0.16907325550533112,38.04100755667506
Elysium-Fenix,191,31.3,0.2058,ok,189561.408,Elysium,Fenix,0,low,0.042353640000000005,6.441540000000001,0.2866814016172507,0.16585315339481224,43.56679245283019
Aegis-Dawn,447,51.4,0.5245,ok,321156.084,Aegis,Dawn,0,medium,0.27510025,26.9593,0.3143477922077922,0.16558189329464748,31.258909090909093
Aegis-Boreas,30,27.5,0.132,ok,63400.437,Aegis,Boreas,0,very_low,0.017424000000000002,3.6300000000000003,0.2911771978021978,0.16781519450328578,59.97527472527472
Boreas-Fenix,123,64.0,0.3785,ok,130081.348,Boreas,Fenix,0,low,0.14326225,24.224,0.3080685421994885,0.17007740427160456,51.75457800511509
Boreas-Fenix,42,24.4,0.1446,ok,144973.909,Boreas,Fenix,0,very_low,0.020909160000000003,3.52824,0.3080685421994885,0.17007740427160456,51.75457800511509
Aegis-Dawn,294,46.9,0.4782,ok,271672.886,Aegis,Dawn,0,medium,0.22867524,22.42758,0.3143477922077922,0.16558189329464748,31.258909090909093
Caelum-Elysium,420,3.3,0.0401,ok,126799.723,Caelum,Elysium,0,very_low,0.0016080099999999998,0.13232999999999998,0.29901641025641024,0.16467290094562215,25.344512820512822
Aegis-Boreas,292,40.1,0.1926,ok,68425.317,Aegis,Boreas,0,very_low,0.03709476,7.72326,0.2911771978021978,0.16781519450328578,59.97527472527472
Aegis-Dawn,215,37.3,0.3811,ok,199632.508,Aegis,Dawn,0,low,0.14523721,14.215029999999999,0.3143477922077922,0.16558189329464748,31.258909090909093
Boreas-Elysium,467,93.8,0.4575,ok,208790.042,Boreas,Elysium,0,medium,0.20930625000000003,42.9135,0.2900737913486005,0.165054059944648,59.068346055979646
Dawn-Elysium,327,34.4,0.4993,ok,252483.641,Dawn,Elysium,0,medium,0.24930049,17.17592,0.29596,0.16907179960732635,20.87232
Aegis-Boreas,22,30.3,0.1455,ok,65073.824,Aegis,Boreas,0,very_low,0.021170249999999998,4.40865,0.2911771978021978,0.16781519450328578,59.97527472527472
Boreas-Fenix,376,103.7,0.6134,ok,521285.739,Boreas,Fenix,0,high,0.37625955999999994,63.609579999999994,0.3080685421994885,0.17007740427160456,51.75457800511509
Aegis-Dawn,425,32.1,0.3279,ok,177984.994,Aegis,Dawn,0,low,0.10751841000000002,10.525590000000001,0.3143477922077922,0.16558189329464748,31.258909090909093
Aegis-Dawn,458,25.6,0.2613,ok,152534.49,Aegis,Dawn,0,low,0.06827768999999999,6.68928,0.3143477922077922,0.16558189329464748,31.258909090909093
Aegis-Elysium,87,64.8,0.3206,ok,221973.86,Aegis,Elysium,0,low,0.10278435999999999,20.77488,0.3029021390374331,0.16678734255381286,60.362834224598934
Aegis-Elysium,327,45.7,0.2264,ok,179456.165,Aegis,Elysium,0,low,0.05125696,10.34648,0.3029021390374331,0.16678734255381286,60.362834224598934
Dawn-Fenix,186,86.3,0.5498,ok,214550.623,Dawn,Fenix,0,medium,0.30228003999999997,47.447739999999996,0.3041873417721519,0.1724694243240588,47.598683544303796
Aegis-Boreas,285,33.1,0.1589,ok,66223.472,Aegis,Boreas,0,very_low,0.025249210000000005,5.259590000000001,0.2911771978021978,0.16781519450328578,59.97527472527472
Boreas-Elysium,183,13.3,0.0648,ok,99062.984,Boreas,Elysium,0,very_low,0.004199039999999999,0.86184,0.2900737913486005,0.165054059944648,59.068346055979646
Aegis-Elysium,304,88.1,0.4359,ok,311571.416,Aegis,Elysium,0,medium,0.19000881,38.402789999999996,0.3029021390374331,0.16678734255381286,60.362834224598934
Boreas-Elysium,496,74.2,0.362,ok,152429.267,Boreas,Elysium,0,low,0.131044,26.8604,0.2900737913486005,0.165054059944648,59.068346055979646
Aegis-Dawn,95,42.0,0.4286,ok,230002.015,Aegis,Dawn,0,medium,0.18369796,18.0012,0.3143477922077922,0.16558189329464748,31.258909090909093
Boreas-Dawn,4,67.0,0.3317,ok,99831.406,Boreas,Dawn,0,low,0.11002489,22.2239,0.2929547120418848,0.16733925578385606,58.52005235602094
Caelum-Fenix,80,10.6,0.0835,ok,114791.475,Caelum,Fenix,0,very_low,0.006972250000000001,0.8851,0.2979977329974811,0.16907325550533112,38.04100755667506
Aegis-Elysium,306,56.52,0.3458,ok,232058.363,Aegis,Elysium,0,low,0.11957764,19.544616,0.3029021390374331,0.16678734255381286,60.362834224598934
Caelum-Elysium,187,16.8,0.2018,ok,145934.068,Caelum,Elysium,0,low,0.04072324,3.3902400000000004,0.29901641025641024,0.16467290094562215,25.344512820512822
Boreas-Fenix,131,82.3,0.487,ok,323102.053,Boreas,Fenix,0,medium,0.237169,40.080099999999995,0.3080685421994885,0.17007740427160456,51.75457800511509
Aegis-Elysium,53,82.5,0.4083,ok,288161.896,Aegis,Elysium,0,medium,0.16670889,33.68475,0.3029021390374331,0.16678734255381286,60.362834224598934
Boreas-Elysium,162,74.8,0.3649,ok,157349.231,Boreas,Elysium,0,low,0.13315201000000002,27.29452,0.2900737913486005,0.165054059944648,59.068346055979646
Dawn-Elysium,240,4.9,0.0703,ok,103205.814,Dawn,Elysium,0,very_low,0.0049420900000000005,0.34447000000000005,0.29596,0.16907179960732635,20.87232
Boreas-Dawn,268,39.82,0.3083,ok,98221.981,Boreas,Dawn,0,low,0.09504889000000001,12.276506000000001,0.2929547120418848,0.16733925578385606,58.52005235602094
Dawn-Fenix,172,47.7,0.304,ok,99881.602,Dawn,Fenix,0,low,0.092416,14.5008,0.3041873417721519,0.1724694243240588,47.598683544303796
Boreas-Elysium,79,69.1,0.3368,ok,148689.068,Boreas,Elysium,0,low,0.11343423999999999,23.272879999999997,0.2900737913486005,0.165054059944648,59.068346055979646
Aegis-Boreas,302,6.9,0.0333,ok,60563.736,Aegis,Boreas,0,very_low,0.0011088900000000002,0.22977000000000003,0.2911771978021978,0.16781519450328578,59.97527472527472
Boreas-Dawn,118,71.3,0.3528,ok,106328.338,Boreas,Dawn,0,low,0.12446784,25.15464,0.2929547120418848,0.16733925578385606,58.52005235602094
Boreas-Elysium,107,118.4,0.5775,ok,327267.194,Boreas,Elysium,0,medium,0.33350625,68.376,0.2900737913486005,0.165054059944648,59.068346055979646
Aegis-Dawn,112,60.2,0.6146,ok,464509.007,Aegis,Dawn,0,high,0.37773316000000007,36.998920000000005,0.3143477922077922,0.16558189329464748,31.258909090909093
Caelum-Dawn,481,57.5,0.6251,ok,458623.568,Caelum,Dawn,0,high,0.39075001,35.94325,0.30429655172413794,0.17370736738192366,28.526896551724136
Boreas-Fenix,17,89.9,0.532,ok,377642.99,Boreas,Fenix,0,medium,0.28302400000000005,47.826800000000006,0.3080685421994885,0.17007740427160456,51.75457800511509
Boreas-Elysium,231,54.6,0.2663,ok,121354.169,Boreas,Elysium,0,low,0.07091568999999999,14.53998,0.2900737913486005,0.165054059944648,59.068346055979646
Caelum-Fenix,181,63.1,0.4968,ok,275273.377,Caelum,Fenix,0,medium,0.24681024000000001,31.348080000000003,0.2979977329974811,0.16907325550533112,38.04100755667506
Dawn-Fenix,252,119.8,0.7628,ok,589891.933,Dawn,Fenix,0,high,0.58186384,91.38344000000001,0.3041873417721519,0.1724694243240588,47.598683544303796
Caelum-Elysium,414,19.3,0.2321,ok,156561.304,Caelum,Elysium,0,low,0.05387041,4.4795300000000005,0.29901641025641024,0.16467290094562215,25.344512820512822
Caelum-Elysium,169,11.8,0.1428,ok,131220.589,Caelum,Elysium,0,very_low,0.02039184,1.6850400000000003,0.29901641025641024,0.16467290094562215,25.344512820512822
Boreas-Fenix,340,39.5,0.2337,ok,159218.83,Boreas,Fenix,0,low,0.054615689999999995,9.23115,0.3080685421994885,0.17007740427160456,51.75457800511509
Dawn-Fenix,457,23.8,0.1513,ok,74801.34,Dawn,Fenix,0,very_low,0.022891689999999996,3.60094,0.3041873417721519,0.1724694243240588,47.598683544303796
Dawn-Fenix,463,40.2,0.2557,ok,88561.739,Dawn,Fenix,0,low,0.06538248999999999,10.27914,0.3041873417721519,0.1724694243240588,47.598683544303796
Aegis-Dawn,78,41.3,0.4216,ok,222235.472,Aegis,Dawn,0,medium,0.17774655999999997,17.412079999999996,0.3143477922077922,0.16558189329464748,31.258909090909093
Boreas-Fenix,83,13.2,0.0783,ok,135917.468,Boreas,Fenix,0,very_low,0.006130889999999999,1.0335599999999998,0.3080685421994885,0.17007740427160456,51.75457800511509
Caelum-Elysium,411,55.7,0.6705,ok,648969.528,Caelum,Elysium,0,high,0.44957025,37.34685,0.29901641025641024,0.16467290094562215,25.344512820512822
Caelum-Fenix,482,21.5,0.1692,ok,121271.618,Caelum,Fenix,0,very_low,0.028628639999999997,3.6378,0.2979977329974811,0.16907325550533112,38.04100755667506
Boreas-Dawn,295,117.0,0.5794,ok,233998.828,Boreas,Dawn,0,medium,0.33570436000000003,67.7898,0.2929547120418848,0.16733925578385606,58.52005235602094
Boreas-Fenix,223,74.8,0.4424,ok,274773.444,Boreas,Fenix,0,medium,0.19571776000000002,33.09152,0.3080685421994885,0.17007740427160456,51.75457800511509
Dawn-Elysium,446,17.7,0.2566,ok,128907.54,Dawn,Elysium,0,low,0.06584356,4.5418199999999995,0.29596,0.16907179960732635,20.87232
Boreas-Dawn,283,29.9,0.1478,ok,72813.621,Boreas,Dawn,0,very_low,0.021844839999999997,4.419219999999999,0.2929547120418848,0.16733925578385606,58.52005235602094
Boreas-Elysium,241,12.9,0.0631,ok,95262.756,Boreas,Elysium,0,very_low,0.00398161,0.8139900000000001,0.2900737913486005,0.165054059944648,59.068346055979646
Caelum-Dawn,384,21.4,0.2328,ok,135588.634,Caelum,Dawn,0,low,0.05419584,4.98192,0.30429655172413794,0.17370736738192366,28.526896551724136
Boreas-Elysium,497,86.9,0.4241,ok,187695.185,Boreas,Elysium,0,medium,0.17986080999999998,36.85429,0.2900737913486005,0.165054059944648,59.068346055979646
Dawn-Elysium,8,29.3,0.4242,ok,194958.306,Dawn,Elysium,0,medium,0.17994564000000002,12.429060000000002,0.29596,0.16907179960732635,20.87232
Aegis-Elysium,348,72.4,0.3585,ok,248166.171,Aegis,Elysium,0,low,0.12852224999999998,25.9554,0.3029021390374331,0.16678734255381286,60.362834224598934
Dawn-Fenix,107,37.8,0.2407,ok,86665.197,Dawn,Fenix,0,low,0.05793649,9.09846,0.3041873417721519,0.1724694243240588,47.598683544303796
Dawn-Fenix,355,84.8,0.54,ok,205088.497,Dawn,Fenix,0,medium,0.2916,45.792,0.3041873417721519,0.1724694243240588,47.598683544303796
Caelum-Fenix,111,49.0,0.3855,ok,193003.757,Caelum,Fenix,0,low,0.14861025,18.8895,0.2979977329974811,0.16907325550533112,38.04100755667506
Dawn-Elysium,37,13.5,0.1961,ok,116528.377,Dawn,Elysium,0,very_low,0.03845521,2.64735,0.29596,0.16907179960732635,20.87232
Boreas-Dawn,163,84.0,0.4156,ok,129537.216,Boreas,Dawn,0,medium,0.17272336000000002,34.9104,0.2929547120418848,0.16733925578385606,58.52005235602094
Dawn-Fenix,313,8.0,0.0511,ok,70046.454,Dawn,Fenix,0,very_low,0.00261121,0.4088,0.3041873417721519,0.1724694243240588,47.598683544303796
Boreas-Elysium,269,22.9,0.1772,ok,108308.312,Boreas,Elysium,0,very_low,0.03139984,4.05788,0.2900737913486005,0.165054059944648,59.068346055979646
Boreas-Fenix,10,19.2,0.1137,ok,141347.864,Boreas,Fenix,0,very_low,0.012927689999999999,2.1830399999999996,0.3080685421994885,0.17007740427160456,51.75457800511509
Aegis-Boreas,325,116.0,0.5576,ok,185311.868,Aegis,Boreas,0,medium,0.31091776,64.6816,0.2911771978021978,0.16781519450328578,59.97527472527472
Dawn-Fenix,382,26.1,0.1662,ok,76566.582,Dawn,Fenix,0,very_low,0.027622439999999995,4.33782,0.3041873417721519,0.1724694243240588,47.598683544303796
Caelum-Dawn,251,8.5,0.0921,ok,114737.186,Caelum,Dawn,0,very_low,0.008482410000000001,0.78285,0.30429655172413794,0.17370736738192366,28.526896551724136
Caelum-Fenix,219,30.3,0.2388,ok,137710.958,Caelum,Fenix,0,low,0.057025440000000004,7.235640000000001,0.2979977329974811,0.16907325550533112,38.04100755667506
Aegis-Dawn,328,62.6,0.6387,ok,515555.291,Aegis,Dawn,0,high,0.4079376900000001,39.982620000000004,0.3143477922077922,0.16558189329464748,31.258909090909093
Caelum-Dawn,157,8.8,0.0952,ok,118166.899,Caelum,Dawn,0,very_low,0.009063040000000001,0.8377600000000002,0.30429655172413794,0.17370736738192366,28.526896551724136
Boreas-Dawn,290,94.98,0.5112,ok,179227.471,Boreas,Dawn,0,medium,0.26132543999999996,48.553776,0.2929547120418848,0.16733925578385606,58.52005235602094
Caelum-Elysium,41,25.2,0.3035,ok,176563.553,Caelum,Elysium,0,low,0.09211224999999999,7.648199999999999,0.29901641025641024,0.16467290094562215,25.344512820512822
Aegis-Boreas,38,86.5,0.4159,ok,113955.582,Aegis,Boreas,0,medium,0.17297281,35.97535,0.2911771978021978,0.16781519450328578,59.97527472527472
Aegis-Dawn,454,50.7,0.5176,ok,318790.677,Aegis,Dawn,0,medium,0.26790975999999994,26.24232,0.3143477922077922,0.16558189329464748,31.258909090909093
Caelum-Fenix,154,11.4,0.0894,ok,115558.131,Caelum,Fenix,0,very_low,0.007992359999999999,1.01916,0.2979977329974811,0.16907325550533112,38.04100755667506
Caelum-Fenix,320,45.6,0.3587,ok,181406.615,Caelum,Fenix,0,low,0.12866569000000003,16.356720000000003,0.2979977329974811,0.16907325550533112,38.04100755667506
Aegis-Elysium,20,20.1,0.0994,ok,153586.27,Aegis,Elysium,0,very_low,0.009880360000000001,1.9979400000000003,0.3029021390374331,0.16678734255381286,60.362834224598934
Aegis-Elysium,29,114.1,0.5649,ok,494685.809,Aegis,Elysium,0,medium,0.31911200999999995,64.45509,0.3029021390374331,0.16678734255381286,60.362834224598934
Dawn-Elysium,394,15.9,0.2306,ok,121419.681,Dawn,Elysium,0,low,0.05317636,3.66654,0.29596,0.16907179960732635,20.87232
Aegis-Elysium,487,70.7,0.35,ok,240373.54,Aegis,Elysium,0,low,0.12249999999999998,24.745,0.3029021390374331,0.16678734255381286,60.362834224598934
Boreas-Dawn,131,140.1,0.6936,ok,391973.746,Boreas,Dawn,0,high,0.48108096,97.17335999999999,0.2929547120418848,0.16733925578385606,58.52005235602094
Caelum-Fenix,322,34.1,0.2688,ok,147354.6,Caelum,Fenix,0,low,0.07225343999999999,9.16608,0.2979977329974811,0.16907325550533112,38.04100755667506
Caelum-Fenix,461,19.5,0.1538,ok,120478.111,Caelum,Fenix,0,very_low,0.02365444,2.9991,0.2979977329974811,0.16907325550533112,38.04100755667506
Aegis-Elysium,420,54.0,0.2675,ok,201781.642,Aegis,Elysium,0,low,0.07155625,14.445,0.3029021390374331,0.16678734255381286,60.362834224598934
Elysium-Fenix,334,37.440000000000005,0.2171,ok,196203.78,Elysium,Fenix,0,low,0.04713240999999999,8.128224000000001,0.2866814016172507,0.16585315339481224,43.56679245283019
Aegis-Elysium,33,7.6,0.0377,ok,149427.081,Aegis,Elysium,0,very_low,0.0014212899999999997,0.28651999999999994,0.3029021390374331,0.16678734255381286,60.362834224598934
Boreas-Fenix,303,3.8,0.0224,ok,140241.97,Boreas,Fenix,0,very_low,0.00050176,0.08512,0.3080685421994885,0.17007740427160456,51.75457800511509
Boreas-Dawn,215,64.8,0.321,ok,100664.662,Boreas,Dawn,0,low,0.10304100000000001,20.8008,0.2929547120418848,0.16733925578385606,58.52005235602094
Aegis-Elysium,353,30.3,0.1502,ok,164761.505,Aegis,Elysium,0,very_low,0.02256004,4.5510600000000005,0.3029021390374331,0.16678734255381286,60.362834224598934
Caelum-Elysium,350,8.6,0.1032,ok,134086.747,Caelum,Elysium,0,very_low,0.01065024,0.88752,0.29901641025641024,0.16467290094562215,25.344512820512822
Aegis-Elysium,448,86.8,0.4295,ok,815366.739,Aegis,Elysium,0,medium,0.18447025,37.2806,0.3029021390374331,0.16678734255381286,60.362834224598934
Boreas-Elysium,26,43.6,0.2127,ok,113317.366,Boreas,Elysium,0,low,0.04524129,9.27372,0.2900737913486005,0.165054059944648,59.068346055979646
Dawn-Fenix,45,33.0,0.2103,ok,81073.88,Dawn,Fenix,0,low,0.044226089999999996,6.9399,0.3041873417721519,0.1724694243240588,47.598683544303796
Caelum-Dawn,301,9.4,0.1021,ok,112389.655,Caelum,Dawn,0,very_low,0.010424409999999999,0.95974,0.30429655172413794,0.17370736738192366,28.526896551724136
Boreas-Elysium,126,36.6,0.1788,ok,108978.99,Boreas,Elysium,0,very_low,0.031969439999999995,6.54408,0.2900737913486005,0.165054059944648,59.068346055979646
Aegis-Dawn,432,56.6,0.5777,ok,401001.313,Aegis,Dawn,0,medium,0.33373728999999996,32.69782,0.3143477922077922,0.16558189329464748,31.258909090909093
Caelum-Fenix,252,73.9,0.5818,ok,383098.424,Caelum,Fenix,0,medium,0.33849123999999997,42.995020000000004,0.2979977329974811,0.16907325550533112,38.04100755667506
Caelum-Fenix,450,12.5,0.0982,ok,116228.565,Caelum,Fenix,0,very_low,0.009643239999999999,1.2275,0.2979977329974811,0.16907325550533112,38.04100755667506
Aegis-Boreas,3,55.8,0.2681,ok,76938.079,Aegis,Boreas,0,low,0.07187761000000001,14.95998,0.2911771978021978,0.16781519450328578,59.97527472527472
Boreas-Elysium,210,15.7,0.0767,ok,98081.583,Boreas,Elysium,0,very_low,0.005882890000000001,1.20419,0.2900737913486005,0.165054059944648,59.068346055979646
Aegis-Dawn,386,15.8,0.1612,ok,124092.858,Aegis,Dawn,0,very_low,0.025985440000000002,2.5469600000000003,0.3143477922077922,0.16558189329464748,31.258909090909093
Boreas-Fenix,359,19.0,0.1126,ok,139326.942,Boreas,Fenix,0,very_low,0.01267876,2.1394,0.3080685421994885,0.17007740427160456,51.75457800511509
Boreas-Fenix,80,63.6,0.3761,ok,223932.135,Boreas,Fenix,0,low,0.14145121,23.91996,0.3080685421994885,0.17007740427160456,51.75457800511509
Boreas-Elysium,5,18.9,0.0922,ok,104460.118,Boreas,Elysium,0,very_low,0.00850084,1.74258,0.2900737913486005,0.165054059944648,59.068346055979646
Boreas-Dawn,168,80.6,0.3988,ok,124461.242,Boreas,Dawn,0,low,0.15904143999999998,32.14328,0.2929547120418848,0.16733925578385606,58.52005235602094
Boreas-Elysium,4,45.0,0.2193,ok,263160.668,Boreas,Elysium,0,low,0.048092489999999995,9.8685,0.2900737913486005,0.165054059944648,59.068346055979646
Elysium-Fenix,155,14.3,0.0943,ok,168337.126,Elysium,Fenix,0,very_low,0.00889249,1.34849,0.2866814016172507,0.16585315339481224,43.56679245283019
Boreas-Fenix,358,56.0,0.3314,ok,201690.043,Boreas,Fenix,0,low,0.10982595999999999,18.5584,0.3080685421994885,0.17007740427160456,51.75457800511509
Aegis-Dawn,255,23.6,0.2412,ok,145428.714,Aegis,Dawn,0,low,0.05817744,5.6923200000000005,0.3143477922077922,0.16558189329464748,31.258909090909093
Aegis-Boreas,55,94.3,0.4535,ok,129572.618,Aegis,Boreas,0,medium,0.20566225000000002,42.76505,0.2911771978021978,0.16781519450328578,59.97527472527472
Boreas-Dawn,382,39.0,0.1931,ok,80496.458,Boreas,Dawn,0,very_low,0.03728761,7.5309,0.2929547120418848,0.16733925578385606,58.52005235602094
Caelum-Fenix,21,33.7,0.2656,ok,146389.253,Caelum,Fenix,0,low,0.07054336,8.95072,0.2979977329974811,0.16907325550533112,38.04100755667506
Boreas-Fenix,170,35.0,0.2068,ok,161134.846,Boreas,Fenix,0,low,0.042766240000000004,7.238,0.3080685421994885,0.17007740427160456,51.75457800511509
Boreas-Fenix,428,31.2,0.1849,ok,152999.948,Boreas,Fenix,0,very_low,0.034188010000000005,5.76888,0.3080685421994885,0.17007740427160456,51.75457800511509
Aegis-Dawn,478,17.7,0.181,ok,125004.913,Aegis,Dawn,0,very_low,0.032761,3.2036999999999995,0.3143477922077922,0.16558189329464748,31.258909090909093
Dawn-Fenix,407,9.7,0.0615,ok,71356.035,Dawn,Fenix,0,very_low,0.00378225,0.5965499999999999,0.3041873417721519,0.1724694243240588,47.598683544303796
Aegis-Dawn,359,23.9,0.2437,ok,150211.35,Aegis,Dawn,0,low,0.05938969,5.8244299999999996,0.3143477922077922,0.16558189329464748,31.258909090909093
Dawn-Elysium,18,30.3,0.439,ok,201614.617,Dawn,Elysium,0,medium,0.192721,13.3017,0.29596,0.16907179960732635,20.87232
Caelum-Elysium,55,13.2,0.1585,ok,140985.065,Caelum,Elysium,0,very_low,0.025122250000000002,2.0922,0.29901641025641024,0.16467290094562215,25.344512820512822
Aegis-Elysium,458,22.7,0.1121,ok,160486.416,Aegis,Elysium,0,very_low,0.012566410000000002,2.54467,0.3029021390374331,0.16678734255381286,60.362834224598934
Caelum-Elysium,227,31.12,0.2622,ok,160142.628,Caelum,Elysium,0,low,0.06874883999999999,8.159664,0.29901641025641024,0.16467290094562215,25.344512820512822
Aegis-Dawn,424,19.6,0.1997,ok,136022.203,Aegis,Dawn,0,very_low,0.03988008999999999,3.91412,0.3143477922077922,0.16558189329464748,31.258909090909093
Boreas-Dawn,458,73.5,0.3637,ok,113966.226,Boreas,Dawn,0,low,0.13227769,26.73195,0.2929547120418848,0.16733925578385606,58.52005235602094
Aegis-Boreas,11,77.4,0.3721,ok,101266.459,Aegis,Boreas,0,low,0.13845840999999998,28.80054,0.2911771978021978,0.16781519450328578,59.97527472527472
Caelum-Elysium,69,28.1,0.3382,ok,192898.264,Caelum,Elysium,0,low,0.11437924000000001,9.50342,0.29901641025641024,0.16467290094562215,25.344512820512822
Boreas-Dawn,32,22.5,0.1115,ok,70785.934,Boreas,Dawn,0,very_low,0.01243225,2.50875,0.2929547120418848,0.16733925578385606,58.52005235602094
Aegis-Dawn,339,39.9,0.4075,ok,219560.199,Aegis,Dawn,0,medium,0.16605625,16.259249999999998,0.3143477922077922,0.16558189329464748,31.258909090909093
Dawn-Elysium,219,17.1,0.2473,ok,127000.668,Dawn,Elysium,0,low,0.061157289999999996,4.22883,0.29596,0.16907179960732635,20.87232
Caelum-Fenix,251,18.2,0.1436,ok,123143.317,Caelum,Fenix,0,very_low,0.02062096,2.61352,0.2979977329974811,0.16907325550533112,38.04100755667506
Boreas-Elysium,209,60.7,0.2961,ok,132571.554,Boreas,Elysium,0,low,0.08767520999999999,17.97327,0.2900737913486005,0.165054059944648,59.068346055979646
Dawn-Fenix,403,55.6,0.3541,ok,113412.359,Dawn,Fenix,0,low,0.12538681000000002,19.68796,0.3041873417721519,0.1724694243240588,47.598683544303796
Elysium-Fenix,441,26.7,0.1757,ok,182611.313,Elysium,Fenix,0,very_low,0.030870489999999997,4.69119,0.2866814016172507,0.16585315339481224,43.56679245283019
Boreas-Elysium,343,54.4,0.2653,ok,120409.119,Boreas,Elysium,0,low,0.07038409,14.432319999999999,0.2900737913486005,0.165054059944648,59.068346055979646
Aegis-Elysium,9,56.5,0.2798,ok,203937.426,Aegis,Elysium,0,low,0.07828803999999999,15.8087,0.3029021390374331,0.16678734255381286,60.362834224598934
Boreas-Fenix,251,34.4,0.2036,ok,153367.685,Boreas,Fenix,0,low,0.041452960000000004,7.003839999999999,0.3080685421994885,0.17007740427160456,51.75457800511509
Aegis-Dawn,233,20.5,0.209,ok,135023.131,Aegis,Dawn,0,low,0.043681,4.2844999999999995,0.3143477922077922,0.16558189329464748,31.258909090909093
Aegis-Boreas,448,17.4,0.0836,ok,61609.301,Aegis,Boreas,0,very_low,0.006988959999999999,1.4546399999999997,0.2911771978021978,0.16781519450328578,59.97527472527472
Dawn-Elysium,88,33.2,0.4806,ok,237528.262,Dawn,Elysium,0,medium,0.23097636000000002,15.955920000000003,0.29596,0.16907179960732635,20.87232
Aegis-Boreas,150,48.3,0.2322,ok,71379.241,Aegis,Boreas,0,low,0.053916839999999994,11.215259999999999,0.2911771978021978,0.16781519450328578,59.97527472527472
Boreas-Elysium,129,106.6,0.52,ok,262283.538,Boreas,Elysium,0,medium,0.27040000000000003,55.432,0.2900737913486005,0.165054059944648,59.068346055979646
Dawn-Fenix,30,11.0,0.0701,ok,72250.263,Dawn,Fenix,0,very_low,0.004914009999999999,0.7710999999999999,0.3041873417721519,0.1724694243240588,47.598683544303796
Aegis-Elysium,223,89.4,0.4428,ok,317620.538,Aegis,Elysium,0,medium,0.19607184000000002,39.58632000000001,0.3029021390374331,0.16678734255381286,60.362834224598934
Caelum-Elysium,160,24.8,0.2993,ok,176750.023,Caelum,Elysium,0,low,0.08958049000000001,7.42264,0.29901641025641024,0.16467290094562215,25.344512820512822
Boreas-Elysium,146,61.7,0.3008,ok,133594.139,Boreas,Elysium,0,low,0.09048064,18.55936,0.2900737913486005,0.165054059944648,59.068346055979646
Caelum-Elysium,433,10.3,0.1247,ok,129171.485,Caelum,Elysium,0,very_low,0.01555009,1.28441,0.29901641025641024,0.16467290094562215,25.344512820512822
Boreas-Fenix,243,66.7,0.3944,ok,240126.271,Boreas,Fenix,0,low,0.15555135999999997,26.30648,0.3080685421994885,0.17007740427160456,51.75457800511509
Dawn-Elysium,281,46.1,0.6684,ok,515509.486,Dawn,Elysium,0,high,0.44675855999999997,30.81324,0.29596,0.16907179960732635,20.87232
Dawn-Elysium,146,39.7,0.5751,ok,340350.993,Dawn,Elysium,0,medium,0.3307400099999999,22.83147,0.29596,0.16907179960732635,20.87232
Dawn-Elysium,60,25.1,0.364,ok,166336.8,Dawn,Elysium,0,low,0.132496,9.1364,0.29596,0.16907179960732635,20.87232
Boreas-Fenix,38,43.7,0.2585,ok,164800.083,Boreas,Fenix,0,low,0.06682225,11.296450000000002,0.3080685421994885,0.17007740427160456,51.75457800511509
Aegis-Elysium,323,9.8,0.0483,ok,151971.167,Aegis,Elysium,0,very_low,0.0023328900000000002,0.47334000000000004,0.3029021390374331,0.16678734255381286,60.362834224598934
Boreas-Dawn,356,25.9,0.1284,ok,72221.951,Boreas,Dawn,0,very_low,0.016486559999999997,3.3255599999999994,0.2929547120418848,0.16733925578385606,58.52005235602094
Caelum-Elysium,172,20.2,0.2439,ok,154476.563,Caelum,Elysium,0,low,0.059487210000000006,4.92678,0.29901641025641024,0.16467290094562215,25.344512820512822
Aegis-Boreas,279,1.4,0.0067,ok,60409.376,Aegis,Boreas,0,very_low,4.4890000000000006e-05,0.00938,0.2911771978021978,0.16781519450328578,59.97527472527472
Aegis-Boreas,252,94.9,0.4561,ok,129204.759,Aegis,Boreas,0,medium,0.20802721000000002,43.28389000000001,0.2911771978021978,0.16781519450328578,59.97527472527472
Elysium-Fenix,316,8.8,0.058,ok,168590.135,Elysium,Fenix,0,very_low,0.0033640000000000002,0.5104000000000001,0.2866814016172507,0.16585315339481224,43.56679245283019
Boreas-Elysium,128,42.6,0.2078,ok,114478.322,Boreas,Elysium,0,low,0.043180840000000005,8.85228,0.2900737913486005,0.165054059944648,59.068346055979646
Dawn-Elysium,244,30.5,0.4414,ok,205395.123,Dawn,Elysium,0,medium,0.19483396,13.4627,0.29596,0.16907179960732635,20.87232
Aegis-Dawn,346,14.7,0.1501,ok,127445.528,Aegis,Dawn,0,very_low,0.022530010000000003,2.20647,0.3143477922077922,0.16558189329464748,31.258909090909093
Caelum-Elysium,486,18.9,0.228,ok,155051.382,Caelum,Elysium,0,low,0.051984,4.3092,0.29901641025641024,0.16467290094562215,25.344512820512822
Dawn-Elysium,373,15.8,0.2296,ok,124125.549,Dawn,Elysium,0,low,0.05271616,3.6276800000000002,0.29596,0.16907179960732635,20.87232
Boreas-Dawn,390,47.220000000000006,0.3095,ok,97620.672,Boreas,Dawn,0,low,0.09579025,14.614590000000002,0.2929547120418848,0.16733925578385606,58.52005235602094
Dawn-Elysium,44,39.1,0.5665,ok,325240.77,Dawn,Elysium,0,medium,0.32092225,22.15015,0.29596,0.16907179960732635,20.87232
Boreas-Fenix,75,98.3,0.5819,ok,460612.692,Boreas,Fenix,0,medium,0.33860760999999995,57.20077,0.3080685421994885,0.17007740427160456,51.75457800511509
Aegis-Dawn,67,26.5,0.2707,ok,153619.822,Aegis,Dawn,0,low,0.07327849,7.17355,0.3143477922077922,0.16558189329464748,31.258909090909093
Caelum-Dawn,387,14.5,0.1571,ok,123403.921,Caelum,Dawn,0,very_low,0.024680409999999996,2.2779499999999997,0.30429655172413794,0.17370736738192366,28.526896551724136
Aegis-Dawn,267,43.3,0.4423,ok,243553.644,Aegis,Dawn,0,medium,0.19562929,19.15159,0.3143477922077922,0.16558189329464748,31.258909090909093
Aegis-Boreas,318,97.4,0.4684,ok,134936.015,Aegis,Boreas,0,medium,0.21939856,45.62216,0.2911771978021978,0.16781519450328578,59.97527472527472
Caelum-Elysium,182,21.0,0.2526,ok,154300.178,Caelum,Elysium,0,low,0.06380675999999999,5.3046,0.29901641025641024,0.16467290094562215,25.344512820512822
Aegis-Elysium,188,52.5,0.2598,ok,195948.781,Aegis,Elysium,0,low,0.06749604,13.639499999999998,0.3029021390374331,0.16678734255381286,60.362834224598934
Elysium-Fenix,400,83.8,0.5512,ok,500575.855,Elysium,Fenix,0,medium,0.30382144,46.19056,0.2866814016172507,0.16585315339481224,43.56679245283019
Caelum-Fenix,295,80.9,0.6374,ok,487892.837,Caelum,Fenix,0,high,0.40627875999999996,51.56566,0.2979977329974811,0.16907325550533112,38.04100755667506
Boreas-Fenix,394,97.4,0.5766,ok,446235.134,Boreas,Fenix,0,medium,0.33246756,56.16084,0.3080685421994885,0.17007740427160456,51.75457800511509
Aegis-Dawn,461,67.9,0.693,ok,668681.445,Aegis,Dawn,0,high,0.4802489999999999,47.054700000000004,0.3143477922077922,0.16558189329464748,31.258909090909093
Caelum-Elysium,250,22.0,0.2652,ok,160404.996,Caelum,Elysium,0,low,0.07033104,5.8344,0.29901641025641024,0.16467290094562215,25.344512820512822
Caelum-Fenix,140,27.7,0.2185,ok,128374.691,Caelum,Fenix,0,low,0.04774225,6.052449999999999,0.2979977329974811,0.16907325550533112,38.04100755667506
Aegis-Boreas,40,81.9,0.3937,ok,106364.124,Aegis,Boreas,0,low,0.15499969,32.24403,0.2911771978021978,0.16781519450328578,59.97527472527472
Caelum-Fenix,474,42.9,0.3375,ok,172448.607,Caelum,Fenix,0,low,0.11390625000000001,14.47875,0.2979977329974811,0.16907325550533112,38.04100755667506
Caelum-Dawn,117,10.9,0.1182,ok,119670.664,Caelum,Dawn,0,very_low,0.01397124,1.28838,0.30429655172413794,0.17370736738192366,28.526896551724136
Elysium-Fenix,485,15.0,0.0987,ok,165930.765,Elysium,Fenix,0,very_low,0.009741689999999999,1.4805,0.2866814016172507,0.16585315339481224,43.56679245283019
Boreas-Fenix,287,67.4,0.6103,ok,522450.788,Boreas,Fenix,0,high,0.3724660899999999,41.13422,0.3080685421994885,0.17007740427160456,51.75457800511509
Caelum-Dawn,368,33.7,0.3668,ok,184016.235,Caelum,Dawn,0,low,0.13454224,12.361160000000002,0.30429655172413794,0.17370736738192366,28.526896551724136
Aegis-Elysium,240,45.0,0.2229,ok,181097.394,Aegis,Elysium,0,low,0.04968440999999999,10.0305,0.3029021390374331,0.16678734255381286,60.362834224598934
Aegis-Dawn,139,21.9,0.2239,ok,136469.755,Aegis,Dawn,0,low,0.050131209999999995,4.903409999999999,0.3143477922077922,0.16558189329464748,31.258909090909093
Elysium-Fenix,384,24.3,0.1601,ok,180322.091,Elysium,Fenix,0,very_low,0.025632009999999997,3.89043,0.2866814016172507,0.16585315339481224,43.56679245283019
Boreas-Dawn,35,9.5,0.0472,ok,71001.993,Boreas,Dawn,0,very_low,0.00222784,0.44839999999999997,0.2929547120418848,0.16733925578385606,58.52005235602094
Caelum-Dawn,179,22.0,0.2392,ok,139126.375,Caelum,Dawn,0,low,0.05721664,5.2623999999999995,0.30429655172413794,0.17370736738192366,28.526896551724136
Aegis-Dawn,476,47.1,0.4809,ok,277007.503,Aegis,Dawn,0,medium,0.23126481,22.65039,0.3143477922077922,0.16558189329464748,31.258909090909093
Boreas-Fenix,33,34.9,0.2065,ok,156715.191,Boreas,Fenix,0,low,0.04264224999999999,7.206849999999999,0.3080685421994885,0.17007740427160456,51.75457800511509
Dawn-Fenix,408,70.2,0.4473,ok,151578.231,Dawn,Fenix,0,medium,0.20007729,31.40046,0.3041873417721519,0.1724694243240588,47.598683544303796
Dawn-Elysium,360,2.4,0.0346,ok,101627.493,Dawn,Elysium,0,very_low,0.0011971599999999998,0.08303999999999999,0.29596,0.16907179960732635,20.87232
Aegis-Dawn,361,56.1,0.572,ok,386741.593,Aegis,Dawn,0,medium,0.3271839999999999,32.0892,0.3143477922077922,0.16558189329464748,31.258909090909093
Boreas-Dawn,91,86.0,0.4258,ok,132857.247,Boreas,Dawn,0,medium,0.18130564000000002,36.6188,0.2929547120418848,0.16733925578385606,58.52005235602094
Caelum-Dawn,63,43.6,0.4734,ok,255046.593,Caelum,Dawn,0,medium,0.22410755999999998,20.64024,0.30429655172413794,0.17370736738192366,28.526896551724136
Caelum-Fenix,423,72.6,0.5713,ok,364331.39,Caelum,Fenix,0,medium,0.32638369000000006,41.47638,0.2979977329974811,0.16907325550533112,38.04100755667506
Aegis-Dawn,153,74.2,0.7574,ok,952452.296,Aegis,Dawn,0,high,0.5736547599999999,56.19908,0.3143477922077922,0.16558189329464748,31.258909090909093
Dawn-Elysium,130,39.8,0.5773,ok,336273.738,Dawn,Elysium,0,medium,0.33327529000000006,22.97654,0.29596,0.16907179960732635,20.87232
Caelum-Fenix,29,25.8,0.2032,ok,129888.678,Caelum,Fenix,0,low,0.04129024,5.24256,0.2979977329974811,0.16907325550533112,38.04100755667506
Aegis-Boreas,404,33.7,0.1621,ok,66296.084,Aegis,Boreas,0,very_low,0.026276409999999997,5.46277,0.2911771978021978,0.16781519450328578,59.97527472527472
Dawn-Elysium,43,24.1,0.3488,ok,157398.665,Dawn,Elysium,0,low,0.12166144,8.406080000000001,0.29596,0.16907179960732635,20.87232
Elysium-Fenix,345,67.9,0.447,ok,347100.028,Elysium,Fenix,0,medium,0.19980900000000001,30.351300000000002,0.2866814016172507,0.16585315339481224,43.56679245283019
Caelum-Fenix,173,62.4,0.4911,ok,269594.772,Caelum,Fenix,0,medium,0.24117920999999998,30.64464,0.2979977329974811,0.16907325550533112,38.04100755667506
Aegis-Boreas,416,67.4,0.3238,ok,87449.994,Aegis,Boreas,0,low,0.10484643999999999,21.82412,0.2911771978021978,0.16781519450328578,59.97527472527472
Caelum-Elysium,13,26.8,0.3232,ok,185526.983,Caelum,Elysium,0,low,0.10445824,8.66176,0.29901641025641024,0.16467290094562215,25.344512820512822
Aegis-Boreas,48,34.0,0.1632,ok,63372.718,Aegis,Boreas,0,very_low,0.026634240000000003,5.5488,0.2911771978021978,0.16781519450328578,59.97527472527472
Elysium-Fenix,253,36.1,0.2372,ok,198782.276,Elysium,Fenix,0,low,0.056263839999999996,8.56292,0.2866814016172507,0.16585315339481224,43.56679245283019
Elysium-Fenix,403,52.1,0.3431,ok,243716.088,Elysium,Fenix,0,low,0.11771761000000001,17.875510000000002,0.2866814016172507,0.16585315339481224,43.56679245283019
Caelum-Elysium,310,23.7,0.2856,ok,170351.801,Caelum,Elysium,0,low,0.08156736,6.76872,0.29901641025641024,0.16467290094562215,25.344512820512822
Caelum-Elysium,399,30.9,0.3726,ok,215838.855,Caelum,Elysium,0,low,0.13883076,11.51334,0.29901641025641024,0.16467290094562215,25.344512820512822
Elysium-Fenix,319,83.1,0.5464,ok,484773.385,Elysium,Fenix,0,medium,0.29855296,45.40584,0.2866814016172507,0.16585315339481224,43.56679245283019
Boreas-Fenix,35,30.8,0.182,ok,146135.715,Boreas,Fenix,0,very_low,0.033124,5.6056,0.3080685421994885,0.17007740427160456,51.75457800511509
Boreas-Dawn,332,50.2,0.2486,ok,82483.004,Boreas,Dawn,0,low,0.061801959999999996,12.47972,0.2929547120418848,0.16733925578385606,58.52005235602094
Elysium-Fenix,295,43.3,0.2852,ok,220138.111,Elysium,Fenix,0,low,0.08133904,12.34916,0.2866814016172507,0.16585315339481224,43.56679245283019
Dawn-Elysium,409,6.7,0.0974,ok,106241.067,Dawn,Elysium,0,very_low,0.00948676,0.65258,0.29596,0.16907179960732635,20.87232
Caelum-Fenix,245,10.4,0.0821,ok,114450.292,Caelum,Fenix,0,very_low,0.006740410000000001,0.85384,0.2979977329974811,0.16907325550533112,38.04100755667506
Aegis-Boreas,348,11.1,0.0536,ok,58420.667,Aegis,Boreas,0,very_low,0.0028729600000000004,0.59496,0.2911771978021978,0.16781519450328578,59.97527472527472
Aegis-Boreas,223,79.0,0.38,ok,103032.212,Aegis,Boreas,0,low,0.1444,30.02,0.2911771978021978,0.16781519450328578,59.97527472527472
Caelum-Elysium,332,29.8,0.3586,ok,205355.874,Caelum,Elysium,0,low,0.12859395999999998,10.68628,0.29901641025641024,0.16467290094562215,25.344512820512822
Aegis-Elysium,405,59.2,0.293,ok,210693.556,Aegis,Elysium,0,low,0.085849,17.3456,0.3029021390374331,0.16678734255381286,60.362834224598934
Dawn-Fenix,481,56.7,0.3613,ok,112533.619,Dawn,Fenix,0,low,0.13053769,20.48571,0.3041873417721519,0.1724694243240588,47.598683544303796
Caelum-Fenix,72,32.9,0.2594,ok,142564.673,Caelum,Fenix,0,low,0.06728836,8.53426,0.2979977329974811,0.16907325550533112,38.04100755667506
Caelum-Elysium,308,13.0,0.1564,ok,139796.631,Caelum,Elysium,0,very_low,0.024460960000000004,2.0332000000000003,0.29901641025641024,0.16467290094562215,25.344512820512822
Aegis-Boreas,339,68.8,0.331,ok,90156.053,Aegis,Boreas,0,low,0.109561,22.7728,0.2911771978021978,0.16781519450328578,59.97527472527472
Caelum-Dawn,141,22.1,0.2403,ok,135638.451,Caelum,Dawn,0,low,0.057744090000000005,5.310630000000001,0.30429655172413794,0.17370736738192366,28.526896551724136
Elysium-Fenix,233,75.2,0.4949,ok,402049.034,Elysium,Fenix,0,medium,0.24492601,37.216480000000004,0.2866814016172507,0.16585315339481224,43.56679245283019
Caelum-Dawn,256,52.9,0.5747,ok,369586.51,Caelum,Dawn,0,medium,0.33028008999999997,30.401629999999997,0.30429655172413794,0.17370736738192366,28.526896551724136
Elysium-Fenix,298,67.0,0.4407,ok,327980.993,Elysium,Fenix,0,medium,0.19421649,29.526899999999998,0.2866814016172507,0.16585315339481224,43.56679245283019
Boreas-Elysium,436,106.7,0.5203,ok,264624.482,Boreas,Elysium,0,medium,0.27071208999999996,55.51601,0.2900737913486005,0.165054059944648,59.068346055979646
Caelum-Fenix,387,36.1,0.284,ok,148674.21,Caelum,Fenix,0,low,0.08065599999999999,10.2524,0.2979977329974811,0.16907325550533112,38.04100755667506
Caelum-Elysium,212,40.3,0.4858,ok,301823.028,Caelum,Elysium,0,medium,0.23600164,19.57774,0.29901641025641024,0.16467290094562215,25.344512820512822
Boreas-Dawn,27,19.6,0.0972,ok,69981.999,Boreas,Dawn,0,very_low,0.009447839999999999,1.90512,0.2929547120418848,0.16733925578385606,58.52005235602094
Aegis-Boreas,178,33.8,0.1624,ok,67971.079,Aegis,Boreas,0,very_low,0.026373759999999996,5.489119999999999,0.2911771978021978,0.16781519450328578,59.97527472527472
Caelum-Fenix,393,43.8,0.3447,ok,169095.6,Caelum,Fenix,0,low,0.11881809,15.097859999999999,0.2979977329974811,0.16907325550533112,38.04100755667506
Dawn-Fenix,296,70.2,0.447,ok,145430.101,Dawn,Fenix,0,medium,0.19980900000000001,31.3794,0.3041873417721519,0.1724694243240588,47.598683544303796
Caelum-Elysium,232,27.7,0.3338,ok,188027.796,Caelum,Elysium,0,low,0.11142243999999998,9.24626,0.29901641025641024,0.16467290094562215,25.344512820512822
Caelum-Fenix,416,56.8,0.4472,ok,232853.53,Caelum,Fenix,0,medium,0.19998784,25.400959999999998,0.2979977329974811,0.16907325550533112,38.04100755667506
Dawn-Elysium,392,23.5,0.3403,ok,151644.58,Dawn,Elysium,0,low,0.11580409,7.99705,0.29596,0.16907179960732635,20.87232
Dawn-Elysium,439,24.0,0.3479,ok,154618.981,Dawn,Elysium,0,low,0.12103441,8.349599999999999,0.29596,0.16907179960732635,20.87232
Aegis-Dawn,480,31.8,0.3246,ok,172217.105,Aegis,Dawn,0,low,0.10536516,10.322280000000001,0.3143477922077922,0.16558189329464748,31.258909090909093
Aegis-Boreas,62,29.7,0.143,ok,63098.157,Aegis,Boreas,0,very_low,0.020448999999999995,4.2471,0.2911771978021978,0.16781519450328578,59.97527472527472
Aegis-Elysium,299,70.5,0.349,ok,235944.581,Aegis,Elysium,0,low,0.12180099999999998,24.604499999999998,0.3029021390374331,0.16678734255381286,60.362834224598934
Dawn-Fenix,10,38.1,0.2424,ok,88658.846,Dawn,Fenix,0,low,0.05875776,9.23544,0.3041873417721519,0.1724694243240588,47.598683544303796
Boreas-Elysium,222,79.0,0.3853,ok,167695.058,Boreas,Elysium,0,low,0.14845608999999999,30.438699999999997,0.2900737913486005,0.165054059944648,59.068346055979646
Boreas-Dawn,94,71.9,0.3561,ok,110998.891,Boreas,Dawn,0,low,0.12680721000000003,25.603590000000004,0.2929547120418848,0.16733925578385606,58.52005235602094
Aegis-Boreas,160,11.2,0.0538,ok,61423.73,Aegis,Boreas,0,very_low,0.00289444,0.60256,0.2911771978021978,0.16781519450328578,59.97527472527472
Aegis-Dawn,1,41.4,0.4224,ok,226883.304,Aegis,Dawn,0,medium,0.17842175999999998,17.48736,0.3143477922077922,0.16558189329464748,31.258909090909093
Dawn-Elysium,163,19.0,0.2755,ok,137369.73,Dawn,Elysium,0,low,0.07590025000000002,5.234500000000001,0.29596,0.16907179960732635,20.87232
Caelum-Fenix,98,37.0,0.291,ok,150688.002,Caelum,Fenix,0,low,0.08468099999999999,10.767,0.2979977329974811,0.16907325550533112,38.04100755667506
Boreas-Dawn,345,133.0,0.6585,ok,331246.921,Boreas,Dawn,0,high,0.43362225,87.5805,0.2929547120418848,0.16733925578385606,58.52005235602094
Aegis-Dawn,280,23.7,0.2419,ok,142455.085,Aegis,Dawn,0,low,0.05851561,5.73303,0.3143477922077922,0.16558189329464748,31.258909090909093
Boreas-Dawn,371,64.2,0.4324,ok,137727.882,Boreas,Dawn,0,medium,0.18696976,27.760080000000002,0.2929547120418848,0.16733925578385606,58.52005235602094
Dawn-Elysium,208,14.8,0.2139,ok,120965.699,Dawn,Elysium,0,low,0.04575321,3.1657200000000003,0.29596,0.16907179960732635,20.87232
Boreas-Fenix,332,68.9,0.4078,ok,249826.545,Boreas,Fenix,0,medium,0.16630084,28.097420000000003,0.3080685421994885,0.17007740427160456,51.75457800511509
Elysium-Fenix,170,54.6,0.3592,ok,266617.365,Elysium,Fenix,0,low,0.12902464000000002,19.61232,0.2866814016172507,0.16585315339481224,43.56679245283019
Caelum-Fenix,383,35.3,0.2783,ok,147871.291,Caelum,Fenix,0,low,0.07745089,9.823989999999998,0.2979977329974811,0.16907325550533112,38.04100755667506
Aegis-Elysium,397,77.7,0.3848,ok,268262.988,Aegis,Elysium,0,low,0.14807104,29.89896,0.3029021390374331,0.16678734255381286,60.362834224598934
Dawn-Fenix,335,63.4,0.4041,ok,129048.572,Dawn,Fenix,0,medium,0.16329681000000001,25.61994,0.3041873417721519,0.1724694243240588,47.598683544303796
Boreas-Fenix,483,92.2,0.5453,ok,402992.767,Boreas,Fenix,0,medium,0.29735209,50.27666,0.3080685421994885,0.17007740427160456,51.75457800511509
Aegis-Boreas,193,139.3,0.6698,ok,304857.285,Aegis,Boreas,0,high,0.44863203999999995,93.30314,0.2911771978021978,0.16781519450328578,59.97527472527472
Aegis-Elysium,193,82.3,0.4072,ok,280826.964,Aegis,Elysium,0,medium,0.16581184000000002,33.51256,0.3029021390374331,0.16678734255381286,60.362834224598934
Boreas-Elysium,154,38.2,0.1861,ok,50345.925,Boreas,Elysium,0,very_low,0.03463321,7.10902,0.2900737913486005,0.165054059944648,59.068346055979646
Dawn-Fenix,22,6.9,0.0439,ok,72212.564,Dawn,Fenix,0,very_low,0.0019272100000000002,0.30291,0.3041873417721519,0.1724694243240588,47.598683544303796
Aegis-Boreas,154,46.8,0.2252,ok,71876.809,Aegis,Boreas,0,low,0.05071504,10.53936,0.2911771978021978,0.16781519450328578,59.97527472527472
Caelum-Fenix,310,15.1,0.1192,ok,119270.387,Caelum,Fenix,0,very_low,0.01420864,1.79992,0.2979977329974811,0.16907325550533112,38.04100755667506
Caelum-Elysium,17,20.6,0.2478,ok,154938.707,Caelum,Elysium,0,low,0.061404839999999995,5.10468,0.29901641025641024,0.16467290094562215,25.344512820512822
Boreas-Fenix,495,49.3,0.2914,ok,184106.294,Boreas,Fenix,0,low,0.08491396,14.366019999999999,0.3080685421994885,0.17007740427160456,51.75457800511509
Caelum-Elysium,451,15.5,0.1868,ok,143029.015,Caelum,Elysium,0,very_low,0.03489424,2.8954,0.29901641025641024,0.16467290094562215,25.344512820512822
Aegis-Elysium,455,134.6,0.6661,ok,770700.673,Aegis,Elysium,0,high,0.44368921000000006,89.65706,0.3029021390374331,0.16678734255381286,60.362834224598934
Elysium-Fenix,174,32.5,0.2136,ok,199069.227,Elysium,Fenix,0,low,0.045624960000000006,6.942,0.2866814016172507,0.16585315339481224,43.56679245283019
Dawn-Elysium,462,22.0,0.3193,ok,148943.421,Dawn,Elysium,0,low,0.10195248999999998,7.0245999999999995,0.29596,0.16907179960732635,20.87232
Caelum-Elysium,296,21.8,0.2623,ok,159482.257,Caelum,Elysium,0,low,0.06880128999999999,5.71814,0.29901641025641024,0.16467290094562215,25.344512820512822
Dawn-Fenix,395,78.6,0.5009,ok,177293.784,Dawn,Fenix,0,medium,0.25090081000000003,39.37074,0.3041873417721519,0.1724694243240588,47.598683544303796
Caelum-Dawn,165,47.1,0.5124,ok,293420.744,Caelum,Dawn,0,medium,0.26255375999999997,24.13404,0.30429655172413794,0.17370736738192366,28.526896551724136
Caelum-Dawn,102,5.5,0.0594,ok,112021.499,Caelum,Dawn,0,very_low,0.0035283600000000004,0.3267,0.30429655172413794,0.17370736738192366,28.526896551724136
Dawn-Fenix,208,11.6,0.0736,ok,198158.804,Dawn,Fenix,0,very_low,0.00541696,0.85376,0.3041873417721519,0.1724694243240588,47.598683544303796
Boreas-Dawn,287,9.6,0.0474,ok,67240.896,Boreas,Dawn,0,very_low,0.00224676,0.45503999999999994,0.2929547120418848,0.16733925578385606,58.52005235602094
Caelum-Dawn,86,10.1,0.1099,ok,114327.417,Caelum,Dawn,0,very_low,0.01207801,1.10999,0.30429655172413794,0.17370736738192366,28.526896551724136
Aegis-Boreas,474,35.8,0.1721,ok,67331.395,Aegis,Boreas,0,very_low,0.02961841,6.16118,0.2911771978021978,0.16781519450328578,59.97527472527472
Aegis-Dawn,134,15.9,0.1623,ok,127540.328,Aegis,Dawn,0,very_low,0.02634129,2.5805700000000003,0.3143477922077922,0.16558189329464748,31.258909090909093
Caelum-Fenix,459,49.0,0.3861,ok,195288.155,Caelum,Fenix,0,low,0.14907321,18.9189,0.2979977329974811,0.16907325550533112,38.04100755667506
Dawn-Fenix,81,39.4,0.2511,ok,88355.956,Dawn,Fenix,0,low,0.06305121,9.893339999999998,0.3041873417721519,0.1724694243240588,47.598683544303796
Boreas-Elysium,172,81.8,0.3992,ok,177100.643,Boreas,Elysium,0,low,0.15936064,32.65456,0.2900737913486005,0.165054059944648,59.068346055979646
Caelum-Fenix,235,40.7,0.3205,ok,161437.297,Caelum,Fenix,0,low,0.10272025,13.044350000000001,0.2979977329974811,0.16907325550533112,38.04100755667506
Dawn-Elysium,379,10.3,0.1487,ok,109352.576,Dawn,Elysium,0,very_low,0.02211169,1.5316100000000001,0.29596,0.16907179960732635,20.87232
Boreas-Dawn,196,17.7,0.0878,ok,70552.749,Boreas,Dawn,0,very_low,0.007708840000000001,1.55406,0.2929547120418848,0.16733925578385606,58.52005235602094
Dawn-Fenix,347,40.6,0.2586,ok,88816.288,Dawn,Fenix,0,low,0.06687396,10.49916,0.3041873417721519,0.1724694243240588,47.598683544303796
Aegis-Boreas,42,111.9,0.538,ok,172123.993,Aegis,Boreas,0,medium,0.28944400000000003,60.202200000000005,0.2911771978021978,0.16781519450328578,59.97527472527472
Boreas-Elysium,189,49.5,0.2412,ok,119365.564,Boreas,Elysium,0,low,0.05817744,11.9394,0.2900737913486005,0.165054059944648,59.068346055979646
Caelum-Fenix,104,15.5,0.1219,ok,117581.391,Caelum,Fenix,0,very_low,0.014859609999999999,1.8894499999999999,0.2979977329974811,0.16907325550533112,38.04100755667506
Boreas-Elysium,283,35.8,0.1748,ok,111153.499,Boreas,Elysium,0,very_low,0.030555040000000006,6.25784,0.2900737913486005,0.165054059944648,59.068346055979646
Aegis-Boreas,78,63.5,0.3051,ok,81464.333,Aegis,Boreas,0,low,0.09308600999999998,19.373849999999997,0.2911771978021978,0.16781519450328578,59.97527472527472
Dawn-Elysium,299,2.1,0.0305,ok,101323.163,Dawn,Elysium,0,very_low,0.00093025,0.06405,0.29596,0.16907179960732635,20.87232
Elysium-Fenix,410,42.3,0.2785,ok,219658.64,Elysium,Fenix,0,low,0.07756225000000001,11.78055,0.2866814016172507,0.16585315339481224,43.56679245283019
Boreas-Fenix,277,55.7,0.3298,ok,202459.284,Boreas,Fenix,0,low,0.10876803999999998,18.36986,0.3080685421994885,0.17007740427160456,51.75457800511509
Caelum-Dawn,322,28.1,0.3052,ok,157705.364,Caelum,Dawn,0,low,0.09314704000000001,8.576120000000001,0.30429655172413794,0.17370736738192366,28.526896551724136
Boreas-Elysium,175,61.4,0.2995,ok,134985.977,Boreas,Elysium,0,low,0.08970025,18.3893,0.2900737913486005,0.165054059944648,59.068346055979646
Aegis-Boreas,460,25.7,0.1238,ok,62271.346,Aegis,Boreas,0,very_low,0.015326439999999998,3.18166,0.2911771978021978,0.16781519450328578,59.97527472527472
Boreas-Elysium,147,7.9,0.0385,ok,95339.34,Boreas,Elysium,0,very_low,0.00148225,0.30415000000000003,0.2900737913486005,0.165054059944648,59.068346055979646
Boreas-Fenix,158,68.7,0.4064,ok,245523.034,Boreas,Fenix,0,medium,0.16516096,27.91968,0.3080685421994885,0.17007740427160456,51.75457800511509
Aegis-Elysium,364,61.74,0.6149,ok,607413.441,Aegis,Elysium,0,high,0.37810201,37.963926,0.3029021390374331,0.16678734255381286,60.362834224598934
Caelum-Elysium,85,63.4,0.7634,ok,1063628.759,Caelum,Elysium,0,high,0.58277956,48.399559999999994,0.29901641025641024,0.16467290094562215,25.344512820512822
Aegis-Elysium,368,58.5,0.2895,ok,204527.686,Aegis,Elysium,0,low,0.08381024999999999,16.93575,0.3029021390374331,0.16678734255381286,60.362834224598934
Aegis-Boreas,244,35.6,0.1713,ok,66513.328,Aegis,Boreas,0,very_low,0.029343690000000002,6.098280000000001,0.2911771978021978,0.16781519450328578,59.97527472527472
Dawn-Fenix,260,48.1,0.3066,ok,99885.574,Dawn,Fenix,0,low,0.09400355999999999,14.74746,0.3041873417721519,0.1724694243240588,47.598683544303796
Boreas-Fenix,218,75.5,0.4465,ok,279318.488,Boreas,Fenix,0,medium,0.19936225000000002,33.71075,0.3080685421994885,0.17007740427160456,51.75457800511509
Boreas-Fenix,191,37.5,0.2221,ok,155396.552,Boreas,Fenix,0,low,0.049328409999999996,8.32875,0.3080685421994885,0.17007740427160456,51.75457800511509
Caelum-Dawn,427,1.3,0.0138,ok,109223.422,Caelum,Dawn,0,very_low,0.00019044,0.01794,0.30429655172413794,0.17370736738192366,28.526896551724136
Caelum-Dawn,330,52.8,0.5744,ok,369069.577,Caelum,Dawn,0,medium,0.32993536,30.328319999999998,0.30429655172413794,0.17370736738192366,28.526896551724136
Caelum-Fenix,134,24.5,0.1929,ok,129334.046,Caelum,Fenix,0,very_low,0.03721040999999999,4.72605,0.2979977329974811,0.16907325550533112,38.04100755667506
Boreas-Fenix,392,16.1,0.0952,ok,142162.1,Boreas,Fenix,0,very_low,0.009063040000000001,1.5327200000000003,0.3080685421994885,0.17007740427160456,51.75457800511509
Caelum-Fenix,413,23.7,0.1868,ok,125584.455,Caelum,Fenix,0,very_low,0.03489424,4.42716,0.2979977329974811,0.16907325550533112,38.04100755667506
Boreas-Elysium,207,106.3,0.5187,ok,258341.399,Boreas,Elysium,0,medium,0.26904969000000006,55.13781,0.2900737913486005,0.165054059944648,59.068346055979646
Boreas-Fenix,299,52.2,0.3089,ok,190117.723,Boreas,Fenix,0,low,0.09541921,16.12458,0.3080685421994885,0.17007740427160456,51.75457800511509
Boreas-Fenix,385,17.9,0.1061,ok,142358.987,Boreas,Fenix,0,very_low,0.01125721,1.89919,0.3080685421994885,0.17007740427160456,51.75457800511509
Aegis-Elysium,456,58.2,0.288,ok,211362.662,Aegis,Elysium,0,low,0.08294399999999999,16.761599999999998,0.3029021390374331,0.16678734255381286,60.362834224598934
Elysium-Fenix,134,46.8,0.3077,ok,230189.305,Elysium,Fenix,0,low,0.09467928999999999,14.400359999999997,0.2866814016172507,0.16585315339481224,43.56679245283019
Dawn-Fenix,422,70.8,0.4511,ok,147241.114,Dawn,Fenix,0,medium,0.20349121,31.93788,0.3041873417721519,0.1724694243240588,47.598683544303796
Aegis-Elysium,342,65.9,0.3263,ok,226082.594,Aegis,Elysium,0,low,0.10647168999999998,21.50317,0.3029021390374331,0.16678734255381286,60.362834224598934
Elysium-Fenix,374,70.0,0.4605,ok,353633.692,Elysium,Fenix,0,medium,0.21206025,32.235,0.2866814016172507,0.16585315339481224,43.56679245283019
Boreas-Dawn,126,118.2,0.5854,ok,237944.144,Boreas,Dawn,0,medium,0.34269316000000005,69.19428,0.2929547120418848,0.16733925578385606,58.52005235602094
Dawn-Fenix,418,15.2,0.0969,ok,75888.314,Dawn,Fenix,0,very_low,0.00938961,1.47288,0.3041873417721519,0.1724694243240588,47.598683544303796
Caelum-Dawn,335,18.2,0.1975,ok,126439.665,Caelum,Dawn,0,very_low,0.039006250000000006,3.5945,0.30429655172413794,0.17370736738192366,28.526896551724136
Dawn-Elysium,274,2.5,0.0357,ok,102915.581,Dawn,Elysium,0,very_low,0.00127449,0.08925000000000001,0.29596,0.16907179960732635,20.87232
Elysium-Fenix,129,15.5,0.1018,ok,175509.079,Elysium,Fenix,0,very_low,0.010363240000000001,1.5779,0.2866814016172507,0.16585315339481224,43.56679245283019
Caelum-Elysium,258,14.4,0.1732,ok,140501.228,Caelum,Elysium,0,very_low,0.02999824,2.49408,0.29901641025641024,0.16467290094562215,25.344512820512822
Boreas-Elysium,11,86.5,0.422,ok,189535.861,Boreas,Elysium,0,medium,0.178084,36.503,0.2900737913486005,0.165054059944648,59.068346055979646
Aegis-Dawn,34,41.3,0.4211,ok,224122.957,Aegis,Dawn,0,medium,0.17732520999999998,17.391429999999996,0.3143477922077922,0.16558189329464748,31.258909090909093
Caelum-Fenix,367,32.6,0.2568,ok,144725.622,Caelum,Fenix,0,low,0.06594623999999999,8.37168,0.2979977329974811,0.16907325550533112,38.04100755667506
Aegis-Elysium,372,41.4,0.2051,ok,181362.813,Aegis,Elysium,0,low,0.04206601,8.49114,0.3029021390374331,0.16678734255381286,60.362834224598934
Aegis-Dawn,455,31.9,0.3255,ok,173843.976,Aegis,Dawn,0,low,0.10595025000000001,10.38345,0.3143477922077922,0.16558189329464748,31.258909090909093
Caelum-Elysium,108,41.3,0.4971,ok,313735.247,Caelum,Elysium,0,medium,0.24710840999999997,20.53023,0.29901641025641024,0.16467290094562215,25.344512820512822
Caelum-Elysium,366,41.5,0.5001,ok,318553.906,Caelum,Elysium,0,medium,0.25010001,20.75415,0.29901641025641024,0.16467290094562215,25.344512820512822
Caelum-Fenix,436,47.6,0.3749,ok,181777.965,Caelum,Fenix,0,low,0.14055001,17.84524,0.2979977329974811,0.16907325550533112,38.04100755667506
Caelum-Dawn,297,16.3,0.1773,ok,126544.366,Caelum,Dawn,0,very_low,0.031435290000000005,2.8899900000000005,0.30429655172413794,0.17370736738192366,28.526896551724136
Boreas-Elysium,307,12.6,0.0616,ok,99461.535,Boreas,Elysium,0,very_low,0.00379456,0.77616,0.2900737913486005,0.165054059944648,59.068346055979646
Aegis-Dawn,306,35.7,0.3645,ok,197325.156,Aegis,Dawn,0,low,0.13286024999999999,13.01265,0.3143477922077922,0.16558189329464748,31.258909090909093
Dawn-Elysium,125,27.3,0.3956,ok,181103.379,Dawn,Elysium,0,low,0.15649936,10.79988,0.29596,0.16907179960732635,20.87232
Aegis-Dawn,485,43.6,0.4447,ok,246308.9,Aegis,Dawn,0,medium,0.19775809,19.38892,0.3143477922077922,0.16558189329464748,31.258909090909093
Aegis-Dawn,357,49.8,0.5078,ok,299933.55,Aegis,Dawn,0,medium,0.25786084000000004,25.28844,0.3143477922077922,0.16558189329464748,31.258909090909093
Caelum-Fenix,473,64.7,0.5094,ok,286331.233,Caelum,Fenix,0,medium,0.25948836,32.95818,0.2979977329974811,0.16907325550533112,38.04100755667506
Aegis-Boreas,171,26.5,0.1272,ok,64524.893,Aegis,Boreas,0,very_low,0.01617984,3.3708,0.2911771978021978,0.16781519450328578,59.97527472527472
Dawn-Elysium,255,41.9,0.6068,ok,387570.596,Dawn,Elysium,0,high,0.36820624,25.42492,0.29596,0.16907179960732635,20.87232
Caelum-Fenix,165,36.7,0.2893,ok,150713.175,Caelum,Fenix,0,low,0.08369449,10.617310000000002,0.2979977329974811,0.16907325550533112,38.04100755667506
Boreas-Fenix,155,44.7,0.2647,ok,171952.467,Boreas,Fenix,0,low,0.07006609,11.83209,0.3080685421994885,0.17007740427160456,51.75457800511509
Elysium-Fenix,225,88.6,0.5827,ok,567484.57,Elysium,Fenix,0,medium,0.33953929,51.627219999999994,0.2866814016172507,0.16585315339481224,43.56679245283019
Aegis-Elysium,375,64.7,0.3201,ok,222919.202,Aegis,Elysium,0,low,0.10246401,20.71047,0.3029021390374331,0.16678734255381286,60.362834224598934
Dawn-Fenix,446,53.9,0.3435,ok,108200.271,Dawn,Fenix,0,low,0.11799225000000002,18.51465,0.3041873417721519,0.1724694243240588,47.598683544303796
Dawn-Elysium,498,12.2,0.177,ok,111932.854,Dawn,Elysium,0,very_low,0.031328999999999996,2.1593999999999998,0.29596,0.16907179960732635,20.87232
Elysium-Fenix,66,50.7,0.3333,ok,247664.075,Elysium,Fenix,0,low,0.11108889,16.89831,0.2866814016172507,0.16585315339481224,43.56679245283019
Caelum-Dawn,451,35.3,0.3834,ok,189162.337,Caelum,Dawn,0,low,0.14699556000000003,13.53402,0.30429655172413794,0.17370736738192366,28.526896551724136
Caelum-Dawn,461,52.5,0.5709,ok,367297.4,Caelum,Dawn,0,medium,0.32592680999999996,29.97225,0.30429655172413794,0.17370736738192366,28.526896551724136
Aegis-Boreas,337,88.3,0.4246,ok,117556.389,Aegis,Boreas,0,medium,0.18028515999999997,37.49218,0.2911771978021978,0.16781519450328578,59.97527472527472
Boreas-Fenix,105,20.5,0.1215,ok,145158.457,Boreas,Fenix,0,very_low,0.01476225,2.49075,0.3080685421994885,0.17007740427160456,51.75457800511509
Elysium-Fenix,124,43.4,0.2858,ok,217638.034,Elysium,Fenix,0,low,0.08168164,12.40372,0.2866814016172507,0.16585315339481224,43.56679245283019
Dawn-Elysium,108,15.9,0.2301,ok,118653.179,Dawn,Elysium,0,low,0.05294601,3.6585900000000002,0.29596,0.16907179960732635,20.87232
Aegis-Dawn,368,36.2,0.3697,ok,195743.187,Aegis,Dawn,0,low,0.13667808999999997,13.383140000000001,0.3143477922077922,0.16558189329464748,31.258909090909093
Caelum-Dawn,216,39.4,0.4286,ok,220136.608,Caelum,Dawn,0,medium,0.18369796,16.88684,0.30429655172413794,0.17370736738192366,28.526896551724136
Caelum-Elysium,118,32.8,0.3949,ok,228937.411,Caelum,Elysium,0,low,0.15594600999999997,12.952719999999998,0.29901641025641024,0.16467290094562215,25.344512820512822
Dawn-Fenix,255,33.5,0.2132,ok,83604.997,Dawn,Fenix,0,low,0.04545424,7.1422,0.3041873417721519,0.1724694243240588,47.598683544303796
Aegis-Boreas,56,111.4,0.5355,ok,171909.629,Aegis,Boreas,0,medium,0.28676025,59.6547,0.2911771978021978,0.16781519450328578,59.97527472527472
Caelum-Fenix,247,19.3,0.1518,ok,120366.105,Caelum,Fenix,0,very_low,0.023043239999999996,2.92974,0.2979977329974811,0.16907325550533112,38.04100755667506
Caelum-Elysium,107,19.2,0.2314,ok,152590.917,Caelum,Elysium,0,low,0.05354596,4.44288,0.29901641025641024,0.16467290094562215,25.344512820512822
Boreas-Dawn,492,54.3,0.269,ok,88339.422,Boreas,Dawn,0,low,0.07236100000000001,14.6067,0.2929547120418848,0.16733925578385606,58.52005235602094
Boreas-Dawn,51,61.3,0.3036,ok,96627.633,Boreas,Dawn,0,low,0.09217295999999998,18.61068,0.2929547120418848,0.16733925578385606,58.52005235602094
Caelum-Fenix,337,27.8,0.2193,ok,134563.987,Caelum,Fenix,0,low,0.048092489999999995,6.09654,0.2979977329974811,0.16907325550533112,38.04100755667506
Caelum-Dawn,487,10.0,0.1086,ok,118684.392,Caelum,Dawn,0,very_low,0.011793960000000001,1.086,0.30429655172413794,0.17370736738192366,28.526896551724136
Aegis-Dawn,488,4.3,0.0437,ok,120465.879,Aegis,Dawn,0,very_low,0.0019096900000000003,0.18791,0.3143477922077922,0.16558189329464748,31.258909090909093
Caelum-Dawn,443,15.8,0.1713,ok,126087.779,Caelum,Dawn,0,very_low,0.029343690000000002,2.7065400000000004,0.30429655172413794,0.17370736738192366,28.526896551724136
Boreas-Elysium,268,31.7,0.1548,ok,104385.024,Boreas,Elysium,0,very_low,0.023963039999999998,4.907159999999999,0.2900737913486005,0.165054059944648,59.068346055979646
Dawn-Fenix,77,77.4,0.4933,ok,169690.264,Dawn,Fenix,0,medium,0.24334489,38.18142,0.3041873417721519,0.1724694243240588,47.598683544303796
Caelum-Dawn,194,34.1,0.3704,ok,183362.969,Caelum,Dawn,0,low,0.13719616,12.630640000000001,0.30429655172413794,0.17370736738192366,28.526896551724136
Aegis-Dawn,300,18.0,0.1835,ok,135274.744,Aegis,Dawn,0,very_low,0.03367225,3.303,0.3143477922077922,0.16558189329464748,31.258909090909093
Elysium-Fenix,142,29.5,0.1938,ok,188205.789,Elysium,Fenix,0,very_low,0.03755844,5.7171,0.2866814016172507,0.16585315339481224,43.56679245283019
Caelum-Elysium,154,46.5,0.5608,ok,399503.623,Caelum,Elysium,0,medium,0.31449663999999994,26.077199999999998,0.29901641025641024,0.16467290094562215,25.344512820512822
Aegis-Boreas,293,51.6,0.2479,ok,75387.306,Aegis,Boreas,0,low,0.06145441000000001,12.791640000000001,0.2911771978021978,0.16781519450328578,59.97527472527472
Elysium-Fenix,420,55.0,0.3616,ok,269833.97,Elysium,Fenix,0,low,0.13075456,19.887999999999998,0.2866814016172507,0.16585315339481224,43.56679245283019
Dawn-Elysium,232,24.3,0.3516,ok,158649.94,Dawn,Elysium,0,low,0.12362256000000002,8.543880000000001,0.29596,0.16907179960732635,20.87232
Dawn-Fenix,332,48.1,0.3065,ok,97132.574,Dawn,Fenix,0,low,0.09394224999999999,14.74265,0.3041873417721519,0.1724694243240588,47.598683544303796
Boreas-Elysium,446,26.9,0.1315,ok,102283.153,Boreas,Elysium,0,very_low,0.017292250000000002,3.53735,0.2900737913486005,0.165054059944648,59.068346055979646
Boreas-Fenix,338,32.5,0.192,ok,151456.408,Boreas,Fenix,0,very_low,0.036864,6.24,0.3080685421994885,0.17007740427160456,51.75457800511509
Boreas-Elysium,178,59.3,0.2892,ok,132103.027,Boreas,Elysium,0,low,0.08363664000000001,17.14956,0.2900737913486005,0.165054059944648,59.068346055979646
Caelum-Elysium,43,16.8,0.2025,ok,142757.037,Caelum,Elysium,0,low,0.04100625000000001,3.4020000000000006,0.29901641025641024,0.16467290094562215,25.344512820512822
Aegis-Dawn,251,31.8,0.3241,ok,169707.564,Aegis,Dawn,0,low,0.10504081,10.30638,0.3143477922077922,0.16558189329464748,31.258909090909093
Aegis-Dawn,493,53.7,0.5484,ok,350379.254,Aegis,Dawn,0,medium,0.30074256,29.449080000000002,0.3143477922077922,0.16558189329464748,31.258909090909093
Dawn-Fenix,222,4.7,0.0302,ok,68688.195,Dawn,Fenix,0,very_low,0.00091204,0.14194,0.3041873417721519,0.1724694243240588,47.598683544303796
Boreas-Elysium,372,17.1,0.0833,ok,97882.65,Boreas,Elysium,0,very_low,0.00693889,1.42443,0.2900737913486005,0.165054059944648,59.068346055979646
Aegis-Elysium,35,55.9,0.2769,ok,201304.634,Aegis,Elysium,0,low,0.07667360999999999,15.478709999999998,0.3029021390374331,0.16678734255381286,60.362834224598934
Caelum-Dawn,357,76.86000000000001,0.4905,ok,271884.987,Caelum,Dawn,0,medium,0.24059025,37.699830000000006,0.30429655172413794,0.17370736738192366,28.526896551724136
Boreas-Dawn,341,19.5,0.0966,ok,73010.156,Boreas,Dawn,0,very_low,0.009331560000000001,1.8837000000000002,0.2929547120418848,0.16733925578385606,58.52005235602094
Dawn-Elysium,422,13.0,0.1886,ok,118852.667,Dawn,Elysium,0,very_low,0.03556996,2.4518,0.29596,0.16907179960732635,20.87232
Dawn-Elysium,122,37.2,0.5395,ok,771133.196,Dawn,Elysium,0,medium,0.29106024999999996,20.0694,0.29596,0.16907179960732635,20.87232
Boreas-Dawn,303,67.8,0.3356,ok,104948.783,Boreas,Dawn,0,low,0.11262736000000001,22.75368,0.2929547120418848,0.16733925578385606,58.52005235602094
Aegis-Boreas,351,76.4,0.3672,ok,96289.67,Aegis,Boreas,0,low,0.13483584,28.054080000000003,0.2911771978021978,0.16781519450328578,59.97527472527472
Caelum-Elysium,372,17.3,0.209,ok,148696.281,Caelum,Elysium,0,low,0.043681,3.6157,0.29901641025641024,0.16467290094562215,25.344512820512822
Caelum-Fenix,437,73.2,0.5766,ok,372230.783,Caelum,Fenix,0,medium,0.33246756,42.20712,0.2979977329974811,0.16907325550533112,38.04100755667506
Aegis-Dawn,217,24.4,0.2486,ok,147509.238,Aegis,Dawn,0,low,0.061801959999999996,6.06584,0.3143477922077922,0.16558189329464748,31.258909090909093
Caelum-Elysium,87,20.8,0.2506,ok,158145.357,Caelum,Elysium,0,low,0.06280036,5.21248,0.29901641025641024,0.16467290094562215,25.344512820512822
Aegis-Elysium,12,34.8,0.1724,ok,166509.717,Aegis,Elysium,0,very_low,0.02972176,5.9995199999999995,0.3029021390374331,0.16678734255381286,60.362834224598934
Elysium-Fenix,169,31.9,0.2101,ok,196398.425,Elysium,Fenix,0,low,0.04414201,6.70219,0.2866814016172507,0.16585315339481224,43.56679245283019
Boreas-Elysium,312,28.1,0.1372,ok,102977.283,Boreas,Elysium,0,very_low,0.018823839999999998,3.85532,0.2900737913486005,0.165054059944648,59.068346055979646
Boreas-Fenix,334,94.9,0.5614,ok,424612.429,Boreas,Fenix,0,medium,0.31516996,53.276860000000006,0.3080685421994885,0.17007740427160456,51.75457800511509
Elysium-Fenix,370,12.7,0.0837,ok,166454.566,Elysium,Fenix,0,very_low,0.007005689999999999,1.0629899999999999,0.2866814016172507,0.16585315339481224,43.56679245283019
Dawn-Fenix,483,40.6,0.2584,ok,90210.533,Dawn,Fenix,0,low,0.06677056,10.491040000000002,0.3041873417721519,0.1724694243240588,47.598683544303796
Caelum-Elysium,235,8.2,0.0988,ok,133181.657,Caelum,Elysium,0,very_low,0.00976144,0.8101599999999999,0.29901641025641024,0.16467290094562215,25.344512820512822
Boreas-Elysium,84,94.9,0.4628,ok,212908.615,Boreas,Elysium,0,medium,0.21418384,43.91972,0.2900737913486005,0.165054059944648,59.068346055979646
Caelum-Fenix,306,15.9,0.1249,ok,116119.586,Caelum,Fenix,0,very_low,0.01560001,1.98591,0.2979977329974811,0.16907325550533112,38.04100755667506
Dawn-Elysium,416,42.38,0.2887,ok,135249.579,Dawn,Elysium,0,low,0.08334769,12.235106000000002,0.29596,0.16907179960732635,20.87232
Elysium-Fenix,188,71.6,0.4713,ok,368872.922,Elysium,Fenix,0,medium,0.22212368999999998,33.745079999999994,0.2866814016172507,0.16585315339481224,43.56679245283019
Caelum-Elysium,264,38.1,0.4591,ok,271146.767,Caelum,Elysium,0,medium,0.21077281,17.49171,0.29901641025641024,0.16467290094562215,25.344512820512822
Dawn-Fenix,469,86.7,0.5521,ok,216856.722,Dawn,Fenix,0,medium,0.30481441000000004,47.867070000000005,0.3041873417721519,0.1724694243240588,47.598683544303796
Elysium-Fenix,469,21.4,0.141,ok,174475.429,Elysium,Fenix,0,very_low,0.019880999999999996,3.0173999999999994,0.2866814016172507,0.16585315339481224,43.56679245283019
Dawn-Elysium,441,11.5,0.1674,ok,110322.618,Dawn,Elysium,0,very_low,0.028022759999999997,1.9251,0.29596,0.16907179960732635,20.87232
Aegis-Boreas,399,110.8,0.5325,ok,167116.625,Aegis,Boreas,0,medium,0.28355624999999995,59.001,0.2911771978021978,0.16781519450328578,59.97527472527472
Dawn-Fenix,228,94.9,0.6044,ok,267954.312,Dawn,Fenix,0,high,0.3652993600000001,57.35756000000001,0.3041873417721519,0.1724694243240588,47.598683544303796
Dawn-Fenix,471,81.9,0.5214,ok,189826.642,Dawn,Fenix,0,medium,0.27185795999999995,42.70266,0.3041873417721519,0.1724694243240588,47.598683544303796
Aegis-Dawn,58,48.3,0.4932,ok,286015.192,Aegis,Dawn,0,medium,0.24324624000000003,23.82156,0.3143477922077922,0.16558189329464748,31.258909090909093
Elysium-Fenix,98,20.8,0.1371,ok,173929.021,Elysium,Fenix,0,very_low,0.01879641,2.85168,0.2866814016172507,0.16585315339481224,43.56679245283019
Caelum-Fenix,402,15.4,0.1211,ok,117219.702,Caelum,Fenix,0,very_low,0.01466521,1.86494,0.2979977329974811,0.16907325550533112,38.04100755667506
Caelum-Elysium,168,12.3,0.1484,ok,136067.134,Caelum,Elysium,0,very_low,0.02202256,1.82532,0.29901641025641024,0.16467290094562215,25.344512820512822
Aegis-Boreas,208,104.2,0.501,ok,150959.55,Aegis,Boreas,0,medium,0.251001,52.2042,0.2911771978021978,0.16781519450328578,59.97527472527472
Aegis-Elysium,396,24.2,0.12,ok,158843.932,Aegis,Elysium,0,very_low,0.0144,2.904,0.3029021390374331,0.16678734255381286,60.362834224598934
Caelum-Elysium,162,21.6,0.2605,ok,161830.423,Caelum,Elysium,0,low,0.06786025000000001,5.6268,0.29901641025641024,0.16467290094562215,25.344512820512822
Boreas-Fenix,329,78.1,0.4619,ok,289801.449,Boreas,Fenix,0,medium,0.21335160999999997,36.074389999999994,0.3080685421994885,0.17007740427160456,51.75457800511509
Dawn-Elysium,376,12.4,0.1801,ok,116052.802,Dawn,Elysium,0,very_low,0.03243601,2.2332400000000003,0.29596,0.16907179960732635,20.87232
Caelum-Fenix,204,39.3,0.3091,ok,157594.922,Caelum,Fenix,0,low,0.09554280999999999,12.147629999999998,0.2979977329974811,0.16907325550533112,38.04100755667506
Boreas-Dawn,443,61.14,0.399,ok,122321.194,Boreas,Dawn,0,low,0.159201,24.39486,0.2929547120418848,0.16733925578385606,58.52005235602094
Dawn-Fenix,356,31.0,0.1975,ok,82796.855,Dawn,Fenix,0,very_low,0.039006250000000006,6.1225000000000005,0.3041873417721519,0.1724694243240588,47.598683544303796
Caelum-Dawn,1,65.7,0.7141,ok,708923.473,Caelum,Dawn,0,high,0.50993881,46.91637,0.30429655172413794,0.17370736738192366,28.526896551724136
Caelum-Dawn,167,16.7,0.1819,ok,129353.039,Caelum,Dawn,0,very_low,0.03308761,3.03773,0.30429655172413794,0.17370736738192366,28.526896551724136
Aegis-Elysium,264,51.1,0.2532,ok,188554.629,Aegis,Elysium,0,low,0.06411023999999999,12.938519999999999,0.3029021390374331,0.16678734255381286,60.362834224598934
Boreas-Dawn,220,81.1,0.4015,ok,126858.328,Boreas,Dawn,0,medium,0.16120225000000002,32.56165,0.2929547120418848,0.16733925578385606,58.52005235602094
Caelum-Elysium,71,20.2,0.2434,ok,157539.837,Caelum,Elysium,0,low,0.05924356,4.9166799999999995,0.29901641025641024,0.16467290094562215,25.344512820512822
Caelum-Elysium,133,15.7,0.1889,ok,384929.984,Caelum,Elysium,0,very_low,0.03568321000000001,2.96573,0.29901641025641024,0.16467290094562215,25.344512820512822
Boreas-Fenix,490,1.1,0.0063,ok,131565.516,Boreas,Fenix,0,very_low,3.969e-05,0.00693,0.3080685421994885,0.17007740427160456,51.75457800511509
Boreas-Dawn,378,47.7,0.2361,ok,83893.035,Boreas,Dawn,0,low,0.05574321,11.261970000000002,0.2929547120418848,0.16733925578385606,58.52005235602094
Caelum-Elysium,473,11.6,0.1403,ok,134750.447,Caelum,Elysium,0,very_low,0.01968409,1.62748,0.29901641025641024,0.16467290094562215,25.344512820512822
Caelum-Elysium,22,14.5,0.1746,ok,141620.633,Caelum,Elysium,0,very_low,0.03048516,2.5317000000000003,0.29901641025641024,0.16467290094562215,25.344512820512822
Caelum-Elysium,21,25.8,0.3111,ok,175760.304,Caelum,Elysium,0,low,0.09678321,8.02638,0.29901641025641024,0.16467290094562215,25.344512820512822
Caelum-Elysium,194,12.2,0.147,ok,135584.627,Caelum,Elysium,0,very_low,0.021608999999999996,1.7933999999999999,0.29901641025641024,0.16467290094562215,25.344512820512822
Dawn-Fenix,261,14.6,0.0929,ok,72050.528,Dawn,Fenix,0,very_low,0.00863041,1.3563399999999999,0.3041873417721519,0.1724694243240588,47.598683544303796
Caelum-Elysium,105,20.6,0.248,ok,159675.274,Caelum,Elysium,0,low,0.061503999999999996,5.1088000000000005,0.29901641025641024,0.16467290094562215,25.344512820512822
Aegis-Dawn,128,71.9,0.7333,ok,831020.067,Aegis,Dawn,0,high,0.5377288899999999,52.724270000000004,0.3143477922077922,0.16558189329464748,31.258909090909093
Caelum-Dawn,193,21.2,0.2301,ok,137284.198,Caelum,Dawn,0,low,0.05294601,4.87812,0.30429655172413794,0.17370736738192366,28.526896551724136
Dawn-Fenix,213,68.4,0.4357,ok,146533.12,Dawn,Fenix,0,medium,0.18983448999999997,29.80188,0.3041873417721519,0.1724694243240588,47.598683544303796
Aegis-Boreas,131,75.2,0.3617,ok,96508.722,Aegis,Boreas,0,low,0.13082689000000003,27.199840000000002,0.2911771978021978,0.16781519450328578,59.97527472527472
Caelum-Fenix,52,18.9,0.1487,ok,123288.887,Caelum,Fenix,0,very_low,0.02211169,2.8104299999999998,0.2979977329974811,0.16907325550533112,38.04100755667506
Caelum-Dawn,68,15.2,0.1654,ok,122771.003,Caelum,Dawn,0,very_low,0.02735716,2.51408,0.30429655172413794,0.17370736738192366,28.526896551724136
Dawn-Elysium,153,45.0,0.6521,ok,474653.626,Dawn,Elysium,0,high,0.42523441,29.3445,0.29596,0.16907179960732635,20.87232
Caelum-Elysium,192,13.3,0.16,ok,136345.616,Caelum,Elysium,0,very_low,0.0256,2.128,0.29901641025641024,0.16467290094562215,25.344512820512822
Boreas-Fenix,352,49.0,0.2898,ok,181521.726,Boreas,Fenix,0,low,0.08398404,14.2002,0.3080685421994885,0.17007740427160456,51.75457800511509
Aegis-Dawn,362,47.5,0.4851,ok,277764.243,Aegis,Dawn,0,medium,0.23532200999999997,23.04225,0.3143477922077922,0.16558189329464748,31.258909090909093
Boreas-Dawn,214,27.6,0.1368,ok,72488.886,Boreas,Dawn,0,very_low,0.01871424,3.7756800000000004,0.2929547120418848,0.16733925578385606,58.52005235602094
Aegis-Elysium,30,98.7,0.4886,ok,367478.468,Aegis,Elysium,0,medium,0.23872996,48.22482,0.3029021390374331,0.16678734255381286,60.362834224598934
Caelum-Dawn,428,32.0,0.3484,ok,173789.723,Caelum,Dawn,0,low,0.12138255999999999,11.1488,0.30429655172413794,0.17370736738192366,28.526896551724136
Elysium-Fenix,459,12.5,0.0824,ok,163384.0,Elysium,Fenix,0,very_low,0.006789760000000001,1.03,0.2866814016172507,0.16585315339481224,43.56679245283019
Boreas-Elysium,297,50.9,0.2485,ok,120831.932,Boreas,Elysium,0,low,0.06175225,12.64865,0.2900737913486005,0.165054059944648,59.068346055979646
Elysium-Fenix,19,45.1,0.2966,ok,221060.29,Elysium,Fenix,0,low,0.08797155999999999,13.37666,0.2866814016172507,0.16585315339481224,43.56679245283019
Boreas-Fenix,57,63.2,0.3742,ok,599155.958,Boreas,Fenix,0,low,0.14002563999999998,23.64944,0.3080685421994885,0.17007740427160456,51.75457800511509
Aegis-Boreas,373,70.5,0.3389,ok,91060.36,Aegis,Boreas,0,low,0.11485320999999998,23.89245,0.2911771978021978,0.16781519450328578,59.97527472527472
Boreas-Elysium,463,39.1,0.191,ok,112654.908,Boreas,Elysium,0,very_low,0.036481,7.468100000000001,0.2900737913486005,0.165054059944648,59.068346055979646
Aegis-Boreas,356,47.5,0.2283,ok,71926.002,Aegis,Boreas,0,low,0.05212089,10.84425,0.2911771978021978,0.16781519450328578,59.97527472527472
Aegis-Dawn,349,66.6,0.6793,ok,626603.255,Aegis,Dawn,0,high,0.46144849000000004,45.24138,0.3143477922077922,0.16558189329464748,31.258909090909093
Caelum-Dawn,350,68.7,0.7466,ok,850527.683,Caelum,Dawn,0,high,0.55741156,51.29142,0.30429655172413794,0.17370736738192366,28.526896551724136
Dawn-Elysium,480,18.5,0.2684,ok,129280.285,Dawn,Elysium,0,low,0.07203856000000002,4.965400000000001,0.29596,0.16907179960732635,20.87232
Elysium-Fenix,249,13.1,0.086,ok,170691.664,Elysium,Fenix,0,very_low,0.007395999999999999,1.1265999999999998,0.2866814016172507,0.16585315339481224,43.56679245283019
Caelum-Dawn,477,32.2,0.3503,ok,176144.737,Caelum,Dawn,0,low,0.12271009,11.279660000000002,0.30429655172413794,0.17370736738192366,28.526896551724136
Caelum-Fenix,290,19.0,0.1493,ok,121397.201,Caelum,Fenix,0,very_low,0.022290489999999996,2.8366999999999996,0.2979977329974811,0.16907325550533112,38.04100755667506
Boreas-Elysium,218,27.0,0.1317,ok,99294.915,Boreas,Elysium,0,very_low,0.01734489,3.5559000000000003,0.2900737913486005,0.165054059944648,59.068346055979646
Boreas-Dawn,421,52.5,0.2598,ok,91097.8,Boreas,Dawn,0,low,0.06749604,13.639499999999998,0.2929547120418848,0.16733925578385606,58.52005235602094
Aegis-Dawn,326,39.4,0.4018,ok,214763.333,Aegis,Dawn,0,medium,0.16144324,15.830919999999999,0.3143477922077922,0.16558189329464748,31.258909090909093
Elysium-Fenix,429,69.6,0.4576,ok,352814.341,Elysium,Fenix,0,medium,0.20939776000000002,31.848959999999998,0.2866814016172507,0.16585315339481224,43.56679245283019
Boreas-Fenix,294,30.4,0.18,ok,156740.414,Boreas,Fenix,0,very_low,0.0324,5.4719999999999995,0.3080685421994885,0.17007740427160456,51.75457800511509
Aegis-Boreas,99,114.1,0.5487,ok,178599.807,Aegis,Boreas,0,medium,0.30107168999999995,62.606669999999994,0.2911771978021978,0.16781519450328578,59.97527472527472
Caelum-Fenix,415,60.8,0.4788,ok,455314.642,Caelum,Fenix,0,medium,0.22924944,29.11104,0.2979977329974811,0.16907325550533112,38.04100755667506
Caelum-Elysium,429,3.4,0.041,ok,129733.946,Caelum,Elysium,0,very_low,0.0016810000000000002,0.1394,0.29901641025641024,0.16467290094562215,25.344512820512822
Caelum-Dawn,21,7.5,0.0816,ok,117397.893,Caelum,Dawn,0,very_low,0.006658560000000001,0.6120000000000001,0.30429655172413794,0.17370736738192366,28.526896551724136
Boreas-Elysium,485,62.2,0.3034,ok,133044.363,Boreas,Elysium,0,low,0.09205156,18.871480000000002,0.2900737913486005,0.165054059944648,59.068346055979646
Elysium-Fenix,71,38.1,0.2503,ok,211319.193,Elysium,Fenix,0,low,0.06265009,9.536430000000001,0.2866814016172507,0.16585315339481224,43.56679245283019
Dawn-Fenix,314,60.2,0.3836,ok,119848.652,Dawn,Fenix,0,low,0.14714896,23.09272,0.3041873417721519,0.1724694243240588,47.598683544303796
Caelum-Dawn,373,11.2,0.1219,ok,117466.774,Caelum,Dawn,0,very_low,0.014859609999999999,1.3652799999999998,0.30429655172413794,0.17370736738192366,28.526896551724136
Boreas-Fenix,482,44.1,0.2608,ok,171456.653,Boreas,Fenix,0,low,0.06801663999999999,11.50128,0.3080685421994885,0.17007740427160456,51.75457800511509
Caelum-Dawn,44,10.2,0.1109,ok,118072.176,Caelum,Dawn,0,very_low,0.01229881,1.1311799999999999,0.30429655172413794,0.17370736738192366,28.526896551724136
Boreas-Dawn,455,144.5,0.7155,ok,438893.683,Boreas,Dawn,0,high,0.51194025,103.38975,0.2929547120418848,0.16733925578385606,58.52005235602094
Dawn-Elysium,322,20.2,0.2931,ok,140173.053,Dawn,Elysium,0,low,0.08590761000000001,5.92062,0.29596,0.16907179960732635,20.87232
Boreas-Dawn,447,44.0,0.2179,ok,83996.393,Boreas,Dawn,0,low,0.04748041000000001,9.5876,0.2929547120418848,0.16733925578385606,58.52005235602094
Boreas-Fenix,264,37.6,0.2224,ok,153985.21,Boreas,Fenix,0,low,0.049461759999999994,8.36224,0.3080685421994885,0.17007740427160456,51.75457800511509
Boreas-Elysium,352,19.3,0.0942,ok,101202.525,Boreas,Elysium,0,very_low,0.00887364,1.8180600000000002,0.2900737913486005,0.165054059944648,59.068346055979646
Boreas-Elysium,450,52.3,0.2553,ok,123249.837,Boreas,Elysium,0,low,0.06517809000000001,13.35219,0.2900737913486005,0.165054059944648,59.068346055979646
Aegis-Dawn,492,77.1,0.7867,ok,1143690.398,Aegis,Dawn,0,high,0.6188968899999999,60.65456999999999,0.3143477922077922,0.16558189329464748,31.258909090909093
Caelum-Dawn,205,15.3,0.1663,ok,123851.767,Caelum,Dawn,0,very_low,0.02765569,2.5443900000000004,0.30429655172413794,0.17370736738192366,28.526896551724136
Aegis-Elysium,175,10.46,0.0842,ok,156956.215,Aegis,Elysium,0,very_low,0.0070896399999999995,0.8807320000000001,0.3029021390374331,0.16678734255381286,60.362834224598934
Boreas-Fenix,216,85.4,0.5052,ok,343316.956,Boreas,Fenix,0,medium,0.25522703999999996,43.14408,0.3080685421994885,0.17007740427160456,51.75457800511509
Boreas-Elysium,313,74.4,0.3628,ok,157795.542,Boreas,Elysium,0,low,0.13162384000000002,26.992320000000003,0.2900737913486005,0.165054059944648,59.068346055979646
Aegis-Boreas,435,20.7,0.0993,ok,61432.908,Aegis,Boreas,0,very_low,0.00986049,2.05551,0.2911771978021978,0.16781519450328578,59.97527472527472
Aegis-Dawn,463,5.5600000000000005,0.0351,ok,117375.07,Aegis,Dawn,0,very_low,0.00123201,0.19515600000000002,0.3143477922077922,0.16558189329464748,31.258909090909093
Aegis-Elysium,313,143.7,0.7113,ok,963303.246,Aegis,Elysium,0,high,0.5059476900000001,102.21381,0.3029021390374331,0.16678734255381286,60.362834224598934
Aegis-Boreas,497,85.8,0.4126,ok,113877.895,Aegis,Boreas,0,medium,0.17023876000000002,35.40108,0.2911771978021978,0.16781519450328578,59.97527472527472
Boreas-Elysium,131,40.6,0.198,ok,112000.663,Boreas,Elysium,0,very_low,0.039204,8.0388,0.2900737913486005,0.165054059944648,59.068346055979646
Aegis-Elysium,261,136.3,0.6745,ok,793232.52,Aegis,Elysium,0,high,0.45495025,91.93435000000001,0.3029021390374331,0.16678734255381286,60.362834224598934
Boreas-Fenix,245,127.7,0.7555,ok,1081282.088,Boreas,Fenix,0,high,0.5707802499999999,96.47735,0.3080685421994885,0.17007740427160456,51.75457800511509
Elysium-Fenix,272,59.0,0.3884,ok,281090.759,Elysium,Fenix,0,low,0.15085456000000003,22.9156,0.2866814016172507,0.16585315339481224,43.56679245283019
Boreas-Elysium,64,81.3,0.3964,ok,172943.724,Boreas,Elysium,0,low,0.15713296,32.22732,0.2900737913486005,0.165054059944648,59.068346055979646
Caelum-Dawn,250,24.6,0.267,ok,143886.349,Caelum,Dawn,0,low,0.071289,6.568200000000001,0.30429655172413794,0.17370736738192366,28.526896551724136
Caelum-Fenix,201,35.9,0.2824,ok,149709.435,Caelum,Fenix,0,low,0.07974975999999999,10.13816,0.2979977329974811,0.16907325550533112,38.04100755667506
Boreas-Elysium,254,86.3,0.4209,ok,185821.127,Boreas,Elysium,0,medium,0.17715681,36.32367,0.2900737913486005,0.165054059944648,59.068346055979646
Caelum-Elysium,358,16.6,0.2001,ok,136791.66,Caelum,Elysium,0,low,0.04004001,3.3216600000000005,0.29901641025641024,0.16467290094562215,25.344512820512822
Boreas-Elysium,92,99.2,0.4839,ok,228074.193,Boreas,Elysium,0,medium,0.23415921,48.00288,0.2900737913486005,0.165054059944648,59.068346055979646
Caelum-Fenix,216,59.8,0.4706,ok,250904.767,Caelum,Fenix,0,medium,0.22146436000000003,28.14188,0.2979977329974811,0.16907325550533112,38.04100755667506
Elysium-Fenix,378,69.1,0.4544,ok,351131.272,Elysium,Fenix,0,medium,0.20647936000000003,31.39904,0.2866814016172507,0.16585315339481224,43.56679245283019
Caelum-Dawn,191,62.5,0.6791,ok,590524.944,Caelum,Dawn,0,high,0.46117681000000005,42.44375,0.30429655172413794,0.17370736738192366,28.526896551724136
Aegis-Elysium,307,21.4,0.1061,ok,159740.494,Aegis,Elysium,0,very_low,0.01125721,2.27054,0.3029021390374331,0.16678734255381286,60.362834224598934
Boreas-Elysium,301,55.7,0.2718,ok,128174.961,Boreas,Elysium,0,low,0.07387524,15.13926,0.2900737913486005,0.165054059944648,59.068346055979646
Boreas-Fenix,333,49.7,0.2943,ok,182671.603,Boreas,Fenix,0,low,0.08661249,14.626710000000001,0.3080685421994885,0.17007740427160456,51.75457800511509
Aegis-Elysium,38,30.8,0.1526,ok,173334.868,Aegis,Elysium,0,very_low,0.023286760000000004,4.700080000000001,0.3029021390374331,0.16678734255381286,60.362834224598934
Boreas-Elysium,299,115.8,0.5647,ok,312865.589,Boreas,Elysium,0,medium,0.31888608999999996,65.39226,0.2900737913486005,0.165054059944648,59.068346055979646
Dawn-Elysium,384,48.58,0.481,ok,238487.849,Dawn,Elysium,0,medium,0.23136099999999998,23.366979999999998,0.29596,0.16907179960732635,20.87232
Caelum-Elysium,435,30.2,0.3639,ok,206308.26,Caelum,Elysium,0,low,0.13242321,10.98978,0.29901641025641024,0.16467290094562215,25.344512820512822
Caelum-Elysium,261,31.7,0.3821,ok,216445.913,Caelum,Elysium,0,low,0.14600041,12.11257,0.29901641025641024,0.16467290094562215,25.344512820512822
Dawn-Elysium,426,17.6,0.2556,ok,129411.924,Dawn,Elysium,0,low,0.06533135999999999,4.49856,0.29596,0.16907179960732635,20.87232
Aegis-Elysium,382,80.8,0.4002,ok,277637.34,Aegis,Elysium,0,medium,0.16016004,32.33616,0.3029021390374331,0.16678734255381286,60.362834224598934
Boreas-Dawn,453,87.4,0.4326,ok,137421.687,Boreas,Dawn,0,medium,0.18714276,37.80924,0.2929547120418848,0.16733925578385606,58.52005235602094
Boreas-Elysium,457,124.3,0.6063,ok,371085.33,Boreas,Elysium,0,high,0.3675996899999999,75.36308999999999,0.2900737913486005,0.165054059944648,59.068346055979646
Boreas-Fenix,63,27.7,0.164,ok,149301.714,Boreas,Fenix,0,very_low,0.026896000000000003,4.5428,0.3080685421994885,0.17007740427160456,51.75457800511509
Boreas-Elysium,238,82.2,0.4009,ok,172247.857,Boreas,Elysium,0,medium,0.16072081,32.95398,0.2900737913486005,0.165054059944648,59.068346055979646
Aegis-Elysium,115,72.8,0.3602,ok,247992.865,Aegis,Elysium,0,low,0.12974404,26.22256,0.3029021390374331,0.16678734255381286,60.362834224598934
Elysium-Fenix,445,55.1,0.3628,ok,270001.655,Elysium,Fenix,0,low,0.13162384000000002,19.990280000000002,0.2866814016172507,0.16585315339481224,43.56679245283019
Caelum-Fenix,417,87.4,0.6881,ok,623798.853,Caelum,Fenix,0,high,0.47348161000000005,60.13994000000001,0.2979977329974811,0.16907325550533112,38.04100755667506
Boreas-Fenix,240,60.38,0.4069,ok,248971.373,Boreas,Fenix,0,medium,0.16556760999999998,24.568622,0.3080685421994885,0.17007740427160456,51.75457800511509
Aegis-Boreas,81,74.7,0.3591,ok,96553.158,Aegis,Boreas,0,low,0.12895280999999997,26.82477,0.2911771978021978,0.16781519450328578,59.97527472527472
Caelum-Dawn,28,56.3,0.6123,ok,436673.928,Caelum,Dawn,0,high,0.37491128999999995,34.47248999999999,0.30429655172413794,0.17370736738192366,28.526896551724136
Aegis-Elysium,378,52.0,0.2574,ok,194035.141,Aegis,Elysium,0,low,0.06625476000000001,13.3848,0.3029021390374331,0.16678734255381286,60.362834224598934
Dawn-Fenix,231,64.8,0.4127,ok,131122.491,Dawn,Fenix,0,medium,0.17032129000000001,26.74296,0.3041873417721519,0.1724694243240588,47.598683544303796
Aegis-Dawn,411,26.9,0.2741,ok,157280.372,Aegis,Dawn,0,low,0.07513081,7.37329,0.3143477922077922,0.16558189329464748,31.258909090909093
Caelum-Fenix,26,12.1,0.0953,ok,111489.042,Caelum,Fenix,0,very_low,0.00908209,1.15313,0.2979977329974811,0.16907325550533112,38.04100755667506
Elysium-Fenix,241,16.4,0.1081,ok,172687.022,Elysium,Fenix,0,very_low,0.01168561,1.77284,0.2866814016172507,0.16585315339481224,43.56679245283019
Caelum-Dawn,98,4.8,0.0522,ok,112095.178,Caelum,Dawn,0,very_low,0.0027248400000000005,0.25056,0.30429655172413794,0.17370736738192366,28.526896551724136
Caelum-Elysium,45,27.5,0.3314,ok,189786.829,Caelum,Elysium,0,low,0.10982595999999999,9.113499999999998,0.29901641025641024,0.16467290094562215,25.344512820512822
Boreas-Fenix,178,43.0,0.2545,ok,170201.923,Boreas,Fenix,0,low,0.06477025,10.9435,0.3080685421994885,0.17007740427160456,51.75457800511509
Elysium-Fenix,371,32.0,0.2105,ok,189893.018,Elysium,Fenix,0,low,0.044310249999999995,6.736,0.2866814016172507,0.16585315339481224,43.56679245283019
Boreas-Fenix,254,37.7,0.2231,ok,155937.79,Boreas,Fenix,0,low,0.049773609999999996,8.410870000000001,0.3080685421994885,0.17007740427160456,51.75457800511509
Caelum-Elysium,191,41.4,0.4983,ok,315459.745,Caelum,Elysium,0,medium,0.24830289000000003,20.62962,0.29901641025641024,0.16467290094562215,25.344512820512822
Aegis-Boreas,387,106.1,0.5103,ok,155183.255,Aegis,Boreas,0,medium,0.26040609,54.14283,0.2911771978021978,0.16781519450328578,59.97527472527472
Boreas-Dawn,499,61.8,0.3059,ok,98812.039,Boreas,Dawn,0,low,0.09357481000000001,18.904619999999998,0.2929547120418848,0.16733925578385606,58.52005235602094
Dawn-Elysium,129,12.2,0.1763,ok,111872.396,Dawn,Elysium,0,very_low,0.031081690000000006,2.15086,0.29596,0.16907179960732635,20.87232
Dawn-Fenix,181,127.0,0.8086,ok,797248.397,Dawn,Fenix,1,very_high,0.6538339599999999,102.6922,0.3041873417721519,0.1724694243240588,47.598683544303796
Dawn-Fenix,242,9.1,0.0578,ok,70691.138,Dawn,Fenix,0,very_low,0.00334084,0.52598,0.3041873417721519,0.1724694243240588,47.598683544303796
Caelum-Fenix,210,26.0,0.2049,ok,129093.864,Caelum,Fenix,0,low,0.04198401,5.3274,0.2979977329974811,0.16907325550533112,38.04100755667506
Boreas-Dawn,176,69.1,0.3421,ok,102967.074,Boreas,Dawn,0,low,0.11703241000000002,23.63911,0.2929547120418848,0.16733925578385606,58.52005235602094
Aegis-Elysium,173,28.3,0.1399,ok,160544.837,Aegis,Elysium,0,very_low,0.019572009999999997,3.95917,0.3029021390374331,0.16678734255381286,60.362834224598934
Caelum-Elysium,346,34.2,0.4118,ok,239410.593,Caelum,Elysium,0,medium,0.16957924,14.08356,0.29901641025641024,0.16467290094562215,25.344512820512822
Caelum-Elysium,149,27.9,0.3365,ok,193318.413,Caelum,Elysium,0,low,0.11323225000000002,9.38835,0.29901641025641024,0.16467290094562215,25.344512820512822
Elysium-Fenix,330,28.4,0.1871,ok,183279.504,Elysium,Fenix,0,very_low,0.035006409999999995,5.3136399999999995,0.2866814016172507,0.16585315339481224,43.56679245283019
Caelum-Dawn,91,32.8,0.3568,ok,179863.389,Caelum,Dawn,0,low,0.12730624000000001,11.70304,0.30429655172413794,0.17370736738192366,28.526896551724136
Boreas-Elysium,89,36.8,0.1796,ok,106673.826,Boreas,Elysium,0,very_low,0.032256160000000006,6.60928,0.2900737913486005,0.165054059944648,59.068346055979646
Elysium-Fenix,439,23.4,0.154,ok,186256.56,Elysium,Fenix,0,very_low,0.023716,3.6035999999999997,0.2866814016172507,0.16585315339481224,43.56679245283019
Dawn-Fenix,206,64.8,0.413,ok,131578.667,Dawn,Fenix,0,medium,0.17056899999999997,26.762399999999996,0.3041873417721519,0.1724694243240588,47.598683544303796
Boreas-Elysium,490,66.2,0.3228,ok,144830.585,Boreas,Elysium,0,low,0.10419983999999999,21.36936,0.2900737913486005,0.165054059944648,59.068346055979646
Aegis-Elysium,406,103.3,0.5113,ok,406000.737,Aegis,Elysium,0,medium,0.26142769,52.81728999999999,0.3029021390374331,0.16678734255381286,60.362834224598934
Aegis-Boreas,329,21.5,0.1033,ok,60120.9,Aegis,Boreas,0,very_low,0.01067089,2.22095,0.2911771978021978,0.16781519450328578,59.97527472527472
Boreas-Dawn,193,50.2,0.2486,ok,86786.397,Boreas,Dawn,0,low,0.061801959999999996,12.47972,0.2929547120418848,0.16733925578385606,58.52005235602094
Caelum-Elysium,385,16.3,0.1962,ok,145785.696,Caelum,Elysium,0,very_low,0.038494440000000005,3.1980600000000003,0.29901641025641024,0.16467290094562215,25.344512820512822
Boreas-Elysium,157,45.0,0.2196,ok,117321.889,Boreas,Elysium,0,low,0.048224159999999995,9.882,0.2900737913486005,0.165054059944648,59.068346055979646
Boreas-Elysium,328,41.1,0.2005,ok,111826.498,Boreas,Elysium,0,low,0.04020025000000001,8.24055,0.2900737913486005,0.165054059944648,59.068346055979646
Boreas-Dawn,250,16.3,0.0807,ok,68589.113,Boreas,Dawn,0,very_low,0.006512489999999999,1.31541,0.2929547120418848,0.16733925578385606,58.52005235602094
Aegis-Boreas,268,10.9,0.0524,ok,59662.921,Aegis,Boreas,0,very_low,0.0027457600000000003,0.57116,0.2911771978021978,0.16781519450328578,59.97527472527472
Dawn-Fenix,293,30.7,0.1957,ok,79470.299,Dawn,Fenix,0,very_low,0.038298490000000004,6.00799,0.3041873417721519,0.1724694243240588,47.598683544303796
Boreas-Elysium,135,14.6,0.0712,ok,97525.631,Boreas,Elysium,0,very_low,0.00506944,1.03952,0.2900737913486005,0.165054059944648,59.068346055979646
Dawn-Fenix,1,29.76,0.1786,ok,81457.368,Dawn,Fenix,0,very_low,0.03189796,5.315136000000001,0.3041873417721519,0.1724694243240588,47.598683544303796
Aegis-Dawn,442,39.0,0.3975,ok,209221.449,Aegis,Dawn,0,low,0.15800625000000001,15.502500000000001,0.3143477922077922,0.16558189329464748,31.258909090909093
Caelum-Elysium,417,28.2,0.3397,ok,190094.764,Caelum,Elysium,0,low,0.11539609,9.57954,0.29901641025641024,0.16467290094562215,25.344512820512822
Boreas-Elysium,122,86.2,0.4205,ok,188709.838,Boreas,Elysium,0,medium,0.17682024999999998,36.2471,0.2900737913486005,0.165054059944648,59.068346055979646
Caelum-Fenix,425,10.2,0.0807,ok,113075.723,Caelum,Fenix,0,very_low,0.006512489999999999,0.8231399999999999,0.2979977329974811,0.16907325550533112,38.04100755667506
Boreas-Elysium,8,81.0,0.395,ok,173948.826,Boreas,Elysium,0,low,0.15602500000000002,31.995,0.2900737913486005,0.165054059944648,59.068346055979646
Boreas-Dawn,415,61.9,0.3063,ok,95494.972,Boreas,Dawn,0,low,0.09381969000000001,18.959970000000002,0.2929547120418848,0.16733925578385606,58.52005235602094
Boreas-Dawn,145,26.1,0.129,ok,72524.46,Boreas,Dawn,0,very_low,0.016641,3.3669000000000002,0.2929547120418848,0.16733925578385606,58.52005235602094
Dawn-Elysium,115,4.4,0.0635,ok,101128.761,Dawn,Elysium,0,very_low,0.00403225,0.27940000000000004,0.29596,0.16907179960732635,20.87232
Dawn-Elysium,465,26.8,0.3884,ok,177390.139,Dawn,Elysium,0,low,0.15085456000000003,10.409120000000001,0.29596,0.16907179960732635,20.87232
Dawn-Fenix,262,63.6,0.405,ok,127221.007,Dawn,Fenix,0,medium,0.16402500000000003,25.758000000000003,0.3041873417721519,0.1724694243240588,47.598683544303796
Dawn-Elysium,367,4.6,0.0671,ok,107810.053,Dawn,Elysium,0,very_low,0.004502410000000001,0.30866,0.29596,0.16907179960732635,20.87232
Caelum-Fenix,398,35.17999999999999,0.2815,ok,146869.74,Caelum,Fenix,0,low,0.07924224999999999,9.903169999999998,0.2979977329974811,0.16907325550533112,38.04100755667506
Dawn-Elysium,337,18.4,0.2661,ok,129737.426,Dawn,Elysium,0,low,0.07080921,4.89624,0.29596,0.16907179960732635,20.87232
Aegis-Boreas,232,120.1,0.5776,ok,203618.466,Aegis,Boreas,0,medium,0.33362176,69.36976,0.2911771978021978,0.16781519450328578,59.97527472527472
Aegis-Dawn,252,19.3,0.1969,ok,137645.456,Aegis,Dawn,0,very_low,0.038769609999999996,3.80017,0.3143477922077922,0.16558189329464748,31.258909090909093
Dawn-Fenix,376,90.3,0.575,ok,233752.256,Dawn,Fenix,0,medium,0.33062499999999995,51.92249999999999,0.3041873417721519,0.1724694243240588,47.598683544303796
Aegis-Elysium,199,53.9,0.2668,ok,202701.995,Aegis,Elysium,0,low,0.07118224,14.380519999999999,0.3029021390374331,0.16678734255381286,60.362834224598934
Boreas-Fenix,386,37.3,0.2207,ok,162190.011,Boreas,Fenix,0,low,0.04870849,8.23211,0.3080685421994885,0.17007740427160456,51.75457800511509
Aegis-Dawn,383,12.1,0.1231,ok,122355.96,Aegis,Dawn,0,very_low,0.01515361,1.48951,0.3143477922077922,0.16558189329464748,31.258909090909093
Caelum-Fenix,485,15.4,0.1209,ok,112111.303,Caelum,Fenix,0,very_low,0.01461681,1.8618599999999998,0.2979977329974811,0.16907325550533112,38.04100755667506
Boreas-Fenix,168,32.7,0.1937,ok,146516.242,Boreas,Fenix,0,very_low,0.03751969,6.333990000000001,0.3080685421994885,0.17007740427160456,51.75457800511509
Caelum-Dawn,61,26.0,0.2821,ok,149829.771,Caelum,Dawn,0,low,0.07958041,7.3346,0.30429655172413794,0.17370736738192366,28.526896551724136
Aegis-Boreas,122,48.0,0.2307,ok,70664.203,Aegis,Boreas,0,low,0.05322249,11.073599999999999,0.2911771978021978,0.16781519450328578,59.97527472527472
Aegis-Dawn,172,52.3,0.5339,ok,334017.442,Aegis,Dawn,0,medium,0.28504921000000005,27.92297,0.3143477922077922,0.16558189329464748,31.258909090909093
Aegis-Boreas,4,14.4,0.0692,ok,61680.208,Aegis,Boreas,0,very_low,0.004788639999999999,0.99648,0.2911771978021978,0.16781519450328578,59.97527472527472
Caelum-Fenix,360,43.2,0.3401,ok,81098.925,Caelum,Fenix,0,low,0.11566801000000002,14.692320000000002,0.2979977329974811,0.16907325550533112,38.04100755667506
Aegis-Boreas,487,22.4,0.1076,ok,63737.239,Aegis,Boreas,0,very_low,0.01157776,2.41024,0.2911771978021978,0.16781519450328578,59.97527472527472
Aegis-Boreas,6,66.3,0.3188,ok,85909.898,Aegis,Boreas,0,low,0.10163343999999998,21.136439999999997,0.2911771978021978,0.16781519450328578,59.97527472527472
Aegis-Dawn,460,4.9,0.0503,ok,122100.698,Aegis,Dawn,0,very_low,0.0025300899999999996,0.24647,0.3143477922077922,0.16558189329464748,31.258909090909093
Boreas-Fenix,213,75.8,0.4483,ok,280300.608,Boreas,Fenix,0,medium,0.20097289,33.981139999999996,0.3080685421994885,0.17007740427160456,51.75457800511509
Dawn-Elysium,21,18.2,0.2637,ok,129979.234,Dawn,Elysium,0,low,0.06953769,4.79934,0.29596,0.16907179960732635,20.87232
Aegis-Elysium,113,136.8,0.6772,ok,810278.498,Aegis,Elysium,0,high,0.45859984000000004,92.64096,0.3029021390374331,0.16678734255381286,60.362834224598934
Boreas-Fenix,208,50.82000000000001,0.2951,ok,182033.079,Boreas,Fenix,0,low,0.08708400999999999,14.996982000000001,0.3080685421994885,0.17007740427160456,51.75457800511509
Aegis-Boreas,250,162.7,0.7824,ok,565351.806,Aegis,Boreas,0,high,0.61214976,127.29647999999999,0.2911771978021978,0.16781519450328578,59.97527472527472
Dawn-Fenix,214,6.0,0.038,ok,69816.305,Dawn,Fenix,0,very_low,0.001444,0.22799999999999998,0.3041873417721519,0.1724694243240588,47.598683544303796
Aegis-Elysium,218,66.9,0.3311,ok,237045.163,Aegis,Elysium,0,low,0.10962721,22.15059,0.3029021390374331,0.16678734255381286,60.362834224598934
Boreas-Fenix,499,52.5,0.3109,ok,189605.502,Boreas,Fenix,0,low,0.09665881000000001,16.32225,0.3080685421994885,0.17007740427160456,51.75457800511509
Caelum-Elysium,408,28.8,0.3467,ok,195163.603,Caelum,Elysium,0,low,0.12020089,9.984960000000001,0.29901641025641024,0.16467290094562215,25.344512820512822
Boreas-Fenix,11,59.0,0.3488,ok,212571.73,Boreas,Fenix,0,low,0.12166144,20.5792,0.3080685421994885,0.17007740427160456,51.75457800511509
Caelum-Elysium,178,12.0,0.1443,ok,134834.872,Caelum,Elysium,0,very_low,0.020822490000000003,1.7316000000000003,0.29901641025641024,0.16467290094562215,25.344512820512822
Caelum-Elysium,75,6.6,0.0793,ok,127906.908,Caelum,Elysium,0,very_low,0.006288489999999999,0.52338,0.29901641025641024,0.16467290094562215,25.344512820512822
Boreas-Fenix,181,66.3,0.3921,ok,233948.783,Boreas,Fenix,0,low,0.15374241,25.99623,0.3080685421994885,0.17007740427160456,51.75457800511509
Boreas-Dawn,177,34.5,0.1707,ok,76119.289,Boreas,Dawn,0,very_low,0.029138489999999996,5.88915,0.2929547120418848,0.16733925578385606,58.52005235602094
Elysium-Fenix,284,60.9,0.401,ok,296127.546,Elysium,Fenix,0,medium,0.16080100000000003,24.4209,0.2866814016172507,0.16585315339481224,43.56679245283019
Boreas-Elysium,438,77.2,0.3764,ok,165136.312,Boreas,Elysium,0,low,0.14167696000000002,29.05808,0.2900737913486005,0.165054059944648,59.068346055979646
Boreas-Fenix,330,82.2,0.4863,ok,317821.136,Boreas,Fenix,0,medium,0.23648769,39.97386,0.3080685421994885,0.17007740427160456,51.75457800511509
Dawn-Fenix,267,54.0,0.3439,ok,111154.43,Dawn,Fenix,0,low,0.11826720999999998,18.5706,0.3041873417721519,0.1724694243240588,47.598683544303796
Aegis-Elysium,376,66.0,0.3267,ok,411581.344,Aegis,Elysium,0,low,0.10673289,21.5622,0.3029021390374331,0.16678734255381286,60.362834224598934
Caelum-Elysium,104,29.5,0.3557,ok,205293.638,Caelum,Elysium,0,low,0.12652249000000002,10.49315,0.29901641025641024,0.16467290094562215,25.344512820512822
Caelum-Elysium,488,18.0,0.2167,ok,335133.178,Caelum,Elysium,0,low,0.04695889,3.9006,0.29901641025641024,0.16467290094562215,25.344512820512822
Elysium-Fenix,80,119.9,0.7886,ok,1620848.536,Elysium,Fenix,0,high,0.62188996,94.55314,0.2866814016172507,0.16585315339481224,43.56679245283019
Boreas-Elysium,476,107.2,0.5231,ok,263162.619,Boreas,Elysium,0,medium,0.27363361,56.07632,0.2900737913486005,0.165054059944648,59.068346055979646
Boreas-Elysium,69,96.2,0.4692,ok,217816.803,Boreas,Elysium,0,medium,0.22014864,45.13704,0.2900737913486005,0.165054059944648,59.068346055979646
Caelum-Elysium,175,10.0,0.1204,ok,135593.355,Caelum,Elysium,0,very_low,0.014496159999999998,1.204,0.29901641025641024,0.16467290094562215,25.344512820512822
Boreas-Dawn,343,33.8,0.1675,ok,75976.014,Boreas,Dawn,0,very_low,0.028056250000000005,5.6615,0.2929547120418848,0.16733925578385606,58.52005235602094
Boreas-Fenix,362,70.9,0.4193,ok,260639.939,Boreas,Fenix,0,medium,0.17581249000000002,29.72837,0.3080685421994885,0.17007740427160456,51.75457800511509
Elysium-Fenix,88,27.7,0.182,ok,183839.429,Elysium,Fenix,0,very_low,0.033124,5.041399999999999,0.2866814016172507,0.16585315339481224,43.56679245283019
Boreas-Fenix,86,89.3,0.5283,ok,373413.602,Boreas,Fenix,0,medium,0.27910089,47.177189999999996,0.3080685421994885,0.17007740427160456,51.75457800511509
Caelum-Fenix,190,56.0,0.441,ok,228996.428,Caelum,Fenix,0,medium,0.19448100000000001,24.696,0.2979977329974811,0.16907325550533112,38.04100755667506
Dawn-Elysium,433,29.4,0.4264,ok,198668.489,Dawn,Elysium,0,medium,0.18181696,12.536159999999999,0.29596,0.16907179960732635,20.87232
Boreas-Dawn,63,50.3,0.2489,ok,86862.141,Boreas,Dawn,0,low,0.06195121000000001,12.51967,0.2929547120418848,0.16733925578385606,58.52005235602094
Caelum-Fenix,396,14.6,0.1151,ok,120000.075,Caelum,Fenix,0,very_low,0.01324801,1.6804599999999998,0.2979977329974811,0.16907325550533112,38.04100755667506
Boreas-Elysium,264,44.4,0.2168,ok,116281.097,Boreas,Elysium,0,low,0.047002239999999994,9.625919999999999,0.2900737913486005,0.165054059944648,59.068346055979646
Aegis-Elysium,227,80.1,0.3963,ok,272286.306,Aegis,Elysium,0,low,0.15705369,31.743629999999996,0.3029021390374331,0.16678734255381286,60.362834224598934
Dawn-Fenix,411,20.2,0.1284,ok,74227.988,Dawn,Fenix,0,very_low,0.016486559999999997,2.5936799999999995,0.3041873417721519,0.1724694243240588,47.598683544303796
Aegis-Boreas,240,32.9,0.1582,ok,65847.579,Aegis,Boreas,0,very_low,0.025027240000000003,5.20478,0.2911771978021978,0.16781519450328578,59.97527472527472
Aegis-Boreas,69,87.2,0.4194,ok,112777.127,Aegis,Boreas,0,medium,0.17589636,36.57168,0.2911771978021978,0.16781519450328578,59.97527472527472
Boreas-Dawn,175,11.6,0.0575,ok,70131.463,Boreas,Dawn,0,very_low,0.00330625,0.667,0.2929547120418848,0.16733925578385606,58.52005235602094
Caelum-Dawn,430,14.8,0.1606,ok,122221.385,Caelum,Dawn,0,very_low,0.025792359999999997,2.37688,0.30429655172413794,0.17370736738192366,28.526896551724136
Caelum-Elysium,260,39.7,0.4779,ok,295013.773,Caelum,Elysium,0,medium,0.22838841,18.972630000000002,0.29901641025641024,0.16467290094562215,25.344512820512822
Dawn-Elysium,343,4.5,0.0649,ok,105636.25,Dawn,Elysium,0,very_low,0.0042120099999999995,0.29205,0.29596,0.16907179960732635,20.87232
Aegis-Boreas,130,94.0,0.4521,ok,127962.102,Aegis,Boreas,0,medium,0.20439441,42.4974,0.2911771978021978,0.16781519450328578,59.97527472527472
Aegis-Elysium,359,76.0,0.3761,ok,256463.859,Aegis,Elysium,0,low,0.14145121,28.5836,0.3029021390374331,0.16678734255381286,60.362834224598934
Boreas-Elysium,70,47.5,0.2316,ok,119659.898,Boreas,Elysium,0,low,0.05363856,11.001,0.2900737913486005,0.165054059944648,59.068346055979646
Dawn-Fenix,412,51.0,0.3251,ok,104656.797,Dawn,Fenix,0,low,0.10569001,16.5801,0.3041873417721519,0.1724694243240588,47.598683544303796
Dawn-Fenix,372,24.6,0.1568,ok,77550.939,Dawn,Fenix,0,very_low,0.02458624,3.8572800000000003,0.3041873417721519,0.1724694243240588,47.598683544303796
Boreas-Elysium,173,31.6,0.1543,ok,100707.336,Boreas,Elysium,0,very_low,0.023808489999999998,4.8758799999999995,0.2900737913486005,0.165054059944648,59.068346055979646
Dawn-Elysium,288,18.7,0.2707,ok,135566.232,Dawn,Elysium,0,low,0.07327849,5.0620899999999995,0.29596,0.16907179960732635,20.87232
Caelum-Dawn,224,40.9,0.4444,ok,233121.617,Caelum,Dawn,0,medium,0.19749136,18.17596,0.30429655172413794,0.17370736738192366,28.526896551724136
Dawn-Fenix,195,80.2,0.5111,ok,182089.624,Dawn,Fenix,0,medium,0.26122321,40.99022,0.3041873417721519,0.1724694243240588,47.598683544303796
Caelum-Dawn,497,34.2,0.3712,ok,183107.999,Caelum,Dawn,0,low,0.13778943999999999,12.69504,0.30429655172413794,0.17370736738192366,28.526896551724136
Dawn-Fenix,351,9.9,0.0629,ok,70898.879,Dawn,Fenix,0,very_low,0.00395641,0.62271,0.3041873417721519,0.1724694243240588,47.598683544303796
Boreas-Fenix,425,44.3,0.2621,ok,173683.185,Boreas,Fenix,0,low,0.06869641,11.61103,0.3080685421994885,0.17007740427160456,51.75457800511509
Aegis-Dawn,459,35.8,0.3657,ok,194351.637,Aegis,Dawn,0,low,0.13373649,13.09206,0.3143477922077922,0.16558189329464748,31.258909090909093
Boreas-Dawn,221,115.5,0.5718,ok,225186.763,Boreas,Dawn,0,medium,0.32695524,66.0429,0.2929547120418848,0.16733925578385606,58.52005235602094
Dawn-Elysium,331,44.9,0.6501,ok,469481.043,Dawn,Elysium,0,high,0.42263001,29.18949,0.29596,0.16907179960732635,20.87232
Aegis-Boreas,375,24.8,0.1192,ok,64419.72,Aegis,Boreas,0,very_low,0.01420864,2.95616,0.2911771978021978,0.16781519450328578,59.97527472527472
Caelum-Dawn,436,6.3,0.0688,ok,112345.106,Caelum,Dawn,0,very_low,0.00473344,0.43344,0.30429655172413794,0.17370736738192366,28.526896551724136
Boreas-Elysium,227,19.7,0.0963,ok,99584.247,Boreas,Elysium,0,very_low,0.00927369,1.8971099999999999,0.2900737913486005,0.165054059944648,59.068346055979646
Caelum-Fenix,309,22.6,0.1782,ok,125012.859,Caelum,Fenix,0,very_low,0.03175524,4.0273200000000005,0.2979977329974811,0.16907325550533112,38.04100755667506
Dawn-Elysium,277,13.7,0.198,ok,116079.853,Dawn,Elysium,0,very_low,0.039204,2.7126,0.29596,0.16907179960732635,20.87232
Aegis-Dawn,46,7.26,0.0508,ok,115767.428,Aegis,Dawn,0,very_low,0.00258064,0.36880799999999997,0.3143477922077922,0.16558189329464748,31.258909090909093
Dawn-Fenix,37,73.5,0.4683,ok,160012.311,Dawn,Fenix,0,medium,0.21930489,34.420049999999996,0.3041873417721519,0.1724694243240588,47.598683544303796
Aegis-Boreas,57,19.8,0.0954,ok,62705.28,Aegis,Boreas,0,very_low,0.00910116,1.88892,0.2911771978021978,0.16781519450328578,59.97527472527472
Aegis-Dawn,164,40.8,0.416,ok,225623.148,Aegis,Dawn,0,medium,0.173056,16.9728,0.3143477922077922,0.16558189329464748,31.258909090909093
Aegis-Boreas,310,23.9,0.1149,ok,61192.171,Aegis,Boreas,0,very_low,0.01320201,2.74611,0.2911771978021978,0.16781519450328578,59.97527472527472
Boreas-Fenix,390,31.9,0.1888,ok,148684.278,Boreas,Fenix,0,very_low,0.03564544,6.02272,0.3080685421994885,0.17007740427160456,51.75457800511509
Aegis-Elysium,339,45.1,0.2234,ok,179235.07,Aegis,Elysium,0,low,0.04990756,10.07534,0.3029021390374331,0.16678734255381286,60.362834224598934
Dawn-Elysium,435,12.7,0.1841,ok,109946.643,Dawn,Elysium,0,very_low,0.03389281,2.33807,0.29596,0.16907179960732635,20.87232
Boreas-Elysium,151,65.9,0.3216,ok,141457.737,Boreas,Elysium,0,low,0.10342656,21.193440000000002,0.2900737913486005,0.165054059944648,59.068346055979646
Dawn-Elysium,132,7.8,0.1134,ok,101572.584,Dawn,Elysium,0,very_low,0.01285956,0.88452,0.29596,0.16907179960732635,20.87232
Caelum-Elysium,312,30.1,0.3625,ok,210736.595,Caelum,Elysium,0,low,0.13140625,10.91125,0.29901641025641024,0.16467290094562215,25.344512820512822
Caelum-Fenix,330,62.0,0.4878,ok,271118.758,Caelum,Fenix,0,medium,0.23794884000000002,30.2436,0.2979977329974811,0.16907325550533112,38.04100755667506
Caelum-Dawn,7,9.5,0.1032,ok,116665.995,Caelum,Dawn,0,very_low,0.01065024,0.9804,0.30429655172413794,0.17370736738192366,28.526896551724136
Caelum-Fenix,392,81.3,0.6402,ok,490390.334,Caelum,Fenix,0,high,0.40985604,52.04826,0.2979977329974811,0.16907325550533112,38.04100755667506
Boreas-Elysium,398,34.9,0.17,ok,107139.374,Boreas,Elysium,0,very_low,0.028900000000000006,5.933,0.2900737913486005,0.165054059944648,59.068346055979646
Boreas-Elysium,371,92.9,0.453,ok,206464.83,Boreas,Elysium,0,medium,0.205209,42.0837,0.2900737913486005,0.165054059944648,59.068346055979646
Boreas-Elysium,409,31.96,0.2351,ok,115580.912,Boreas,Elysium,0,low,0.05527201,7.513796,0.2900737913486005,0.165054059944648,59.068346055979646
Boreas-Dawn,335,48.4,0.2396,ok,82352.223,Boreas,Dawn,0,low,0.05740816000000001,11.59664,0.2929547120418848,0.16733925578385606,58.52005235602094
Boreas-Elysium,62,90.5,0.4416,ok,199014.388,Boreas,Elysium,0,medium,0.19501056,39.9648,0.2900737913486005,0.165054059944648,59.068346055979646
Elysium-Fenix,496,93.7,0.6166,ok,657452.535,Elysium,Fenix,0,high,0.38019556000000004,57.775420000000004,0.2866814016172507,0.16585315339481224,43.56679245283019
Caelum-Dawn,258,30.9,0.336,ok,167903.688,Caelum,Dawn,0,low,0.11289600000000001,10.3824,0.30429655172413794,0.17370736738192366,28.526896551724136
Boreas-Fenix,7,49.1,0.2905,ok,177353.494,Boreas,Fenix,0,low,0.08439024999999999,14.263549999999999,0.3080685421994885,0.17007740427160456,51.75457800511509
Aegis-Dawn,44,27.4,0.2791,ok,156298.441,Aegis,Dawn,0,low,0.07789681000000001,7.64734,0.3143477922077922,0.16558189329464748,31.258909090909093
Caelum-Fenix,78,14.3,0.1126,ok,113112.836,Caelum,Fenix,0,very_low,0.01267876,1.6101800000000002,0.2979977329974811,0.16907325550533112,38.04100755667506
Elysium-Fenix,93,13.1,0.0859,ok,163495.813,Elysium,Fenix,0,very_low,0.00737881,1.1252900000000001,0.2866814016172507,0.16585315339481224,43.56679245283019
Dawn-Elysium,413,15.5,0.2244,ok,118158.615,Dawn,Elysium,0,low,0.050355359999999995,3.4781999999999997,0.29596,0.16907179960732635,20.87232
Caelum-Dawn,263,59.7,0.6488,ok,509892.479,Caelum,Dawn,0,high,0.42094144000000006,38.733360000000005,0.30429655172413794,0.17370736738192366,28.526896551724136
Caelum-Fenix,345,45.4,0.3571,ok,176826.77,Caelum,Fenix,0,low,0.12752040999999997,16.212339999999998,0.2979977329974811,0.16907325550533112,38.04100755667506
Boreas-Elysium,63,19.9,0.0971,ok,101853.9,Boreas,Elysium,0,very_low,0.009428410000000002,1.93229,0.2900737913486005,0.165054059944648,59.068346055979646
Aegis-Dawn,200,22.3,0.2274,ok,140895.34,Aegis,Dawn,0,low,0.051710759999999995,5.07102,0.3143477922077922,0.16558189329464748,31.258909090909093
Caelum-Fenix,378,36.0,0.2835,ok,145954.563,Caelum,Fenix,0,low,0.08037224999999999,10.206,0.2979977329974811,0.16907325550533112,38.04100755667506
Aegis-Dawn,194,26.3,0.2686,ok,151830.542,Aegis,Dawn,0,low,0.07214596000000001,7.06418,0.3143477922077922,0.16558189329464748,31.258909090909093
Dawn-Fenix,187,26.5,0.1686,ok,78591.227,Dawn,Fenix,0,very_low,0.02842596,4.4679,0.3041873417721519,0.1724694243240588,47.598683544303796
Boreas-Dawn,477,18.3,0.0908,ok,69052.369,Boreas,Dawn,0,very_low,0.008244640000000001,1.6616400000000002,0.2929547120418848,0.16733925578385606,58.52005235602094
Caelum-Dawn,412,47.7,0.5183,ok,298936.688,Caelum,Dawn,0,medium,0.26863488999999996,24.722910000000002,0.30429655172413794,0.17370736738192366,28.526896551724136
Aegis-Boreas,288,69.2,0.3329,ok,91496.591,Aegis,Boreas,0,low,0.11082240999999998,23.03668,0.2911771978021978,0.16781519450328578,59.97527472527472
Boreas-Dawn,298,50.5,0.2502,ok,87083.711,Boreas,Dawn,0,low,0.06260004,12.6351,0.2929547120418848,0.16733925578385606,58.52005235602094
Caelum-Dawn,80,31.7,0.3442,ok,171006.507,Caelum,Dawn,0,low,0.11847364,10.91114,0.30429655172413794,0.17370736738192366,28.526896551724136
Dawn-Elysium,157,26.0,0.3769,ok,171949.435,Dawn,Elysium,0,low,0.14205361,9.7994,0.29596,0.16907179960732635,20.87232
Aegis-Dawn,440,74.6,0.7617,ok,983504.91,Aegis,Dawn,0,high,0.5801868900000001,56.82282,0.3143477922077922,0.16558189329464748,31.258909090909093
Elysium-Fenix,310,47.4,0.3119,ok,237010.955,Elysium,Fenix,0,low,0.09728161,14.78406,0.2866814016172507,0.16585315339481224,43.56679245283019
Aegis-Dawn,291,63.6,0.649,ok,540757.395,Aegis,Dawn,0,high,0.42120100000000005,41.2764,0.3143477922077922,0.16558189329464748,31.258909090909093
Boreas-Dawn,497,87.8,0.4349,ok,138622.331,Boreas,Dawn,0,medium,0.18913801,38.184219999999996,0.2929547120418848,0.16733925578385606,58.52005235602094
Caelum-Fenix,225,24.96,0.1478,ok,119541.69,Caelum,Fenix,0,very_low,0.021844839999999997,3.689088,0.2979977329974811,0.16907325550533112,38.04100755667506
Caelum-Elysium,499,25.2,0.3037,ok,181152.741,Caelum,Elysium,0,low,0.09223369000000002,7.65324,0.29901641025641024,0.16467290094562215,25.344512820512822
Caelum-Fenix,325,59.5,0.4683,ok,250039.339,Caelum,Fenix,0,medium,0.21930489,27.86385,0.2979977329974811,0.16907325550533112,38.04100755667506
Caelum-Elysium,494,26.9,0.3238,ok,183888.117,Caelum,Elysium,0,low,0.10484643999999999,8.71022,0.29901641025641024,0.16467290094562215,25.344512820512822
Caelum-Fenix,496,30.5,0.2401,ok,133981.802,Caelum,Fenix,0,low,0.057648010000000006,7.32305,0.2979977329974811,0.16907325550533112,38.04100755667506
Boreas-Fenix,211,19.9,0.1175,ok,138429.946,Boreas,Fenix,0,very_low,0.013806249999999999,2.3382499999999995,0.3080685421994885,0.17007740427160456,51.75457800511509
Caelum-Fenix,353,46.5,0.3665,ok,182981.349,Caelum,Fenix,0,low,0.13432225,17.04225,0.2979977329974811,0.16907325550533112,38.04100755667506
Caelum-Dawn,168,35.1,0.3814,ok,191068.305,Caelum,Dawn,0,low,0.14546596,13.38714,0.30429655172413794,0.17370736738192366,28.526896551724136
Caelum-Elysium,242,20.9,0.2515,ok,161821.185,Caelum,Elysium,0,low,0.06325225,5.256349999999999,0.29901641025641024,0.16467290094562215,25.344512820512822
Boreas-Fenix,461,42.4,0.2509,ok,453872.104,Boreas,Fenix,0,low,0.06295081000000001,10.638160000000001,0.3080685421994885,0.17007740427160456,51.75457800511509
Caelum-Elysium,129,13.7,0.1646,ok,139853.214,Caelum,Elysium,0,very_low,0.027093159999999998,2.25502,0.29901641025641024,0.16467290094562215,25.344512820512822
Aegis-Boreas,142,122.2,0.5876,ok,209612.61,Aegis,Boreas,0,medium,0.34527376000000004,71.80472,0.2911771978021978,0.16781519450328578,59.97527472527472
Dawn-Fenix,111,3.9,0.0251,ok,69940.403,Dawn,Fenix,0,very_low,0.0006300100000000001,0.09789,0.3041873417721519,0.1724694243240588,47.598683544303796
Boreas-Elysium,289,54.7,0.2666,ok,125845.924,Boreas,Elysium,0,low,0.07107556,14.583020000000001,0.2900737913486005,0.165054059944648,59.068346055979646
Boreas-Elysium,230,24.5,0.1197,ok,100978.272,Boreas,Elysium,0,very_low,0.01432809,2.93265,0.2900737913486005,0.165054059944648,59.068346055979646
Caelum-Dawn,319,15.5,0.1688,ok,123811.669,Caelum,Dawn,0,very_low,0.028493440000000002,2.6164,0.30429655172413794,0.17370736738192366,28.526896551724136
Dawn-Fenix,71,27.7,0.1767,ok,79084.603,Dawn,Fenix,0,very_low,0.03122289,4.89459,0.3041873417721519,0.1724694243240588,47.598683544303796
Dawn-Elysium,348,27.4,0.3974,ok,182899.623,Dawn,Elysium,0,low,0.15792675999999997,10.88876,0.29596,0.16907179960732635,20.87232
Dawn-Fenix,223,79.2,0.5045,ok,180387.196,Dawn,Fenix,0,medium,0.25452024999999995,39.956399999999995,0.3041873417721519,0.1724694243240588,47.598683544303796
Caelum-Fenix,457,21.5,0.1694,ok,123825.115,Caelum,Fenix,0,very_low,0.028696359999999997,3.6421,0.2979977329974811,0.16907325550533112,38.04100755667506
Dawn-Elysium,42,8.4,0.1213,ok,106298.327,Dawn,Elysium,0,very_low,0.014713690000000001,1.01892,0.29596,0.16907179960732635,20.87232
Aegis-Elysium,395,115.3,0.5707,ok,504783.384,Aegis,Elysium,0,medium,0.32569849,65.80171,0.3029021390374331,0.16678734255381286,60.362834224598934
Boreas-Elysium,112,54.2,0.2644,ok,125692.104,Boreas,Elysium,0,low,0.06990736000000002,14.330480000000001,0.2900737913486005,0.165054059944648,59.068346055979646
Dawn-Elysium,250,23.3,0.3383,ok,153618.12,Dawn,Elysium,0,low,0.11444689,7.88239,0.29596,0.16907179960732635,20.87232
Boreas-Fenix,97,13.8,0.0814,ok,135268.993,Boreas,Fenix,0,very_low,0.00662596,1.12332,0.3080685421994885,0.17007740427160456,51.75457800511509
Aegis-Elysium,423,35.3,0.1746,ok,167914.544,Aegis,Elysium,0,very_low,0.03048516,6.16338,0.3029021390374331,0.16678734255381286,60.362834224598934
Aegis-Elysium,393,24.6,0.1215,ok,157896.333,Aegis,Elysium,0,very_low,0.01476225,2.9889,0.3029021390374331,0.16678734255381286,60.362834224598934
Elysium-Fenix,402,30.6,0.2013,ok,187110.123,Elysium,Fenix,0,low,0.040521690000000006,6.1597800000000005,0.2866814016172507,0.16585315339481224,43.56679245283019
Boreas-Elysium,253,52.1,0.254,ok,124723.979,Boreas,Elysium,0,low,0.064516,13.233400000000001,0.2900737913486005,0.165054059944648,59.068346055979646
Dawn-Elysium,238,32.4,0.4692,ok,226426.389,Dawn,Elysium,0,medium,0.22014864,15.202079999999999,0.29596,0.16907179960732635,20.87232
Boreas-Elysium,224,92.8,0.4529,ok,208793.683,Boreas,Elysium,0,medium,0.20511841000000003,42.02912,0.2900737913486005,0.165054059944648,59.068346055979646
Dawn-Elysium,387,26.4,0.3826,ok,428427.257,Dawn,Elysium,0,low,0.14638276,10.100639999999999,0.29596,0.16907179960732635,20.87232
Caelum-Fenix,163,29.5,0.2327,ok,138520.688,Caelum,Fenix,0,low,0.054149289999999996,6.86465,0.2979977329974811,0.16907325550533112,38.04100755667506
Aegis-Elysium,311,39.8,0.197,ok,174369.755,Aegis,Elysium,0,very_low,0.038809,7.840599999999999,0.3029021390374331,0.16678734255381286,60.362834224598934
Caelum-Dawn,424,36.6,0.3973,ok,556646.23,Caelum,Dawn,0,low,0.15784729,14.54118,0.30429655172413794,0.17370736738192366,28.526896551724136
Caelum-Elysium,28,26.2,0.3155,ok,181582.909,Caelum,Elysium,0,low,0.09954025,8.2661,0.29901641025641024,0.16467290094562215,25.344512820512822
Boreas-Fenix,443,2.6,0.0152,ok,132181.339,Boreas,Fenix,0,very_low,0.00023104,0.03952,0.3080685421994885,0.17007740427160456,51.75457800511509
Dawn-Elysium,434,25.4,0.3681,ok,166426.332,Dawn,Elysium,0,low,0.13549761,9.349739999999999,0.29596,0.16907179960732635,20.87232
Boreas-Dawn,435,81.7,0.4046,ok,64638.254,Boreas,Dawn,0,medium,0.16370116,33.055820000000004,0.2929547120418848,0.16733925578385606,58.52005235602094
Dawn-Fenix,75,27.3,0.174,ok,80409.092,Dawn,Fenix,0,very_low,0.030275999999999997,4.7501999999999995,0.3041873417721519,0.1724694243240588,47.598683544303796
Caelum-Dawn,174,4.2,0.0453,ok,111763.513,Caelum,Dawn,0,very_low,0.00205209,0.19026,0.30429655172413794,0.17370736738192366,28.526896551724136
Aegis-Boreas,402,22.4,0.1079,ok,63226.574,Aegis,Boreas,0,very_low,0.011642409999999999,2.4169599999999996,0.2911771978021978,0.16781519450328578,59.97527472527472
Aegis-Boreas,243,63.5,0.3051,ok,84350.407,Aegis,Boreas,0,low,0.09308600999999998,19.373849999999997,0.2911771978021978,0.16781519450328578,59.97527472527472
Aegis-Elysium,128,78.6,0.389,ok,269068.486,Aegis,Elysium,0,low,0.151321,30.5754,0.3029021390374331,0.16678734255381286,60.362834224598934
Boreas-Elysium,78,59.4,0.2898,ok,130268.277,Boreas,Elysium,0,low,0.08398404,17.21412,0.2900737913486005,0.165054059944648,59.068346055979646
Dawn-Elysium,62,8.4,0.1223,ok,105570.895,Dawn,Elysium,0,very_low,0.014957290000000002,1.02732,0.29596,0.16907179960732635,20.87232
Caelum-Fenix,143,79.7,0.6279,ok,471183.952,Caelum,Fenix,0,high,0.39425841,50.04363,0.2979977329974811,0.16907325550533112,38.04100755667506
Aegis-Dawn,302,22.9,0.2338,ok,145649.773,Aegis,Dawn,0,low,0.05466244000000001,5.35402,0.3143477922077922,0.16558189329464748,31.258909090909093
Boreas-Elysium,273,64.2,0.3131,ok,137358.778,Boreas,Elysium,0,low,0.09803160999999999,20.101020000000002,0.2900737913486005,0.165054059944648,59.068346055979646
Dawn-Elysium,241,33.7,0.4877,ok,240753.15,Dawn,Elysium,0,medium,0.23785129000000002,16.43549,0.29596,0.16907179960732635,20.87232
Aegis-Dawn,202,36.0,0.3672,ok,194770.511,Aegis,Dawn,0,low,0.13483584,13.2192,0.3143477922077922,0.16558189329464748,31.258909090909093
Aegis-Boreas,257,88.5,0.4255,ok,117792.312,Aegis,Boreas,0,medium,0.18105025,37.65675,0.2911771978021978,0.16781519450328578,59.97527472527472
Boreas-Dawn,146,71.8,0.3555,ok,108043.604,Boreas,Dawn,0,low,0.12638025,25.5249,0.2929547120418848,0.16733925578385606,58.52005235602094
Caelum-Elysium,73,31.9,0.3848,ok,125215.058,Caelum,Elysium,0,low,0.14807104,12.27512,0.29901641025641024,0.16467290094562215,25.344512820512822
Boreas-Elysium,180,64.5,0.3145,ok,139824.872,Boreas,Elysium,0,low,0.09891025,20.28525,0.2900737913486005,0.165054059944648,59.068346055979646
Boreas-Dawn,409,33.9,0.1678,ok,74355.453,Boreas,Dawn,0,very_low,0.028156840000000002,5.68842,0.2929547120418848,0.16733925578385606,58.52005235602094
Elysium-Fenix,46,32.6,0.2144,ok,193438.22,Elysium,Fenix,0,low,0.045967360000000006,6.98944,0.2866814016172507,0.16585315339481224,43.56679245283019
Elysium-Fenix,240,32.0,0.2103,ok,188404.935,Elysium,Fenix,0,low,0.044226089999999996,6.7296,0.2866814016172507,0.16585315339481224,43.56679245283019
Dawn-Elysium,252,5.4,0.0788,ok,105686.658,Dawn,Elysium,0,very_low,0.006209439999999999,0.42552,0.29596,0.16907179960732635,20.87232
Aegis-Dawn,245,14.2,0.1447,ok,127197.081,Aegis,Dawn,0,very_low,0.02093809,2.05474,0.3143477922077922,0.16558189329464748,31.258909090909093
Elysium-Fenix,355,16.1,0.106,ok,167952.63,Elysium,Fenix,0,very_low,0.011236,1.7066000000000001,0.2866814016172507,0.16585315339481224,43.56679245283019
Elysium-Fenix,101,87.8,0.5774,ok,548629.192,Elysium,Fenix,0,medium,0.33339076,50.69572,0.2866814016172507,0.16585315339481224,43.56679245283019
Boreas-Elysium,144,21.8,0.1062,ok,99477.606,Boreas,Elysium,0,very_low,0.01127844,2.31516,0.2900737913486005,0.165054059944648,59.068346055979646
Caelum-Fenix,368,32.6,0.2566,ok,139250.947,Caelum,Fenix,0,low,0.06584356,8.36516,0.2979977329974811,0.16907325550533112,38.04100755667506
Dawn-Fenix,25,39.7,0.2529,ok,88087.282,Dawn,Fenix,0,low,0.06395841000000001,10.040130000000001,0.3041873417721519,0.1724694243240588,47.598683544303796
Boreas-Fenix,346,108.1,0.6398,ok,588822.871,Boreas,Fenix,0,high,0.40934404,69.16238,0.3080685421994885,0.17007740427160456,51.75457800511509
Dawn-Fenix,416,24.88,0.1745,ok,79628.625,Dawn,Fenix,0,very_low,0.030450249999999995,4.341559999999999,0.3041873417721519,0.1724694243240588,47.598683544303796
Boreas-Dawn,29,32.6,0.1615,ok,73790.996,Boreas,Dawn,0,very_low,0.02608225,5.264900000000001,0.2929547120418848,0.16733925578385606,58.52005235602094
Boreas-Dawn,243,38.5,0.1907,ok,75057.052,Boreas,Dawn,0,very_low,0.03636649,7.341950000000001,0.2929547120418848,0.16733925578385606,58.52005235602094
Boreas-Fenix,380,30.9,0.1828,ok,151170.929,Boreas,Fenix,0,very_low,0.033415839999999995,5.6485199999999995,0.3080685421994885,0.17007740427160456,51.75457800511509
Boreas-Elysium,95,5.8,0.0283,ok,99082.923,Boreas,Elysium,0,very_low,0.00080089,0.16413999999999998,0.2900737913486005,0.165054059944648,59.068346055979646
Dawn-Elysium,279,31.7,0.4588,ok,223201.606,Dawn,Elysium,0,medium,0.21049743999999998,14.543959999999998,0.29596,0.16907179960732635,20.87232
Dawn-Elysium,323,24.3,0.3528,ok,161619.536,Dawn,Elysium,0,low,0.12446784,8.57304,0.29596,0.16907179960732635,20.87232
Aegis-Boreas,420,64.0,0.3075,ok,85363.173,Aegis,Boreas,0,low,0.09455625,19.68,0.2911771978021978,0.16781519450328578,59.97527472527472
Aegis-Boreas,397,34.8,0.2619,ok,77726.099,Aegis,Boreas,0,low,0.06859161000000001,9.11412,0.2911771978021978,0.16781519450328578,59.97527472527472
Dawn-Fenix,384,36.8,0.2347,ok,84070.403,Dawn,Fenix,0,low,0.055084089999999995,8.636959999999998,0.3041873417721519,0.1724694243240588,47.598683544303796
Boreas-Elysium,255,39.1,0.1906,ok,109880.479,Boreas,Elysium,0,very_low,0.03632836,7.45246,0.2900737913486005,0.165054059944648,59.068346055979646
Boreas-Dawn,208,54.8,0.2712,ok,90788.047,Boreas,Dawn,0,low,0.07354944,14.861759999999999,0.2929547120418848,0.16733925578385606,58.52005235602094
Elysium-Fenix,389,47.3,0.3111,ok,230381.998,Elysium,Fenix,0,low,0.09678321,14.715029999999999,0.2866814016172507,0.16585315339481224,43.56679245283019
Dawn-Fenix,0,11.4,0.0727,ok,72156.754,Dawn,Fenix,0,very_low,0.00528529,0.8287800000000001,0.3041873417721519,0.1724694243240588,47.598683544303796
Caelum-Fenix,105,14.1,0.1108,ok,115602.681,Caelum,Fenix,0,very_low,0.012276639999999998,1.56228,0.2979977329974811,0.16907325550533112,38.04100755667506
Caelum-Fenix,347,9.5,0.075,ok,113091.976,Caelum,Fenix,0,very_low,0.005625,0.7125,0.2979977329974811,0.16907325550533112,38.04100755667506
Dawn-Fenix,168,22.2,0.1416,ok,76118.276,Dawn,Fenix,0,very_low,0.020050560000000002,3.14352,0.3041873417721519,0.1724694243240588,47.598683544303796
Aegis-Boreas,231,63.0,0.3031,ok,84316.707,Aegis,Boreas,0,low,0.09186960999999999,19.095299999999998,0.2911771978021978,0.16781519450328578,59.97527472527472
Boreas-Elysium,302,69.7,0.3398,ok,147107.047,Boreas,Elysium,0,low,0.11546403999999999,23.68406,0.2900737913486005,0.165054059944648,59.068346055979646
Caelum-Dawn,277,10.2,0.1107,ok,115614.941,Caelum,Dawn,0,very_low,0.012254490000000002,1.12914,0.30429655172413794,0.17370736738192366,28.526896551724136
Dawn-Elysium,172,19.1,0.2768,ok,132285.214,Dawn,Elysium,0,low,0.07661823999999999,5.28688,0.29596,0.16907179960732635,20.87232
Boreas-Dawn,411,52.7,0.261,ok,89211.82,Boreas,Dawn,0,low,0.068121,13.754700000000001,0.2929547120418848,0.16733925578385606,58.52005235602094
Elysium-Fenix,4,34.1,0.2241,ok,196775.928,Elysium,Fenix,0,low,0.05022081,7.64181,0.2866814016172507,0.16585315339481224,43.56679245283019
Dawn-Fenix,193,27.9,0.1778,ok,81681.535,Dawn,Fenix,0,very_low,0.03161284,4.9606200000000005,0.3041873417721519,0.1724694243240588,47.598683544303796
Aegis-Dawn,330,6.6,0.067,ok,121063.799,Aegis,Dawn,0,very_low,0.004489000000000001,0.4422,0.3143477922077922,0.16558189329464748,31.258909090909093
Caelum-Dawn,0,29.2,0.3173,ok,160099.015,Caelum,Dawn,0,low,0.10067929000000002,9.26516,0.30429655172413794,0.17370736738192366,28.526896551724136
Aegis-Boreas,10,21.3,0.1025,ok,61502.014,Aegis,Boreas,0,very_low,0.010506249999999998,2.18325,0.2911771978021978,0.16781519450328578,59.97527472527472
Boreas-Elysium,37,27.9,0.1362,ok,104351.827,Boreas,Elysium,0,very_low,0.018550439999999998,3.7999799999999992,0.2900737913486005,0.165054059944648,59.068346055979646
Boreas-Dawn,425,19.8,0.0979,ok,72482.182,Boreas,Dawn,0,very_low,0.00958441,1.93842,0.2929547120418848,0.16733925578385606,58.52005235602094
Dawn-Fenix,20,92.7,0.5902,ok,250921.44,Dawn,Fenix,0,medium,0.34833603999999996,54.71154,0.3041873417721519,0.1724694243240588,47.598683544303796
Aegis-Boreas,263,73.97999999999999,0.5171,ok,158131.571,Aegis,Boreas,0,medium,0.26739241,38.255058,0.2911771978021978,0.16781519450328578,59.97527472527472
Dawn-Elysium,190,14.4,0.2091,ok,118131.28,Dawn,Elysium,0,low,0.04372281,3.0110400000000004,0.29596,0.16907179960732635,20.87232
Dawn-Fenix,400,58.38,0.3869,ok,122946.071,Dawn,Fenix,0,low,0.14969161000000003,22.587222,0.3041873417721519,0.1724694243240588,47.598683544303796
Boreas-Dawn,153,35.8,0.177,ok,77916.293,Boreas,Dawn,0,very_low,0.031328999999999996,6.336599999999999,0.2929547120418848,0.16733925578385606,58.52005235602094
Caelum-Dawn,89,18.0,0.1953,ok,129970.022,Caelum,Dawn,0,very_low,0.038142090000000003,3.5154,0.30429655172413794,0.17370736738192366,28.526896551724136
Aegis-Dawn,465,68.2,0.6957,ok,681879.942,Aegis,Dawn,0,high,0.48399849,47.44674,0.3143477922077922,0.16558189329464748,31.258909090909093
Dawn-Fenix,311,9.3,0.059,ok,71446.964,Dawn,Fenix,0,very_low,0.0034809999999999997,0.5487,0.3041873417721519,0.1724694243240588,47.598683544303796
Boreas-Fenix,125,56.9,0.3369,ok,202319.529,Boreas,Fenix,0,low,0.11350160999999999,19.16961,0.3080685421994885,0.17007740427160456,51.75457800511509
Dawn-Fenix,249,28.8,0.1836,ok,78314.562,Dawn,Fenix,0,very_low,0.03370896,5.287680000000001,0.3041873417721519,0.1724694243240588,47.598683544303796
Caelum-Elysium,450,9.3,0.1123,ok,129520.762,Caelum,Elysium,0,very_low,0.012611289999999999,1.0443900000000002,0.29901641025641024,0.16467290094562215,25.344512820512822
Dawn-Fenix,51,17.8,0.1136,ok,72406.58,Dawn,Fenix,0,very_low,0.012904960000000002,2.0220800000000003,0.3041873417721519,0.1724694243240588,47.598683544303796
Caelum-Fenix,323,52.3,0.4115,ok,209299.798,Caelum,Fenix,0,medium,0.16933225,21.521449999999998,0.2979977329974811,0.16907325550533112,38.04100755667506
Dawn-Fenix,185,44.3,0.2823,ok,95055.682,Dawn,Fenix,0,low,0.07969329,12.505889999999999,0.3041873417721519,0.1724694243240588,47.598683544303796
Boreas-Fenix,405,22.4,0.1324,ok,144007.45,Boreas,Fenix,0,very_low,0.01752976,2.9657599999999995,0.3080685421994885,0.17007740427160456,51.75457800511509
Aegis-Dawn,61,33.3,0.3403,ok,181344.298,Aegis,Dawn,0,low,0.11580409,11.33199,0.3143477922077922,0.16558189329464748,31.258909090909093
Boreas-Fenix,368,38.6,0.2284,ok,157408.809,Boreas,Fenix,0,low,0.052166559999999994,8.81624,0.3080685421994885,0.17007740427160456,51.75457800511509
Dawn-Fenix,410,28.8,0.1835,ok,82041.117,Dawn,Fenix,0,very_low,0.03367225,5.2848,0.3041873417721519,0.1724694243240588,47.598683544303796
Dawn-Fenix,473,30.2,0.1922,ok,79918.94,Dawn,Fenix,0,very_low,0.03694084,5.8044400000000005,0.3041873417721519,0.1724694243240588,47.598683544303796
Aegis-Elysium,203,23.9,0.1184,ok,158773.386,Aegis,Elysium,0,very_low,0.014018560000000001,2.82976,0.3029021390374331,0.16678734255381286,60.362834224598934
Dawn-Elysium,171,32.6,0.4719,ok,231465.857,Dawn,Elysium,0,medium,0.22268960999999998,15.38394,0.29596,0.16907179960732635,20.87232
Aegis-Dawn,196,34.6,0.353,ok,182099.409,Aegis,Dawn,0,low,0.12460899999999998,12.213799999999999,0.3143477922077922,0.16558189329464748,31.258909090909093
Caelum-Dawn,156,13.7,0.1485,ok,119188.347,Caelum,Dawn,0,very_low,0.02205225,2.0344499999999996,0.30429655172413794,0.17370736738192366,28.526896551724136
Aegis-Boreas,368,95.5,0.4592,ok,131693.455,Aegis,Boreas,0,medium,0.21086464,43.8536,0.2911771978021978,0.16781519450328578,59.97527472527472
Dawn-Fenix,289,32.5,0.207,ok,82765.542,Dawn,Fenix,0,low,0.042849,6.7275,0.3041873417721519,0.1724694243240588,47.598683544303796
Boreas-Fenix,460,98.1,0.5806,ok,459808.295,Boreas,Fenix,0,medium,0.33709636,56.95686,0.3080685421994885,0.17007740427160456,51.75457800511509
Boreas-Fenix,409,32.3,0.1913,ok,155145.808,Boreas,Fenix,0,very_low,0.03659569,6.17899,0.3080685421994885,0.17007740427160456,51.75457800511509
Aegis-Elysium,417,86.0,0.4255,ok,300464.966,Aegis,Elysium,0,medium,0.18105025,36.592999999999996,0.3029021390374331,0.16678734255381286,60.362834224598934
Aegis-Boreas,490,29.6,0.1425,ok,63856.9,Aegis,Boreas,0,very_low,0.020306249999999998,4.218,0.2911771978021978,0.16781519450328578,59.97527472527472
Boreas-Fenix,324,28.9,0.1709,ok,150596.472,Boreas,Fenix,0,very_low,0.02920681,4.93901,0.3080685421994885,0.17007740427160456,51.75457800511509
Caelum-Dawn,482,43.3,0.4711,ok,252791.071,Caelum,Dawn,0,medium,0.22193521000000002,20.39863,0.30429655172413794,0.17370736738192366,28.526896551724136
Caelum-Elysium,305,43.0,0.5175,ok,343463.065,Caelum,Elysium,0,medium,0.26780624999999997,22.252499999999998,0.29901641025641024,0.16467290094562215,25.344512820512822
Aegis-Elysium,465,98.1,0.4857,ok,368120.67,Aegis,Elysium,0,medium,0.23590449000000002,47.64717,0.3029021390374331,0.16678734255381286,60.362834224598934
Caelum-Elysium,247,25.8,0.3107,ok,180739.365,Caelum,Elysium,0,low,0.09653448999999999,8.01606,0.29901641025641024,0.16467290094562215,25.344512820512822
Dawn-Fenix,377,20.9,0.1329,ok,74864.638,Dawn,Fenix,0,very_low,0.017662409999999996,2.7776099999999997,0.3041873417721519,0.1724694243240588,47.598683544303796
Caelum-Elysium,30,37.0,0.4458,ok,263995.153,Caelum,Elysium,0,medium,0.19873763999999997,16.4946,0.29901641025641024,0.16467290094562215,25.344512820512822
Aegis-Elysium,316,28.4,0.1406,ok,162978.807,Aegis,Elysium,0,very_low,0.019768360000000002,3.9930399999999997,0.3029021390374331,0.16678734255381286,60.362834224598934
Caelum-Elysium,173,26.8,0.3224,ok,182719.845,Caelum,Elysium,0,low,0.10394176000000001,8.640320000000001,0.29901641025641024,0.16467290094562215,25.344512820512822
Aegis-Elysium,309,63.5,0.3144,ok,223093.271,Aegis,Elysium,0,low,0.09884736000000001,19.9644,0.3029021390374331,0.16678734255381286,60.362834224598934
Elysium-Fenix,261,10.3,0.0681,ok,168739.107,Elysium,Fenix,0,very_low,0.0046376099999999995,0.70143,0.2866814016172507,0.16585315339481224,43.56679245283019
Caelum-Fenix,494,63.02,0.4023,ok,201017.465,Caelum,Fenix,0,medium,0.16184529,25.352946,0.2979977329974811,0.16907325550533112,38.04100755667506
Caelum-Dawn,432,39.6,0.4302,ok,222725.466,Caelum,Dawn,0,medium,0.18507204000000002,17.03592,0.30429655172413794,0.17370736738192366,28.526896551724136
Caelum-Dawn,66,9.7,0.1058,ok,118318.344,Caelum,Dawn,0,very_low,0.011193640000000001,1.02626,0.30429655172413794,0.17370736738192366,28.526896551724136
Caelum-Fenix,365,67.9,0.5347,ok,314355.31,Caelum,Fenix,0,medium,0.28590408999999994,36.30613,0.2979977329974811,0.16907325550533112,38.04100755667506
Dawn-Fenix,129,48.0,0.3055,ok,99078.351,Dawn,Fenix,0,low,0.09333024999999999,14.664,0.3041873417721519,0.1724694243240588,47.598683544303796
Boreas-Dawn,441,87.0,0.4309,ok,136108.644,Boreas,Dawn,0,medium,0.18567481,37.4883,0.2929547120418848,0.16733925578385606,58.52005235602094
Elysium-Fenix,116,31.0,0.2039,ok,190272.391,Elysium,Fenix,0,low,0.04157521,6.3209,0.2866814016172507,0.16585315339481224,43.56679245283019
Elysium-Fenix,337,4.7,0.0307,ok,165050.911,Elysium,Fenix,0,very_low,0.0009424900000000001,0.14429,0.2866814016172507,0.16585315339481224,43.56679245283019
Boreas-Elysium,206,54.7,0.267,ok,123785.924,Boreas,Elysium,0,low,0.071289,14.604900000000002,0.2900737913486005,0.165054059944648,59.068346055979646
Aegis-Boreas,138,140.5,0.6756,ok,314335.083,Aegis,Boreas,0,high,0.45643535999999996,94.92179999999999,0.2911771978021978,0.16781519450328578,59.97527472527472
Dawn-Fenix,254,40.3,0.2565,ok,86832.308,Dawn,Fenix,0,low,0.06579225,10.33695,0.3041873417721519,0.1724694243240588,47.598683544303796
Aegis-Dawn,470,47.9,0.309,ok,168294.912,Aegis,Dawn,0,low,0.095481,14.8011,0.3143477922077922,0.16558189329464748,31.258909090909093
Aegis-Dawn,358,56.8,0.5798,ok,399353.96,Aegis,Dawn,0,medium,0.33616804,32.93264,0.3143477922077922,0.16558189329464748,31.258909090909093
Dawn-Fenix,441,41.0,0.2612,ok,89877.146,Dawn,Fenix,0,low,0.06822544,10.7092,0.3041873417721519,0.1724694243240588,47.598683544303796
Boreas-Dawn,101,35.8,0.1774,ok,75181.169,Boreas,Dawn,0,very_low,0.03147076,6.3509199999999995,0.2929547120418848,0.16733925578385606,58.52005235602094
Aegis-Elysium,273,113.9,0.5638,ok,488377.549,Aegis,Elysium,0,medium,0.31787044,64.21682,0.3029021390374331,0.16678734255381286,60.362834224598934
Aegis-Dawn,25,12.5,0.1276,ok,127750.973,Aegis,Dawn,0,very_low,0.01628176,1.595,0.3143477922077922,0.16558189329464748,31.258909090909093
Caelum-Fenix,481,1.6,0.0127,ok,112237.165,Caelum,Fenix,0,very_low,0.00016129,0.02032,0.2979977329974811,0.16907325550533112,38.04100755667506
Boreas-Elysium,91,20.1,0.0979,ok,99451.767,Boreas,Elysium,0,very_low,0.00958441,1.9677900000000002,0.2900737913486005,0.165054059944648,59.068346055979646
Caelum-Dawn,209,47.7,0.5185,ok,301225.478,Caelum,Dawn,0,medium,0.26884224999999995,24.73245,0.30429655172413794,0.17370736738192366,28.526896551724136
Boreas-Elysium,52,79.6,0.3885,ok,167503.568,Boreas,Elysium,0,low,0.15093225000000002,30.924599999999998,0.2900737913486005,0.165054059944648,59.068346055979646
Aegis-Elysium,453,18.3,0.0904,ok,159763.195,Aegis,Elysium,0,very_low,0.00817216,1.65432,0.3029021390374331,0.16678734255381286,60.362834224598934
Aegis-Dawn,434,17.4,0.1773,ok,133082.547,Aegis,Dawn,0,very_low,0.031435290000000005,3.08502,0.3143477922077922,0.16558189329464748,31.258909090909093
Dawn-Fenix,144,51.4,0.3276,ok,103114.592,Dawn,Fenix,0,low,0.10732176,16.838639999999998,0.3041873417721519,0.1724694243240588,47.598683544303796
Aegis-Boreas,475,114.6,0.5508,ok,183655.792,Aegis,Boreas,0,medium,0.30338064,63.12167999999999,0.2911771978021978,0.16781519450328578,59.97527472527472
Elysium-Fenix,55,73.5,0.4837,ok,380298.122,Elysium,Fenix,0,medium,0.23396569000000003,35.55195,0.2866814016172507,0.16585315339481224,43.56679245283019
Caelum-Elysium,381,63.8,0.7689,ok,1094253.332,Caelum,Elysium,0,high,0.5912072100000001,49.05582,0.29901641025641024,0.16467290094562215,25.344512820512822
Elysium-Fenix,29,70.1,0.4615,ok,361431.275,Elysium,Fenix,0,medium,0.21298225,32.35115,0.2866814016172507,0.16585315339481224,43.56679245283019
Dawn-Fenix,66,48.4,0.3086,ok,98175.815,Dawn,Fenix,0,low,0.09523395999999999,14.93624,0.3041873417721519,0.1724694243240588,47.598683544303796
Dawn-Elysium,464,20.8,0.3018,ok,142482.657,Dawn,Elysium,0,low,0.09108324000000001,6.27744,0.29596,0.16907179960732635,20.87232
Caelum-Fenix,464,14.1,0.111,ok,114357.548,Caelum,Fenix,0,very_low,0.012321,1.5651,0.2979977329974811,0.16907325550533112,38.04100755667506
Caelum-Elysium,183,54.3,0.6543,ok,594594.045,Caelum,Elysium,0,high,0.42810849,35.52849,0.29901641025641024,0.16467290094562215,25.344512820512822
Caelum-Fenix,321,54.4,0.4281,ok,215263.67,Caelum,Fenix,0,medium,0.18326960999999997,23.288639999999997,0.2979977329974811,0.16907325550533112,38.04100755667506
Caelum-Elysium,266,18.1,0.218,ok,147442.572,Caelum,Elysium,0,low,0.047524,3.9458,0.29901641025641024,0.16467290094562215,25.344512820512822
Aegis-Dawn,242,19.2,0.1964,ok,139020.167,Aegis,Dawn,0,very_low,0.038572959999999996,3.7708799999999996,0.3143477922077922,0.16558189329464748,31.258909090909093
Caelum-Fenix,376,5.9,0.0468,ok,113174.002,Caelum,Fenix,0,very_low,0.00219024,0.27612000000000003,0.2979977329974811,0.16907325550533112,38.04100755667506
Boreas-Elysium,323,71.0,0.3463,ok,150979.724,Boreas,Elysium,0,low,0.11992369,24.5873,0.2900737913486005,0.165054059944648,59.068346055979646
Caelum-Dawn,56,8.0,0.0869,ok,117164.47,Caelum,Dawn,0,very_low,0.007551610000000001,0.6952,0.30429655172413794,0.17370736738192366,28.526896551724136
Boreas-Dawn,396,60.5,0.2993,ok,95009.934,Boreas,Dawn,0,low,0.08958049000000001,18.10765,0.2929547120418848,0.16733925578385606,58.52005235602094
Caelum-Elysium,143,34.5,0.4151,ok,241246.123,Caelum,Elysium,0,medium,0.17230801,14.320950000000002,0.29901641025641024,0.16467290094562215,25.344512820512822
Caelum-Dawn,282,17.1,0.1859,ok,125518.293,Caelum,Dawn,0,very_low,0.03455881,3.1788900000000004,0.30429655172413794,0.17370736738192366,28.526896551724136
Boreas-Dawn,414,105.2,0.5209,ok,187357.099,Boreas,Dawn,0,medium,0.27133681000000004,54.798680000000004,0.2929547120418848,0.16733925578385606,58.52005235602094
Aegis-Elysium,213,26.5,0.131,ok,164936.532,Aegis,Elysium,0,very_low,0.017161000000000003,3.4715000000000003,0.3029021390374331,0.16678734255381286,60.362834224598934
Aegis-Elysium,388,97.9,0.4848,ok,366716.194,Aegis,Elysium,0,medium,0.23503104,47.461920000000006,0.3029021390374331,0.16678734255381286,60.362834224598934
Dawn-Elysium,9,2.6,0.0381,ok,98734.529,Dawn,Elysium,0,very_low,0.00145161,0.09906000000000001,0.29596,0.16907179960732635,20.87232
Aegis-Dawn,31,22.4,0.2283,ok,144817.743,Aegis,Dawn,0,low,0.05212089,5.113919999999999,0.3143477922077922,0.16558189329464748,31.258909090909093
Boreas-Dawn,257,45.7,0.2263,ok,80601.262,Boreas,Dawn,0,low,0.05121169,10.34191,0.2929547120418848,0.16733925578385606,58.52005235602094
Aegis-Dawn,20,37.0,0.3774,ok,198125.611,Aegis,Dawn,0,low,0.14243076000000002,13.9638,0.3143477922077922,0.16558189329464748,31.258909090909093
Dawn-Fenix,433,23.6,0.1505,ok,77737.868,Dawn,Fenix,0,very_low,0.022650249999999997,3.5518,0.3041873417721519,0.1724694243240588,47.598683544303796
Boreas-Dawn,445,6.2,0.0308,ok,68748.416,Boreas,Dawn,0,very_low,0.00094864,0.19096000000000002,0.2929547120418848,0.16733925578385606,58.52005235602094
Aegis-Elysium,457,50.1,0.2481,ok,194905.898,Aegis,Elysium,0,low,0.061553609999999995,12.42981,0.3029021390374331,0.16678734255381286,60.362834224598934
Caelum-Elysium,392,21.0,0.2527,ok,157951.793,Caelum,Elysium,0,low,0.06385728999999998,5.306699999999999,0.29901641025641024,0.16467290094562215,25.344512820512822
Boreas-Fenix,0,37.9,0.2337,ok,164773.623,Boreas,Fenix,0,low,0.054615689999999995,8.85723,0.3080685421994885,0.17007740427160456,51.75457800511509
Caelum-Dawn,381,66.1,0.7183,ok,727089.794,Caelum,Dawn,0,high,0.51595489,47.47963,0.30429655172413794,0.17370736738192366,28.526896551724136
Boreas-Dawn,111,10.8,0.0533,ok,71318.251,Boreas,Dawn,0,very_low,0.00284089,0.57564,0.2929547120418848,0.16733925578385606,58.52005235602094
Aegis-Elysium,276,124.6,0.6171,ok,617476.549,Aegis,Elysium,0,high,0.38081241,76.89066,0.3029021390374331,0.16678734255381286,60.362834224598934
Boreas-Fenix,302,10.4,0.0615,ok,137265.941,Boreas,Fenix,0,very_low,0.00378225,0.6396000000000001,0.3080685421994885,0.17007740427160456,51.75457800511509
Caelum-Dawn,127,49.4,0.5369,ok,316886.315,Caelum,Dawn,0,medium,0.28826161000000006,26.52286,0.30429655172413794,0.17370736738192366,28.526896551724136
Aegis-Elysium,250,2.1,0.0105,ok,153284.112,Aegis,Elysium,0,very_low,0.00011025000000000001,0.022050000000000004,0.3029021390374331,0.16678734255381286,60.362834224598934
Boreas-Dawn,113,28.4,0.1403,ok,74008.536,Boreas,Dawn,0,very_low,0.01968409,3.98452,0.2929547120418848,0.16733925578385606,58.52005235602094
Caelum-Dawn,452,2.1,0.0231,ok,107100.625,Caelum,Dawn,0,very_low,0.0005336099999999999,0.04851,0.30429655172413794,0.17370736738192366,28.526896551724136
Caelum-Dawn,476,16.1,0.1745,ok,125213.604,Caelum,Dawn,0,very_low,0.030450249999999995,2.80945,0.30429655172413794,0.17370736738192366,28.526896551724136
Boreas-Fenix,156,36.6,0.2167,ok,155798.898,Boreas,Fenix,0,low,0.04695889,7.931220000000001,0.3080685421994885,0.17007740427160456,51.75457800511509
Aegis-Dawn,495,18.7,0.1907,ok,135771.943,Aegis,Dawn,0,very_low,0.03636649,3.56609,0.3143477922077922,0.16558189329464748,31.258909090909093
Dawn-Fenix,63,52.2,0.3325,ok,103570.898,Dawn,Fenix,0,low,0.11055625000000001,17.3565,0.3041873417721519,0.1724694243240588,47.598683544303796
Dawn-Elysium,28,28.1,0.4071,ok,187229.633,Dawn,Elysium,0,medium,0.16573041000000002,11.43951,0.29596,0.16907179960732635,20.87232
Aegis-Dawn,261,34.8,0.3547,ok,190665.555,Aegis,Dawn,0,low,0.12581209000000002,12.34356,0.3143477922077922,0.16558189329464748,31.258909090909093
Aegis-Elysium,214,57.7,0.2856,ok,207075.135,Aegis,Elysium,0,low,0.08156736,16.47912,0.3029021390374331,0.16678734255381286,60.362834224598934
Elysium-Fenix,54,58.2,0.3832,ok,277991.981,Elysium,Fenix,0,low,0.14684223999999999,22.30224,0.2866814016172507,0.16585315339481224,43.56679245283019
Caelum-Dawn,444,19.8,0.2154,ok,134147.845,Caelum,Dawn,0,low,0.04639716000000001,4.26492,0.30429655172413794,0.17370736738192366,28.526896551724136
Caelum-Dawn,116,74.24000000000001,0.4236,ok,223528.944,Caelum,Dawn,0,medium,0.17943695999999998,31.448064000000002,0.30429655172413794,0.17370736738192366,28.526896551724136
Dawn-Fenix,390,83.3,0.5304,ok,195070.919,Dawn,Fenix,0,medium,0.28132416,44.18232,0.3041873417721519,0.1724694243240588,47.598683544303796
Boreas-Elysium,261,25.1,0.1222,ok,103065.229,Boreas,Elysium,0,very_low,0.014932840000000001,3.0672200000000003,0.2900737913486005,0.165054059944648,59.068346055979646
Aegis-Elysium,112,56.2,0.2784,ok,207057.213,Aegis,Elysium,0,low,0.07750655999999999,15.64608,0.3029021390374331,0.16678734255381286,60.362834224598934
Boreas-Fenix,235,81.4,0.4816,ok,312938.426,Boreas,Fenix,0,medium,0.23193855999999996,39.20224,0.3080685421994885,0.17007740427160456,51.75457800511509
Aegis-Elysium,225,87.0,0.4308,ok,301317.021,Aegis,Elysium,0,medium,0.18558864000000003,37.479600000000005,0.3029021390374331,0.16678734255381286,60.362834224598934
Caelum-Dawn,367,44.7,0.4863,ok,266343.529,Caelum,Dawn,0,medium,0.23648769,21.73761,0.30429655172413794,0.17370736738192366,28.526896551724136
Caelum-Elysium,304,7.2,0.0866,ok,131173.014,Caelum,Elysium,0,very_low,0.00749956,0.62352,0.29901641025641024,0.16467290094562215,25.344512820512822
Caelum-Dawn,71,26.8,0.2916,ok,154365.774,Caelum,Dawn,0,low,0.08503056000000002,7.8148800000000005,0.30429655172413794,0.17370736738192366,28.526896551724136
Dawn-Elysium,196,9.7,0.1409,ok,103760.795,Dawn,Elysium,0,very_low,0.01985281,1.3667299999999998,0.29596,0.16907179960732635,20.87232
Caelum-Dawn,281,33.4,0.3629,ok,179405.896,Caelum,Dawn,0,low,0.13169641,12.120859999999999,0.30429655172413794,0.17370736738192366,28.526896551724136
Dawn-Fenix,201,57.9,0.369,ok,118054.331,Dawn,Fenix,0,low,0.136161,21.365099999999998,0.3041873417721519,0.1724694243240588,47.598683544303796
Aegis-Boreas,148,45.3,0.2178,ok,70975.366,Aegis,Boreas,0,low,0.047436839999999994,9.86634,0.2911771978021978,0.16781519450328578,59.97527472527472
Caelum-Elysium,240,37.0,0.4456,ok,258614.267,Caelum,Elysium,0,medium,0.19855936,16.4872,0.29901641025641024,0.16467290094562215,25.344512820512822
Dawn-Fenix,166,13.2,0.084,ok,70843.44,Dawn,Fenix,0,very_low,0.007056000000000001,1.1088,0.3041873417721519,0.1724694243240588,47.598683544303796
Boreas-Fenix,408,71.1,0.4208,ok,264005.466,Boreas,Fenix,0,medium,0.17707264,29.918879999999998,0.3080685421994885,0.17007740427160456,51.75457800511509
Aegis-Dawn,246,53.8,0.5489,ok,351849.554,Aegis,Dawn,0,medium,0.3012912100000001,29.530820000000002,0.3143477922077922,0.16558189329464748,31.258909090909093
Boreas-Dawn,405,80.1,0.3965,ok,122995.77,Boreas,Dawn,0,low,0.15721225000000003,31.75965,0.2929547120418848,0.16733925578385606,58.52005235602094
Boreas-Fenix,118,53.7,0.3176,ok,192000.294,Boreas,Fenix,0,low,0.10086976,17.055120000000002,0.3080685421994885,0.17007740427160456,51.75457800511509
Dawn-Elysium,59,14.5,0.2106,ok,118316.828,Dawn,Elysium,0,low,0.04435236000000001,3.0537,0.29596,0.16907179960732635,20.87232
Caelum-Fenix,361,54.9,0.4322,ok,219121.287,Caelum,Fenix,0,medium,0.18679683999999996,23.72778,0.2979977329974811,0.16907325550533112,38.04100755667506
Aegis-Boreas,410,39.4,0.1893,ok,64230.621,Aegis,Boreas,0,very_low,0.03583449,7.458419999999999,0.2911771978021978,0.16781519450328578,59.97527472527472
Elysium-Fenix,294,61.6,0.405,ok,300534.233,Elysium,Fenix,0,medium,0.16402500000000003,24.948000000000004,0.2866814016172507,0.16585315339481224,43.56679245283019
Dawn-Elysium,197,12.4,0.1802,ok,116089.607,Dawn,Elysium,0,very_low,0.03247204,2.23448,0.29596,0.16907179960732635,20.87232
Aegis-Elysium,431,113.6,0.5623,ok,486127.319,Aegis,Elysium,0,medium,0.31618129,63.87728,0.3029021390374331,0.16678734255381286,60.362834224598934
Dawn-Fenix,459,24.0,0.1527,ok,77707.876,Dawn,Fenix,0,very_low,0.02331729,3.6648,0.3041873417721519,0.1724694243240588,47.598683544303796
Aegis-Dawn,119,31.9,0.3258,ok,176199.744,Aegis,Dawn,0,low,0.10614563999999999,10.393019999999998,0.3143477922077922,0.16558189329464748,31.258909090909093
Caelum-Fenix,133,11.9,0.0938,ok,117317.102,Caelum,Fenix,0,very_low,0.00879844,1.11622,0.2979977329974811,0.16907325550533112,38.04100755667506
Dawn-Fenix,189,52.4,0.3337,ok,105875.684,Dawn,Fenix,0,low,0.11135569,17.485879999999998,0.3041873417721519,0.1724694243240588,47.598683544303796
Caelum-Dawn,46,42.3,0.46,ok,247640.984,Caelum,Dawn,0,medium,0.2116,19.458,0.30429655172413794,0.17370736738192366,28.526896551724136
Boreas-Elysium,440,71.7,0.3498,ok,149074.562,Boreas,Elysium,0,low,0.12236004,25.08066,0.2900737913486005,0.165054059944648,59.068346055979646
Caelum-Elysium,440,26.96,0.2094,ok,149494.411,Caelum,Elysium,0,low,0.04384836,5.645424,0.29901641025641024,0.16467290094562215,25.344512820512822
Caelum-Elysium,95,25.1,0.3018,ok,180753.211,Caelum,Elysium,0,low,0.09108324000000001,7.5751800000000005,0.29901641025641024,0.16467290094562215,25.344512820512822
Caelum-Fenix,27,22.5,0.1769,ok,122790.969,Caelum,Fenix,0,very_low,0.03129361,3.98025,0.2979977329974811,0.16907325550533112,38.04100755667506
Caelum-Fenix,319,29.9,0.2353,ok,134538.226,Caelum,Fenix,0,low,0.05536609000000001,7.03547,0.2979977329974811,0.16907325550533112,38.04100755667506
Dawn-Fenix,494,36.3,0.2313,ok,84065.606,Dawn,Fenix,0,low,0.05349969,8.396189999999999,0.3041873417721519,0.1724694243240588,47.598683544303796
Boreas-Elysium,245,57.8,0.282,ok,131258.819,Boreas,Elysium,0,low,0.07952399999999998,16.299599999999998,0.2900737913486005,0.165054059944648,59.068346055979646
Elysium-Fenix,25,24.8,0.1634,ok,180118.823,Elysium,Fenix,0,very_low,0.026699559999999997,4.05232,0.2866814016172507,0.16585315339481224,43.56679245283019
Dawn-Fenix,300,66.7,0.4246,ok,134141.625,Dawn,Fenix,0,medium,0.18028515999999997,28.32082,0.3041873417721519,0.1724694243240588,47.598683544303796
Boreas-Dawn,143,56.2,0.2782,ok,90466.255,Boreas,Dawn,0,low,0.07739524,15.63484,0.2929547120418848,0.16733925578385606,58.52005235602094
Caelum-Fenix,263,14.3,0.1129,ok,120099.644,Caelum,Fenix,0,very_low,0.01274641,1.61447,0.2979977329974811,0.16907325550533112,38.04100755667506
Aegis-Elysium,177,72.3,0.3577,ok,243028.658,Aegis,Elysium,0,low,0.12794929000000002,25.86171,0.3029021390374331,0.16678734255381286,60.362834224598934
Boreas-Fenix,413,48.9,0.2896,ok,184309.559,Boreas,Fenix,0,low,0.08386816000000001,14.16144,0.3080685421994885,0.17007740427160456,51.75457800511509
Caelum-Dawn,100,37.5,0.4077,ok,206525.76,Caelum,Dawn,0,medium,0.16621929,15.28875,0.30429655172413794,0.17370736738192366,28.526896551724136
Boreas-Fenix,120,42.9,0.2536,ok,172325.168,Boreas,Fenix,0,low,0.06431296,10.879439999999999,0.3080685421994885,0.17007740427160456,51.75457800511509
Caelum-Elysium,122,32.9,0.3965,ok,223376.004,Caelum,Elysium,0,low,0.15721225000000003,13.04485,0.29901641025641024,0.16467290094562215,25.344512820512822
Aegis-Dawn,204,8.0,0.082,ok,121319.461,Aegis,Dawn,0,very_low,0.006724000000000001,0.656,0.3143477922077922,0.16558189329464748,31.258909090909093
Boreas-Fenix,437,45.9,0.2715,ok,175243.529,Boreas,Fenix,0,low,0.07371225,12.46185,0.3080685421994885,0.17007740427160456,51.75457800511509
Caelum-Elysium,0,16.7,0.2015,ok,142775.584,Caelum,Elysium,0,low,0.040602250000000006,3.36505,0.29901641025641024,0.16467290094562215,25.344512820512822
Aegis-Dawn,257,20.4,0.2077,ok,133122.705,Aegis,Dawn,0,low,0.04313929,4.23708,0.3143477922077922,0.16558189329464748,31.258909090909093
Aegis-Boreas,428,50.4,0.2425,ok,74006.297,Aegis,Boreas,0,low,0.05880625,12.222,0.2911771978021978,0.16781519450328578,59.97527472527472
Caelum-Dawn,287,32.8,0.3564,ok,178701.259,Caelum,Dawn,0,low,0.12702096,11.689919999999999,0.30429655172413794,0.17370736738192366,28.526896551724136
Boreas-Dawn,86,89.9,0.445,ok,143788.226,Boreas,Dawn,0,medium,0.198025,40.005500000000005,0.2929547120418848,0.16733925578385606,58.52005235602094
Aegis-Dawn,360,24.5,0.2504,ok,145282.882,Aegis,Dawn,0,low,0.06270016,6.1348,0.3143477922077922,0.16558189329464748,31.258909090909093
Caelum-Dawn,413,37.0,0.402,ok,201405.348,Caelum,Dawn,0,medium,0.16160400000000003,14.874,0.30429655172413794,0.17370736738192366,28.526896551724136
Caelum-Fenix,156,27.7,0.218,ok,128707.89,Caelum,Fenix,0,low,0.047524,6.0386,0.2979977329974811,0.16907325550533112,38.04100755667506
Aegis-Dawn,141,10.7,0.1089,ok,124725.28,Aegis,Dawn,0,very_low,0.011859209999999999,1.16523,0.3143477922077922,0.16558189329464748,31.258909090909093
Aegis-Boreas,119,59.3,0.2849,ok,175919.435,Aegis,Boreas,0,low,0.08116801,16.894569999999998,0.2911771978021978,0.16781519450328578,59.97527472527472
Aegis-Boreas,433,56.4,0.2713,ok,78092.789,Aegis,Boreas,0,low,0.07360368999999999,15.301319999999999,0.2911771978021978,0.16781519450328578,59.97527472527472
Caelum-Dawn,206,10.4,0.1131,ok,115542.061,Caelum,Dawn,0,very_low,0.012791610000000002,1.1762400000000002,0.30429655172413794,0.17370736738192366,28.526896551724136
Boreas-Dawn,199,52.6,0.2606,ok,86095.034,Boreas,Dawn,0,low,0.06791236,13.70756,0.2929547120418848,0.16733925578385606,58.52005235602094
Elysium-Fenix,433,40.0,0.2634,ok,209999.928,Elysium,Fenix,0,low,0.06937956,10.536000000000001,0.2866814016172507,0.16585315339481224,43.56679245283019
Caelum-Fenix,375,38.0,0.2991,ok,153642.079,Caelum,Fenix,0,low,0.08946080999999999,11.365799999999998,0.2979977329974811,0.16907325550533112,38.04100755667506
Caelum-Dawn,26,11.1,0.1212,ok,113231.766,Caelum,Dawn,0,very_low,0.01468944,1.34532,0.30429655172413794,0.17370736738192366,28.526896551724136
Elysium-Fenix,106,30.3,0.1995,ok,191076.973,Elysium,Fenix,0,very_low,0.03980025,6.04485,0.2866814016172507,0.16585315339481224,43.56679245283019
Boreas-Elysium,181,108.2,0.5276,ok,266289.499,Boreas,Elysium,0,medium,0.27836175999999996,57.08631999999999,0.2900737913486005,0.165054059944648,59.068346055979646
Aegis-Dawn,283,36.0,0.3673,ok,196131.986,Aegis,Dawn,0,low,0.13490929000000002,13.222800000000001,0.3143477922077922,0.16558189329464748,31.258909090909093
Boreas-Fenix,163,29.9,0.1767,ok,148333.871,Boreas,Fenix,0,very_low,0.03122289,5.283329999999999,0.3080685421994885,0.17007740427160456,51.75457800511509
Caelum-Fenix,151,58.6,0.4615,ok,244088.853,Caelum,Fenix,0,medium,0.21298225,27.0439,0.2979977329974811,0.16907325550533112,38.04100755667506
Caelum-Elysium,27,20.8,0.2508,ok,158645.32,Caelum,Elysium,0,low,0.06290064000000001,5.216640000000001,0.29901641025641024,0.16467290094562215,25.344512820512822
Caelum-Fenix,291,14.7,0.1158,ok,116862.952,Caelum,Fenix,0,very_low,0.01340964,1.7022599999999999,0.2979977329974811,0.16907325550533112,38.04100755667506
Boreas-Fenix,58,31.4,0.1859,ok,385969.939,Boreas,Fenix,0,very_low,0.03455881,5.83726,0.3080685421994885,0.17007740427160456,51.75457800511509
Dawn-Elysium,79,23.0,0.3336,ok,153205.172,Dawn,Elysium,0,low,0.11128896,7.6728000000000005,0.29596,0.16907179960732635,20.87232
Aegis-Elysium,116,8.7,0.0433,ok,152481.067,Aegis,Elysium,0,very_low,0.00187489,0.37670999999999993,0.3029021390374331,0.16678734255381286,60.362834224598934
Caelum-Fenix,91,21.8,0.1714,ok,123797.226,Caelum,Fenix,0,very_low,0.029377959999999998,3.73652,0.2979977329974811,0.16907325550533112,38.04100755667506
Caelum-Elysium,158,23.7,0.2854,ok,169764.429,Caelum,Elysium,0,low,0.08145316,6.763979999999999,0.29901641025641024,0.16467290094562215,25.344512820512822
Boreas-Fenix,360,118.6,0.7016,ok,797944.964,Boreas,Fenix,0,high,0.49224256,83.20976,0.3080685421994885,0.17007740427160456,51.75457800511509
Dawn-Fenix,277,8.5,0.0544,ok,72260.227,Dawn,Fenix,0,very_low,0.00295936,0.4624,0.3041873417721519,0.1724694243240588,47.598683544303796
Caelum-Fenix,183,38.0,0.2988,ok,155756.481,Caelum,Fenix,0,low,0.08928144,11.3544,0.2979977329974811,0.16907325550533112,38.04100755667506
Boreas-Dawn,140,36.2,0.1793,ok,77842.171,Boreas,Dawn,0,very_low,0.032148489999999995,6.49066,0.2929547120418848,0.16733925578385606,58.52005235602094
Boreas-Fenix,41,47.0,0.278,ok,183579.934,Boreas,Fenix,0,low,0.07728400000000002,13.066,0.3080685421994885,0.17007740427160456,51.75457800511509
Caelum-Elysium,419,46.3,0.5581,ok,689993.468,Caelum,Elysium,0,medium,0.31147561000000007,25.84003,0.29901641025641024,0.16467290094562215,25.344512820512822
Elysium-Fenix,58,53.5,0.3521,ok,255474.985,Elysium,Fenix,0,low,0.12397441000000002,18.83735,0.2866814016172507,0.16585315339481224,43.56679245283019
Boreas-Dawn,265,39.6,0.1961,ok,78367.925,Boreas,Dawn,0,very_low,0.03845521,7.76556,0.2929547120418848,0.16733925578385606,58.52005235602094
Aegis-Dawn,388,17.8,0.1817,ok,133111.657,Aegis,Dawn,0,very_low,0.03301489,3.2342600000000004,0.3143477922077922,0.16558189329464748,31.258909090909093
Caelum-Elysium,208,2.3,0.0276,ok,126869.302,Caelum,Elysium,0,very_low,0.00076176,0.06348,0.29901641025641024,0.16467290094562215,25.344512820512822
Aegis-Dawn,435,6.0,0.0614,ok,114629.877,Aegis,Dawn,0,very_low,0.0037699600000000006,0.3684,0.3143477922077922,0.16558189329464748,31.258909090909093
Dawn-Elysium,300,44.0,0.6383,ok,443562.343,Dawn,Elysium,0,high,0.40742689,28.0852,0.29596,0.16907179960732635,20.87232
Aegis-Boreas,345,23.9,0.1147,ok,60283.748,Aegis,Boreas,0,very_low,0.013156089999999999,2.7413299999999996,0.2911771978021978,0.16781519450328578,59.97527472527472
Boreas-Fenix,468,104.9,0.6209,ok,546631.335,Boreas,Fenix,0,high,0.38551681,65.13241000000001,0.3080685421994885,0.17007740427160456,51.75457800511509
Caelum-Dawn,225,39.5,0.4292,ok,216769.273,Caelum,Dawn,0,medium,0.18421264,16.953400000000002,0.30429655172413794,0.17370736738192366,28.526896551724136
Dawn-Elysium,321,21.5,0.3119,ok,144727.876,Dawn,Elysium,0,low,0.09728161,6.70585,0.29596,0.16907179960732635,20.87232
Aegis-Elysium,412,75.4,0.3733,ok,256294.055,Aegis,Elysium,0,low,0.13935289,28.146820000000005,0.3029021390374331,0.16678734255381286,60.362834224598934
Aegis-Elysium,62,81.1,0.4013,ok,278210.539,Aegis,Elysium,0,medium,0.16104169,32.545429999999996,0.3029021390374331,0.16678734255381286,60.362834224598934
Boreas-Fenix,445,28.3,0.1675,ok,154119.922,Boreas,Fenix,0,very_low,0.028056250000000005,4.7402500000000005,0.3080685421994885,0.17007740427160456,51.75457800511509
Boreas-Dawn,206,56.4,0.2793,ok,90545.76,Boreas,Dawn,0,low,0.07800849,15.752519999999999,0.2929547120418848,0.16733925578385606,58.52005235602094
Boreas-Fenix,104,57.3,0.3393,ok,207981.886,Boreas,Fenix,0,low,0.11512449,19.441889999999997,0.3080685421994885,0.17007740427160456,51.75457800511509
Caelum-Elysium,403,14.6,0.1763,ok,140027.582,Caelum,Elysium,0,very_low,0.031081690000000006,2.57398,0.29901641025641024,0.16467290094562215,25.344512820512822
Caelum-Dawn,397,30.0,0.3262,ok,163701.425,Caelum,Dawn,0,low,0.10640643999999999,9.786,0.30429655172413794,0.17370736738192366,28.526896551724136
Elysium-Fenix,51,75.5,0.4965,ok,398933.029,Elysium,Fenix,0,medium,0.24651225,37.48575,0.2866814016172507,0.16585315339481224,43.56679245283019
Boreas-Elysium,168,106.1,0.5174,ok,259771.213,Boreas,Elysium,0,medium,0.26770276,54.896139999999995,0.2900737913486005,0.165054059944648,59.068346055979646
Dawn-Elysium,154,4.8,0.07,ok,103232.389,Dawn,Elysium,0,very_low,0.004900000000000001,0.336,0.29596,0.16907179960732635,20.87232
Elysium-Fenix,353,47.6,0.3135,ok,230289.645,Elysium,Fenix,0,low,0.09828225,14.922600000000001,0.2866814016172507,0.16585315339481224,43.56679245283019
Boreas-Dawn,210,28.6,0.1413,ok,76338.567,Boreas,Dawn,0,very_low,0.01996569,4.041180000000001,0.2929547120418848,0.16733925578385606,58.52005235602094
Dawn-Elysium,358,17.2,0.2498,ok,123484.279,Dawn,Elysium,0,low,0.06240004,4.2965599999999995,0.29596,0.16907179960732635,20.87232
Boreas-Fenix,94,96.1,0.5688,ok,437052.443,Boreas,Fenix,0,medium,0.32353343999999995,54.66168,0.3080685421994885,0.17007740427160456,51.75457800511509
Boreas-Elysium,375,20.4,0.0994,ok,99154.063,Boreas,Elysium,0,very_low,0.009880360000000001,2.02776,0.2900737913486005,0.165054059944648,59.068346055979646
Caelum-Dawn,92,10.1,0.1096,ok,119382.28,Caelum,Dawn,0,very_low,0.012012160000000001,1.10696,0.30429655172413794,0.17370736738192366,28.526896551724136
Elysium-Fenix,175,11.6,0.0765,ok,170142.348,Elysium,Fenix,0,very_low,0.00585225,0.8874,0.2866814016172507,0.16585315339481224,43.56679245283019
Caelum-Dawn,196,10.2,0.1114,ok,115335.686,Caelum,Dawn,0,very_low,0.01240996,1.13628,0.30429655172413794,0.17370736738192366,28.526896551724136
Dawn-Fenix,279,51.96,0.3229,ok,104189.811,Dawn,Fenix,0,low,0.10426441000000002,16.777884,0.3041873417721519,0.1724694243240588,47.598683544303796
Boreas-Elysium,243,108.4,0.5287,ok,272942.746,Boreas,Elysium,0,medium,0.27952368999999994,57.31108,0.2900737913486005,0.165054059944648,59.068346055979646
Dawn-Fenix,331,125.5,0.7996,ok,748162.164,Dawn,Fenix,0,high,0.63936016,100.3498,0.3041873417721519,0.1724694243240588,47.598683544303796
Caelum-Dawn,259,10.0,0.109,ok,57335.771,Caelum,Dawn,0,very_low,0.011881,1.09,0.30429655172413794,0.17370736738192366,28.526896551724136
Dawn-Fenix,417,37.2,0.2369,ok,84115.49,Dawn,Fenix,0,low,0.05612161,8.81268,0.3041873417721519,0.1724694243240588,47.598683544303796
Elysium-Fenix,167,38.3,0.2521,ok,201334.968,Elysium,Fenix,0,low,0.06355440999999999,9.655429999999999,0.2866814016172507,0.16585315339481224,43.56679245283019
Caelum-Fenix,228,12.3,0.0968,ok,116250.548,Caelum,Fenix,0,very_low,0.00937024,1.1906400000000001,0.2979977329974811,0.16907325550533112,38.04100755667506
Caelum-Elysium,9,23.3,0.2811,ok,166596.991,Caelum,Elysium,0,low,0.07901721,6.5496300000000005,0.29901641025641024,0.16467290094562215,25.344512820512822
Boreas-Fenix,367,47.7,0.282,ok,183178.929,Boreas,Fenix,0,low,0.07952399999999998,13.4514,0.3080685421994885,0.17007740427160456,51.75457800511509
Dawn-Fenix,319,45.8,0.2916,ok,97907.693,Dawn,Fenix,0,low,0.08503056000000002,13.35528,0.3041873417721519,0.1724694243240588,47.598683544303796
Caelum-Elysium,167,15.0,0.1804,ok,148158.647,Caelum,Elysium,0,very_low,0.03254416,2.706,0.29901641025641024,0.16467290094562215,25.344512820512822
Boreas-Dawn,256,79.4,0.3931,ok,122024.548,Boreas,Dawn,0,low,0.15452761,31.21214,0.2929547120418848,0.16733925578385606,58.52005235602094
Caelum-Fenix,443,32.3,0.2544,ok,139194.584,Caelum,Fenix,0,low,0.06471936,8.21712,0.2979977329974811,0.16907325550533112,38.04100755667506
Caelum-Dawn,288,8.8,0.0958,ok,114414.093,Caelum,Dawn,0,very_low,0.009177639999999999,0.84304,0.30429655172413794,0.17370736738192366,28.526896551724136
Boreas-Elysium,407,42.5,0.2073,ok,113639.55,Boreas,Elysium,0,low,0.042973290000000004,8.81025,0.2900737913486005,0.165054059944648,59.068346055979646
Aegis-Dawn,104,36.2,0.3697,ok,194101.429,Aegis,Dawn,0,low,0.13667808999999997,13.383140000000001,0.3143477922077922,0.16558189329464748,31.258909090909093
Boreas-Dawn,39,87.5,0.4331,ok,136523.283,Boreas,Dawn,0,medium,0.18757560999999998,37.89625,0.2929547120418848,0.16733925578385606,58.52005235602094
Dawn-Fenix,15,118.7,0.7558,ok,568218.041,Dawn,Fenix,0,high,0.57123364,89.71346000000001,0.3041873417721519,0.1724694243240588,47.598683544303796
Caelum-Fenix,253,58.1,0.4576,ok,238906.867,Caelum,Fenix,0,medium,0.20939776000000002,26.586560000000002,0.2979977329974811,0.16907325550533112,38.04100755667506
Elysium-Fenix,42,31.4,0.2066,ok,191708.245,Elysium,Fenix,0,low,0.04268356,6.48724,0.2866814016172507,0.16585315339481224,43.56679245283019
Caelum-Dawn,495,7.9,0.0861,ok,115248.122,Caelum,Dawn,0,very_low,0.007413209999999999,0.68019,0.30429655172413794,0.17370736738192366,28.526896551724136
Dawn-Fenix,215,33.1,0.2108,ok,83986.735,Dawn,Fenix,0,low,0.04443663999999999,6.97748,0.3041873417721519,0.1724694243240588,47.598683544303796
Dawn-Elysium,291,21.2,0.3075,ok,142700.592,Dawn,Elysium,0,low,0.09455625,6.519,0.29596,0.16907179960732635,20.87232
Caelum-Elysium,341,37.3,0.4493,ok,267097.851,Caelum,Elysium,0,medium,0.20187048999999999,16.758889999999997,0.29901641025641024,0.16467290094562215,25.344512820512822
Aegis-Dawn,81,31.9,0.3253,ok,171219.677,Aegis,Dawn,0,low,0.10582008999999999,10.377069999999998,0.3143477922077922,0.16558189329464748,31.258909090909093
Dawn-Fenix,468,11.7,0.0745,ok,72855.098,Dawn,Fenix,0,very_low,0.00555025,0.8716499999999999,0.3041873417721519,0.1724694243240588,47.598683544303796
Dawn-Fenix,444,23.5,0.1498,ok,76649.237,Dawn,Fenix,0,very_low,0.022440039999999998,3.5202999999999998,0.3041873417721519,0.1724694243240588,47.598683544303796
Boreas-Fenix,478,53.4,0.3161,ok,189622.044,Boreas,Fenix,0,low,0.09991921,16.879739999999998,0.3080685421994885,0.17007740427160456,51.75457800511509
Aegis-Dawn,33,44.8,0.4574,ok,252966.033,Aegis,Dawn,0,medium,0.20921475999999997,20.491519999999998,0.3143477922077922,0.16558189329464748,31.258909090909093
Dawn-Elysium,444,1.9,0.0276,ok,103474.426,Dawn,Elysium,0,very_low,0.00076176,0.052439999999999994,0.29596,0.16907179960732635,20.87232
Aegis-Elysium,132,58.2,0.2882,ok,204830.18,Aegis,Elysium,0,low,0.08305924,16.77324,0.3029021390374331,0.16678734255381286,60.362834224598934
Boreas-Dawn,239,41.9,0.2076,ok,79221.639,Boreas,Dawn,0,low,0.043097760000000006,8.69844,0.2929547120418848,0.16733925578385606,58.52005235602094
Aegis-Elysium,59,84.7,0.4192,ok,295184.395,Aegis,Elysium,0,medium,0.17572864000000002,35.506240000000005,0.3029021390374331,0.16678734255381286,60.362834224598934
Boreas-Elysium,24,84.1,0.4104,ok,180459.194,Boreas,Elysium,0,medium,0.16842816,34.51464,0.2900737913486005,0.165054059944648,59.068346055979646
Aegis-Elysium,208,95.9,0.4747,ok,350300.175,Aegis,Elysium,0,medium,0.22534009000000002,45.52373,0.3029021390374331,0.16678734255381286,60.362834224598934
Boreas-Fenix,467,73.7,0.4363,ok,277040.452,Boreas,Fenix,0,medium,0.19035769000000002,32.15531,0.3080685421994885,0.17007740427160456,51.75457800511509
Aegis-Boreas,121,87.0,0.418,ok,114799.076,Aegis,Boreas,0,medium,0.174724,36.366,0.2911771978021978,0.16781519450328578,59.97527472527472
Aegis-Dawn,269,58.3,0.5945,ok,428541.207,Aegis,Dawn,0,medium,0.35343025000000006,34.65935,0.3143477922077922,0.16558189329464748,31.258909090909093
Elysium-Fenix,260,26.3,0.1733,ok,184135.302,Elysium,Fenix,0,very_low,0.030032890000000003,4.557790000000001,0.2866814016172507,0.16585315339481224,43.56679245283019
Dawn-Fenix,406,78.4,0.4995,ok,176408.404,Dawn,Fenix,0,medium,0.24950025,39.1608,0.3041873417721519,0.1724694243240588,47.598683544303796
Caelum-Elysium,344,37.2,0.4483,ok,491233.797,Caelum,Elysium,0,medium,0.20097289,16.67676,0.29901641025641024,0.16467290094562215,25.344512820512822
Aegis-Dawn,366,32.8,0.3344,ok,175451.283,Aegis,Dawn,0,low,0.11182335999999998,10.968319999999999,0.3143477922077922,0.16558189329464748,31.258909090909093
Aegis-Boreas,124,20.7,0.0994,ok,62146.873,Aegis,Boreas,0,very_low,0.009880360000000001,2.05758,0.2911771978021978,0.16781519450328578,59.97527472527472
Dawn-Elysium,468,20.0,0.2892,ok,135193.789,Dawn,Elysium,0,low,0.08363664000000001,5.784000000000001,0.29596,0.16907179960732635,20.87232
Elysium-Fenix,229,17.1,0.1124,ok,175534.132,Elysium,Fenix,0,very_low,0.01263376,1.9220400000000002,0.2866814016172507,0.16585315339481224,43.56679245283019
Elysium-Fenix,183,120.3,0.7916,ok,1643133.729,Elysium,Fenix,0,high,0.62663056,95.22948,0.2866814016172507,0.16585315339481224,43.56679245283019
Elysium-Fenix,422,10.3,0.0676,ok,166678.862,Elysium,Fenix,0,very_low,0.004569759999999999,0.69628,0.2866814016172507,0.16585315339481224,43.56679245283019
Aegis-Dawn,161,56.7,0.579,ok,399201.458,Aegis,Dawn,0,medium,0.33524099999999996,32.829299999999996,0.3143477922077922,0.16558189329464748,31.258909090909093
Dawn-Elysium,168,8.1,0.1181,ok,106345.982,Dawn,Elysium,0,very_low,0.01394761,0.95661,0.29596,0.16907179960732635,20.87232
Dawn-Elysium,63,23.3,0.337,ok,156480.171,Dawn,Elysium,0,low,0.11356900000000002,7.852100000000001,0.29596,0.16907179960732635,20.87232
Caelum-Fenix,329,8.9,0.0701,ok,114452.958,Caelum,Fenix,0,very_low,0.004914009999999999,0.62389,0.2979977329974811,0.16907325550533112,38.04100755667506
Aegis-Elysium,37,119.7,0.5925,ok,547653.559,Aegis,Elysium,0,medium,0.35105625,70.92225,0.3029021390374331,0.16678734255381286,60.362834224598934
Aegis-Dawn,415,49.5,0.5049,ok,297686.159,Aegis,Dawn,0,medium,0.25492401000000003,24.99255,0.3143477922077922,0.16558189329464748,31.258909090909093
Dawn-Fenix,87,19.1,0.1215,ok,75179.238,Dawn,Fenix,0,very_low,0.01476225,2.32065,0.3041873417721519,0.1724694243240588,47.598683544303796
Elysium-Fenix,49,73.2,0.4816,ok,377755.464,Elysium,Fenix,0,medium,0.23193855999999996,35.25312,0.2866814016172507,0.16585315339481224,43.56679245283019
Dawn-Fenix,452,80.1,0.5104,ok,182723.14,Dawn,Fenix,0,medium,0.26050816,40.883039999999994,0.3041873417721519,0.1724694243240588,47.598683544303796
Aegis-Boreas,5,151.7,0.7293,ok,413268.959,Aegis,Boreas,0,high,0.5318784899999999,110.63480999999999,0.2911771978021978,0.16781519450328578,59.97527472527472
Caelum-Dawn,188,8.1,0.0883,ok,118411.61,Caelum,Dawn,0,very_low,0.007796890000000001,0.71523,0.30429655172413794,0.17370736738192366,28.526896551724136
Caelum-Dawn,265,23.4,0.2541,ok,146690.622,Caelum,Dawn,0,low,0.06456681,5.945939999999999,0.30429655172413794,0.17370736738192366,28.526896551724136
Boreas-Fenix,280,29.0,0.1716,ok,148090.488,Boreas,Fenix,0,very_low,0.02944656,4.9764,0.3080685421994885,0.17007740427160456,51.75457800511509
Boreas-Fenix,106,65.5,0.3878,ok,241043.653,Boreas,Fenix,0,low,0.15038884,25.4009,0.3080685421994885,0.17007740427160456,51.75457800511509
Dawn-Fenix,402,90.8,0.5785,ok,239384.213,Dawn,Fenix,0,medium,0.33466225,52.5278,0.3041873417721519,0.1724694243240588,47.598683544303796
Caelum-Fenix,30,25.3,0.1994,ok,124748.831,Caelum,Fenix,0,very_low,0.039760359999999995,5.04482,0.2979977329974811,0.16907325550533112,38.04100755667506
Dawn-Fenix,153,32.3,0.206,ok,83984.262,Dawn,Fenix,0,low,0.042435999999999995,6.6537999999999995,0.3041873417721519,0.1724694243240588,47.598683544303796
Dawn-Elysium,493,13.3,0.1933,ok,118041.54,Dawn,Elysium,0,very_low,0.03736489,2.5708900000000003,0.29596,0.16907179960732635,20.87232
Boreas-Dawn,294,46.1,0.2283,ok,81698.129,Boreas,Dawn,0,low,0.05212089,10.52463,0.2929547120418848,0.16733925578385606,58.52005235602094
Aegis-Elysium,206,84.5,0.4183,ok,289729.461,Aegis,Elysium,0,medium,0.17497489,35.34635,0.3029021390374331,0.16678734255381286,60.362834224598934
Caelum-Dawn,407,13.3,0.1449,ok,118726.879,Caelum,Dawn,0,very_low,0.02099601,1.92717,0.30429655172413794,0.17370736738192366,28.526896551724136
Aegis-Dawn,98,20.7,0.2109,ok,137216.714,Aegis,Dawn,0,low,0.04447881,4.36563,0.3143477922077922,0.16558189329464748,31.258909090909093
Caelum-Elysium,444,23.8,0.2872,ok,67142.094,Caelum,Elysium,0,low,0.08248384,6.8353600000000005,0.29901641025641024,0.16467290094562215,25.344512820512822
Caelum-Elysium,409,29.7,0.3583,ok,204720.819,Caelum,Elysium,0,low,0.12837889,10.64151,0.29901641025641024,0.16467290094562215,25.344512820512822
Caelum-Fenix,333,7.2,0.057,ok,113826.01,Caelum,Fenix,0,very_low,0.003249,0.41040000000000004,0.2979977329974811,0.16907325550533112,38.04100755667506
Aegis-Dawn,390,29.6,0.3018,ok,166856.139,Aegis,Dawn,0,low,0.09108324000000001,8.933280000000002,0.3143477922077922,0.16558189329464748,31.258909090909093
Boreas-Elysium,76,3.54,0.0178,ok,100998.294,Boreas,Elysium,0,very_low,0.00031684,0.063012,0.2900737913486005,0.165054059944648,59.068346055979646
Boreas-Fenix,400,3.1,0.0183,ok,135567.139,Boreas,Fenix,0,very_low,0.00033489,0.05673,0.3080685421994885,0.17007740427160456,51.75457800511509
Dawn-Fenix,149,47.7,0.3039,ok,99022.426,Dawn,Fenix,0,low,0.09235521000000001,14.496030000000001,0.3041873417721519,0.1724694243240588,47.598683544303796
Dawn-Fenix,440,28.1,0.1789,ok,79445.226,Dawn,Fenix,0,very_low,0.03200521,5.02709,0.3041873417721519,0.1724694243240588,47.598683544303796
Aegis-Elysium,224,16.6,0.0824,ok,156059.138,Aegis,Elysium,0,very_low,0.006789760000000001,1.3678400000000002,0.3029021390374331,0.16678734255381286,60.362834224598934
Aegis-Elysium,17,10.7,0.0528,ok,154853.554,Aegis,Elysium,0,very_low,0.0027878399999999998,0.5649599999999999,0.3029021390374331,0.16678734255381286,60.362834224598934
Boreas-Fenix,322,23.1,0.1369,ok,143709.917,Boreas,Fenix,0,very_low,0.01874161,3.1623900000000003,0.3080685421994885,0.17007740427160456,51.75457800511509
Dawn-Elysium,201,13.7,0.1979,ok,116118.509,Dawn,Elysium,0,very_low,0.03916441,2.7112299999999996,0.29596,0.16907179960732635,20.87232
Caelum-Fenix,23,45.2,0.356,ok,174267.992,Caelum,Fenix,0,low,0.126736,16.0912,0.2979977329974811,0.16907325550533112,38.04100755667506
Boreas-Elysium,482,102.3,0.4991,ok,244266.244,Boreas,Elysium,0,medium,0.24910080999999998,51.05793,0.2900737913486005,0.165054059944648,59.068346055979646
Caelum-Fenix,300,18.5,0.1458,ok,120248.175,Caelum,Fenix,0,very_low,0.021257640000000005,2.6973000000000003,0.2979977329974811,0.16907325550533112,38.04100755667506
Dawn-Elysium,496,28.6,0.4138,ok,190488.993,Dawn,Elysium,0,medium,0.17123044,11.83468,0.29596,0.16907179960732635,20.87232
Caelum-Fenix,318,12.8,0.1006,ok,115175.766,Caelum,Fenix,0,very_low,0.010120359999999998,1.28768,0.2979977329974811,0.16907325550533112,38.04100755667506
Caelum-Dawn,83,32.6,0.3547,ok,175782.012,Caelum,Dawn,0,low,0.12581209000000002,11.563220000000001,0.30429655172413794,0.17370736738192366,28.526896551724136
Aegis-Dawn,45,16.8,0.1714,ok,133627.072,Aegis,Dawn,0,very_low,0.029377959999999998,2.87952,0.3143477922077922,0.16558189329464748,31.258909090909093
Boreas-Fenix,69,45.1,0.2671,ok,170622.583,Boreas,Fenix,0,low,0.07134241000000001,12.04621,0.3080685421994885,0.17007740427160456,51.75457800511509
Dawn-Fenix,241,68.1,0.4339,ok,141471.944,Dawn,Fenix,0,medium,0.18826921000000002,29.548589999999997,0.3041873417721519,0.1724694243240588,47.598683544303796
Boreas-Dawn,428,62.5,0.3093,ok,96643.313,Boreas,Dawn,0,low,0.09566649,19.33125,0.2929547120418848,0.16733925578385606,58.52005235602094
Aegis-Dawn,59,5.5,0.0557,ok,340492.718,Aegis,Dawn,0,very_low,0.00310249,0.30635,0.3143477922077922,0.16558189329464748,31.258909090909093
Boreas-Fenix,434,24.1,0.1427,ok,146207.765,Boreas,Fenix,0,very_low,0.02036329,3.43907,0.3080685421994885,0.17007740427160456,51.75457800511509
Dawn-Elysium,39,21.3,0.309,ok,143610.677,Dawn,Elysium,0,low,0.095481,6.5817000000000005,0.29596,0.16907179960732635,20.87232
Caelum-Dawn,317,8.8,0.0957,ok,117238.913,Caelum,Dawn,0,very_low,0.009158489999999998,0.84216,0.30429655172413794,0.17370736738192366,28.526896551724136
Aegis-Dawn,317,25.0,0.2546,ok,150275.301,Aegis,Dawn,0,low,0.06482116,6.365,0.3143477922077922,0.16558189329464748,31.258909090909093
Caelum-Fenix,240,28.1,0.2214,ok,129753.105,Caelum,Fenix,0,low,0.049017960000000006,6.2213400000000005,0.2979977329974811,0.16907325550533112,38.04100755667506
Aegis-Elysium,478,31.1,0.1541,ok,167543.31,Aegis,Elysium,0,very_low,0.023746809999999997,4.79251,0.3029021390374331,0.16678734255381286,60.362834224598934
Boreas-Fenix,154,19.1,0.1129,ok,139339.729,Boreas,Fenix,0,very_low,0.01274641,2.15639,0.3080685421994885,0.17007740427160456,51.75457800511509
Aegis-Boreas,161,50.0,0.2404,ok,73704.391,Aegis,Boreas,0,low,0.05779216,12.02,0.2911771978021978,0.16781519450328578,59.97527472527472
Caelum-Dawn,146,6.8,0.074,ok,112586.106,Caelum,Dawn,0,very_low,0.005475999999999999,0.5032,0.30429655172413794,0.17370736738192366,28.526896551724136
Boreas-Dawn,264,89.1,0.4412,ok,139261.253,Boreas,Dawn,0,medium,0.19465744,39.310919999999996,0.2929547120418848,0.16733925578385606,58.52005235602094
Caelum-Dawn,31,13.9,0.1508,ok,120280.741,Caelum,Dawn,0,very_low,0.022740639999999996,2.09612,0.30429655172413794,0.17370736738192366,28.526896551724136
Elysium-Fenix,432,71.8,0.4722,ok,370465.049,Elysium,Fenix,0,medium,0.22297284,33.90396,0.2866814016172507,0.16585315339481224,43.56679245283019
Dawn-Elysium,436,42.8,0.6204,ok,407097.023,Dawn,Elysium,0,high,0.38489615999999993,26.553119999999996,0.29596,0.16907179960732635,20.87232
Caelum-Fenix,39,67.1,0.5286,ok,308916.96,Caelum,Fenix,0,medium,0.27941795999999997,35.46905999999999,0.2979977329974811,0.16907325550533112,38.04100755667506
Boreas-Fenix,355,63.1,0.3732,ok,224474.795,Boreas,Fenix,0,low,0.13927823999999997,23.54892,0.3080685421994885,0.17007740427160456,51.75457800511509
Boreas-Dawn,485,41.4,0.2048,ok,78513.517,Boreas,Dawn,0,low,0.04194304,8.478720000000001,0.2929547120418848,0.16733925578385606,58.52005235602094
Aegis-Dawn,93,46.5,0.4748,ok,265317.526,Aegis,Dawn,0,medium,0.22543504,22.0782,0.3143477922077922,0.16558189329464748,31.258909090909093
Boreas-Dawn,402,30.6,0.1517,ok,74308.457,Boreas,Dawn,0,very_low,0.02301289,4.6420200000000005,0.2929547120418848,0.16733925578385606,58.52005235602094
Boreas-Elysium,163,35.1,0.1715,ok,107114.402,Boreas,Elysium,0,very_low,0.029412250000000004,6.01965,0.2900737913486005,0.165054059944648,59.068346055979646
Aegis-Boreas,132,17.3,0.0831,ok,60262.885,Aegis,Boreas,0,very_low,0.006905609999999999,1.43763,0.2911771978021978,0.16781519450328578,59.97527472527472
Caelum-Elysium,48,8.3,0.1003,ok,131475.539,Caelum,Elysium,0,very_low,0.01006009,0.8324900000000001,0.29901641025641024,0.16467290094562215,25.344512820512822
Caelum-Dawn,479,17.9,0.1947,ok,127020.965,Caelum,Dawn,0,very_low,0.037908090000000005,3.48513,0.30429655172413794,0.17370736738192366,28.526896551724136
Elysium-Fenix,475,30.5,0.2007,ok,187934.336,Elysium,Fenix,0,low,0.040280489999999995,6.12135,0.2866814016172507,0.16585315339481224,43.56679245283019
Caelum-Dawn,108,44.0,0.4783,ok,258763.235,Caelum,Dawn,0,medium,0.22877089,21.0452,0.30429655172413794,0.17370736738192366,28.526896551724136
Aegis-Elysium,26,43.0,0.2129,ok,180436.79,Aegis,Elysium,0,low,0.045326410000000004,9.1547,0.3029021390374331,0.16678734255381286,60.362834224598934
Boreas-Elysium,413,127.4,0.6213,ok,394651.973,Boreas,Elysium,0,high,0.38601368999999996,79.15362,0.2900737913486005,0.165054059944648,59.068346055979646
Aegis-Boreas,197,82.6,0.3971,ok,107299.769,Aegis,Boreas,0,low,0.15768841,32.80046,0.2911771978021978,0.16781519450328578,59.97527472527472
Aegis-Elysium,197,26.5,0.1311,ok,163622.354,Aegis,Elysium,0,very_low,0.017187209999999998,3.47415,0.3029021390374331,0.16678734255381286,60.362834224598934
Dawn-Fenix,315,48.2,0.3071,ok,100437.848,Dawn,Fenix,0,low,0.09431040999999998,14.80222,0.3041873417721519,0.1724694243240588,47.598683544303796
Aegis-Dawn,228,27.6,0.2813,ok,155601.376,Aegis,Dawn,0,low,0.07912969,7.76388,0.3143477922077922,0.16558189329464748,31.258909090909093
Elysium-Fenix,231,82.9,0.5453,ok,484469.475,Elysium,Fenix,0,medium,0.29735209,45.20537,0.2866814016172507,0.16585315339481224,43.56679245283019
Aegis-Dawn,131,21.74,0.1331,ok,123731.617,Aegis,Dawn,0,very_low,0.01771561,2.8935939999999998,0.3143477922077922,0.16558189329464748,31.258909090909093
Caelum-Fenix,472,51.8,0.4078,ok,203151.591,Caelum,Fenix,0,medium,0.16630084,21.124039999999997,0.2979977329974811,0.16907325550533112,38.04100755667506
Aegis-Boreas,309,35.4,0.17,ok,65798.756,Aegis,Boreas,0,very_low,0.028900000000000006,6.018,0.2911771978021978,0.16781519450328578,59.97527472527472
Caelum-Elysium,74,35.5,0.4273,ok,411777.071,Caelum,Elysium,0,medium,0.18258529,15.16915,0.29901641025641024,0.16467290094562215,25.344512820512822
Elysium-Fenix,274,23.6,0.1554,ok,176994.545,Elysium,Fenix,0,very_low,0.024149160000000003,3.6674400000000005,0.2866814016172507,0.16585315339481224,43.56679245283019
Aegis-Elysium,110,15.4,0.076,ok,152443.81,Aegis,Elysium,0,very_low,0.005776,1.1704,0.3029021390374331,0.16678734255381286,60.362834224598934
Boreas-Fenix,183,20.4,0.1205,ok,143768.792,Boreas,Fenix,0,very_low,0.014520249999999998,2.4581999999999997,0.3080685421994885,0.17007740427160456,51.75457800511509
Elysium-Fenix,488,55.3,0.3641,ok,269398.537,Elysium,Fenix,0,low,0.13256880999999998,20.134729999999998,0.2866814016172507,0.16585315339481224,43.56679245283019
Aegis-Elysium,120,115.4,0.5711,ok,505964.583,Aegis,Elysium,0,medium,0.3261552100000001,65.90494000000001,0.3029021390374331,0.16678734255381286,60.362834224598934
Boreas-Fenix,141,35.5,0.21,ok,153636.842,Boreas,Fenix,0,low,0.04409999999999999,7.455,0.3080685421994885,0.17007740427160456,51.75457800511509
Boreas-Elysium,314,46.1,0.225,ok,112745.516,Boreas,Elysium,0,low,0.050625,10.3725,0.2900737913486005,0.165054059944648,59.068346055979646
Aegis-Elysium,302,51.5,0.2549,ok,189768.042,Aegis,Elysium,0,low,0.06497401000000001,13.127350000000002,0.3029021390374331,0.16678734255381286,60.362834224598934
Aegis-Boreas,17,93.9,0.4513,ok,125526.493,Aegis,Boreas,0,medium,0.20367169,42.37707,0.2911771978021978,0.16781519450328578,59.97527472527472
Caelum-Dawn,261,44.9,0.4882,ok,268495.43,Caelum,Dawn,0,medium,0.23833924000000004,21.920180000000002,0.30429655172413794,0.17370736738192366,28.526896551724136
Elysium-Fenix,477,34.9,0.2298,ok,202198.057,Elysium,Fenix,0,low,0.05280804,8.02002,0.2866814016172507,0.16585315339481224,43.56679245283019
Dawn-Elysium,354,29.7,0.43,ok,203559.192,Dawn,Elysium,0,medium,0.18489999999999998,12.770999999999999,0.29596,0.16907179960732635,20.87232
Dawn-Elysium,470,20.2,0.2923,ok,135589.017,Dawn,Elysium,0,low,0.08543929,5.90446,0.29596,0.16907179960732635,20.87232
Aegis-Dawn,350,8.8,0.0899,ok,120303.098,Aegis,Dawn,0,very_low,0.008082009999999999,0.79112,0.3143477922077922,0.16558189329464748,31.258909090909093
Caelum-Dawn,204,52.4,0.5698,ok,363219.922,Caelum,Dawn,0,medium,0.32467204,29.857519999999997,0.30429655172413794,0.17370736738192366,28.526896551724136
Elysium-Fenix,236,45.9,0.3022,ok,228152.503,Elysium,Fenix,0,low,0.09132484000000002,13.870980000000001,0.2866814016172507,0.16585315339481224,43.56679245283019
Aegis-Elysium,3,59.7,0.2956,ok,207011.822,Aegis,Elysium,0,low,0.08737935999999999,17.64732,0.3029021390374331,0.16678734255381286,60.362834224598934
Dawn-Fenix,112,54.1,0.3448,ok,109588.151,Dawn,Fenix,0,low,0.11888704,18.65368,0.3041873417721519,0.1724694243240588,47.598683544303796
Aegis-Boreas,233,96.9,0.466,ok,132391.839,Aegis,Boreas,0,medium,0.21715600000000002,45.15540000000001,0.2911771978021978,0.16781519450328578,59.97527472527472
Caelum-Elysium,7,34.2,0.4115,ok,239263.604,Caelum,Elysium,0,medium,0.16933225,14.0733,0.29901641025641024,0.16467290094562215,25.344512820512822
Boreas-Fenix,100,55.7,0.3293,ok,204590.346,Boreas,Fenix,0,low,0.10843848999999998,18.34201,0.3080685421994885,0.17007740427160456,51.75457800511509
Aegis-Dawn,85,20.5,0.2089,ok,139389.492,Aegis,Dawn,0,low,0.04363921,4.28245,0.3143477922077922,0.16558189329464748,31.258909090909093
Caelum-Elysium,91,32.4,0.3908,ok,498966.986,Caelum,Elysium,0,low,0.15272464,12.661919999999999,0.29901641025641024,0.16467290094562215,25.344512820512822
Boreas-Dawn,271,98.1,0.4858,ok,164819.133,Boreas,Dawn,0,medium,0.23600164,47.65698,0.2929547120418848,0.16733925578385606,58.52005235602094
Aegis-Elysium,92,59.5,0.2947,ok,217026.231,Aegis,Elysium,0,low,0.08684809000000002,17.534650000000003,0.3029021390374331,0.16678734255381286,60.362834224598934
Caelum-Elysium,102,21.9,0.2635,ok,166584.854,Caelum,Elysium,0,low,0.06943225,5.77065,0.29901641025641024,0.16467290094562215,25.344512820512822
Dawn-Elysium,273,20.2,0.2932,ok,142426.763,Dawn,Elysium,0,low,0.08596624000000001,5.92264,0.29596,0.16907179960732635,20.87232
Aegis-Dawn,497,60.0,0.6127,ok,461539.536,Aegis,Dawn,0,high,0.37540129000000005,36.762,0.3143477922077922,0.16558189329464748,31.258909090909093
Elysium-Fenix,474,36.4,0.2395,ok,201128.684,Elysium,Fenix,0,low,0.057360249999999995,8.717799999999999,0.2866814016172507,0.16585315339481224,43.56679245283019
Boreas-Fenix,357,56.3,0.333,ok,201019.725,Boreas,Fenix,0,low,0.11088900000000002,18.7479,0.3080685421994885,0.17007740427160456,51.75457800511509
Elysium-Fenix,379,8.9,0.0588,ok,163632.084,Elysium,Fenix,0,very_low,0.00345744,0.52332,0.2866814016172507,0.16585315339481224,43.56679245283019
Dawn-Elysium,451,13.3,0.1922,ok,116447.916,Dawn,Elysium,0,very_low,0.03694084,2.5562600000000004,0.29596,0.16907179960732635,20.87232
Elysium-Fenix,277,18.9,0.1246,ok,170038.264,Elysium,Fenix,0,very_low,0.015525160000000001,2.35494,0.2866814016172507,0.16585315339481224,43.56679245283019
Aegis-Elysium,277,36.5,0.1809,ok,172349.573,Aegis,Elysium,0,very_low,0.03272481,6.60285,0.3029021390374331,0.16678734255381286,60.362834224598934
Dawn-Fenix,485,23.6,0.1504,ok,74847.673,Dawn,Fenix,0,very_low,0.02262016,3.54944,0.3041873417721519,0.1724694243240588,47.598683544303796
Boreas-Dawn,97,71.4,0.3537,ok,108925.775,Boreas,Dawn,0,low,0.12510369000000002,25.25418,0.2929547120418848,0.16733925578385606,58.52005235602094
Caelum-Fenix,170,14.4,0.1135,ok,115602.429,Caelum,Fenix,0,very_low,0.012882250000000001,1.6344,0.2979977329974811,0.16907325550533112,38.04100755667506
Elysium-Fenix,413,76.2,0.5013,ok,413660.308,Elysium,Fenix,0,medium,0.25130168999999997,38.199059999999996,0.2866814016172507,0.16585315339481224,43.56679245283019
Aegis-Elysium,363,31.5,0.1557,ok,168947.067,Aegis,Elysium,0,very_low,0.024242490000000002,4.90455,0.3029021390374331,0.16678734255381286,60.362834224598934
Elysium-Fenix,364,34.8,0.2289,ok,200944.625,Elysium,Fenix,0,low,0.05239521,7.965719999999999,0.2866814016172507,0.16585315339481224,43.56679245283019
Aegis-Boreas,167,101.1,0.486,ok,144302.637,Aegis,Boreas,0,medium,0.236196,49.1346,0.2911771978021978,0.16781519450328578,59.97527472527472
Caelum-Fenix,250,102.4,0.8064,ok,1233896.487,Caelum,Fenix,1,very_high,0.65028096,82.57536,0.2979977329974811,0.16907325550533112,38.04100755667506
Aegis-Dawn,499,37.1,0.3789,ok,198437.268,Aegis,Dawn,0,low,0.14356521,14.05719,0.3143477922077922,0.16558189329464748,31.258909090909093
Caelum-Elysium,466,45.3,0.5455,ok,375886.754,Caelum,Elysium,0,medium,0.29757025,24.711149999999996,0.29901641025641024,0.16467290094562215,25.344512820512822
Caelum-Dawn,379,60.0,0.6523,ok,522459.216,Caelum,Dawn,0,high,0.42549528999999997,39.138,0.30429655172413794,0.17370736738192366,28.526896551724136
Boreas-Fenix,498,68.0,0.4025,ok,244787.339,Boreas,Fenix,0,medium,0.16200625000000002,27.37,0.3080685421994885,0.17007740427160456,51.75457800511509
Caelum-Elysium,452,45.2,0.5445,ok,377618.065,Caelum,Elysium,0,medium,0.29648025,24.6114,0.29901641025641024,0.16467290094562215,25.344512820512822
Dawn-Elysium,133,45.0,0.6529,ok,472153.561,Dawn,Elysium,0,high,0.42627841000000005,29.3805,0.29596,0.16907179960732635,20.87232
Dawn-Fenix,194,26.6,0.1693,ok,77442.311,Dawn,Fenix,0,very_low,0.028662490000000002,4.503380000000001,0.3041873417721519,0.1724694243240588,47.598683544303796
Caelum-Dawn,94,11.9,0.1295,ok,119207.646,Caelum,Dawn,0,very_low,0.01677025,1.54105,0.30429655172413794,0.17370736738192366,28.526896551724136
Boreas-Elysium,309,43.4,0.2116,ok,114791.224,Boreas,Elysium,0,low,0.044774560000000005,9.183440000000001,0.2900737913486005,0.165054059944648,59.068346055979646
Aegis-Boreas,103,11.98,0.0859,ok,61127.898,Aegis,Boreas,0,very_low,0.00737881,1.029082,0.2911771978021978,0.16781519450328578,59.97527472527472
Boreas-Fenix,175,49.2,0.2914,ok,182340.512,Boreas,Fenix,0,low,0.08491396,14.33688,0.3080685421994885,0.17007740427160456,51.75457800511509
Caelum-Dawn,325,28.9,0.3139,ok,159914.986,Caelum,Dawn,0,low,0.09853321000000001,9.07171,0.30429655172413794,0.17370736738192366,28.526896551724136
Aegis-Boreas,261,131.8,0.6337,ok,257030.877,Aegis,Boreas,0,high,0.40157569000000004,83.52166000000001,0.2911771978021978,0.16781519450328578,59.97527472527472
Caelum-Fenix,101,33.3,0.262,ok,140231.874,Caelum,Fenix,0,low,0.06864400000000001,8.724599999999999,0.2979977329974811,0.16907325550533112,38.04100755667506
Caelum-Fenix,389,35.3,0.2782,ok,148777.651,Caelum,Fenix,0,low,0.07739524,9.820459999999999,0.2979977329974811,0.16907325550533112,38.04100755667506
Boreas-Dawn,14,42.4,0.2101,ok,79402.481,Boreas,Dawn,0,low,0.04414201,8.90824,0.2929547120418848,0.16733925578385606,58.52005235602094
Boreas-Dawn,223,46.32,0.3338,ok,35086.541,Boreas,Dawn,0,low,0.11142243999999998,15.461616,0.2929547120418848,0.16733925578385606,58.52005235602094
Dawn-Elysium,396,35.6,0.5164,ok,269537.094,Dawn,Elysium,0,medium,0.26666895999999995,18.38384,0.29596,0.16907179960732635,20.87232
Dawn-Elysium,438,3.5,0.0512,ok,104230.821,Dawn,Elysium,0,very_low,0.00262144,0.1792,0.29596,0.16907179960732635,20.87232
Caelum-Fenix,174,26.0,0.2051,ok,132750.395,Caelum,Fenix,0,low,0.04206601,5.3326,0.2979977329974811,0.16907325550533112,38.04100755667506
Boreas-Dawn,274,68.4,0.3386,ok,107104.738,Boreas,Dawn,0,low,0.11464996000000001,23.16024,0.2929547120418848,0.16733925578385606,58.52005235602094
Caelum-Dawn,336,39.1,0.4252,ok,213694.426,Caelum,Dawn,0,medium,0.18079504000000002,16.625320000000002,0.30429655172413794,0.17370736738192366,28.526896551724136
Dawn-Elysium,206,28.7,0.4166,ok,186202.326,Dawn,Elysium,0,medium,0.17355556000000003,11.95642,0.29596,0.16907179960732635,20.87232
Aegis-Elysium,212,108.5,0.5373,ok,446934.087,Aegis,Elysium,0,medium,0.28869129,58.29705,0.3029021390374331,0.16678734255381286,60.362834224598934
Boreas-Elysium,365,86.42,0.4822,ok,228038.366,Boreas,Elysium,0,medium,0.23251684000000003,41.671724000000005,0.2900737913486005,0.165054059944648,59.068346055979646
Boreas-Dawn,259,87.0,0.4307,ok,134851.683,Boreas,Dawn,0,medium,0.18550249000000002,37.4709,0.2929547120418848,0.16733925578385606,58.52005235602094
Caelum-Dawn,312,9.7,0.1053,ok,114511.192,Caelum,Dawn,0,very_low,0.011088090000000002,1.02141,0.30429655172413794,0.17370736738192366,28.526896551724136
Boreas-Elysium,152,27.62,0.175,ok,106443.872,Boreas,Elysium,0,very_low,0.030624999999999996,4.8335,0.2900737913486005,0.165054059944648,59.068346055979646
Caelum-Fenix,274,5.5,0.0435,ok,116213.035,Caelum,Fenix,0,very_low,0.0018922499999999998,0.23925,0.2979977329974811,0.16907325550533112,38.04100755667506
Elysium-Fenix,348,76.7,0.5049,ok,1058302.248,Elysium,Fenix,0,medium,0.25492401000000003,38.72583,0.2866814016172507,0.16585315339481224,43.56679245283019
Caelum-Dawn,248,4.0,0.0435,ok,115833.746,Caelum,Dawn,0,very_low,0.0018922499999999998,0.174,0.30429655172413794,0.17370736738192366,28.526896551724136
Dawn-Elysium,256,14.5,0.2103,ok,117774.259,Dawn,Elysium,0,low,0.044226089999999996,3.04935,0.29596,0.16907179960732635,20.87232
Caelum-Elysium,396,16.4,0.1979,ok,147378.436,Caelum,Elysium,0,very_low,0.03916441,3.24556,0.29901641025641024,0.16467290094562215,25.344512820512822
Elysium-Fenix,166,40.1,0.264,ok,211355.606,Elysium,Fenix,0,low,0.06969600000000001,10.586400000000001,0.2866814016172507,0.16585315339481224,43.56679245283019
Boreas-Elysium,145,132.3,0.6456,ok,441057.287,Boreas,Elysium,0,high,0.41679935999999995,85.41288,0.2900737913486005,0.165054059944648,59.068346055979646
Dawn-Fenix,197,76.3,0.4863,ok,169656.914,Dawn,Fenix,0,medium,0.23648769,37.10469,0.3041873417721519,0.1724694243240588,47.598683544303796
Caelum-Elysium,311,11.8,0.1417,ok,132731.227,Caelum,Elysium,0,very_low,0.02007889,1.67206,0.29901641025641024,0.16467290094562215,25.344512820512822
Elysium-Fenix,408,7.9,0.0518,ok,162402.057,Elysium,Fenix,0,very_low,0.00268324,0.40922000000000003,0.2866814016172507,0.16585315339481224,43.56679245283019
Aegis-Dawn,148,42.4,0.4325,ok,234132.681,Aegis,Dawn,0,medium,0.18705625,18.338,0.3143477922077922,0.16558189329464748,31.258909090909093
Aegis-Boreas,270,60.6,0.2912,ok,79167.22,Aegis,Boreas,0,low,0.08479744,17.646720000000002,0.2911771978021978,0.16781519450328578,59.97527472527472
Caelum-Elysium,23,32.9,0.3969,ok,229096.246,Caelum,Elysium,0,low,0.15752961,13.05801,0.29901641025641024,0.16467290094562215,25.344512820512822
Caelum-Fenix,244,28.3,0.2225,ok,132362.072,Caelum,Fenix,0,low,0.04950625,6.29675,0.2979977329974811,0.16907325550533112,38.04100755667506
Boreas-Dawn,388,58.7,0.2908,ok,93490.409,Boreas,Dawn,0,low,0.08456464,17.069960000000002,0.2929547120418848,0.16733925578385606,58.52005235602094
Dawn-Elysium,452,25.3,0.3663,ok,168092.36,Dawn,Elysium,0,low,0.13417569000000001,9.26739,0.29596,0.16907179960732635,20.87232
Elysium-Fenix,486,54.9,0.3613,ok,265737.525,Elysium,Fenix,0,low,0.13053769,19.83537,0.2866814016172507,0.16585315339481224,43.56679245283019
Boreas-Elysium,499,50.0,0.2439,ok,120611.44,Boreas,Elysium,0,low,0.059487210000000006,12.195,0.2900737913486005,0.165054059944648,59.068346055979646
Boreas-Elysium,53,16.4,0.0799,ok,99305.353,Boreas,Elysium,0,very_low,0.00638401,1.31036,0.2900737913486005,0.165054059944648,59.068346055979646
Caelum-Dawn,109,1.2,0.0131,ok,114729.498,Caelum,Dawn,0,very_low,0.00017161000000000002,0.01572,0.30429655172413794,0.17370736738192366,28.526896551724136
Aegis-Dawn,8,37.0,0.3774,ok,200359.824,Aegis,Dawn,0,low,0.14243076000000002,13.9638,0.3143477922077922,0.16558189329464748,31.258909090909093
Boreas-Dawn,430,4.0,0.0199,ok,67458.868,Boreas,Dawn,0,very_low,0.00039601,0.0796,0.2929547120418848,0.16733925578385606,58.52005235602094
Boreas-Dawn,313,40.4,0.1999,ok,79275.22,Boreas,Dawn,0,very_low,0.03996001,8.07596,0.2929547120418848,0.16733925578385606,58.52005235602094
Caelum-Dawn,42,1.1,0.0124,ok,116320.088,Caelum,Dawn,0,very_low,0.00015376,0.013640000000000001,0.30429655172413794,0.17370736738192366,28.526896551724136
Caelum-Dawn,364,28.0,0.304,ok,158318.55,Caelum,Dawn,0,low,0.092416,8.512,0.30429655172413794,0.17370736738192366,28.526896551724136
Aegis-Boreas,152,67.8,0.3258,ok,87505.836,Aegis,Boreas,0,low,0.10614563999999999,22.089239999999997,0.2911771978021978,0.16781519450328578,59.97527472527472
Boreas-Elysium,80,76.4,0.3729,ok,162393.856,Boreas,Elysium,0,low,0.13905441000000002,28.489560000000004,0.2900737913486005,0.165054059944648,59.068346055979646
Aegis-Elysium,435,82.4,0.4081,ok,281127.942,Aegis,Elysium,0,medium,0.16654561,33.62744000000001,0.3029021390374331,0.16678734255381286,60.362834224598934
Boreas-Fenix,440,7.4,0.0436,ok,138770.249,Boreas,Fenix,0,very_low,0.00190096,0.32264000000000004,0.3080685421994885,0.17007740427160456,51.75457800511509
Aegis-Dawn,186,26.7,0.2729,ok,150910.689,Aegis,Dawn,0,low,0.07447440999999999,7.286429999999999,0.3143477922077922,0.16558189329464748,31.258909090909093
Boreas-Dawn,380,115.0,0.5693,ok,223752.972,Boreas,Dawn,0,medium,0.32410249,65.4695,0.2929547120418848,0.16733925578385606,58.52005235602094
Boreas-Fenix,128,33.0,0.1953,ok,149700.043,Boreas,Fenix,0,very_low,0.038142090000000003,6.4449,0.3080685421994885,0.17007740427160456,51.75457800511509
Caelum-Elysium,51,7.7,0.0928,ok,130182.218,Caelum,Elysium,0,very_low,0.008611839999999999,0.71456,0.29901641025641024,0.16467290094562215,25.344512820512822
Caelum-Fenix,478,38.6,0.3042,ok,155127.559,Caelum,Fenix,0,low,0.09253764000000002,11.742120000000002,0.2979977329974811,0.16907325550533112,38.04100755667506
Aegis-Elysium,205,42.8,0.2116,ok,179948.286,Aegis,Elysium,0,low,0.044774560000000005,9.05648,0.3029021390374331,0.16678734255381286,60.362834224598934
Caelum-Dawn,418,28.4,0.3086,ok,157838.305,Caelum,Dawn,0,low,0.09523395999999999,8.76424,0.30429655172413794,0.17370736738192366,28.526896551724136
Aegis-Dawn,133,32.6,0.3327,ok,174207.064,Aegis,Dawn,0,low,0.11068929,10.846020000000001,0.3143477922077922,0.16558189329464748,31.258909090909093
Caelum-Elysium,245,53.1,0.6402,ok,560140.265,Caelum,Elysium,0,high,0.40985604,33.99462,0.29901641025641024,0.16467290094562215,25.344512820512822
Boreas-Elysium,22,152.7,0.745,ok,731537.012,Boreas,Elysium,0,high,0.555025,113.76149999999998,0.2900737913486005,0.165054059944648,59.068346055979646
Aegis-Boreas,204,56.9,0.2737,ok,232962.16,Aegis,Boreas,0,low,0.07491169,15.57353,0.2911771978021978,0.16781519450328578,59.97527472527472
Caelum-Dawn,64,16.0,0.1738,ok,125687.408,Caelum,Dawn,0,very_low,0.030206440000000005,2.7808,0.30429655172413794,0.17370736738192366,28.526896551724136
Boreas-Elysium,441,105.1,0.5127,ok,254320.304,Boreas,Elysium,0,medium,0.26286129,53.88477,0.2900737913486005,0.165054059944648,59.068346055979646
Dawn-Elysium,89,33.6,0.4867,ok,238744.915,Dawn,Elysium,0,medium,0.23687689000000003,16.35312,0.29596,0.16907179960732635,20.87232
Aegis-Dawn,298,27.2,0.2773,ok,156650.319,Aegis,Dawn,0,low,0.07689528999999999,7.54256,0.3143477922077922,0.16558189329464748,31.258909090909093
Dawn-Elysium,202,45.1,0.6537,ok,474112.205,Dawn,Elysium,0,high,0.4273236899999999,29.481869999999997,0.29596,0.16907179960732635,20.87232
Caelum-Fenix,408,65.3,0.5141,ok,294476.243,Caelum,Fenix,0,medium,0.26429881,33.57073,0.2979977329974811,0.16907325550533112,38.04100755667506
Caelum-Dawn,401,17.3,0.1877,ok,129167.409,Caelum,Dawn,0,very_low,0.035231290000000005,3.2472100000000004,0.30429655172413794,0.17370736738192366,28.526896551724136
Aegis-Boreas,209,71.6,0.3444,ok,94059.943,Aegis,Boreas,0,low,0.11861135999999999,24.659039999999997,0.2911771978021978,0.16781519450328578,59.97527472527472
Caelum-Elysium,171,9.4,0.1139,ok,134828.879,Caelum,Elysium,0,very_low,0.01297321,1.07066,0.29901641025641024,0.16467290094562215,25.344512820512822
Dawn-Fenix,151,21.5,0.1367,ok,75873.924,Dawn,Fenix,0,very_low,0.018686889999999998,2.93905,0.3041873417721519,0.1724694243240588,47.598683544303796
Elysium-Fenix,281,39.1,0.2573,ok,212617.697,Elysium,Fenix,0,low,0.06620328999999998,10.060429999999998,0.2866814016172507,0.16585315339481224,43.56679245283019
Boreas-Dawn,312,128.0,0.6337,ok,298135.701,Boreas,Dawn,0,high,0.40157569000000004,81.1136,0.2929547120418848,0.16733925578385606,58.52005235602094
Boreas-Fenix,403,127.6,0.7553,ok,1069926.689,Boreas,Fenix,0,high,0.5704780899999999,96.37628,0.3080685421994885,0.17007740427160456,51.75457800511509
Boreas-Dawn,286,76.6,0.379,ok,116563.16,Boreas,Dawn,0,low,0.143641,29.031399999999998,0.2929547120418848,0.16733925578385606,58.52005235602094
Dawn-Fenix,401,47.4,0.3022,ok,99834.414,Dawn,Fenix,0,low,0.09132484000000002,14.32428,0.3041873417721519,0.1724694243240588,47.598683544303796
Dawn-Fenix,480,58.4,0.3722,ok,116990.017,Dawn,Fenix,0,low,0.13853284,21.736479999999997,0.3041873417721519,0.1724694243240588,47.598683544303796
Caelum-Elysium,131,48.0,0.5777,ok,423892.378,Caelum,Elysium,0,medium,0.33373728999999996,27.729599999999998,0.29901641025641024,0.16467290094562215,25.344512820512822
Aegis-Dawn,391,52.9,0.5397,ok,343556.934,Aegis,Dawn,0,medium,0.29127608999999993,28.550129999999996,0.3143477922077922,0.16558189329464748,31.258909090909093
Dawn-Elysium,453,18.7,0.2708,ok,134287.614,Dawn,Elysium,0,low,0.07333263999999999,5.06396,0.29596,0.16907179960732635,20.87232
Caelum-Fenix,281,66.4,0.5227,ok,300589.358,Caelum,Fenix,0,medium,0.27321529000000006,34.707280000000004,0.2979977329974811,0.16907325550533112,38.04100755667506
Boreas-Elysium,267,14.2,0.0694,ok,94054.083,Boreas,Elysium,0,very_low,0.00481636,0.98548,0.2900737913486005,0.165054059944648,59.068346055979646
Aegis-Dawn,227,15.3,0.1564,ok,129054.496,Aegis,Dawn,0,very_low,0.024460960000000004,2.39292,0.3143477922077922,0.16558189329464748,31.258909090909093
Elysium-Fenix,430,77.0,0.5064,ok,421175.067,Elysium,Fenix,0,medium,0.25644095999999994,38.992799999999995,0.2866814016172507,0.16585315339481224,43.56679245283019
Caelum-Dawn,135,28.6,0.311,ok,157578.249,Caelum,Dawn,0,low,0.096721,8.8946,0.30429655172413794,0.17370736738192366,28.526896551724136
Caelum-Elysium,367,14.2,0.1706,ok,136096.506,Caelum,Elysium,0,very_low,0.02910436,2.42252,0.29901641025641024,0.16467290094562215,25.344512820512822
Boreas-Dawn,211,21.0,0.1041,ok,72262.651,Boreas,Dawn,0,very_low,0.010836809999999999,2.1861,0.2929547120418848,0.16733925578385606,58.52005235602094
Caelum-Elysium,113,17.5,0.2111,ok,148784.183,Caelum,Elysium,0,low,0.044563210000000006,3.6942500000000003,0.29901641025641024,0.16467290094562215,25.344512820512822
Caelum-Elysium,244,22.1,0.2657,ok,163166.272,Caelum,Elysium,0,low,0.07059649,5.87197,0.29901641025641024,0.16467290094562215,25.344512820512822
Aegis-Elysium,354,125.6,0.6218,ok,623509.579,Aegis,Elysium,0,high,0.38663524000000005,78.09808,0.3029021390374331,0.16678734255381286,60.362834224598934
Dawn-Elysium,372,15.1,0.2183,ok,118789.146,Dawn,Elysium,0,low,0.04765489,3.2963299999999998,0.29596,0.16907179960732635,20.87232
Boreas-Dawn,442,22.8,0.1127,ok,70803.013,Boreas,Dawn,0,very_low,0.012701289999999999,2.56956,0.2929547120418848,0.16733925578385606,58.52005235602094
Dawn-Fenix,462,34.8,0.2215,ok,84248.561,Dawn,Fenix,0,low,0.04906225,7.7082,0.3041873417721519,0.1724694243240588,47.598683544303796
Caelum-Elysium,436,13.4,0.1612,ok,137350.375,Caelum,Elysium,0,very_low,0.025985440000000002,2.1600800000000002,0.29901641025641024,0.16467290094562215,25.344512820512822
Caelum-Dawn,455,23.5,0.2552,ok,140180.839,Caelum,Dawn,0,low,0.06512704,5.997199999999999,0.30429655172413794,0.17370736738192366,28.526896551724136
Elysium-Fenix,390,60.2,0.396,ok,294231.268,Elysium,Fenix,0,low,0.156816,23.8392,0.2866814016172507,0.16585315339481224,43.56679245283019
Caelum-Elysium,416,3.2,0.0382,ok,123839.946,Caelum,Elysium,0,very_low,0.0014592399999999999,0.12224,0.29901641025641024,0.16467290094562215,25.344512820512822
Caelum-Elysium,101,1.4,0.0172,ok,122273.022,Caelum,Elysium,0,very_low,0.00029584,0.024079999999999997,0.29901641025641024,0.16467290094562215,25.344512820512822
Boreas-Elysium,93,67.2,0.3279,ok,145029.766,Boreas,Elysium,0,low,0.10751841000000002,22.03488,0.2900737913486005,0.165054059944648,59.068346055979646
Aegis-Dawn,190,50.2,0.5124,ok,302174.993,Aegis,Dawn,0,medium,0.26255375999999997,25.72248,0.3143477922077922,0.16558189329464748,31.258909090909093
Dawn-Elysium,495,43.4,0.6294,ok,426811.46,Dawn,Elysium,0,high,0.39614436,27.315959999999997,0.29596,0.16907179960732635,20.87232
Elysium-Fenix,92,66.6,0.4378,ok,333462.691,Elysium,Fenix,0,medium,0.19166884,29.15748,0.2866814016172507,0.16585315339481224,43.56679245283019
Caelum-Elysium,421,31.7,0.3819,ok,218001.583,Caelum,Elysium,0,low,0.14584761000000002,12.10623,0.29901641025641024,0.16467290094562215,25.344512820512822
Dawn-Elysium,113,5.4,0.0778,ok,102566.366,Dawn,Elysium,0,very_low,0.0060528399999999994,0.42012,0.29596,0.16907179960732635,20.87232
Dawn-Elysium,460,30.9,0.4473,ok,209500.287,Dawn,Elysium,0,medium,0.20007729,13.82157,0.29596,0.16907179960732635,20.87232
Elysium-Fenix,276,29.2,0.1922,ok,190042.749,Elysium,Fenix,0,very_low,0.03694084,5.61224,0.2866814016172507,0.16585315339481224,43.56679245283019
Aegis-Dawn,238,24.7,0.2518,ok,144694.96,Aegis,Dawn,0,low,0.06340324000000001,6.219460000000001,0.3143477922077922,0.16558189329464748,31.258909090909093
Aegis-Elysium,345,14.3,0.0706,ok,162602.12,Aegis,Elysium,0,very_low,0.004984359999999999,1.00958,0.3029021390374331,0.16678734255381286,60.362834224598934
Dawn-Fenix,294,26.5,0.1686,ok,79491.827,Dawn,Fenix,0,very_low,0.02842596,4.4679,0.3041873417721519,0.1724694243240588,47.598683544303796
Boreas-Fenix,295,50.5,0.299,ok,188312.577,Boreas,Fenix,0,low,0.089401,15.099499999999999,0.3080685421994885,0.17007740427160456,51.75457800511509
Caelum-Fenix,212,16.4,0.1295,ok,117593.013,Caelum,Fenix,0,very_low,0.01677025,2.1237999999999997,0.2979977329974811,0.16907325550533112,38.04100755667506
Aegis-Elysium,370,62.5,0.3092,ok,216859.164,Aegis,Elysium,0,low,0.09560463999999999,19.325,0.3029021390374331,0.16678734255381286,60.362834224598934
Elysium-Fenix,242,56.5,0.372,ok,273762.518,Elysium,Fenix,0,low,0.138384,21.018,0.2866814016172507,0.16585315339481224,43.56679245283019
Elysium-Fenix,250,43.7,0.2875,ok,221427.585,Elysium,Fenix,0,low,0.08265624999999999,12.56375,0.2866814016172507,0.16585315339481224,43.56679245283019
Boreas-Elysium,346,98.1,0.4784,ok,225072.943,Boreas,Elysium,0,medium,0.22886656,46.931039999999996,0.2900737913486005,0.165054059944648,59.068346055979646
Caelum-Dawn,453,56.1,0.6096,ok,430762.819,Caelum,Dawn,0,high,0.37161216,34.19856,0.30429655172413794,0.17370736738192366,28.526896551724136
Boreas-Elysium,134,53.9,0.263,ok,125521.283,Boreas,Elysium,0,low,0.06916900000000001,14.1757,0.2900737913486005,0.165054059944648,59.068346055979646
Boreas-Dawn,99,69.3,0.3431,ok,107171.085,Boreas,Dawn,0,low,0.11771761000000001,23.77683,0.2929547120418848,0.16733925578385606,58.52005235602094
Boreas-Dawn,238,13.4,0.0662,ok,68980.451,Boreas,Dawn,0,very_low,0.00438244,0.88708,0.2929547120418848,0.16733925578385606,58.52005235602094
Elysium-Fenix,194,26.5,0.174,ok,183631.71,Elysium,Fenix,0,very_low,0.030275999999999997,4.611,0.2866814016172507,0.16585315339481224,43.56679245283019
Elysium-Fenix,415,16.3,0.1072,ok,166801.305,Elysium,Fenix,0,very_low,0.011491840000000001,1.74736,0.2866814016172507,0.16585315339481224,43.56679245283019
Elysium-Fenix,437,36.3,0.2391,ok,204610.383,Elysium,Fenix,0,low,0.05716881,8.67933,0.2866814016172507,0.16585315339481224,43.56679245283019
Caelum-Elysium,294,27.2,0.3279,ok,186535.95,Caelum,Elysium,0,low,0.10751841000000002,8.91888,0.29901641025641024,0.16467290094562215,25.344512820512822
Dawn-Fenix,375,43.0,0.2742,ok,93309.614,Dawn,Fenix,0,low,0.07518564,11.7906,0.3041873417721519,0.1724694243240588,47.598683544303796
Dawn-Fenix,110,77.3,0.4922,ok,171898.689,Dawn,Fenix,0,medium,0.24226084000000003,38.04706,0.3041873417721519,0.1724694243240588,47.598683544303796
Boreas-Fenix,314,46.5,0.2754,ok,176698.223,Boreas,Fenix,0,low,0.07584516,12.806099999999999,0.3080685421994885,0.17007740427160456,51.75457800511509
Caelum-Dawn,197,54.2,0.5889,ok,395155.891,Caelum,Dawn,0,medium,0.34680321,31.91838,0.30429655172413794,0.17370736738192366,28.526896551724136
Boreas-Dawn,169,80.03999999999999,0.5684,ok,221789.459,Boreas,Dawn,0,medium,0.32307856,45.494735999999996,0.2929547120418848,0.16733925578385606,58.52005235602094
Boreas-Fenix,351,88.1,0.5215,ok,656549.799,Boreas,Fenix,0,medium,0.27196224999999996,45.94414999999999,0.3080685421994885,0.17007740427160456,51.75457800511509
Boreas-Fenix,244,2.5,0.0147,ok,134718.956,Boreas,Fenix,0,very_low,0.00021609,0.03675,0.3080685421994885,0.17007740427160456,51.75457800511509
Caelum-Dawn,298,40.8,0.4434,ok,230498.018,Caelum,Dawn,0,medium,0.19660356,18.09072,0.30429655172413794,0.17370736738192366,28.526896551724136
Caelum-Dawn,465,17.6,0.1911,ok,127535.801,Caelum,Dawn,0,very_low,0.036519209999999996,3.36336,0.30429655172413794,0.17370736738192366,28.526896551724136
Boreas-Dawn,301,81.9,0.4055,ok,125495.338,Boreas,Dawn,0,medium,0.16443025000000003,33.21045,0.2929547120418848,0.16733925578385606,58.52005235602094
Elysium-Fenix,11,34.2,0.2251,ok,195074.336,Elysium,Fenix,0,low,0.050670009999999994,7.6984200000000005,0.2866814016172507,0.16585315339481224,43.56679245283019
Aegis-Elysium,109,105.1,0.5205,ok,421141.13,Aegis,Elysium,0,medium,0.27092025,54.70454999999999,0.3029021390374331,0.16678734255381286,60.362834224598934
Dawn-Elysium,347,8.7,0.1264,ok,108557.333,Dawn,Elysium,0,very_low,0.015976960000000002,1.09968,0.29596,0.16907179960732635,20.87232
Caelum-Dawn,388,24.4,0.2658,ok,143553.95,Caelum,Dawn,0,low,0.07064963999999999,6.485519999999999,0.30429655172413794,0.17370736738192366,28.526896551724136
Boreas-Dawn,255,102.9,0.5092,ok,178024.571,Boreas,Dawn,0,medium,0.25928464,52.39668,0.2929547120418848,0.16733925578385606,58.52005235602094
Boreas-Dawn,339,63.3,0.3132,ok,99129.091,Boreas,Dawn,0,low,0.09809423999999999,19.82556,0.2929547120418848,0.16733925578385606,58.52005235602094
Caelum-Fenix,381,9.0,0.0709,ok,114295.813,Caelum,Fenix,0,very_low,0.0050268100000000005,0.6381,0.2979977329974811,0.16907325550533112,38.04100755667506
Dawn-Fenix,343,69.5,0.4426,ok,145952.239,Dawn,Fenix,0,medium,0.19589476,30.7607,0.3041873417721519,0.1724694243240588,47.598683544303796
Aegis-Dawn,86,54.8,0.5592,ok,367936.999,Aegis,Dawn,0,medium,0.31270464000000003,30.64416,0.3143477922077922,0.16558189329464748,31.258909090909093
Boreas-Fenix,417,76.0,0.45,ok,282152.862,Boreas,Fenix,0,medium,0.2025,34.2,0.3080685421994885,0.17007740427160456,51.75457800511509
Aegis-Dawn,402,24.1,0.2457,ok,146439.122,Aegis,Dawn,0,low,0.060368490000000004,5.9213700000000005,0.3143477922077922,0.16558189329464748,31.258909090909093
Boreas-Dawn,54,70.9,0.3508,ok,108073.063,Boreas,Dawn,0,low,0.12306064,24.871720000000003,0.2929547120418848,0.16733925578385606,58.52005235602094
Dawn-Fenix,362,52.1,0.3318,ok,103426.932,Dawn,Fenix,0,low,0.11009123999999999,17.28678,0.3041873417721519,0.1724694243240588,47.598683544303796
Aegis-Boreas,213,121.5,0.5843,ok,206965.332,Aegis,Boreas,0,medium,0.34140649000000006,70.99245,0.2911771978021978,0.16781519450328578,59.97527472527472
Dawn-Elysium,193,14.8,0.215,ok,120599.66,Dawn,Elysium,0,low,0.046224999999999995,3.182,0.29596,0.16907179960732635,20.87232
Aegis-Dawn,409,23.9,0.2444,ok,145997.935,Aegis,Dawn,0,low,0.059731360000000004,5.8411599999999995,0.3143477922077922,0.16558189329464748,31.258909090909093
Dawn-Elysium,198,40.7,0.5904,ok,359294.202,Dawn,Elysium,0,medium,0.34857216,24.029280000000004,0.29596,0.16907179960732635,20.87232
Aegis-Dawn,23,28.6,0.2917,ok,161923.628,Aegis,Dawn,0,low,0.08508889000000001,8.34262,0.3143477922077922,0.16558189329464748,31.258909090909093
Aegis-Elysium,75,81.3,0.4022,ok,276416.407,Aegis,Elysium,0,medium,0.16176484,32.698859999999996,0.3029021390374331,0.16678734255381286,60.362834224598934
Caelum-Fenix,16,31.9,0.251,ok,138346.207,Caelum,Fenix,0,low,0.063001,8.0069,0.2979977329974811,0.16907325550533112,38.04100755667506
Boreas-Fenix,311,50.6,0.2994,ok,184363.559,Boreas,Fenix,0,low,0.08964036,15.14964,0.3080685421994885,0.17007740427160456,51.75457800511509
Elysium-Fenix,328,54.1,0.3558,ok,259948.772,Elysium,Fenix,0,low,0.12659364,19.24878,0.2866814016172507,0.16585315339481224,43.56679245283019
Dawn-Fenix,282,13.8,0.088,ok,74119.991,Dawn,Fenix,0,very_low,0.007743999999999999,1.2144,0.3041873417721519,0.1724694243240588,47.598683544303796
Boreas-Dawn,142,58.9,0.2915,ok,91993.715,Boreas,Dawn,0,low,0.08497224999999999,17.169349999999998,0.2929547120418848,0.16733925578385606,58.52005235602094
Boreas-Fenix,399,82.3,0.4868,ok,320346.085,Boreas,Fenix,0,medium,0.23697424,40.06364,0.3080685421994885,0.17007740427160456,51.75457800511509
Boreas-Fenix,353,91.3,0.5404,ok,393049.512,Boreas,Fenix,0,medium,0.29203216,49.338519999999995,0.3080685421994885,0.17007740427160456,51.75457800511509
Aegis-Dawn,337,30.1,0.3069,ok,164074.731,Aegis,Dawn,0,low,0.09418761,9.23769,0.3143477922077922,0.16558189329464748,31.258909090909093
Caelum-Elysium,313,47.2,0.5686,ok,410654.324,Caelum,Elysium,0,medium,0.32330596,26.83792,0.29901641025641024,0.16467290094562215,25.344512820512822
Boreas-Fenix,68,111.1,0.6573,ok,642017.748,Boreas,Fenix,0,high,0.43204328999999997,73.02602999999999,0.3080685421994885,0.17007740427160456,51.75457800511509
Dawn-Elysium,306,6.5,0.0939,ok,105535.804,Dawn,Elysium,0,very_low,0.008817209999999999,0.61035,0.29596,0.16907179960732635,20.87232
Caelum-Dawn,244,10.5,0.1142,ok,119416.212,Caelum,Dawn,0,very_low,0.013041639999999998,1.1991,0.30429655172413794,0.17370736738192366,28.526896551724136
Dawn-Fenix,93,85.3,0.5436,ok,206216.684,Dawn,Fenix,0,medium,0.29550096,46.36908,0.3041873417721519,0.1724694243240588,47.598683544303796
Aegis-Boreas,207,15.6,0.0752,ok,61063.165,Aegis,Boreas,0,very_low,0.00565504,1.17312,0.2911771978021978,0.16781519450328578,59.97527472527472
Caelum-Dawn,239,19.1,0.2073,ok,132272.693,Caelum,Dawn,0,low,0.042973290000000004,3.9594300000000007,0.30429655172413794,0.17370736738192366,28.526896551724136
Boreas-Elysium,388,39.2,0.1914,ok,109349.756,Boreas,Elysium,0,very_low,0.03663395999999999,7.50288,0.2900737913486005,0.165054059944648,59.068346055979646
Caelum-Elysium,224,32.2,0.3883,ok,221888.969,Caelum,Elysium,0,low,0.15077689,12.503260000000001,0.29901641025641024,0.16467290094562215,25.344512820512822
Dawn-Elysium,178,5.9,0.0851,ok,105462.589,Dawn,Elysium,0,very_low,0.007242009999999999,0.50209,0.29596,0.16907179960732635,20.87232
Dawn-Elysium,222,40.3,0.5841,ok,350411.67,Dawn,Elysium,0,medium,0.34117280999999994,23.539229999999996,0.29596,0.16907179960732635,20.87232
Aegis-Boreas,405,93.5,0.4497,ok,125618.054,Aegis,Boreas,0,medium,0.20223009,42.046949999999995,0.2911771978021978,0.16781519450328578,59.97527472527472
Elysium-Fenix,367,67.0,0.4406,ok,333090.297,Elysium,Fenix,0,medium,0.19412836,29.5202,0.2866814016172507,0.16585315339481224,43.56679245283019
Dawn-Fenix,489,35.1,0.2234,ok,82751.174,Dawn,Fenix,0,low,0.04990756,7.84134,0.3041873417721519,0.1724694243240588,47.598683544303796
Boreas-Dawn,65,39.4,0.195,ok,159948.519,Boreas,Dawn,0,very_low,0.038025,7.683,0.2929547120418848,0.16733925578385606,58.52005235602094
Boreas-Fenix,316,13.0,0.0766,ok,136357.031,Boreas,Fenix,0,very_low,0.00586756,0.9958,0.3080685421994885,0.17007740427160456,51.75457800511509
Boreas-Elysium,123,116.7,0.5691,ok,311848.425,Boreas,Elysium,0,medium,0.32387481000000007,66.41397,0.2900737913486005,0.165054059944648,59.068346055979646
Dawn-Fenix,479,15.0,0.0952,ok,74688.72,Dawn,Fenix,0,very_low,0.009063040000000001,1.4280000000000002,0.3041873417721519,0.1724694243240588,47.598683544303796
Elysium-Fenix,207,95.9,0.6312,ok,695133.485,Elysium,Fenix,0,high,0.39841343999999995,60.53208,0.2866814016172507,0.16585315339481224,43.56679245283019
Boreas-Fenix,186,70.1,0.4145,ok,251535.161,Boreas,Fenix,0,medium,0.17181024999999997,29.056449999999995,0.3080685421994885,0.17007740427160456,51.75457800511509
Aegis-Boreas,67,46.7,0.2247,ok,69672.557,Aegis,Boreas,0,low,0.05049009000000001,10.493490000000001,0.2911771978021978,0.16781519450328578,59.97527472527472
Caelum-Fenix,61,27.1,0.2136,ok,131807.16,Caelum,Fenix,0,low,0.045624960000000006,5.78856,0.2979977329974811,0.16907325550533112,38.04100755667506
Boreas-Elysium,159,36.1,0.176,ok,111294.06,Boreas,Elysium,0,very_low,0.030975999999999997,6.3536,0.2900737913486005,0.165054059944648,59.068346055979646
Elysium-Fenix,8,48.5,0.3189,ok,233252.257,Elysium,Fenix,0,low,0.10169721000000001,15.466650000000001,0.2866814016172507,0.16585315339481224,43.56679245283019
Aegis-Dawn,12,35.9,0.3665,ok,194507.084,Aegis,Dawn,0,low,0.13432225,13.15735,0.3143477922077922,0.16558189329464748,31.258909090909093
Aegis-Boreas,392,65.6,0.3155,ok,84673.535,Aegis,Boreas,0,low,0.09954025,20.6968,0.2911771978021978,0.16781519450328578,59.97527472527472
Dawn-Fenix,76,21.8,0.1387,ok,74889.32,Dawn,Fenix,0,very_low,0.019237689999999998,3.02366,0.3041873417721519,0.1724694243240588,47.598683544303796
Caelum-Fenix,176,39.7,0.3127,ok,156996.442,Caelum,Fenix,0,low,0.09778128999999999,12.41419,0.2979977329974811,0.16907325550533112,38.04100755667506
Dawn-Fenix,106,68.8,0.4382,ok,141095.272,Dawn,Fenix,0,medium,0.19201923999999998,30.148159999999997,0.3041873417721519,0.1724694243240588,47.598683544303796
Aegis-Elysium,127,51.0,0.2526,ok,193032.721,Aegis,Elysium,0,low,0.06380675999999999,12.8826,0.3029021390374331,0.16678734255381286,60.362834224598934
Aegis-Dawn,417,41.1,0.4195,ok,226825.828,Aegis,Dawn,0,medium,0.17598024999999998,17.24145,0.3143477922077922,0.16558189329464748,31.258909090909093
Aegis-Boreas,347,24.3,0.1167,ok,62216.257,Aegis,Boreas,0,very_low,0.01361889,2.83581,0.2911771978021978,0.16781519450328578,59.97527472527472
Aegis-Elysium,63,34.4,0.1704,ok,169954.763,Aegis,Elysium,0,very_low,0.02903616,5.861759999999999,0.3029021390374331,0.16678734255381286,60.362834224598934
Aegis-Elysium,338,4.7,0.0233,ok,153805.479,Aegis,Elysium,0,very_low,0.0005428900000000001,0.10951000000000001,0.3029021390374331,0.16678734255381286,60.362834224598934
Caelum-Elysium,474,36.5,0.4403,ok,258972.039,Caelum,Elysium,0,medium,0.19386409000000002,16.07095,0.29901641025641024,0.16467290094562215,25.344512820512822
Dawn-Elysium,259,30.7,0.4444,ok,204966.693,Dawn,Elysium,0,medium,0.19749136,13.64308,0.29596,0.16907179960732635,20.87232
Caelum-Dawn,494,5.1,0.0551,ok,112490.877,Caelum,Dawn,0,very_low,0.0030360100000000004,0.28101,0.30429655172413794,0.17370736738192366,28.526896551724136
Dawn-Fenix,130,27.9,0.1779,ok,77883.254,Dawn,Fenix,0,very_low,0.03164841,4.96341,0.3041873417721519,0.1724694243240588,47.598683544303796
Aegis-Elysium,41,62.0,0.3068,ok,216162.201,Aegis,Elysium,0,low,0.09412624000000001,19.0216,0.3029021390374331,0.16678734255381286,60.362834224598934
Boreas-Elysium,75,37.5,0.1827,ok,109695.994,Boreas,Elysium,0,very_low,0.03337929,6.85125,0.2900737913486005,0.165054059944648,59.068346055979646
Caelum-Fenix,493,27.5,0.2167,ok,132732.547,Caelum,Fenix,0,low,0.04695889,5.95925,0.2979977329974811,0.16907325550533112,38.04100755667506
Aegis-Boreas,168,48.3,0.2321,ok,72426.478,Aegis,Boreas,0,low,0.05387041,11.210429999999999,0.2911771978021978,0.16781519450328578,59.97527472527472
Dawn-Fenix,14,89.7,0.5713,ok,230380.035,Dawn,Fenix,0,medium,0.32638369000000006,51.245610000000006,0.3041873417721519,0.1724694243240588,47.598683544303796
Boreas-Dawn,70,12.0,0.0593,ok,69358.068,Boreas,Dawn,0,very_low,0.0035164899999999997,0.7116,0.2929547120418848,0.16733925578385606,58.52005235602094
Caelum-Fenix,19,6.5,0.0511,ok,112680.598,Caelum,Fenix,0,very_low,0.00261121,0.33215,0.2979977329974811,0.16907325550533112,38.04100755667506
Dawn-Fenix,455,52.0,0.3309,ok,103488.977,Dawn,Fenix,0,low,0.10949481000000001,17.2068,0.3041873417721519,0.1724694243240588,47.598683544303796
Boreas-Fenix,232,39.9,0.2363,ok,163553.879,Boreas,Fenix,0,low,0.05583769,9.42837,0.3080685421994885,0.17007740427160456,51.75457800511509
Caelum-Elysium,117,38.1,0.4585,ok,276119.468,Caelum,Elysium,0,medium,0.21022225000000003,17.46885,0.29901641025641024,0.16467290094562215,25.344512820512822
Aegis-Elysium,68,54.2,0.2681,ok,199724.321,Aegis,Elysium,0,low,0.07187761000000001,14.531020000000002,0.3029021390374331,0.16678734255381286,60.362834224598934
Caelum-Dawn,210,37.62,0.2154,ok,133151.178,Caelum,Dawn,0,low,0.04639716000000001,8.103348,0.30429655172413794,0.17370736738192366,28.526896551724136
Caelum-Fenix,124,36.36,0.2282,ok,136608.884,Caelum,Fenix,0,low,0.052075239999999995,8.297352,0.2979977329974811,0.16907325550533112,38.04100755667506
Boreas-Dawn,157,47.3,0.2341,ok,81544.84,Boreas,Dawn,0,low,0.05480281,11.07293,0.2929547120418848,0.16733925578385606,58.52005235602094
Boreas-Elysium,49,34.3,0.1673,ok,107037.146,Boreas,Elysium,0,very_low,0.02798929,5.73839,0.2900737913486005,0.165054059944648,59.068346055979646
Caelum-Dawn,293,17.5,0.1903,ok,122198.944,Caelum,Dawn,0,very_low,0.03621409,3.33025,0.30429655172413794,0.17370736738192366,28.526896551724136
Aegis-Boreas,36,47.8,0.2299,ok,72909.697,Aegis,Boreas,0,low,0.05285401,10.98922,0.2911771978021978,0.16781519450328578,59.97527472527472
Caelum-Fenix,197,57.3,0.451,ok,239179.139,Caelum,Fenix,0,medium,0.203401,25.842299999999998,0.2979977329974811,0.16907325550533112,38.04100755667506
Aegis-Dawn,307,19.8,0.2022,ok,136066.68,Aegis,Dawn,0,low,0.04088484,4.00356,0.3143477922077922,0.16558189329464748,31.258909090909093
Boreas-Fenix,173,18.6,0.11,ok,144439.021,Boreas,Fenix,0,very_low,0.0121,2.0460000000000003,0.3080685421994885,0.17007740427160456,51.75457800511509
Boreas-Dawn,48,83.3,0.4124,ok,124207.382,Boreas,Dawn,0,medium,0.17007376,34.35292,0.2929547120418848,0.16733925578385606,58.52005235602094
Elysium-Fenix,232,69.3,0.4558,ok,350791.971,Elysium,Fenix,0,medium,0.20775364,31.58694,0.2866814016172507,0.16585315339481224,43.56679245283019
Aegis-Elysium,429,14.580000000000002,0.0964,ok,154430.426,Aegis,Elysium,0,very_low,0.00929296,1.405512,0.3029021390374331,0.16678734255381286,60.362834224598934
Boreas-Fenix,231,29.0,0.1717,ok,151494.048,Boreas,Fenix,0,very_low,0.029480889999999996,4.979299999999999,0.3080685421994885,0.17007740427160456,51.75457800511509
Boreas-Fenix,453,27.6,0.1631,ok,146731.302,Boreas,Fenix,0,very_low,0.026601609999999998,4.5015600000000004,0.3080685421994885,0.17007740427160456,51.75457800511509
Boreas-Elysium,137,26.7,0.1304,ok,104452.263,Boreas,Elysium,0,very_low,0.017004159999999997,3.4816799999999994,0.2900737913486005,0.165054059944648,59.068346055979646
Aegis-Boreas,249,89.1,0.4284,ok,118330.967,Aegis,Boreas,0,medium,0.18352656,38.17044,0.2911771978021978,0.16781519450328578,59.97527472527472
Boreas-Elysium,158,8.4,0.0408,ok,95293.194,Boreas,Elysium,0,very_low,0.0016646400000000002,0.34272,0.2900737913486005,0.165054059944648,59.068346055979646
Boreas-Elysium,477,111.7,0.5451,ok,286644.617,Boreas,Elysium,0,medium,0.29713401,60.88767000000001,0.2900737913486005,0.165054059944648,59.068346055979646
Aegis-Dawn,124,43.7,0.4462,ok,246219.828,Aegis,Dawn,0,medium,0.19909443999999998,19.49894,0.3143477922077922,0.16558189329464748,31.258909090909093
Boreas-Fenix,49,96.8,0.5725,ok,443522.645,Boreas,Fenix,0,medium,0.32775625,55.418,0.3080685421994885,0.17007740427160456,51.75457800511509
Elysium-Fenix,135,34.7,0.2285,ok,191587.545,Elysium,Fenix,0,low,0.05221225,7.928950000000001,0.2866814016172507,0.16585315339481224,43.56679245283019
Caelum-Dawn,18,25.3,0.2753,ok,145625.701,Caelum,Dawn,0,low,0.07579008999999999,6.96509,0.30429655172413794,0.17370736738192366,28.526896551724136
Aegis-Dawn,173,13.9,0.1418,ok,124269.457,Aegis,Dawn,0,very_low,0.020107240000000002,1.9710200000000002,0.3143477922077922,0.16558189329464748,31.258909090909093
Caelum-Fenix,68,23.3,0.1835,ok,126258.447,Caelum,Fenix,0,very_low,0.03367225,4.27555,0.2979977329974811,0.16907325550533112,38.04100755667506
Caelum-Elysium,219,8.7,0.1043,ok,133332.664,Caelum,Elysium,0,very_low,0.010878490000000001,0.9074099999999999,0.29901641025641024,0.16467290094562215,25.344512820512822
Caelum-Dawn,347,20.4,0.2214,ok,131790.419,Caelum,Dawn,0,low,0.049017960000000006,4.51656,0.30429655172413794,0.17370736738192366,28.526896551724136
Boreas-Dawn,98,65.5,0.3242,ok,101696.246,Boreas,Dawn,0,low,0.10510563999999999,21.2351,0.2929547120418848,0.16733925578385606,58.52005235602094
Aegis-Elysium,329,78.2,0.3872,ok,270735.26,Aegis,Elysium,0,low,0.14992384,30.279040000000002,0.3029021390374331,0.16678734255381286,60.362834224598934
Boreas-Dawn,490,61.8,0.3058,ok,96242.774,Boreas,Dawn,0,low,0.09351364000000001,18.89844,0.2929547120418848,0.16733925578385606,58.52005235602094
Dawn-Elysium,371,25.9,0.376,ok,173056.113,Dawn,Elysium,0,low,0.141376,9.738399999999999,0.29596,0.16907179960732635,20.87232
Caelum-Dawn,142,55.7,0.6058,ok,422150.453,Caelum,Dawn,0,high,0.36699364,33.74306,0.30429655172413794,0.17370736738192366,28.526896551724136
Boreas-Fenix,356,24.7,0.1464,ok,148321.324,Boreas,Fenix,0,very_low,0.02143296,3.6160799999999997,0.3080685421994885,0.17007740427160456,51.75457800511509
Aegis-Boreas,196,11.0,0.0529,ok,60195.11,Aegis,Boreas,0,very_low,0.0027984100000000003,0.5819000000000001,0.2911771978021978,0.16781519450328578,59.97527472527472
Boreas-Dawn,392,126.2,0.6249,ok,284544.27,Boreas,Dawn,0,high,0.39050001,78.86238,0.2929547120418848,0.16733925578385606,58.52005235602094
Aegis-Elysium,21,113.6,0.5623,ok,484494.802,Aegis,Elysium,0,medium,0.31618129,63.87728,0.3029021390374331,0.16678734255381286,60.362834224598934
Boreas-Fenix,371,33.9,0.2005,ok,154007.818,Boreas,Fenix,0,low,0.04020025000000001,6.79695,0.3080685421994885,0.17007740427160456,51.75457800511509
Boreas-Elysium,143,114.8,0.56,ok,308123.072,Boreas,Elysium,0,medium,0.31360000000000005,64.28800000000001,0.2900737913486005,0.165054059944648,59.068346055979646
Boreas-Fenix,176,83.1,0.4919,ok,324795.029,Boreas,Fenix,0,medium,0.24196561,40.876889999999996,0.3080685421994885,0.17007740427160456,51.75457800511509
Aegis-Elysium,133,71.6,0.3544,ok,237683.76,Aegis,Elysium,0,low,0.12559936,25.37504,0.3029021390374331,0.16678734255381286,60.362834224598934
Aegis-Boreas,494,30.360000000000003,0.2648,ok,76104.676,Aegis,Boreas,0,low,0.07011904,8.039328,0.2911771978021978,0.16781519450328578,59.97527472527472
Caelum-Dawn,35,14.2,0.1543,ok,120321.248,Caelum,Dawn,0,very_low,0.023808489999999998,2.19106,0.30429655172413794,0.17370736738192366,28.526896551724136
Dawn-Fenix,60,84.7,0.5392,ok,205096.508,Dawn,Fenix,0,medium,0.29073664,45.67024,0.3041873417721519,0.1724694243240588,47.598683544303796
Caelum-Fenix,302,31.8,0.2502,ok,138952.013,Caelum,Fenix,0,low,0.06260004,7.956359999999999,0.2979977329974811,0.16907325550533112,38.04100755667506
Caelum-Elysium,39,13.8,0.1657,ok,140501.607,Caelum,Elysium,0,very_low,0.027456489999999997,2.28666,0.29901641025641024,0.16467290094562215,25.344512820512822
Dawn-Elysium,263,27.24,0.182,ok,112684.412,Dawn,Elysium,0,very_low,0.033124,4.95768,0.29596,0.16907179960732635,20.87232
Aegis-Elysium,242,82.1,0.4065,ok,282245.993,Aegis,Elysium,0,medium,0.16524224999999998,33.37365,0.3029021390374331,0.16678734255381286,60.362834224598934
Dawn-Fenix,276,15.9,0.1012,ok,73272.199,Dawn,Fenix,0,very_low,0.01024144,1.60908,0.3041873417721519,0.1724694243240588,47.598683544303796
Elysium-Fenix,45,20.6,0.1354,ok,167124.888,Elysium,Fenix,0,very_low,0.018333159999999998,2.78924,0.2866814016172507,0.16585315339481224,43.56679245283019
Boreas-Fenix,47,46.4,0.2747,ok,177981.721,Boreas,Fenix,0,low,0.07546009,12.74608,0.3080685421994885,0.17007740427160456,51.75457800511509
Elysium-Fenix,360,43.0,0.283,ok,217545.744,Elysium,Fenix,0,low,0.08008899999999998,12.168999999999999,0.2866814016172507,0.16585315339481224,43.56679245283019
Boreas-Fenix,5,55.9,0.3309,ok,195424.538,Boreas,Fenix,0,low,0.10949481000000001,18.497310000000002,0.3080685421994885,0.17007740427160456,51.75457800511509
Aegis-Dawn,301,42.9,0.4375,ok,238082.908,Aegis,Dawn,0,medium,0.19140625,18.76875,0.3143477922077922,0.16558189329464748,31.258909090909093
Boreas-Dawn,263,62.0,0.3072,ok,97778.2,Boreas,Dawn,0,low,0.09437183999999998,19.0464,0.2929547120418848,0.16733925578385606,58.52005235602094
Aegis-Boreas,135,53.1,0.2552,ok,75571.405,Aegis,Boreas,0,low,0.06512704,13.55112,0.2911771978021978,0.16781519450328578,59.97527472527472
Caelum-Dawn,51,24.2,0.2626,ok,142781.503,Caelum,Dawn,0,low,0.06895876,6.35492,0.30429655172413794,0.17370736738192366,28.526896551724136
Caelum-Dawn,313,56.7,0.6164,ok,442555.238,Caelum,Dawn,0,high,0.37994895999999995,34.94988,0.30429655172413794,0.17370736738192366,28.526896551724136
Caelum-Elysium,100,27.4,0.3298,ok,187122.932,Caelum,Elysium,0,low,0.10876803999999998,9.03652,0.29901641025641024,0.16467290094562215,25.344512820512822
Elysium-Fenix,325,35.3,0.2323,ok,199762.904,Elysium,Fenix,0,low,0.053963290000000004,8.20019,0.2866814016172507,0.16585315339481224,43.56679245283019
Dawn-Elysium,126,24.6,0.3563,ok,163787.009,Dawn,Elysium,0,low,0.12694969,8.764980000000001,0.29596,0.16907179960732635,20.87232
Elysium-Fenix,72,91.2,0.5998,ok,607092.455,Elysium,Fenix,0,medium,0.35976004,54.70176,0.2866814016172507,0.16585315339481224,43.56679245283019
Aegis-Boreas,486,43.8,0.2107,ok,69580.491,Aegis,Boreas,0,low,0.04439449,9.22866,0.2911771978021978,0.16781519450328578,59.97527472527472
Elysium-Fenix,491,37.9,0.2494,ok,207065.741,Elysium,Fenix,0,low,0.06220036,9.45226,0.2866814016172507,0.16585315339481224,43.56679245283019
Caelum-Dawn,232,22.9,0.2489,ok,136376.683,Caelum,Dawn,0,low,0.06195121000000001,5.69981,0.30429655172413794,0.17370736738192366,28.526896551724136
Caelum-Elysium,447,15.9,0.191,ok,143258.441,Caelum,Elysium,0,very_low,0.036481,3.0369,0.29901641025641024,0.16467290094562215,25.344512820512822
Dawn-Fenix,420,23.2,0.1476,ok,77864.308,Dawn,Fenix,0,very_low,0.02178576,3.4243200000000003,0.3041873417721519,0.1724694243240588,47.598683544303796
Dawn-Fenix,456,32.2,0.2054,ok,83898.24,Dawn,Fenix,0,low,0.042189159999999996,6.613880000000001,0.3041873417721519,0.1724694243240588,47.598683544303796
Elysium-Fenix,132,5.1,0.0332,ok,165434.389,Elysium,Fenix,0,very_low,0.00110224,0.16932,0.2866814016172507,0.16585315339481224,43.56679245283019
Aegis-Dawn,399,15.46,0.112,ok,123126.865,Aegis,Dawn,0,very_low,0.012544000000000001,1.7315200000000002,0.3143477922077922,0.16558189329464748,31.258909090909093
