link_id,tick,load_units,load_ratio,status,observed_latency_ms
Aegis-Boreas,63,122.7,0.5899,ok,211459.656
Boreas-Elysium,170,34.2,0.167,ok,107111.234
Caelum-Fenix,13,69.9,0.5501,ok,338329.863
Boreas-Elysium,361,45.2,0.2203,ok,118838.19
Caelum-Fenix,215,3.6,0.0287,ok,110740.49
Aegis-Elysium,234,28.6,0.1415,ok,162258.729
Caelum-Dawn,386,33.5,0.3644,ok,178266.236
Dawn-Fenix,430,48.7,0.3101,ok,98223.523
Dawn-Elysium,307,3.9,0.0559,ok,104215.716
Dawn-Fenix,18,33.5,0.2133,ok,84554.8
Dawn-Elysium,213,21.9,0.3168,ok,146328.182
Boreas-Elysium,492,92.2,0.45,ok,204388.697
Elysium-Fenix,47,80.1,0.5273,ok,457313.209
Aegis-Elysium,290,41.84,0.2494,ok,189585.55
Aegis-Dawn,262,17.4,0.1778,ok,136140.948
Caelum-Elysium,40,17.2,0.2076,ok,146395.613
Dawn-Elysium,49,12.9,0.1866,ok,115857.108
Dawn-Fenix,90,41.9,0.267,ok,91410.564
Dawn-Fenix,423,75.5,0.4808,ok,168095.745
Boreas-Elysium,193,72.3,0.3529,ok,147745.893
Aegis-Dawn,48,38.1,0.389,ok,203224.045
Caelum-Fenix,207,22.8,0.1799,ok,123472.701
Dawn-Fenix,350,43.0,0.274,ok,93454.167
Boreas-Fenix,166,29.8,0.1763,ok,146445.792
Caelum-Dawn,29,44.3,0.4815,ok,261927.61
Boreas-Fenix,389,92.1,0.5448,ok,395231.803
Aegis-Dawn,336,29.9,0.3052,ok,166067.585
Aegis-Dawn,394,36.4,0.3711,ok,197277.756
Dawn-Fenix,159,37.5,0.2386,ok,87265.545
Boreas-Elysium,327,70.1,0.3417,ok,149053.453
Boreas-Fenix,136,40.0,0.2367,ok,165891.623
Dawn-Elysium,179,19.6,0.2846,ok,136641.352
Caelum-Fenix,200,45.0,0.3546,ok,172754.344
Aegis-Boreas,227,38.3,0.184,ok,66987.088
Caelum-Elysium,389,35.5,0.4276,ok,248040.789
Aegis-Elysium,170,82.1,0.4063,ok,284529.109
Aegis-Dawn,106,36.7,0.3749,ok,197040.069
Caelum-Dawn,27,3.0,0.0323,ok,117558.036
Aegis-Boreas,45,31.2,0.1498,ok,65352.646
Aegis-Elysium,392,24.0,0.119,ok,159869.38
Aegis-Elysium,428,79.1,0.3916,ok,272470.378
Boreas-Dawn,296,94.1,0.466,ok,152594.126
Dawn-Fenix,251,25.4,0.162,ok,75674.604
Caelum-Elysium,241,9.8,0.1179,ok,134667.423
Aegis-Elysium,122,59.1,0.2925,ok,210462.614
Aegis-Dawn,247,39.0,0.3981,ok,211801.262
Caelum-Fenix,352,23.6,0.186,ok,125956.855
Elysium-Fenix,238,22.9,0.1505,ok,169480.078
Aegis-Dawn,199,58.4,0.5957,ok,429387.357
Caelum-Elysium,237,15.8,0.1903,ok,140119.319
Caelum-Elysium,461,37.5,0.4519,ok,264314.605
Dawn-Elysium,41,35.3,0.5115,ok,265114.211
Boreas-Fenix,265,82.5,0.4884,ok,321941.62
Aegis-Dawn,438,33.3,0.3402,ok,177266.326
Aegis-Boreas,100,37.3,0.1793,ok,66134.542
Caelum-Fenix,157,45.2,0.3558,ok,174195.705
Caelum-Fenix,335,29.5,0.2319,ok,133903.44
Aegis-Dawn,378,18.4,0.1878,ok,134306.168
Boreas-Elysium,335,54.1,0.2639,ok,122739.784
Caelum-Elysium,291,6.8,0.0823,ok,128590.037
Dawn-Elysium,477,33.2,0.481,ok,233896.046
Elysium-Fenix,351,75.1,0.4941,ok,403755.13
Dawn-Fenix,265,5.5,0.0349,ok,71035.415
Caelum-Fenix,193,49.9,0.3933,ok,198293.155
Dawn-Elysium,70,25.4,0.3679,ok,165908.43
Aegis-Boreas,331,15.0,0.072,ok,60825.099
Caelum-Fenix,351,57.9,0.4563,ok,243604.236
Dawn-Fenix,419,23.0,0.1464,ok,76562.145
Caelum-Dawn,17,32.2,0.3498,ok,178795.258
Aegis-Boreas,344,78.8,0.3789,ok,99169.48
Caelum-Dawn,392,40.6,0.4415,ok,229477.574
Dawn-Elysium,164,13.6,0.1974,ok,116673.723
Aegis-Dawn,369,17.1,0.1746,ok,131509.899
Boreas-Elysium,437,27.4,0.1336,ok,100655.639
Dawn-Elysium,77,25.7,0.373,ok,169794.445
Caelum-Fenix,75,70.0,0.5513,ok,338828.897
Caelum-Dawn,175,62.3,0.6766,ok,584043.87
Boreas-Elysium,3,25.1,0.1224,ok,100235.059
Aegis-Dawn,260,36.76,0.2924,ok,162305.763
Aegis-Boreas,299,80.6,0.3875,ok,104122.484
Aegis-Boreas,191,93.6,0.4501,ok,127498.876
Dawn-Elysium,83,31.5,0.4558,ok,214000.973
Boreas-Dawn,457,65.5,0.3241,ok,100526.467
Boreas-Fenix,59,53.1,0.3144,ok,192789.506
Aegis-Dawn,54,34.660000000000004,0.2912,ok,164925.373
Boreas-Fenix,212,25.8,0.1525,ok,140902.497
Caelum-Dawn,5,35.9,0.3906,ok,194781.809
Boreas-Dawn,389,133.3,0.66,ok,334484.593
Caelum-Dawn,34,19.4,0.2114,ok,132846.798
Aegis-Dawn,184,37.8,0.3854,ok,203687.383
Elysium-Fenix,38,25.8,0.1698,ok,181829.078
Boreas-Elysium,404,22.2,0.1082,ok,102717.096
Boreas-Elysium,385,138.8,0.6768,ok,508988.17
Boreas-Elysium,491,85.0,0.4145,ok,183687.539
Aegis-Dawn,439,33.5,0.3421,ok,183341.692
Aegis-Boreas,445,46.8,0.225,ok,71555.575
Caelum-Fenix,1,40.0,0.3153,ok,163220.005
Boreas-Dawn,244,74.4,0.3685,ok,113146.66
Dawn-Elysium,297,22.5,0.3268,ok,149160.044
Dawn-Fenix,307,136.7,0.8709,ok,1319532.07
Aegis-Elysium,281,66.1,0.3273,ok,226253.943
Dawn-Elysium,459,38.0,0.5504,ok,303256.34
Dawn-Elysium,266,17.9,0.2597,ok,126711.019
Caelum-Dawn,305,25.6,0.2778,ok,143150.918
Boreas-Dawn,116,46.2,0.2288,ok,83547.421
Caelum-Fenix,85,4.3,0.0336,ok,110717.88
Boreas-Dawn,338,14.9,0.0739,ok,70142.514
Elysium-Fenix,466,1.3,0.0084,ok,164386.141
Caelum-Dawn,249,7.9,0.0859,ok,112366.473
Boreas-Dawn,7,26.9,0.133,ok,74491.68
Caelum-Dawn,389,29.6,0.3218,ok,162551.275
Boreas-Dawn,90,85.5,0.4233,ok,133357.648
Dawn-Fenix,414,71.3,0.4539,ok,149461.826
Caelum-Fenix,262,44.3,0.3487,ok,173209.093
Boreas-Dawn,141,23.4,0.116,ok,72753.161
Boreas-Fenix,77,128.0,0.7575,ok,1086002.936
Boreas-Dawn,367,41.1,0.2033,ok,79813.995
Dawn-Elysium,234,37.1,0.5372,ok,289028.929
Caelum-Fenix,10,50.8,0.4001,ok,202270.14
Caelum-Dawn,49,27.4,0.2973,ok,153505.539
Dawn-Fenix,447,65.6,0.4181,ok,134731.101
Boreas-Dawn,403,40.9,0.2023,ok,80267.011
Aegis-Elysium,181,94.3,0.4669,ok,340622.519
Boreas-Dawn,83,63.2,0.3129,ok,98292.133
Boreas-Dawn,84,13.9,0.069,ok,68266.51
Caelum-Fenix,14,21.8,0.1715,ok,125593.098
Aegis-Boreas,74,103.1,0.4958,ok,148720.462
Boreas-Dawn,165,75.7,0.3747,ok,116034.534
Elysium-Fenix,306,63.1,0.4152,ok,310883.592
Dawn-Elysium,437,43.5,0.6305,ok,427605.799
Boreas-Elysium,153,23.1,0.1126,ok,100564.989
Caelum-Fenix,147,63.9,0.5032,ok,284587.1
Aegis-Dawn,367,43.2,0.4407,ok,240264.199
Dawn-Fenix,239,55.9,0.356,ok,112999.218
Elysium-Fenix,196,11.3,0.0743,ok,164548.368
Caelum-Dawn,211,12.4,0.1348,ok,116386.549
Aegis-Boreas,246,65.1,0.3131,ok,86647.605
Boreas-Elysium,67,28.02,0.1821,ok,108698.124
Boreas-Elysium,86,96.5,0.4709,ok,217055.832
Aegis-Elysium,369,5.1,0.025,ok,154115.44
Boreas-Elysium,395,69.4,0.3386,ok,147008.967
Dawn-Fenix,164,70.0,0.4457,ok,146455.116
Dawn-Elysium,65,14.4,0.2082,ok,117762.069
Aegis-Elysium,47,52.2,0.2583,ok,195373.795
Dawn-Fenix,83,90.4,0.576,ok,234873.784
Elysium-Fenix,112,16.3,0.1069,ok,164792.696
Caelum-Dawn,354,29.9,0.3248,ok,165262.505
Boreas-Dawn,194,73.8,0.3654,ok,112977.543
Aegis-Elysium,0,30.5,0.1508,ok,162739.988
Caelum-Fenix,97,40.6,0.3195,ok,160304.19
Boreas-Fenix,153,63.3,0.3747,ok,226631.158
Boreas-Elysium,12,43.8,0.2139,ok,111023.503
Aegis-Boreas,427,49.1,0.2359,ok,73779.053
Boreas-Elysium,487,53.1,0.259,ok,121341.807
Elysium-Fenix,258,35.6,0.2345,ok,202828.049
Dawn-Fenix,120,19.9,0.1266,ok,72606.009
Aegis-Elysium,387,56.1,0.2778,ok,201794.532
Caelum-Elysium,209,30.7,0.3698,ok,209295.735
Boreas-Dawn,372,59.7,0.2954,ok,92814.227
Aegis-Elysium,81,40.8,0.2019,ok,184583.312
Boreas-Fenix,31,33.1,0.196,ok,154726.433
Dawn-Fenix,7,33.8,0.2152,ok,84558.895
Aegis-Dawn,473,18.7,0.191,ok,132788.974
Elysium-Fenix,82,84.9,0.5588,ok,518342.364
Caelum-Elysium,448,31.5,0.3791,ok,213488.48
Aegis-Dawn,158,16.2,0.165,ok,132970.069
Boreas-Fenix,297,21.2,0.1257,ok,140072.47
Aegis-Dawn,19,57.9,0.5908,ok,421871.201
Boreas-Dawn,354,32.9,0.1628,ok,76242.303
Aegis-Boreas,431,76.0,0.3655,ok,97778.397
Boreas-Fenix,284,22.7,0.1343,ok,141386.065
Caelum-Dawn,144,34.1,0.3703,ok,186730.555
Boreas-Elysium,498,26.9,0.131,ok,99604.962
Boreas-Dawn,188,21.5,0.1064,ok,70973.326
Aegis-Dawn,287,34.9,0.3566,ok,191378.186
Aegis-Elysium,414,44.0,0.2179,ok,185103.257
Aegis-Elysium,88,58.4,0.2891,ok,206887.998
Boreas-Elysium,99,23.5,0.1147,ok,107628.978
Dawn-Fenix,105,111.9,0.7126,ok,447217.88
Boreas-Fenix,471,25.2,0.149,ok,143096.153
Caelum-Fenix,90,38.6,0.3041,ok,155001.825
Aegis-Dawn,120,21.5,0.2193,ok,140581.528
Boreas-Elysium,30,94.3,0.4601,ok,209272.919
Aegis-Elysium,118,36.6,0.1814,ok,172512.519
Dawn-Fenix,244,0.5,0.0033,ok,72270.051
Dawn-Fenix,492,78.9,0.5028,ok,178266.974
Aegis-Dawn,179,39.4,0.4025,ok,217882.885
Dawn-Elysium,123,32.1,0.4648,ok,223526.463
Dawn-Elysium,309,4.8,0.07,ok,104077.74
Boreas-Elysium,199,21.3,0.1037,ok,100044.016
Caelum-Fenix,294,37.3,0.2941,ok,153313.185
Boreas-Dawn,323,137.2,0.679,ok,364609.973
Boreas-Dawn,404,24.1,0.1192,ok,72902.526
Elysium-Fenix,76,53.7,0.3533,ok,254522.939
Elysium-Fenix,446,32.9,0.2161,ok,188829.549
Aegis-Boreas,79,41.1,0.1978,ok,67520.669
Caelum-Elysium,485,30.6,0.3686,ok,211097.185
Caelum-Elysium,284,39.9,0.4813,ok,292246.633
Caelum-Fenix,223,39.6,0.3118,ok,161380.971
Caelum-Elysium,234,29.4,0.3547,ok,198911.165
Caelum-Dawn,290,14.2,0.154,ok,119058.406
Caelum-Fenix,258,11.6,0.0913,ok,114678.445
Caelum-Fenix,427,29.2,0.2299,ok,136386.77
Caelum-Elysium,124,20.9,0.2512,ok,159402.467
Boreas-Elysium,464,135.4,0.6606,ok,471658.954
Aegis-Elysium,56,38.3,0.1898,ok,175762.764
Aegis-Elysium,76,38.4,0.1899,ok,175163.401
Boreas-Elysium,435,51.2,0.2499,ok,120273.178
Aegis-Dawn,364,6.7,0.068,ok,119025.817
Boreas-Fenix,90,17.7,0.1048,ok,141465.303
Dawn-Fenix,237,62.4,0.3973,ok,124920.742
Aegis-Boreas,101,19.1,0.0919,ok,61162.862
Caelum-Dawn,77,14.9,0.1617,ok,123404.403
Dawn-Elysium,99,41.8,0.6054,ok,950011.363
Caelum-Fenix,22,58.2,0.4579,ok,240280.594
Aegis-Elysium,259,158.1,0.7826,ok,1449031.262
Aegis-Dawn,146,37.3,0.3811,ok,201994.401
Aegis-Dawn,89,44.7,0.4565,ok,250899.628
Aegis-Dawn,65,69.3,0.7071,ok,724149.719
Aegis-Elysium,398,21.2,0.105,ok,155914.543
Caelum-Fenix,94,33.3,0.2621,ok,144431.046
Aegis-Boreas,53,62.5,0.3003,ok,83910.682
Dawn-Fenix,46,92.3,0.5878,ok,248472.073
Dawn-Fenix,27,58.5,0.3728,ok,115635.552
Caelum-Elysium,151,28.4,0.342,ok,196239.066
Aegis-Dawn,275,38.4,0.3919,ok,209314.667
Caelum-Fenix,305,36.6,0.2882,ok,151557.375
Dawn-Fenix,98,56.7,0.3611,ok,111902.624
Boreas-Fenix,64,26.1,0.1545,ok,150285.179
Aegis-Boreas,202,108.1,0.5196,ok,158749.179
Boreas-Fenix,18,36.5,0.2159,ok,158409.449
Boreas-Dawn,37,52.4,0.2593,ok,88759.558
Caelum-Elysium,126,20.2,0.243,ok,156843.903
Aegis-Dawn,335,22.7,0.2313,ok,141692.856
Caelum-Fenix,84,87.7,0.6909,ok,625342.95
Aegis-Dawn,145,6.6,0.0676,ok,122186.518
Boreas-Fenix,290,77.4,0.4579,ok,289411.834
Dawn-Fenix,442,71.0,0.4523,ok,149622.89
Caelum-Elysium,335,11.9,0.1433,ok,135671.014
Caelum-Elysium,471,11.2,0.1347,ok,135726.261
Elysium-Fenix,359,24.3,0.16,ok,179575.084
Boreas-Dawn,171,45.6,0.2256,ok,81029.178
Aegis-Dawn,171,28.2,0.2877,ok,156738.279
Boreas-Dawn,262,26.1,0.1291,ok,72697.958
Caelum-Fenix,492,53.4,0.4208,ok,211042.212
Boreas-Elysium,336,33.2,0.1619,ok,108441.739
Caelum-Fenix,463,35.4,0.2785,ok,143288.237
Aegis-Boreas,125,40.5,0.1945,ok,68073.988
Boreas-Fenix,291,34.5,0.2038,ok,157948.557
Caelum-Elysium,276,15.2,0.1837,ok,143089.829
Dawn-Fenix,257,45.7,0.2913,ok,97352.896
Elysium-Fenix,2,19.4,0.1277,ok,171831.66
Caelum-Elysium,203,6.2,0.0752,ok,130732.81
Aegis-Elysium,289,140.8,0.697,ok,888207.473
Boreas-Fenix,142,19.0,0.1124,ok,142511.657
Caelum-Dawn,329,24.5,0.2658,ok,144582.694
Caelum-Elysium,371,8.2,0.099,ok,129025.675
Caelum-Dawn,149,36.9,0.4016,ok,199029.665
Aegis-Boreas,139,42.5,0.2042,ok,67060.116
Caelum-Dawn,345,36.220000000000006,0.2595,ok,144379.272
Boreas-Elysium,478,31.3,0.1526,ok,104789.941
Dawn-Elysium,285,20.7,0.3003,ok,144100.005
Boreas-Elysium,337,83.4,0.4067,ok,179961.106
Dawn-Elysium,231,26.879999999999995,0.214,ok,118556.07
Dawn-Fenix,220,25.2,0.1608,ok,78119.311
Aegis-Dawn,32,22.2,0.2264,ok,143644.262
Aegis-Boreas,65,18.2,0.0873,ok,62177.405
Caelum-Fenix,331,21.1,0.1659,ok,121285.806
Dawn-Fenix,216,45.6,0.2906,ok,96822.467
Elysium-Fenix,471,55.1,0.3625,ok,264667.894
Caelum-Fenix,279,19.1,0.1506,ok,117955.261
Dawn-Elysium,445,30.4,0.4402,ok,205139.02
Caelum-Elysium,36,43.6,0.5251,ok,346967.778
Aegis-Elysium,270,101.7,0.5037,ok,387027.929
Aegis-Boreas,127,60.2,0.2895,ok,80935.019
Boreas-Fenix,32,10.2,0.0604,ok,134150.913
Caelum-Elysium,413,35.8,0.4315,ok,248661.497
Caelum-Dawn,338,43.5,0.473,ok,256392.246
Caelum-Dawn,41,45.0,0.4889,ok,265987.091
Aegis-Elysium,269,93.8,0.4645,ok,338438.443
Aegis-Dawn,91,7.3,0.075,ok,118070.815
Boreas-Fenix,463,39.3,0.2326,ok,163519.122
Aegis-Dawn,70,52.0,0.531,ok,329050.544
Aegis-Dawn,403,18.9,0.1933,ok,133233.621
Elysium-Fenix,125,34.2,0.225,ok,193060.83
Aegis-Elysium,461,69.2,0.3425,ok,238870.279
Caelum-Fenix,278,15.9,0.1251,ok,120308.599
Boreas-Dawn,342,91.1,0.4511,ok,147429.882
Boreas-Dawn,308,45.8,0.2266,ok,83281.277
Caelum-Elysium,56,12.0,0.1447,ok,135954.36
Aegis-Dawn,249,36.1,0.3687,ok,192554.994
Dawn-Fenix,369,56.52,0.5167,ok,186468.0
Boreas-Fenix,259,106.3,0.629,ok,560749.325
Aegis-Dawn,219,16.0,0.163,ok,133141.161
Aegis-Dawn,126,34.3,0.3497,ok,182093.692
Dawn-Elysium,497,5.5,0.0802,ok,102397.379
Caelum-Elysium,68,25.6,0.3085,ok,183174.768
Boreas-Elysium,300,92.4,0.4509,ok,202952.016
Boreas-Dawn,152,65.1,0.3221,ok,100439.367
Boreas-Dawn,362,13.4,0.0666,ok,68808.228
Dawn-Elysium,1,30.6,0.444,ok,213289.592
Aegis-Boreas,327,60.0,0.2885,ok,83990.109
Caelum-Dawn,394,38.4,0.4171,ok,210208.213
Aegis-Boreas,282,68.4,0.3289,ok,88501.25
Dawn-Fenix,155,40.3,0.2564,ok,87417.677
Aegis-Elysium,427,84.4,0.4176,ok,287574.846
Caelum-Elysium,207,27.3,0.3289,ok,186657.617
Dawn-Fenix,496,45.6,0.2903,ok,94863.947
Caelum-Fenix,41,22.9,0.1803,ok,124280.044
Caelum-Fenix,132,14.2,0.112,ok,115070.541
Caelum-Elysium,347,10.0,0.1204,ok,128588.657
Dawn-Elysium,66,29.6,0.4286,ok,200748.663
Aegis-Dawn,487,15.0,0.1535,ok,129283.295
Dawn-Elysium,220,5.0,0.0729,ok,102333.053
Elysium-Fenix,280,83.4,0.5486,ok,490210.776
Aegis-Boreas,303,124.3,0.5975,ok,455081.609
Boreas-Dawn,124,5.4,0.0267,ok,69283.36
Caelum-Dawn,236,33.8,0.2753,ok,144442.29
Aegis-Boreas,306,53.8,0.2586,ok,76695.07
Aegis-Boreas,71,26.5,0.1274,ok,62477.154
Caelum-Fenix,386,85.4,0.6724,ok,573239.619
Aegis-Dawn,265,12.3,0.1251,ok,124338.817
Caelum-Elysium,363,63.1,0.7601,ok,1037901.936
Caelum-Dawn,400,15.4,0.1674,ok,123511.339
Dawn-Elysium,404,38.9,0.5636,ok,322991.98
Boreas-Dawn,334,32.1,0.1589,ok,73187.438
Aegis-Boreas,157,28.4,0.1363,ok,64102.848
Aegis-Dawn,286,22.48,0.1228,ok,122661.024
Dawn-Elysium,363,11.7,0.1691,ok,114847.061
Caelum-Fenix,87,52.6,0.4142,ok,211017.411
Caelum-Elysium,144,30.0,0.3614,ok,205432.712
Elysium-Fenix,251,40.0,0.2635,ok,211731.835
Boreas-Dawn,484,70.3,0.3483,ok,106824.489
Aegis-Boreas,388,57.1,0.2747,ok,79062.886
Dawn-Fenix,95,62.9,0.4009,ok,128916.107
Aegis-Dawn,398,30.0,0.3058,ok,163863.671
Dawn-Elysium,71,16.1,0.2335,ok,126853.749
Dawn-Fenix,119,38.7,0.2462,ok,86735.996
Boreas-Dawn,181,110.1,0.5448,ok,203562.011
Aegis-Boreas,391,148.5,0.714,ok,379820.432
Boreas-Elysium,194,37.0,0.1803,ok,108350.313
Aegis-Elysium,357,46.5,0.2303,ok,186784.578
Boreas-Fenix,419,56.5,0.3342,ok,199687.382
Boreas-Dawn,1,52.2,0.2583,ok,87274.392
Boreas-Fenix,87,39.2,0.2322,ok,161074.982
Caelum-Fenix,110,29.5,0.2324,ok,136435.662
Boreas-Dawn,272,63.2,0.3129,ok,97103.92
Elysium-Fenix,211,23.0,0.1511,ok,171724.537
Dawn-Elysium,82,3.8,0.0553,ok,102045.845
Caelum-Dawn,399,38.4,0.4172,ok,208498.959
Aegis-Dawn,377,58.1,0.5924,ok,421608.68
Caelum-Elysium,415,51.2,0.6171,ok,507149.017
Aegis-Elysium,248,126.8,0.6277,ok,640436.591
Aegis-Boreas,182,86.3,0.4147,ok,114832.988
Boreas-Dawn,297,39.5,0.1954,ok,78984.903
Aegis-Dawn,469,31.6,0.3228,ok,167890.697
Caelum-Dawn,120,37.5,0.4078,ok,205194.928
Aegis-Boreas,47,112.6,0.5412,ok,175808.637
Aegis-Elysium,320,31.9,0.1579,ok,171637.196
Aegis-Elysium,149,112.2,0.5554,ok,473616.45
Caelum-Elysium,434,16.8,0.2018,ok,148732.297
Caelum-Elysium,327,5.5,0.066,ok,128103.07
Caelum-Dawn,103,22.3,0.2426,ok,136173.407
Dawn-Fenix,94,93.9,0.5978,ok,261868.031
Boreas-Fenix,50,112.2,0.6639,ok,665442.305
Aegis-Elysium,77,110.8,0.5485,ok,466652.903
Boreas-Fenix,328,23.9,0.1413,ok,217250.731
Dawn-Elysium,284,23.9,0.3469,ok,153824.041
Boreas-Elysium,427,57.3,0.2793,ok,125563.801
Caelum-Fenix,221,72.7,0.5723,ok,367770.523
Aegis-Boreas,291,61.4,0.2951,ok,84184.321
Boreas-Elysium,400,18.2,0.0889,ok,99322.065
Caelum-Fenix,371,23.2,0.1826,ok,124712.411
Elysium-Fenix,411,108.0,0.7104,ok,1021210.368
Elysium-Fenix,426,21.6,0.1422,ok,178985.97
Boreas-Elysium,246,11.2,0.0546,ok,99160.551
Boreas-Dawn,241,41.4,0.2051,ok,79507.977
Boreas-Elysium,417,85.8,0.4187,ok,188534.008
Dawn-Elysium,486,29.1,0.4224,ok,195408.946
Caelum-Fenix,24,34.0,0.2675,ok,144538.521
Dawn-Fenix,330,51.8,0.33,ok,102819.124
Elysium-Fenix,484,20.6,0.1357,ok,175003.521
Dawn-Elysium,268,30.9,0.4479,ok,209558.663
Boreas-Fenix,3,43.1,0.2548,ok,174078.965
Caelum-Fenix,380,19.1,0.1504,ok,121400.871
Caelum-Dawn,16,21.9,0.2375,ok,135962.555
Boreas-Dawn,222,89.3,0.4419,ok,142666.137
Boreas-Elysium,240,130.8,0.638,ok,424218.647
Elysium-Fenix,117,11.8,0.0778,ok,168761.245
Dawn-Fenix,460,81.17999999999999,0.5353,ok,203962.814
Aegis-Boreas,265,47.0,0.2261,ok,71291.26
Aegis-Dawn,28,17.9,0.1828,ok,390829.915
Elysium-Fenix,235,16.8,0.1105,ok,169253.64
Aegis-Boreas,104,53.4,0.2567,ok,75982.859
Boreas-Fenix,327,42.1,0.249,ok,170246.523
Aegis-Dawn,273,16.8,0.171,ok,129646.698
Boreas-Dawn,399,43.9,0.2172,ok,81221.236
Boreas-Elysium,121,42.0,0.2049,ok,112659.582
Caelum-Elysium,153,9.4,0.1129,ok,132941.238
Caelum-Elysium,213,13.7,0.1649,ok,136931.597
Boreas-Dawn,300,25.119999999999997,0.2132,ok,82596.889
Boreas-Elysium,60,37.2,0.1813,ok,107590.779
Aegis-Elysium,215,117.0,0.5792,ok,521584.691
Caelum-Fenix,364,5.4,0.0428,ok,115457.288
Boreas-Elysium,386,28.4,0.1385,ok,104629.195
Dawn-Elysium,407,18.8,0.273,ok,132545.52
Boreas-Dawn,6,41.0,0.2031,ok,79553.121
Aegis-Boreas,377,18.9,0.0909,ok,19915.379
Boreas-Dawn,245,42.3,0.2097,ok,79319.506
Boreas-Fenix,315,20.5,0.1216,ok,136463.32
Boreas-Fenix,134,46.6,0.2756,ok,178418.463
Dawn-Elysium,142,52.0,0.7539,ok,803909.2
Caelum-Dawn,445,53.0,0.5761,ok,372049.973
Aegis-Dawn,491,30.8,0.3139,ok,167570.413
Caelum-Dawn,252,43.2,0.47,ok,247476.295
Aegis-Boreas,20,36.1,0.1733,ok,64833.58
Aegis-Boreas,237,102.5,0.4929,ok,148112.01
Caelum-Fenix,99,27.4,0.2156,ok,130042.681
Aegis-Dawn,197,14.0,0.1424,ok,126847.961
Aegis-Boreas,226,13.8,0.0666,ok,59569.512
Dawn-Fenix,8,77.4,0.4931,ok,174413.68
Caelum-Elysium,362,37.4,0.4508,ok,267078.314
Boreas-Dawn,459,9.5,0.0471,ok,67781.916
Boreas-Fenix,99,9.1,0.0536,ok,135894.095
Caelum-Fenix,384,19.2,0.1513,ok,121642.108
Aegis-Dawn,109,63.2,0.6453,ok,533759.734
Boreas-Fenix,308,94.8,0.5609,ok,420809.671
Caelum-Elysium,253,10.1,0.122,ok,132794.858
Caelum-Dawn,341,31.6,0.343,ok,172054.203
Caelum-Dawn,36,10.4,0.1128,ok,117174.11
Aegis-Dawn,310,30.3,0.3092,ok,165743.083
Dawn-Fenix,326,15.6,0.0994,ok,74396.686
Aegis-Elysium,65,36.4,0.18,ok,168514.745
Boreas-Elysium,411,104.2,0.5081,ok,249679.384
Caelum-Fenix,191,26.0,0.2047,ok,130831.005
Boreas-Dawn,61,79.4,0.393,ok,124571.309
Boreas-Dawn,281,103.1,0.5106,ok,180821.532
Dawn-Fenix,31,91.1,0.5804,ok,241908.417
Boreas-Fenix,36,81.8,0.4843,ok,318343.814
Dawn-Fenix,133,32.3,0.2055,ok,166589.028
Caelum-Fenix,487,51.6,0.4065,ok,208968.231
Dawn-Fenix,28,68.5,0.4363,ok,144388.977
Aegis-Dawn,38,14.6,0.1493,ok,133033.67
Caelum-Fenix,5,22.8,0.1796,ok,127984.545
Dawn-Elysium,395,14.4,0.208,ok,119385.501
Dawn-Elysium,73,18.1,0.2625,ok,128702.787
Aegis-Boreas,225,91.5,0.44,ok,68235.43
Boreas-Fenix,46,76.7,0.4537,ok,291132.263
Boreas-Dawn,205,61.6,0.3047,ok,96217.451
Aegis-Boreas,371,16.3,0.0782,ok,57537.12
Caelum-Fenix,370,16.8,0.1322,ok,121294.34
Caelum-Dawn,200,52.2,0.5679,ok,363524.14
Caelum-Dawn,161,38.5,0.4189,ok,211556.485
Aegis-Elysium,99,118.3,0.5856,ok,535750.641
Elysium-Fenix,385,46.5,0.3061,ok,231190.196
Aegis-Dawn,289,34.3,0.3504,ok,183155.688
Dawn-Elysium,166,19.0,0.2751,ok,135292.297
Dawn-Elysium,341,11.6,0.1688,ok,111903.274
Aegis-Elysium,495,44.7,0.2212,ok,181835.888
Dawn-Fenix,258,32.8,0.2088,ok,81166.509
Caelum-Elysium,47,32.4,0.3909,ok,218286.247
Aegis-Boreas,222,154.6,0.7432,ok,447183.956
Boreas-Elysium,324,115.3,0.5624,ok,307832.27
Dawn-Fenix,305,29.4,0.187,ok,79339.568
Boreas-Dawn,299,23.2,0.1146,ok,70114.705
Boreas-Fenix,414,86.5,0.5116,ok,352603.859
Boreas-Dawn,307,92.8,0.4596,ok,149294.918
Caelum-Dawn,138,27.6,0.3,ok,153798.862
Boreas-Fenix,406,61.1,0.3615,ok,220280.831
Aegis-Boreas,203,32.8,0.1576,ok,65914.841
Dawn-Elysium,278,30.6,0.4436,ok,207382.11
Caelum-Elysium,423,25.9,0.3125,ok,180497.896
Boreas-Dawn,82,94.5,0.4679,ok,153478.466
Caelum-Elysium,52,21.4,0.258,ok,160770.863
Dawn-Elysium,301,10.8,0.1568,ok,113714.418
Aegis-Elysium,106,71.0,0.3517,ok,243642.516
Boreas-Elysium,195,87.6,0.4271,ok,190179.267
Aegis-Dawn,427,29.7,0.3032,ok,161622.0
Boreas-Elysium,235,24.4,0.119,ok,100558.445
Elysium-Fenix,451,31.6,0.2077,ok,191323.172
Caelum-Elysium,174,96.48,0.5154,ok,336667.212
Aegis-Dawn,92,9.3,0.0947,ok,123110.977
Caelum-Fenix,100,18.1,0.1422,ok,117791.264
Elysium-Fenix,145,39.9,0.2628,ok,207689.34
Elysium-Fenix,190,24.9,0.1638,ok,175530.664
Boreas-Dawn,481,52.5,0.26,ok,91348.486
Aegis-Boreas,144,56.5,0.2718,ok,77338.236
Boreas-Dawn,426,80.7,0.3996,ok,124326.614
Dawn-Fenix,40,19.9,0.127,ok,73653.309
Caelum-Dawn,85,11.1,0.1208,ok,113631.259
Aegis-Elysium,207,45.3,0.2245,ok,175827.089
Boreas-Elysium,334,82.0,0.3998,ok,174808.499
Boreas-Elysium,405,12.2,0.0595,ok,100514.472
Boreas-Fenix,121,18.3,0.108,ok,144018.79
Aegis-Boreas,483,26.4,0.1268,ok,64738.301
Caelum-Dawn,171,14.1,0.1528,ok,118411.33
Boreas-Fenix,464,41.4,0.2449,ok,167706.446
Dawn-Elysium,487,25.3,0.3672,ok,168341.261
Aegis-Dawn,118,16.0,0.1633,ok,129922.837
Boreas-Fenix,450,28.4,0.1678,ok,151284.789
Aegis-Boreas,470,30.5,0.1468,ok,22834.21
Boreas-Fenix,78,104.8,0.6202,ok,542443.066
Caelum-Fenix,401,11.9,0.0937,ok,114186.028
Aegis-Dawn,39,19.4,0.1976,ok,132527.526
Boreas-Elysium,426,138.4,0.6752,ok,505265.654
Elysium-Fenix,118,22.7,0.1495,ok,176912.692
Caelum-Dawn,151,13.4,0.1454,ok,122408.432
Caelum-Dawn,240,17.9,0.1942,ok,125300.236
Dawn-Elysium,377,8.0,0.1154,ok,103061.367
Caelum-Dawn,40,2.5,0.0269,ok,112868.811
Aegis-Elysium,232,43.1,0.2131,ok,182862.673
Boreas-Elysium,310,59.5,0.2903,ok,132721.303
Aegis-Boreas,471,87.5,0.4207,ok,117180.127
Elysium-Fenix,314,81.9,0.5389,ok,474989.352
Caelum-Fenix,57,6.9,0.0547,ok,112071.95
Elysium-Fenix,350,77.3,0.5086,ok,423487.153
Boreas-Dawn,150,9.5,0.0472,ok,67050.324
Elysium-Fenix,187,23.1,0.1517,ok,485037.953
Boreas-Dawn,189,32.5,0.1607,ok,75728.649
Caelum-Fenix,344,43.3,0.3406,ok,169358.005
Boreas-Fenix,470,54.9,0.3247,ok,198500.533
Caelum-Dawn,299,32.9,0.3576,ok,175418.737
Aegis-Elysium,324,12.2,0.0603,ok,157017.576
Elysium-Fenix,119,22.1,0.1451,ok,180575.315
Aegis-Elysium,45,44.5,0.2204,ok,179225.725
Caelum-Elysium,110,24.0,0.2897,ok,173034.669
Caelum-Fenix,117,54.3,0.4276,ok,219926.21
Boreas-Fenix,200,65.5,0.3876,ok,230871.325
Boreas-Dawn,46,9.3,0.0462,ok,70066.5
Aegis-Boreas,199,49.5,0.2379,ok,74114.388
Elysium-Fenix,362,9.2,0.0605,ok,168571.797
Dawn-Fenix,397,4.2,0.027,ok,27881.961
Dawn-Fenix,2,67.6,0.4309,ok,140463.423
Dawn-Fenix,285,32.0,0.2037,ok,82476.704
Dawn-Fenix,58,66.2,0.4219,ok,134969.735
Dawn-Fenix,303,46.1,0.2937,ok,97764.966
Aegis-Elysium,402,75.1,0.3718,ok,261071.912
Caelum-Elysium,348,4.4,0.0536,ok,127938.317
Caelum-Dawn,472,20.5,0.2234,ok,131654.751
Elysium-Fenix,395,26.3,0.1732,ok,185580.721
Dawn-Fenix,250,31.7,0.202,ok,81130.11
Aegis-Elysium,356,116.9,0.5786,ok,513098.458
Dawn-Elysium,12,31.5,0.4567,ok,216537.988
Dawn-Fenix,17,27.2,0.173,ok,75947.802
Caelum-Elysium,343,62.3,0.7504,ok,981704.304
Boreas-Fenix,54,43.3,0.2559,ok,173686.886
Dawn-Elysium,345,5.4,0.0781,ok,103136.072
Caelum-Fenix,33,53.3,0.4198,ok,214288.816
Aegis-Boreas,379,58.0,0.2787,ok,82119.493
Elysium-Fenix,212,18.8,0.1235,ok,173171.251
Aegis-Elysium,209,38.4,0.19,ok,170985.037
Caelum-Elysium,314,14.3,0.1727,ok,138443.783
Caelum-Fenix,74,15.1,0.1191,ok,117408.63
Boreas-Elysium,364,55.0,0.2681,ok,125937.561
Caelum-Dawn,498,17.5,0.1904,ok,125502.068
Caelum-Fenix,95,12.0,0.0947,ok,113485.74
Elysium-Fenix,396,32.0,0.2108,ok,192009.692
Aegis-Boreas,198,62.9,0.3024,ok,83045.037
Caelum-Dawn,488,37.9,0.4118,ok,209620.562
Aegis-Boreas,113,43.6,0.2098,ok,71300.629
Aegis-Boreas,181,68.2,0.328,ok,87841.809
Caelum-Fenix,112,90.4,0.7116,ok,703060.531
Caelum-Elysium,180,15.2,0.1826,ok,143759.595
Boreas-Dawn,170,77.6,0.384,ok,118963.513
Aegis-Elysium,426,30.8,0.1526,ok,165973.637
Dawn-Elysium,251,14.1,0.2042,ok,121613.159
Boreas-Elysium,217,79.2,0.3862,ok,165889.413
Dawn-Fenix,219,22.3,0.1422,ok,79327.556
Elysium-Fenix,336,16.2,0.1067,ok,166856.919
Boreas-Fenix,202,19.0,0.1125,ok,136259.437
Caelum-Elysium,328,6.6,0.08,ok,124739.169
Caelum-Fenix,307,25.7,0.2024,ok,128052.533
Elysium-Fenix,34,30.8,0.2025,ok,197030.208
Aegis-Boreas,496,82.0,0.3943,ok,105623.699
Dawn-Elysium,14,4.2,0.0613,ok,103286.488
Caelum-Fenix,469,63.4,0.4995,ok,280746.943
Elysium-Fenix,292,39.2,0.2577,ok,208465.659
Boreas-Dawn,190,126.9,0.6281,ok,288602.194
Aegis-Boreas,320,71.5,0.3438,ok,91485.896
Caelum-Fenix,120,21.02,0.1419,ok,120268.462
Aegis-Dawn,29,45.5,0.4647,ok,259705.011
Aegis-Boreas,173,89.2,0.4288,ok,120124.331
Boreas-Elysium,219,44.3,0.216,ok,116138.607
Caelum-Elysium,470,14.7,0.1777,ok,140720.266
Caelum-Dawn,39,40.4,0.4397,ok,227901.785
Aegis-Elysium,71,45.7,0.2262,ok,188413.539
Aegis-Elysium,280,118.0,0.5843,ok,531880.748
Caelum-Elysium,32,14.8,0.1782,ok,142718.723
Aegis-Elysium,174,34.4,0.1705,ok,164926.86
Aegis-Boreas,108,78.2,0.3759,ok,100991.385
Dawn-Fenix,394,41.7,0.2655,ok,90115.93
Dawn-Fenix,374,53.5,0.3408,ok,109832.513
Dawn-Elysium,169,2.4,0.0342,ok,100641.383
Boreas-Elysium,191,29.0,0.1413,ok,103568.593
Elysium-Fenix,237,20.2,0.1327,ok,171194.107
Caelum-Elysium,251,30.7,0.3698,ok,212725.004
Dawn-Fenix,352,42.1,0.2681,ok,89751.247
Dawn-Fenix,354,49.6,0.316,ok,102830.555
Dawn-Elysium,86,23.1,0.3345,ok,152510.943
Caelum-Elysium,339,21.42,0.1313,ok,138022.74
Elysium-Fenix,421,74.5,0.4902,ok,397050.739
Boreas-Dawn,233,13.0,0.0644,ok,67562.419
Aegis-Boreas,159,29.8,0.1433,ok,62757.403
Boreas-Elysium,483,76.9,0.3751,ok,159631.729
Caelum-Fenix,92,42.2,0.3324,ok,166112.287
Boreas-Dawn,155,104.3,0.5164,ok,181710.052
Elysium-Fenix,127,82.1,0.5401,ok,473872.874
Boreas-Fenix,236,71.9,0.4254,ok,262773.178
Aegis-Dawn,254,55.2,0.5634,ok,376898.074
Boreas-Elysium,35,91.3,0.4455,ok,202692.857
Boreas-Dawn,73,18.7,0.0925,ok,69552.914
Boreas-Fenix,374,42.6,0.2523,ok,173801.106
Boreas-Elysium,460,11.6,0.0565,ok,101660.636
Caelum-Elysium,391,6.7,0.0805,ok,126180.126
Boreas-Fenix,396,35.6,0.2106,ok,154618.196
Elysium-Fenix,318,24.4,0.1604,ok,176671.896
Caelum-Fenix,259,39.1,0.3082,ok,159936.464
Caelum-Dawn,8,39.9,0.4338,ok,226180.303
Aegis-Boreas,33,42.7,0.2053,ok,27694.564
Aegis-Elysium,284,45.1,0.2232,ok,180351.141
Aegis-Dawn,479,49.06,0.2885,ok,154658.985
Caelum-Fenix,236,42.4,0.3342,ok,165658.652
Boreas-Elysium,125,103.1,0.503,ok,246718.721
Aegis-Dawn,282,28.0,0.2856,ok,158633.625
Boreas-Dawn,469,79.0,0.391,ok,119943.249
Aegis-Boreas,317,50.7,0.2438,ok,74932.276
Caelum-Dawn,486,16.5,0.179,ok,123926.315
Caelum-Fenix,428,46.7,0.3681,ok,183865.769
Caelum-Fenix,238,34.0,0.2674,ok,142847.054
Boreas-Elysium,205,82.7,0.4034,ok,174826.748
Caelum-Elysium,445,7.6,0.0913,ok,132286.285
Caelum-Elysium,482,25.1,0.3026,ok,178057.143
Dawn-Fenix,115,64.9,0.4133,ok,131523.591
Boreas-Fenix,2,31.5,0.1866,ok,149366.659
Aegis-Dawn,16,29.7,0.3029,ok,160148.346
Aegis-Elysium,474,68.5,0.3389,ok,234519.696
Dawn-Fenix,436,72.7,0.4633,ok,154243.825
Aegis-Boreas,212,60.1,0.2889,ok,79473.864
Boreas-Dawn,3,43.6,0.2156,ok,81054.916
Aegis-Elysium,192,49.4,0.2447,ok,189029.973
Caelum-Elysium,125,19.3,0.2326,ok,155816.572
Aegis-Dawn,407,41.9,0.4276,ok,231374.518
Aegis-Dawn,230,3.8,0.0383,ok,122489.154
Caelum-Fenix,414,21.2,0.1667,ok,125717.171
Aegis-Boreas,313,64.3,0.3092,ok,84582.052
Boreas-Fenix,138,89.5,0.5294,ok,372290.461
Aegis-Elysium,251,15.9,0.0788,ok,153034.073
Dawn-Elysium,230,12.2,0.1768,ok,110783.515
Boreas-Fenix,130,44.7,0.2644,ok,167231.87
Boreas-Dawn,104,62.4,0.3091,ok,95837.796
Aegis-Elysium,111,20.6,0.1021,ok,164091.511
Aegis-Dawn,379,5.4,0.0556,ok,116316.138
Dawn-Fenix,146,40.6,0.2586,ok,87862.032
Caelum-Dawn,324,13.3,0.1445,ok,119153.673
Caelum-Fenix,374,38.8,0.3059,ok,158577.169
Boreas-Dawn,108,45.3,0.2244,ok,84816.902
Aegis-Boreas,219,32.0,0.1538,ok,31146.737
Aegis-Elysium,404,51.339999999999996,0.296,ok,210304.053
Aegis-Elysium,163,46.1,0.2285,ok,185094.279
Caelum-Elysium,427,15.5,0.1872,ok,142177.782
Dawn-Elysium,174,48.6,0.704,ok,610586.12
Aegis-Dawn,208,44.5,0.4539,ok,250598.367
Boreas-Elysium,233,31.1,0.1518,ok,103748.603
Boreas-Fenix,92,9.9,0.0587,ok,135222.041
Caelum-Elysium,477,16.5,0.1982,ok,147253.565
Aegis-Dawn,88,18.7,0.1907,ok,132540.674
Boreas-Dawn,463,90.3,0.4471,ok,142226.759
Elysium-Fenix,444,39.5,0.2599,ok,215885.925
Boreas-Dawn,102,38.3,0.1898,ok,77168.725
Elysium-Fenix,275,78.9,0.5194,ok,435955.792
Aegis-Dawn,209,26.9,0.2741,ok,155984.578
Aegis-Boreas,187,25.6,0.123,ok,62609.711
Caelum-Elysium,106,22.1,0.2666,ok,162686.333
Boreas-Elysium,130,47.3,0.2307,ok,115204.102
Caelum-Dawn,154,14.9,0.1619,ok,122160.044
Elysium-Fenix,339,24.5,0.1609,ok,185680.371
Aegis-Boreas,286,48.2,0.2318,ok,72239.732
Caelum-Dawn,353,17.9,0.194,ok,125052.522
Caelum-Fenix,12,38.3,0.3018,ok,155201.872
Aegis-Elysium,263,54.9,0.2716,ok,199378.085
Boreas-Elysium,425,83.3,0.4062,ok,176607.902
Aegis-Boreas,449,75.5,0.3629,ok,97533.451
Aegis-Boreas,297,23.6,0.1135,ok,61941.229
Aegis-Elysium,74,96.9,0.4796,ok,358227.893
Aegis-Dawn,57,19.9,0.2033,ok,134902.47
Boreas-Dawn,130,21.7,0.1072,ok,70958.178
Aegis-Elysium,39,110.8,0.5487,ok,221817.031
Aegis-Elysium,246,50.8,0.2514,ok,190461.225
Aegis-Boreas,195,55.7,0.268,ok,77598.982
Dawn-Fenix,43,47.5,0.3027,ok,98157.606
Elysium-Fenix,324,52.8,0.3474,ok,256548.622
Dawn-Fenix,366,65.9,0.4195,ok,136710.234
Caelum-Fenix,175,88.3,0.6954,ok,642037.641
Aegis-Dawn,235,27.2,0.2773,ok,154128.419
Caelum-Fenix,116,7.4,0.058,ok,111327.684
Aegis-Boreas,278,41.0,0.1972,ok,69458.819
Caelum-Elysium,497,5.8,0.0696,ok,132511.566
Dawn-Elysium,397,1.5,0.0222,ok,99968.982
Elysium-Fenix,291,105.6,0.6946,ok,947388.198
Dawn-Elysium,326,13.7,0.1979,ok,113507.423
Boreas-Fenix,429,73.6,0.4354,ok,268914.84
Boreas-Elysium,149,26.3,0.1285,ok,103539.625
Dawn-Elysium,158,7.6,0.1098,ok,104361.579
Aegis-Boreas,116,49.7,0.2389,ok,71109.234
Aegis-Elysium,228,21.1,0.1046,ok,163376.94
Aegis-Elysium,460,74.5,0.369,ok,250620.723
Caelum-Elysium,476,9.5,0.1148,ok,133090.212
Aegis-Boreas,228,45.1,0.217,ok,69872.305
Boreas-Dawn,464,113.0,0.5593,ok,214854.839
Aegis-Dawn,152,12.8,0.1303,ok,125079.843
Elysium-Fenix,177,86.0,0.5661,ok,531444.643
Caelum-Fenix,265,40.6,0.3197,ok,162266.699
Aegis-Boreas,88,86.0,0.4135,ok,110325.485
Elysium-Fenix,189,26.0,0.1712,ok,175989.087
Aegis-Dawn,323,12.3,0.126,ok,124349.028
Dawn-Elysium,90,4.4,0.0634,ok,105092.129
Aegis-Boreas,481,81.3,0.3908,ok,103964.554
Dawn-Fenix,273,5.6,0.0354,ok,71618.203
Caelum-Dawn,447,33.1,0.3593,ok,177420.266
Aegis-Dawn,73,10.0,0.102,ok,119402.625
Boreas-Dawn,493,61.3,0.3035,ok,96934.833
Caelum-Dawn,260,17.5,0.1907,ok,126693.882
Dawn-Elysium,355,40.8,0.591,ok,362857.274
Aegis-Boreas,205,79.4,0.3819,ok,102138.988
Caelum-Elysium,15,51.1,0.6151,ok,498494.055
Caelum-Elysium,130,11.6,0.1401,ok,136063.608
Aegis-Boreas,418,31.4,0.1508,ok,64416.401
Caelum-Fenix,160,38.0,0.2993,ok,152231.972
Boreas-Fenix,402,54.0,0.3195,ok,198957.264
Elysium-Fenix,213,72.4,0.4764,ok,377350.343
Caelum-Elysium,430,27.6,0.3324,ok,191659.618
Boreas-Fenix,1,20.2,0.1192,ok,139854.75
Dawn-Fenix,349,41.9,0.2671,ok,91592.565
Aegis-Dawn,177,27.9,0.2843,ok,156707.573
Dawn-Elysium,298,18.7,0.2717,ok,130588.835
Aegis-Dawn,237,42.3,0.4318,ok,232216.967
Elysium-Fenix,323,23.1,0.1518,ok,175274.594
Dawn-Fenix,405,16.1,0.1026,ok,74197.055
Caelum-Dawn,456,19.2,0.2092,ok,128991.725
Dawn-Fenix,321,47.1,0.3002,ok,97403.117
Boreas-Elysium,331,71.1,0.347,ok,149589.753
Boreas-Fenix,441,22.2,0.1311,ok,142124.729
Aegis-Elysium,493,13.1,0.0647,ok,155653.085
Aegis-Elysium,275,73.2,0.3623,ok,249930.889
Caelum-Elysium,46,34.2,0.4126,ok,237164.461
Elysium-Fenix,120,54.9,0.3615,ok,261258.781
Boreas-Dawn,320,35.9,0.1776,ok,78302.784
Aegis-Boreas,322,58.9,0.2831,ok,81173.425
Caelum-Dawn,458,17.0,0.1847,ok,124303.973
Boreas-Fenix,143,46.7,0.2762,ok,173671.138
Caelum-Dawn,199,5.5,0.0594,ok,112968.462
Aegis-Elysium,496,141.6,0.701,ok,911683.085
Boreas-Fenix,484,19.9,0.1175,ok,139887.211
Dawn-Elysium,294,27.3,0.3959,ok,179281.335
Dawn-Fenix,363,114.8,0.731,ok,493926.494
Boreas-Fenix,207,48.5,0.2871,ok,180973.422
Aegis-Boreas,118,34.9,0.1678,ok,64267.872
Aegis-Elysium,4,68.2,0.3374,ok,232725.557
Caelum-Elysium,457,17.5,0.2111,ok,147406.555
Caelum-Dawn,76,10.3,0.1121,ok,116445.953
Aegis-Elysium,169,72.4,0.3583,ok,242642.884
Elysium-Fenix,278,20.9,0.1375,ok,172241.081
Elysium-Fenix,499,21.4,0.1407,ok,176983.321
Boreas-Elysium,428,54.8,0.2672,ok,122856.455
Aegis-Dawn,213,24.1,0.2464,ok,148018.752
Boreas-Elysium,383,53.3,0.2601,ok,125872.653
Caelum-Fenix,479,28.9,0.2276,ok,132880.314
Dawn-Fenix,425,43.2,0.2754,ok,91921.045
Boreas-Dawn,471,118.4,0.5859,ok,237967.774
Dawn-Elysium,118,23.8,0.3445,ok,158948.817
Caelum-Elysium,66,24.6,0.2963,ok,174532.104
Dawn-Fenix,491,81.2,0.5173,ok,187131.989
Boreas-Dawn,209,130.4,0.6456,ok,310784.887
Boreas-Fenix,387,89.2,0.5278,ok,369945.127
Boreas-Elysium,77,33.3,0.1624,ok,103838.194
Dawn-Elysium,335,20.3,0.2948,ok,138368.076
Caelum-Fenix,194,24.8,0.1954,ok,127310.357
Boreas-Elysium,179,74.6,0.3637,ok,156943.989
Boreas-Dawn,448,85.6,0.424,ok,133361.069
Dawn-Fenix,50,36.0,0.229,ok,84802.675
Aegis-Boreas,336,17.6,0.0845,ok,61632.158
Aegis-Dawn,129,42.7,0.436,ok,238322.988
Elysium-Fenix,419,52.3,0.3441,ok,251512.967
Boreas-Dawn,273,19.3,0.0957,ok,71480.132
Caelum-Fenix,229,49.5,0.3897,ok,191576.437
Dawn-Fenix,79,58.7,0.3736,ok,119450.501
Dawn-Fenix,59,24.9,0.1588,ok,76466.149
Dawn-Fenix,184,14.9,0.095,ok,71535.049
Boreas-Fenix,493,51.9,0.3073,ok,189746.34
Dawn-Elysium,246,28.4,0.4117,ok,188095.414
Caelum-Elysium,49,40.5,0.4876,ok,305545.909
Aegis-Elysium,351,56.2,0.2781,ok,199114.114
Boreas-Elysium,220,148.6,0.7248,ok,655662.834
Caelum-Elysium,388,47.42,0.3528,ok,197661.588
Caelum-Fenix,9,23.1,0.182,ok,125904.124
Caelum-Elysium,132,22.0,0.2653,ok,162513.867
Boreas-Fenix,404,14.9,0.0881,ok,143472.931
Boreas-Fenix,72,109.0,0.645,ok,608002.027
Aegis-Boreas,359,54.6,0.2623,ok,75934.933
Boreas-Elysium,319,27.7,0.1351,ok,103252.387
Boreas-Fenix,34,20.0,0.1181,ok,141864.591
Caelum-Elysium,205,10.3,0.1237,ok,130925.662
Aegis-Dawn,322,68.1,0.6951,ok,674689.682
Boreas-Dawn,201,73.1,0.362,ok,111222.271
Dawn-Elysium,257,31.2,0.4526,ok,215398.765
Boreas-Fenix,148,40.4,0.239,ok,166368.029
Caelum-Elysium,268,22.0,0.265,ok,164782.087
Aegis-Boreas,330,42.3,0.2036,ok,71192.183
Aegis-Dawn,410,13.5,0.1377,ok,128991.677
Dawn-Fenix,229,15.4,0.0984,ok,69648.253
Aegis-Boreas,176,77.2,0.3713,ok,100494.707
Boreas-Elysium,249,49.4,0.241,ok,119575.94
Boreas-Elysium,221,81.5,0.3975,ok,171912.963
Caelum-Elysium,170,16.6,0.2,ok,145499.96
Boreas-Elysium,55,68.5,0.3342,ok,146211.733
Boreas-Fenix,70,29.8,0.1762,ok,149789.473
Boreas-Dawn,105,22.3,0.1104,ok,24229.289
Elysium-Fenix,226,86.0,0.566,ok,528400.641
Dawn-Fenix,449,7.0,0.0447,ok,71457.81
Aegis-Boreas,77,41.5,0.1993,ok,68640.147
Aegis-Boreas,436,51.9,0.2494,ok,75740.837
Dawn-Elysium,69,9.5,0.1374,ok,108618.952
Dawn-Elysium,110,6.4,0.0921,ok,101086.971
Dawn-Elysium,228,32.1,0.4656,ok,228664.167
Aegis-Boreas,97,53.96,0.4556,ok,126523.911
Boreas-Dawn,467,76.7,0.3799,ok,116310.023
Dawn-Fenix,477,46.68,0.3185,ok,101620.167
Boreas-Dawn,197,53.4,0.2644,ok,88680.389
Caelum-Fenix,462,53.4,0.4204,ok,215987.321
Dawn-Elysium,239,4.0,0.0575,ok,101633.902
Caelum-Dawn,58,28.8,0.3135,ok,161144.558
Caelum-Fenix,217,39.1,0.3082,ok,152421.122
Boreas-Fenix,53,117.1,0.6928,ok,762871.509
Caelum-Dawn,471,35.6,0.3872,ok,195372.44
Boreas-Elysium,290,36.5,0.1779,ok,105830.281
Aegis-Dawn,14,42.3,0.4318,ok,232124.2
Aegis-Elysium,442,54.0,0.2675,ok,197412.803
Caelum-Fenix,257,24.5,0.1932,ok,123561.165
Boreas-Fenix,476,71.7,0.424,ok,263476.789
Boreas-Fenix,228,40.0,0.2367,ok,80624.837
Aegis-Elysium,222,32.1,0.1591,ok,165556.688
Boreas-Fenix,369,13.7,0.0812,ok,138676.08
Aegis-Elysium,333,88.4,0.4376,ok,309099.948
Caelum-Fenix,121,17.6,0.1389,ok,122617.759
Dawn-Fenix,424,22.3,0.1421,ok,77413.85
Caelum-Elysium,481,6.0,0.0718,ok,125747.341
Caelum-Elysium,475,21.8,0.2621,ok,160271.898
Dawn-Elysium,457,15.420000000000002,0.1027,ok,106198.502
Aegis-Dawn,143,27.7,0.2825,ok,158645.616
Dawn-Fenix,132,43.0,0.2741,ok,93534.052
Caelum-Fenix,255,58.8,0.4633,ok,249689.338
Aegis-Boreas,129,42.8,0.2057,ok,71158.078
Caelum-Dawn,55,49.3,0.536,ok,318763.567
Caelum-Fenix,115,15.9,0.1255,ok,120075.246
Boreas-Elysium,453,38.9,0.1898,ok,105657.145
Boreas-Elysium,138,74.0,0.3612,ok,153800.321
Boreas-Fenix,430,77.2,0.4569,ok,284179.374
Aegis-Elysium,482,16.1,0.0799,ok,155684.392
Boreas-Fenix,310,55.2,0.3266,ok,200573.66
Caelum-Dawn,90,13.7,0.1487,ok,117477.703
Caelum-Fenix,477,52.8,0.4154,ok,209711.903
Aegis-Dawn,408,34.3,0.3502,ok,187414.553
Elysium-Fenix,136,6.4,0.0419,ok,166640.06
Boreas-Elysium,101,118.7,0.5788,ok,332785.483
Aegis-Elysium,89,77.6,0.3841,ok,266625.569
Caelum-Fenix,388,50.6,0.3981,ok,198428.12
Dawn-Elysium,242,28.6,0.4151,ok,193342.78
Aegis-Boreas,367,10.6,0.051,ok,59518.737
Aegis-Elysium,220,88.1,0.4361,ok,307296.102
Dawn-Elysium,55,23.7,0.3428,ok,154442.748
Caelum-Elysium,255,21.76,0.2455,ok,158466.298
Aegis-Boreas,464,16.1,0.0774,ok,61139.671
Dawn-Elysium,262,1.4,0.0205,ok,101127.714
Boreas-Fenix,496,27.3,0.1613,ok,141555.422
Boreas-Elysium,318,74.5,0.3635,ok,154923.146
Dawn-Fenix,283,36.1,0.2301,ok,85389.862
Elysium-Fenix,48,41.6,0.2737,ok,218318.685
Elysium-Fenix,409,38.7,0.2544,ok,206811.808
Boreas-Dawn,480,92.1,0.4559,ok,146102.716
Aegis-Dawn,103,24.2,0.2471,ok,144543.44
Elysium-Fenix,490,109.63999999999999,0.5645,ok,523100.774
Caelum-Fenix,304,31.1,0.2446,ok,138049.95
Caelum-Fenix,249,25.7,0.2025,ok,126850.295
Dawn-Fenix,88,34.86,0.348,ok,111700.974
Boreas-Dawn,269,104.9,0.5194,ok,180700.081
Aegis-Dawn,401,27.9,0.2843,ok,157142.075
Caelum-Fenix,296,35.8,0.2819,ok,147469.328
Caelum-Fenix,312,35.4,0.279,ok,148292.139
Aegis-Boreas,342,37.4,0.1796,ok,67297.32
Boreas-Elysium,198,65.6,0.32,ok,141181.702
Caelum-Dawn,184,14.5,0.1582,ok,122532.878
Boreas-Dawn,326,150.2,0.7433,ok,511649.853
Caelum-Elysium,220,17.2,0.2072,ok,145280.435
Caelum-Fenix,172,7.6,0.0601,ok,111355.705
Aegis-Elysium,318,75.0,0.3711,ok,258748.94
Dawn-Elysium,143,9.9,0.1431,ok,35760.006
Boreas-Dawn,20,17.7,0.0875,ok,69024.443
Boreas-Fenix,266,100.9,0.5968,ok,493213.829
Aegis-Elysium,171,54.9,0.2719,ok,199805.779
Boreas-Dawn,112,62.8,0.3108,ok,97570.363
Caelum-Dawn,462,15.8,0.1722,ok,124187.892
Dawn-Elysium,116,12.8,0.1852,ok,114284.632
Elysium-Fenix,14,41.4,0.2724,ok,215728.938
Elysium-Fenix,482,88.4,0.5818,ok,565696.59
Dawn-Fenix,301,4.720000000000001,0.0385,ok,71693.24
Dawn-Fenix,316,4.64,0.0379,ok,71104.491
Caelum-Fenix,391,103.2,0.8128,ok,1293261.809
Elysium-Fenix,224,64.8,0.4263,ok,313620.893
Boreas-Elysium,345,88.7,0.4328,ok,192626.466
Elysium-Fenix,254,79.2,0.5208,ok,442138.855
Boreas-Elysium,148,45.0,0.2194,ok,114538.792
Boreas-Dawn,361,81.9,0.4055,ok,122823.043
Caelum-Dawn,133,12.8,0.1388,ok,117616.664
Dawn-Elysium,144,12.8,0.186,ok,114795.174
Boreas-Dawn,164,43.2,0.2138,ok,81509.963
Boreas-Dawn,302,3.5,0.0172,ok,70000.3
Dawn-Elysium,194,26.0,0.3764,ok,172200.651
Caelum-Elysium,379,17.1,0.2064,ok,146948.889
Aegis-Dawn,10,28.4,0.2895,ok,160874.18
Dawn-Fenix,42,41.7,0.2658,ok,91645.878
Aegis-Elysium,52,19.3,0.0953,ok,155908.029
Elysium-Fenix,393,35.6,0.2343,ok,197869.404
Elysium-Fenix,215,52.4,0.3447,ok,254453.324
Aegis-Elysium,486,26.8,0.1326,ok,164021.781
Aegis-Boreas,27,66.8,0.3213,ok,85552.048
Aegis-Elysium,168,63.4,0.3136,ok,221969.821
Dawn-Fenix,143,51.5,0.3283,ok,105036.974
Boreas-Dawn,123,88.5,0.4381,ok,140113.221
Dawn-Fenix,125,37.1,0.2361,ok,85447.443
Dawn-Elysium,16,6.6,0.0954,ok,106879.449
Aegis-Boreas,450,44.8,0.2155,ok,71947.146
Boreas-Fenix,301,41.9,0.326,ok,194483.147
Boreas-Fenix,188,93.3,0.5522,ok,408281.196
Caelum-Elysium,353,5.6,0.0669,ok,129180.812
Boreas-Fenix,335,31.0,0.1835,ok,150847.846
Boreas-Fenix,465,94.0,0.5565,ok,418341.228
Caelum-Dawn,145,47.3,0.5142,ok,293197.511
Caelum-Fenix,456,28.7,0.2256,ok,134930.413
Boreas-Fenix,391,76.1,0.45,ok,284612.756
Dawn-Fenix,165,70.6,0.4499,ok,149060.86
Aegis-Elysium,156,22.3,0.1104,ok,156084.767
Boreas-Fenix,401,29.5,0.1744,ok,153092.331
Caelum-Fenix,96,82.3,0.6483,ok,513613.61
Aegis-Boreas,201,51.2,0.2463,ok,73405.211
Aegis-Dawn,140,11.3,0.1157,ok,123996.925
Aegis-Dawn,170,35.1,0.3586,ok,189850.827
Caelum-Fenix,152,77.0,0.6066,ok,424806.176
Elysium-Fenix,327,51.0,0.3354,ok,250207.781
Elysium-Fenix,380,14.7,0.0967,ok,167655.739
Aegis-Boreas,340,67.2,0.3231,ok,88887.77
Dawn-Elysium,492,2.8,0.0411,ok,109322.352
Boreas-Fenix,480,31.0,0.1835,ok,150113.896
Elysium-Fenix,144,59.6,0.3924,ok,294191.063
Aegis-Dawn,3,5.3,0.0537,ok,116179.345
Caelum-Elysium,380,9.0,0.1078,ok,133909.29
Elysium-Fenix,458,91.2,0.5999,ok,604394.996
Boreas-Elysium,156,48.8,0.2383,ok,120596.819
Caelum-Elysium,248,12.4,0.1497,ok,138948.621
Aegis-Boreas,34,53.3,0.2562,ok,77477.22
Caelum-Elysium,489,24.3,0.2926,ok,170137.34
Dawn-Elysium,224,35.5,0.5143,ok,268640.367
Elysium-Fenix,453,84.8,0.558,ok,515354.254
Boreas-Dawn,13,14.4,0.0712,ok,70030.351
Caelum-Elysium,50,46.7,0.5623,ok,400672.423
Elysium-Fenix,347,63.2,0.4158,ok,316944.166
Boreas-Dawn,284,33.7,0.1667,ok,75451.339
Boreas-Elysium,304,28.4,0.1385,ok,104356.936
Caelum-Dawn,402,65.2,0.7089,ok,691656.415
Aegis-Elysium,470,13.8,0.0681,ok,160082.401
Caelum-Dawn,207,7.9,0.0857,ok,114232.19
Aegis-Boreas,177,33.0,0.1585,ok,64051.498
Aegis-Dawn,62,26.7,0.2723,ok,151293.248
Caelum-Dawn,12,59.7,0.6484,ok,509827.369
Elysium-Fenix,416,36.6,0.2411,ok,200669.61
Boreas-Fenix,102,26.8,0.1588,ok,145650.087
Aegis-Dawn,203,55.4,0.5652,ok,376739.646
Boreas-Fenix,293,20.8,0.123,ok,139841.238
Elysium-Fenix,476,21.4,0.1409,ok,174266.397
Boreas-Dawn,401,151.4,0.7493,ok,530401.673
Boreas-Elysium,456,44.8,0.2184,ok,112516.116
Boreas-Elysium,200,38.7,0.189,ok,113394.406
Caelum-Elysium,496,37.0,0.4456,ok,263453.55
Dawn-Fenix,52,58.1,0.3702,ok,118094.723
Boreas-Elysium,201,94.2,0.4596,ok,212554.632
Dawn-Fenix,80,86.0,0.5477,ok,209410.896
Elysium-Fenix,265,69.5,0.457,ok,352973.444
Boreas-Dawn,119,40.239999999999995,0.3052,ok,96353.171
Caelum-Fenix,122,11.9,0.0934,ok,114350.116
Aegis-Boreas,366,113.0,0.5431,ok,177110.568
Caelum-Elysium,361,17.3,0.2089,ok,152394.624
Boreas-Fenix,81,33.6,0.1986,ok,148870.256
Caelum-Dawn,253,31.9,0.3467,ok,173332.654
Dawn-Fenix,312,28.6,0.1821,ok,79013.541
Caelum-Fenix,254,53.5,0.421,ok,211534.09
Aegis-Elysium,98,15.5,0.0769,ok,156139.493
Caelum-Dawn,409,49.620000000000005,0.3094,ok,157292.54
Caelum-Dawn,470,19.2,0.2087,ok,132722.118
Boreas-Dawn,333,61.6,0.3049,ok,95583.594
Boreas-Elysium,369,42.5,0.2072,ok,112482.336
Boreas-Dawn,357,8.3,0.0413,ok,69466.539
Aegis-Elysium,255,73.9,0.3659,ok,252023.354
Boreas-Dawn,468,46.3,0.2293,ok,28476.031
Boreas-Elysium,111,53.5,0.2608,ok,125757.467
Boreas-Elysium,100,38.5,0.188,ok,108957.212
Dawn-Elysium,15,22.1,0.3206,ok,144384.276
Boreas-Dawn,52,82.1,0.4067,ok,124266.861
Aegis-Boreas,338,60.2,0.2893,ok,82588.696
Aegis-Dawn,175,32.1,0.3272,ok,176890.703
Boreas-Elysium,349,76.3,0.3722,ok,160615.545
Aegis-Elysium,178,86.42,0.4822,ok,360702.605
Caelum-Elysium,483,0.6,0.0075,ok,132747.052
Caelum-Elysium,57,5.3,0.0633,ok,129947.803
Boreas-Fenix,221,73.2,0.4331,ok,271151.024
Boreas-Fenix,177,11.6,0.0686,ok,136293.74
Dawn-Fenix,21,75.3,0.4795,ok,163750.317
Aegis-Elysium,319,127.6,0.6319,ok,654830.201
Boreas-Fenix,415,13.3,0.0786,ok,134247.581
Caelum-Dawn,274,13.2,0.1432,ok,118981.376
Boreas-Fenix,79,41.0,0.2428,ok,163689.639
Boreas-Dawn,89,34.0,0.1684,ok,138837.421
Aegis-Elysium,446,38.6,0.1913,ok,175486.6
Dawn-Fenix,373,13.4,0.0853,ok,70937.995
Aegis-Elysium,70,52.6,0.2605,ok,197166.409
Caelum-Dawn,270,29.9,0.3249,ok,159520.065
Caelum-Fenix,243,69.9,0.5505,ok,335085.67
Boreas-Elysium,296,58.0,0.2828,ok,131065.965
Aegis-Dawn,453,20.8,0.2122,ok,140340.266
Caelum-Elysium,375,44.8,0.5398,ok,369748.739
Boreas-Dawn,252,87.2,0.4317,ok,135974.161
Boreas-Dawn,328,66.5,0.3293,ok,99847.253
Boreas-Fenix,343,26.4,0.156,ok,149636.127
Boreas-Dawn,317,36.4,0.1802,ok,77301.142
Boreas-Dawn,204,61.0,0.3021,ok,94914.233
Caelum-Elysium,152,10.2,0.1235,ok,134197.157
Aegis-Boreas,447,9.8,0.0471,ok,60511.881
Boreas-Dawn,394,21.5,0.1063,ok,69582.392
Elysium-Fenix,315,73.4,0.4832,ok,383826.27
Dawn-Fenix,280,50.6,0.322,ok,104862.382
Caelum-Dawn,266,60.9,0.662,ok,541398.667
Caelum-Dawn,342,50.4,0.5483,ok,331328.025
Caelum-Fenix,168,20.8,0.164,ok,121283.827
Caelum-Dawn,110,11.1,0.1201,ok,116074.242
Caelum-Dawn,93,58.7,0.6385,ok,489085.438
Dawn-Fenix,348,17.8,0.1132,ok,74931.607
Elysium-Fenix,44,81.0,0.5331,ok,462780.0
Dawn-Fenix,325,63.2,0.4023,ok,127366.741
Boreas-Elysium,90,146.6,0.7149,ok,618821.625
Caelum-Dawn,45,45.0,0.4896,ok,269955.873
Aegis-Elysium,161,44.0,0.2177,ok,181629.072
Caelum-Elysium,398,25.4,0.3063,ok,178800.121
Aegis-Dawn,353,32.2,0.3288,ok,176854.254
Dawn-Fenix,96,72.5,0.4617,ok,156156.868
Caelum-Fenix,355,38.5,0.3033,ok,156043.106
Boreas-Dawn,275,116.0,0.574,ok,227188.019
Boreas-Elysium,442,25.8,0.1258,ok,103271.809
Aegis-Boreas,141,65.2,0.3135,ok,85964.853
Dawn-Fenix,453,9.8,0.0624,ok,71834.246
Caelum-Elysium,492,47.1,0.5678,ok,415731.674
Dawn-Fenix,318,85.60000000000001,0.572,ok,234216.362
Aegis-Elysium,238,19.9,0.0983,ok,159888.362
Dawn-Elysium,316,56.0,0.8109,ok,1157877.303
Aegis-Dawn,428,69.2,0.7061,ok,713039.825
Boreas-Fenix,238,47.1,0.2789,ok,178008.012
Boreas-Fenix,273,60.8,0.3598,ok,211443.828
Aegis-Dawn,352,11.5,0.1176,ok,124180.16
Aegis-Elysium,166,78.3,0.3876,ok,265477.2
Caelum-Fenix,421,9.1,0.0719,ok,115132.642
Caelum-Fenix,45,40.8,0.321,ok,162264.954
Aegis-Elysium,325,90.4,0.4475,ok,322924.462
Aegis-Elysium,36,55.2,0.2733,ok,199274.171
Caelum-Dawn,96,8.1,0.0878,ok,113787.154
Boreas-Dawn,321,102.2,0.506,ok,174844.416
Boreas-Elysium,381,73.2,0.3569,ok,154844.104
Aegis-Boreas,364,44.9,0.2161,ok,71904.839
Dawn-Elysium,72,9.5,0.138,ok,109493.275
Caelum-Fenix,403,18.9,0.149,ok,287911.682
Caelum-Fenix,145,18.8,0.1481,ok,120900.113
Boreas-Dawn,59,50.9,0.2519,ok,85797.847
Caelum-Elysium,267,10.8,0.1299,ok,132011.755
Aegis-Elysium,287,28.7,0.1422,ok,169455.598
Caelum-Dawn,119,56.1,0.6101,ok,432025.548
Elysium-Fenix,184,27.3,0.1796,ok,180017.116
Aegis-Boreas,54,41.120000000000005,0.3642,ok,36341.602
Dawn-Elysium,420,26.7,0.3874,ok,177506.718
Caelum-Elysium,289,21.7,0.2612,ok,162804.417
Caelum-Dawn,185,37.7,0.4096,ok,207682.278
Caelum-Elysium,238,31.7,0.3817,ok,220338.61
Boreas-Dawn,161,43.7,0.2161,ok,80076.515
Boreas-Dawn,49,34.5,0.1709,ok,30513.351
Boreas-Dawn,38,64.7,0.3201,ok,101915.41
Caelum-Fenix,129,32.7,0.2577,ok,140845.791
Boreas-Elysium,177,64.4,0.3141,ok,137933.764
Caelum-Dawn,309,28.9,0.3141,ok,159680.417
Elysium-Fenix,405,6.6,0.0435,ok,165258.544
Boreas-Fenix,239,28.4,0.1683,ok,146294.42
Aegis-Boreas,454,71.2,0.3421,ok,91858.937
Boreas-Fenix,263,20.6,0.1218,ok,141902.156
Boreas-Dawn,160,34.6,0.1715,ok,74165.305
Caelum-Fenix,411,53.94,0.3394,ok,169373.328
Boreas-Dawn,162,28.2,0.1397,ok,73410.216
Elysium-Fenix,193,43.8,0.2882,ok,214543.72
Aegis-Elysium,19,60.1,0.2974,ok,214298.782
Aegis-Elysium,297,74.58000000000001,0.5917,ok,543163.008
Caelum-Elysium,218,57.5,0.6933,ok,724108.951
Caelum-Elysium,63,30.2,0.3644,ok,204159.715
Dawn-Fenix,122,65.8,0.4191,ok,133736.46
Boreas-Elysium,340,27.1,0.1322,ok,100603.11
Elysium-Fenix,268,113.3,0.7454,ok,2705693.458
Boreas-Dawn,67,57.8,0.2859,ok,91039.512
Aegis-Boreas,468,55.8,0.2681,ok,78167.568
Caelum-Dawn,230,35.5,0.3861,ok,193529.03
Dawn-Fenix,385,75.0,0.478,ok,161704.511
Elysium-Fenix,32,14.4,0.095,ok,168063.23
Boreas-Dawn,122,78.2,0.3873,ok,117944.35
Dawn-Fenix,320,79.6,0.5069,ok,180398.671
Aegis-Elysium,204,88.3,0.4373,ok,313547.235
Dawn-Elysium,119,12.6,0.1833,ok,113126.169
Boreas-Elysium,192,37.2,0.1814,ok,112047.455
Aegis-Elysium,377,83.0,0.411,ok,286232.897
Boreas-Elysium,110,25.6,0.1247,ok,101572.875
Caelum-Dawn,129,42.1,0.4576,ok,237324.911
Boreas-Fenix,110,18.9,0.112,ok,138753.188
Boreas-Fenix,379,44.3,0.2624,ok,176365.966
Caelum-Fenix,123,57.7,0.4546,ok,236527.096
Elysium-Fenix,252,24.3,0.1601,ok,178726.234
Aegis-Boreas,429,23.8,0.1143,ok,61563.366
Aegis-Dawn,483,32.5,0.3313,ok,178437.533
Aegis-Dawn,334,44.5,0.4539,ok,249747.973
Dawn-Fenix,24,48.4,0.3085,ok,99354.142
Caelum-Fenix,195,19.6,0.1542,ok,123746.678
Aegis-Boreas,264,121.2,0.5828,ok,207166.671
Elysium-Fenix,381,34.6,0.2274,ok,199935.432
Boreas-Elysium,344,22.9,0.1119,ok,103520.479
Aegis-Dawn,174,25.2,0.2574,ok,153102.534
Boreas-Dawn,352,70.0,0.3466,ok,109434.044
Caelum-Elysium,455,55.1,0.6635,ok,625607.341
Boreas-Elysium,399,9.6,0.0468,ok,100082.773
Elysium-Fenix,138,71.4,0.4699,ok,367880.886
Boreas-Fenix,21,31.9,0.1886,ok,151280.393
Aegis-Boreas,25,20.3,0.0977,ok,61414.903
Aegis-Elysium,139,15.8,0.0782,ok,155802.882
Boreas-Fenix,215,37.7,0.2231,ok,158613.751
Boreas-Fenix,24,35.4,0.2097,ok,157476.568
Aegis-Boreas,117,36.3,0.1745,ok,67568.072
Caelum-Elysium,285,54.6,0.6573,ok,603431.978
Aegis-Boreas,58,60.2,0.2894,ok,78750.489
Aegis-Elysium,373,71.5,0.3539,ok,238616.814
Aegis-Dawn,224,15.4,0.157,ok,123635.525
Caelum-Fenix,362,49.6,0.3903,ok,195467.831
Aegis-Elysium,286,79.5,0.3935,ok,271685.566
Elysium-Fenix,200,28.8,0.1897,ok,187904.411
Aegis-Boreas,284,72.8,0.3498,ok,93340.352
Boreas-Fenix,51,125.5,0.7424,ok,993678.372
Boreas-Dawn,420,28.7,0.1422,ok,74915.938
Aegis-Dawn,211,48.0,0.4897,ok,282761.456
Dawn-Fenix,344,26.8,0.171,ok,78062.619
Elysium-Fenix,78,15.9,0.1043,ok,179114.156
Aegis-Elysium,194,82.4,0.4079,ok,285609.194
Dawn-Elysium,275,46.5,0.6735,ok,521713.981
Boreas-Fenix,382,48.5,0.287,ok,184901.578
Caelum-Fenix,348,22.5,0.1773,ok,126607.12
Aegis-Elysium,410,94.4,0.4674,ok,341022.6
Caelum-Elysium,439,11.9,0.1434,ok,137375.171
Boreas-Fenix,320,61.1,0.3618,ok,215623.586
Caelum-Elysium,292,33.3,0.4017,ok,230275.768
Caelum-Elysium,265,39.1,0.4714,ok,288787.493
Caelum-Fenix,488,44.3,0.3491,ok,175297.553
Caelum-Dawn,115,40.9,0.445,ok,231936.491
Caelum-Elysium,478,24.1,0.2898,ok,174077.695
Dawn-Fenix,409,38.0,0.2423,ok,85323.706
Caelum-Fenix,311,57.8,0.4549,ok,240021.18
Boreas-Fenix,135,91.3,0.5405,ok,390134.979
Dawn-Elysium,490,10.8,0.1561,ok,106725.546
Dawn-Elysium,429,6.7,0.0966,ok,105784.242
Aegis-Boreas,86,63.0,0.3027,ok,83274.956
Boreas-Elysium,66,113.1,0.5516,ok,294713.656
Boreas-Dawn,293,15.2,0.0751,ok,70164.57
Boreas-Fenix,171,80.6,0.4772,ok,311147.794
Caelum-Dawn,474,17.5,0.1905,ok,127090.583
Boreas-Elysium,39,68.4,0.3337,ok,147486.298
Caelum-Dawn,181,40.0,0.4344,ok,221625.671
Dawn-Elysium,149,16.4,0.2375,ok,122669.073
Boreas-Dawn,182,68.2,0.3375,ok,103776.686
Dawn-Elysium,254,27.7,0.4011,ok,183071.906
Elysium-Fenix,296,10.7,0.0704,ok,164859.536
Caelum-Dawn,247,59.720000000000006,0.4037,ok,202334.208
Elysium-Fenix,358,31.4,0.2067,ok,196316.009
Dawn-Elysium,124,20.9,0.303,ok,139804.137
Aegis-Dawn,192,24.0,0.2445,ok,143628.208
Boreas-Elysium,303,36.6,0.1783,ok,109439.355
Caelum-Elysium,79,27.9,0.3362,ok,190516.176
Dawn-Fenix,102,63.2,0.4023,ok,127478.594
Aegis-Elysium,64,21.5,0.1063,ok,157333.307
Aegis-Dawn,79,76.97999999999999,0.4527,ok,253413.536
Caelum-Elysium,195,39.2,0.4719,ok,287811.728
Dawn-Elysium,385,19.8,0.2862,ok,135094.832
Aegis-Elysium,266,73.0,0.3611,ok,242871.783
Boreas-Fenix,246,49.0,0.29,ok,180509.302
Boreas-Fenix,397,26.9,0.1594,ok,148925.777
Boreas-Dawn,80,13.8,0.0686,ok,68606.474
Caelum-Elysium,37,22.0,0.2651,ok,166914.724
Caelum-Elysium,402,26.9,0.3246,ok,189173.397
Caelum-Elysium,406,23.7,0.2856,ok,170808.795
Aegis-Boreas,274,139.5,0.6709,ok,304724.783
Caelum-Elysium,185,43.9,0.5286,ok,350318.559
Caelum-Dawn,212,46.9,0.5098,ok,289895.42
Boreas-Elysium,213,37.0,0.1803,ok,109775.25
Elysium-Fenix,159,16.6,0.1093,ok,174085.618
Boreas-Elysium,0,11.3,0.055,ok,98898.15
Boreas-Fenix,472,71.7,0.4242,ok,264125.371
Elysium-Fenix,270,57.2,0.3763,ok,279224.019
Caelum-Fenix,189,9.7,0.0763,ok,117968.832
Caelum-Elysium,323,42.3,0.509,ok,328774.293
Caelum-Elysium,137,21.7,0.2618,ok,162237.56
Boreas-Dawn,370,56.6,0.2804,ok,91729.02
Aegis-Elysium,296,16.8,0.0834,ok,155497.6
Dawn-Fenix,177,39.3,0.2502,ok,89530.149
Caelum-Fenix,476,43.8,0.3447,ok,170678.069
Elysium-Fenix,414,42.4,0.2788,ok,218043.916
Boreas-Elysium,295,21.6,0.1056,ok,103493.166
Caelum-Dawn,308,42.3,0.4601,ok,245924.354
Aegis-Dawn,449,43.2,0.4404,ok,238145.211
Aegis-Elysium,367,20.5,0.1016,ok,165557.447
Elysium-Fenix,104,57.4,0.3773,ok,278921.998
Boreas-Dawn,202,16.6,0.0822,ok,71213.459
Boreas-Dawn,92,130.0,0.6436,ok,306552.759
Aegis-Dawn,371,20.7,0.2114,ok,142355.132
Aegis-Boreas,369,97.2,0.4671,ok,133410.106
Aegis-Boreas,143,52.3,0.2516,ok,75383.525
Aegis-Boreas,307,122.2,0.5873,ok,210318.889
Boreas-Dawn,127,33.2,0.1644,ok,75274.384
Aegis-Elysium,49,74.1,0.4428,ok,317022.237
Aegis-Boreas,395,26.0,0.1248,ok,63310.842
Caelum-Elysium,214,41.0,0.4935,ok,311861.419
Aegis-Dawn,293,12.5,0.128,ok,126452.039
Caelum-Dawn,460,16.4,0.1782,ok,123903.084
Boreas-Fenix,326,57.5,0.34,ok,205100.7
Boreas-Fenix,491,46.74,0.2522,ok,172523.176
Dawn-Elysium,351,8.6,0.1252,ok,105796.146
Aegis-Elysium,471,84.5,0.4185,ok,284657.97
Boreas-Fenix,309,25.9,0.1534,ok,141022.877
Dawn-Fenix,147,45.1,0.2871,ok,94470.012
Boreas-Elysium,25,107.4,0.524,ok,264090.157
Caelum-Dawn,74,16.6,0.1802,ok,126597.291
Boreas-Fenix,275,42.3,0.2505,ok,168179.943
Dawn-Elysium,280,21.7,0.315,ok,145196.377
Dawn-Fenix,124,26.6,0.1694,ok,78225.199
Boreas-Fenix,204,86.7,0.5131,ok,351454.951
Caelum-Fenix,38,20.2,0.159,ok,121043.818
Aegis-Boreas,60,15.5,0.0743,ok,59424.245
Aegis-Boreas,80,43.5,0.2092,ok,69218.915
Aegis-Dawn,329,53.8,0.5493,ok,352409.428
Dawn-Elysium,389,27.0,0.391,ok,179297.479
Elysium-Fenix,354,57.3,0.3771,ok,275535.548
Aegis-Dawn,318,31.9,0.3257,ok,171146.072
Boreas-Fenix,276,42.2,0.2496,ok,167258.568
Caelum-Elysium,359,18.3,0.2204,ok,148773.475
Boreas-Elysium,326,52.4,0.2558,ok,122450.247
Caelum-Dawn,234,10.4,0.1131,ok,117770.434
Boreas-Fenix,444,56.6,0.3348,ok,202545.54
Elysium-Fenix,257,12.7,0.0836,ok,172923.597
Dawn-Fenix,383,38.1,0.2429,ok,84912.043
Dawn-Elysium,127,15.1,0.2191,ok,120035.421
Aegis-Dawn,451,71.9,0.7341,ok,834342.494
Boreas-Elysium,280,37.2,0.1815,ok,108076.686
Caelum-Fenix,50,58.9,0.4639,ok,245585.379
Boreas-Elysium,422,98.7,0.4817,ok,227304.479
Elysium-Fenix,122,36.6,0.2407,ok,206894.31
Aegis-Elysium,317,23.5,0.1161,ok,158747.148
Dawn-Elysium,19,24.0,0.3479,ok,157577.271
Dawn-Fenix,232,68.3,0.4353,ok,141493.217
Aegis-Elysium,236,102.4,0.5071,ok,391470.533
Dawn-Elysium,13,10.2,0.1476,ok,113267.542
Dawn-Elysium,400,35.2,0.51,ok,261894.393
Aegis-Boreas,461,34.1,0.1641,ok,66299.758
Elysium-Fenix,9,50.6,0.3329,ok,248735.206
Boreas-Fenix,410,63.9,0.378,ok,227790.118
Caelum-Dawn,160,14.1,0.1535,ok,126469.476
Elysium-Fenix,220,17.9,0.1175,ok,171998.702
Aegis-Elysium,103,112.9,0.5591,ok,483416.665
Caelum-Dawn,491,11.9,0.1299,ok,116427.55
Dawn-Elysium,98,15.4,0.2234,ok,119968.862
Elysium-Fenix,309,40.4,0.266,ok,211898.785
Aegis-Elysium,484,13.7,0.0678,ok,160233.708
Boreas-Elysium,486,53.3,0.2598,ok,123818.133
Caelum-Fenix,277,27.0,0.2125,ok,130216.718
Boreas-Fenix,345,21.6,0.1277,ok,140022.894
Caelum-Dawn,433,66.0,0.7174,ok,720174.234
Caelum-Fenix,137,21.4,0.1687,ok,119619.747
Boreas-Dawn,72,28.6,0.1418,ok,73696.233
Dawn-Elysium,469,7.2,0.104,ok,106222.865
Caelum-Elysium,190,34.9,0.4208,ok,242267.742
Boreas-Elysium,106,31.2,0.1521,ok,102092.626
Dawn-Elysium,135,18.5,0.2681,ok,133988.298
Elysium-Fenix,494,125.5,0.8256,ok,2087798.658
Dawn-Elysium,338,22.0,0.3185,ok,147774.901
Dawn-Elysium,31,4.7,0.0688,ok,105012.049
Aegis-Boreas,7,63.3,0.3042,ok,85729.036
Aegis-Dawn,207,20.3,0.2071,ok,134568.829
Boreas-Elysium,36,27.5,0.1341,ok,103858.619
Caelum-Elysium,65,23.7,0.285,ok,169255.292
Elysium-Fenix,15,60.2,0.396,ok,288202.308
Dawn-Elysium,330,15.1,0.2184,ok,119842.176
Dawn-Elysium,104,12.6,0.1832,ok,115198.288
Caelum-Dawn,416,36.7,0.3991,ok,196148.774
Elysium-Fenix,12,57.5,0.3783,ok,280950.82
Aegis-Elysium,114,61.0,0.3018,ok,213396.571
Caelum-Elysium,81,35.8,0.431,ok,251481.049
Boreas-Elysium,351,43.4,0.2119,ok,114653.445
Boreas-Dawn,43,116.9,0.5785,ok,234136.342
Caelum-Fenix,448,52.8,0.416,ok,212756.093
Boreas-Dawn,479,70.6,0.3495,ok,107483.92
Elysium-Fenix,487,30.0,0.1977,ok,188335.945
Boreas-Elysium,117,35.7,0.1742,ok,256150.828
Dawn-Elysium,223,31.5,0.456,ok,213101.079
Caelum-Fenix,113,55.7,0.4389,ok,408402.909
Boreas-Fenix,133,24.7,0.146,ok,143957.284
Aegis-Elysium,187,88.8,0.4396,ok,310932.955
Boreas-Dawn,30,22.0,0.1089,ok,72406.52
Elysium-Fenix,448,21.3,0.1399,ok,177030.669
Dawn-Fenix,426,63.0,0.4013,ok,130279.728
Caelum-Dawn,172,16.9,0.1177,ok,118941.22
Caelum-Dawn,122,31.1,0.3381,ok,168000.561
Aegis-Boreas,230,73.9,0.3553,ok,93251.576
Elysium-Fenix,59,46.7,0.307,ok,229751.626
Aegis-Boreas,50,12.8,0.0617,ok,61337.986
Aegis-Dawn,97,35.9,0.3663,ok,193558.159
Aegis-Elysium,295,25.7,0.1273,ok,163909.274
Dawn-Fenix,245,45.1,0.2875,ok,95730.787
Elysium-Fenix,311,19.9,0.131,ok,170890.214
Dawn-Fenix,388,65.9,0.4197,ok,134278.875
Boreas-Elysium,392,81.96,0.6162,ok,383074.781
Dawn-Fenix,38,34.3,0.2187,ok,83426.568
Aegis-Boreas,275,126.2,0.6065,ok,230881.655
Aegis-Elysium,158,16.5,0.0816,ok,156167.221
Boreas-Elysium,418,104.8,0.5113,ok,254864.803
Elysium-Fenix,386,76.5,0.5033,ok,417621.404
Boreas-Elysium,28,150.7,0.7351,ok,692851.821
Aegis-Boreas,400,20.5,0.0986,ok,62141.151
Boreas-Dawn,279,29.02,0.2706,ok,90299.96
Caelum-Fenix,205,18.0,0.1416,ok,118237.343
Elysium-Fenix,273,7.9,0.0517,ok,168828.727
Dawn-Fenix,247,96.2,0.6126,ok,277120.891
Boreas-Dawn,134,39.6,0.1959,ok,78274.728
Dawn-Fenix,128,8.0,0.051,ok,71373.753
Aegis-Boreas,217,61.3,0.2947,ok,81644.456
Aegis-Dawn,450,30.8,0.314,ok,168261.978
Aegis-Elysium,352,95.8,0.4742,ok,351547.06
Dawn-Fenix,404,98.1,0.6247,ok,291019.177
Caelum-Elysium,199,37.96,0.284,ok,167380.653
Boreas-Dawn,429,13.6,0.0674,ok,70448.412
Boreas-Fenix,112,62.6,0.3703,ok,223737.19
Dawn-Elysium,406,9.7,0.1412,ok,108956.648
Caelum-Dawn,489,41.3,0.4489,ok,235359.795
Aegis-Elysium,2,47.6,0.2356,ok,188465.074
Boreas-Dawn,379,46.4,0.2298,ok,81819.257
Boreas-Elysium,187,29.26,0.1942,ok,109498.884
Aegis-Boreas,341,85.7,0.4122,ok,112743.537
Caelum-Elysium,279,7.3,0.0878,ok,130673.905
Caelum-Elysium,226,14.8,0.1784,ok,145874.929
Boreas-Fenix,365,9.0,0.0534,ok,131124.836
Boreas-Fenix,73,62.2,0.368,ok,221823.369
Boreas-Dawn,359,117.7,0.5827,ok,237878.893
Caelum-Dawn,227,27.3,0.297,ok,153214.486
Caelum-Elysium,61,17.2,0.2072,ok,146897.28
Elysium-Fenix,303,37.8,0.2488,ok,203335.37
Boreas-Fenix,248,54.1,0.3201,ok,193267.259
Caelum-Elysium,114,15.1,0.1822,ok,140764.521
Boreas-Fenix,189,63.1,0.3736,ok,221183.087
Boreas-Dawn,289,35.1,0.1736,ok,77724.359
Dawn-Elysium,81,1.8,0.0261,ok,100437.974
Boreas-Fenix,93,22.0,0.1304,ok,140893.835
Aegis-Elysium,432,84.8,0.4199,ok,294196.392
Aegis-Boreas,180,96.2,0.4623,ok,129307.596
Caelum-Elysium,376,10.3,0.1244,ok,132200.649
Dawn-Fenix,256,50.2,0.3198,ok,103658.478
Boreas-Fenix,274,39.6,0.234,ok,164657.431
Dawn-Fenix,226,53.9,0.3431,ok,108237.612
Boreas-Elysium,45,76.9,0.3752,ok,164355.959
Caelum-Elysium,397,29.9,0.3597,ok,205565.866
Caelum-Dawn,217,26.1,0.2837,ok,149993.519
Boreas-Elysium,132,64.7,0.3158,ok,140443.41
Caelum-Elysium,223,5.6,0.0669,ok,128586.922
Caelum-Fenix,394,33.4,0.2629,ok,146732.467
Caelum-Fenix,40,8.2,0.0649,ok,116415.33
Aegis-Boreas,0,90.0,0.4328,ok,118635.583
Boreas-Elysium,282,61.3,0.2989,ok,134878.184
Aegis-Elysium,421,25.0,0.1239,ok,162835.259
Caelum-Fenix,465,38.2,0.3007,ok,154736.901
Caelum-Fenix,6,20.9,0.1647,ok,289518.923
Caelum-Dawn,25,37.9,0.4122,ok,209552.335
Aegis-Boreas,412,61.5,0.2956,ok,85410.661
Dawn-Elysium,7,35.1,0.5089,ok,262297.409
Dawn-Elysium,478,18.2,0.2635,ok,129982.537
Boreas-Dawn,398,86.2,0.4266,ok,133663.451
Caelum-Dawn,464,47.6,0.517,ok,297627.082
Dawn-Elysium,192,15.6,0.2265,ok,120482.375
Aegis-Dawn,351,10.0,0.1017,ok,125396.281
Boreas-Dawn,144,52.8,0.2613,ok,88560.472
Dawn-Elysium,173,14.2,0.2061,ok,121255.924
Boreas-Dawn,386,52.6,0.2604,ok,84769.505
Boreas-Elysium,390,22.1,0.1078,ok,102880.22
Caelum-Elysium,93,20.0,0.2412,ok,149883.642
Dawn-Elysium,248,10.9,0.1582,ok,111473.16
Dawn-Elysium,35,33.5,0.485,ok,241171.368
Caelum-Dawn,148,51.3,0.5577,ok,345037.788
Dawn-Fenix,170,59.0,0.3757,ok,116553.241
Caelum-Elysium,206,23.7,0.2857,ok,167985.182
Dawn-Elysium,78,20.3,0.2937,ok,138723.043
Dawn-Fenix,240,44.8,0.2852,ok,94387.209
Caelum-Fenix,114,42.1,0.3314,ok,164358.979
Dawn-Fenix,432,45.6,0.2903,ok,94915.715
Aegis-Dawn,76,13.4,0.1366,ok,126501.667
Aegis-Elysium,217,83.9,0.4156,ok,289603.805
Aegis-Elysium,272,43.5,0.2151,ok,182833.003
Caelum-Elysium,150,18.5,0.1674,ok,142803.967
Aegis-Elysium,389,33.2,0.1643,ok,169382.415
Caelum-Dawn,150,20.3,0.2211,ok,134502.844
Caelum-Dawn,213,17.7,0.192,ok,130683.402
Aegis-Dawn,229,13.0,0.1328,ok,125199.296
Caelum-Fenix,286,49.8,0.3919,ok,197232.741
Caelum-Fenix,177,45.2,0.3562,ok,176714.05
Caelum-Fenix,400,33.1,0.2605,ok,140071.589
Boreas-Dawn,24,48.8,0.2418,ok,84969.593
Dawn-Fenix,19,39.9,0.2541,ok,90564.227
Boreas-Fenix,323,49.1,0.2906,ok,183333.367
Dawn-Fenix,16,54.3,0.346,ok,109811.313
Aegis-Dawn,405,42.9,0.4382,ok,236992.462
Boreas-Dawn,219,52.1,0.2577,ok,86296.668
Boreas-Elysium,242,29.0,0.1416,ok,101562.063
Caelum-Elysium,336,39.2,0.4728,ok,289088.536
Caelum-Dawn,306,39.2,0.4258,ok,214275.549
Boreas-Dawn,60,12.4,0.0613,ok,69060.482
Boreas-Fenix,456,22.2,0.1316,ok,146754.363
Aegis-Dawn,258,25.9,0.2643,ok,154297.163
Caelum-Fenix,58,27.9,0.2197,ok,130778.539
Caelum-Dawn,359,22.9,0.2488,ok,138462.294
Boreas-Elysium,29,75.3,0.3675,ok,158544.477
Caelum-Dawn,11,16.6,0.1803,ok,124067.735
Aegis-Elysium,165,45.9,0.227,ok,185558.899
Dawn-Elysium,410,23.0,0.3328,ok,151308.319
Dawn-Fenix,358,32.0,0.2041,ok,81324.905
Boreas-Fenix,8,33.5,0.1981,ok,151969.931
Aegis-Elysium,244,68.1,0.3372,ok,233220.388
Boreas-Elysium,102,45.1,0.2201,ok,114666.031
Aegis-Boreas,200,51.4,0.2472,ok,74000.132
Boreas-Dawn,85,2.2,0.0111,ok,68071.577
Aegis-Dawn,102,15.7,0.1604,ok,127059.283
Boreas-Elysium,225,58.5,0.2853,ok,129499.693
Aegis-Elysium,498,62.5,0.3093,ok,218423.05
Aegis-Dawn,303,31.4,0.3209,ok,168200.58
Caelum-Elysium,24,54.1,0.6513,ok,591110.546
Boreas-Fenix,9,44.5,0.2633,ok,177869.496
Elysium-Fenix,435,86.9,0.5715,ok,527030.162
Boreas-Dawn,433,77.4,0.3832,ok,226219.629
Aegis-Boreas,136,79.8,0.3834,ok,101292.603
Aegis-Boreas,185,39.4,0.1896,ok,69107.789
Dawn-Fenix,353,58.8,0.3745,ok,118056.452
Dawn-Fenix,486,78.6,0.5007,ok,175406.612
Caelum-Dawn,420,14.2,0.1548,ok,122522.763
Boreas-Fenix,198,49.4,0.2921,ok,185212.807
Dawn-Fenix,448,61.8,0.3938,ok,128176.926
Caelum-Dawn,219,22.0,0.239,ok,134331.461
Caelum-Elysium,62,13.6,0.1638,ok,137941.357
Boreas-Elysium,171,48.3,0.2354,ok,121635.941
Aegis-Dawn,185,46.2,0.4714,ok,264482.584
Boreas-Dawn,486,22.7,0.1122,ok,72024.175
Caelum-Fenix,405,19.2,0.1513,ok,124002.063
Caelum-Elysium,400,34.3,0.4137,ok,237389.358
Boreas-Elysium,330,74.1,0.3613,ok,156948.408
Elysium-Fenix,180,39.0,0.2563,ok,212011.677
Boreas-Elysium,493,52.8,0.2574,ok,123010.313
Caelum-Fenix,220,62.7,0.4938,ok,271949.341
Aegis-Boreas,353,39.8,0.1913,ok,68993.785
Elysium-Fenix,307,30.2,0.1987,ok,190416.02
Boreas-Fenix,144,28.7,0.1697,ok,143884.245
Aegis-Dawn,256,71.0,0.7244,ok,797737.106
Dawn-Elysium,226,28.9,0.1716,ok,113349.498
Aegis-Elysium,22,50.8,0.2517,ok,195484.862
Boreas-Fenix,261,62.3,0.3685,ok,219863.759
Caelum-Fenix,47,26.4,0.208,ok,126848.231
Boreas-Elysium,20,47.0,0.2292,ok,120161.457
Caelum-Elysium,44,27.7,0.3342,ok,194010.784
Elysium-Fenix,259,43.7,0.2878,ok,215746.399
Aegis-Elysium,362,56.2,0.2784,ok,209526.181
Caelum-Fenix,69,51.9,0.4088,ok,204682.813
Elysium-Fenix,3,35.2,0.2315,ok,203274.569
Aegis-Dawn,187,40.2,0.4102,ok,216690.654
Boreas-Dawn,376,93.9,0.465,ok,150248.61
Caelum-Dawn,255,35.3,0.384,ok,188437.02
Caelum-Elysium,282,53.6,0.3048,ok,173322.811
Caelum-Fenix,43,57.0,0.4485,ok,232195.477
Boreas-Fenix,479,46.0,0.2721,ok,175790.961
Dawn-Fenix,466,33.6,0.2138,ok,83529.185
Caelum-Fenix,76,53.7,0.4227,ok,211906.621
Caelum-Fenix,439,74.1,0.5838,ok,386237.996
Elysium-Fenix,18,41.7,0.2742,ok,222037.491
Aegis-Elysium,136,39.4,0.1952,ok,175216.664
Elysium-Fenix,165,13.6,0.0895,ok,167399.295
Aegis-Dawn,223,56.3,0.5746,ok,393926.785
Aegis-Elysium,341,43.5,0.2154,ok,181976.532
Caelum-Fenix,179,18.6,0.1463,ok,122210.462
Boreas-Dawn,195,40.9,0.2025,ok,77096.358
Boreas-Fenix,179,64.9,0.3841,ok,233927.407
Caelum-Fenix,107,14.9,0.1176,ok,118314.199
Dawn-Fenix,221,18.1,0.1156,ok,73844.117
Aegis-Boreas,70,38.5,0.1853,ok,67770.858
Caelum-Elysium,5,26.1,0.3147,ok,181415.826
Boreas-Fenix,384,30.4,0.1799,ok,148173.027
Boreas-Elysium,379,79.8,0.3892,ok,169214.613
Caelum-Fenix,167,40.2,0.3167,ok,161496.447
Dawn-Elysium,229,20.3,0.2945,ok,135166.015
Aegis-Dawn,355,19.8,0.2025,ok,136012.947
Aegis-Elysium,285,79.3,0.3924,ok,271833.449
Caelum-Fenix,71,24.0,0.1893,ok,124620.804
Dawn-Fenix,12,59.8,0.3807,ok,122224.404
Boreas-Elysium,481,90.1,0.4397,ok,198073.049
Elysium-Fenix,83,73.94000000000001,0.5451,ok,481225.071
Caelum-Elysium,228,10.6,0.1279,ok,128232.898
Boreas-Fenix,129,87.0,0.5145,ok,355905.851
Dawn-Fenix,342,69.5,0.4424,ok,146126.768
Elysium-Fenix,404,35.9,0.2363,ok,204390.691
Caelum-Fenix,431,45.5,0.3579,ok,177930.718
Aegis-Elysium,201,28.5,0.1411,ok,160433.01
Aegis-Boreas,413,86.1,0.4142,ok,113231.632
Dawn-Fenix,35,73.8,0.4701,ok,160187.782
Dawn-Fenix,142,86.6,0.5513,ok,214449.793
Caelum-Elysium,249,11.7,0.1413,ok,136613.254
Aegis-Elysium,467,64.6,0.3196,ok,219272.816
Boreas-Dawn,234,84.2,0.4169,ok,130280.419
Boreas-Elysium,329,57.5,0.2806,ok,129376.493
Aegis-Elysium,25,91.5,0.4532,ok,320397.445
Boreas-Elysium,445,122.6,0.5979,ok,355327.143
Aegis-Elysium,361,18.8,0.093,ok,157978.993
Caelum-Dawn,84,22.6,0.2454,ok,310513.672
Aegis-Boreas,87,151.6,0.729,ok,411170.431
Elysium-Fenix,60,36.1,0.2376,ok,207465.296
Caelum-Dawn,343,35.7,0.388,ok,195178.029
Dawn-Elysium,189,10.6,0.1535,ok,110103.462
Caelum-Elysium,270,38.6,0.4652,ok,283072.443
Dawn-Elysium,225,29.4,0.4266,ok,199648.686
Dawn-Fenix,378,60.7,0.3865,ok,122351.734
Aegis-Boreas,439,125.6,0.6038,ok,226205.738
Dawn-Fenix,188,93.3,0.5943,ok,257313.568
Boreas-Dawn,495,30.2,0.1494,ok,72913.507
Dawn-Fenix,435,99.5,0.6336,ok,305588.499
Boreas-Dawn,100,34.6,0.1714,ok,75933.548
Caelum-Fenix,222,42.2,0.332,ok,165603.624
Boreas-Dawn,137,85.0,0.4206,ok,128887.829
Caelum-Fenix,434,60.7,0.4777,ok,260051.856
Aegis-Dawn,375,9.4,0.0958,ok,124705.308
Aegis-Dawn,21,25.2,0.2571,ok,146378.659
Caelum-Dawn,137,22.4,0.2435,ok,139369.668
Aegis-Boreas,146,18.0,0.0863,ok,26739.114
Elysium-Fenix,248,20.7,0.1359,ok,176428.802
Boreas-Fenix,224,81.4,0.4816,ok,314255.479
Aegis-Elysium,445,52.9,0.2619,ok,194094.709
Dawn-Elysium,160,9.0,0.1303,ok,108443.998
Elysium-Fenix,377,51.3,0.3374,ok,250588.784
Boreas-Elysium,376,100.5,0.4904,ok,235113.257
Dawn-Fenix,323,82.2,0.5237,ok,193621.009
Aegis-Elysium,195,120.4,0.5961,ok,557782.991
Boreas-Elysium,367,67.3,0.3281,ok,143472.408
Caelum-Dawn,454,22.1,0.2404,ok,138852.126
Boreas-Dawn,373,39.5,0.1954,ok,81118.966
Caelum-Dawn,485,27.6,0.3,ok,156252.447
Aegis-Dawn,72,16.8,0.1716,ok,385372.789
Dawn-Elysium,38,57.6,0.835,ok,3914244.954
Boreas-Elysium,114,17.8,0.087,ok,99652.045
Aegis-Dawn,490,30.8,0.314,ok,167767.057
Caelum-Fenix,444,9.0,0.0708,ok,111586.935
Boreas-Fenix,489,71.4,0.4222,ok,258708.685
Aegis-Dawn,53,40.2,0.4106,ok,214915.091
Caelum-Elysium,188,16.8,0.2019,ok,149398.431
Boreas-Dawn,416,88.1,0.4363,ok,139476.233
Caelum-Elysium,465,19.6,0.2356,ok,151857.322
Elysium-Fenix,321,14.3,0.094,ok,172345.167
Elysium-Fenix,282,24.1,0.1582,ok,181976.479
Elysium-Fenix,382,16.2,0.1066,ok,169228.272
Boreas-Dawn,174,75.8,0.3752,ok,115891.828
Boreas-Elysium,347,90.0,0.4391,ok,195732.627
Aegis-Dawn,165,34.9,0.356,ok,189329.581
Elysium-Fenix,290,9.4,0.0616,ok,166536.787
Aegis-Elysium,13,106.9,0.5292,ok,433415.722
Dawn-Fenix,67,29.0,0.1848,ok,80565.245
Caelum-Elysium,60,7.5,0.0898,ok,131247.594
Boreas-Dawn,261,56.0,0.2773,ok,89388.882
Boreas-Elysium,358,8.0,0.0391,ok,100866.998
Dawn-Fenix,199,25.8,0.1645,ok,77370.315
Dawn-Fenix,357,22.6,0.1436,ok,75228.73
Caelum-Elysium,299,28.8,0.3476,ok,197803.722
Aegis-Boreas,162,24.5,0.1178,ok,63212.956
Boreas-Elysium,408,94.9,0.4627,ok,213394.621
Dawn-Fenix,196,51.5,0.3278,ok,105516.942
Caelum-Elysium,357,35.9,0.4324,ok,251131.078
Aegis-Elysium,140,96.0,0.4752,ok,357796.318
Caelum-Elysium,97,23.1,0.2784,ok,167781.537
Boreas-Elysium,433,30.7,0.1497,ok,103605.057
Dawn-Fenix,72,104.7,0.6671,ok,354357.167
Aegis-Boreas,296,5.5,0.0263,ok,59397.284
Aegis-Dawn,472,13.5,0.1375,ok,126696.9
Caelum-Dawn,439,57.5,0.6245,ok,457746.655
Dawn-Elysium,155,22.0,0.3192,ok,148490.349
Caelum-Dawn,241,22.6,0.2453,ok,138350.198
Caelum-Elysium,134,22.0,0.2649,ok,164760.735
Dawn-Fenix,439,41.9,0.2671,ok,92198.017
Caelum-Fenix,449,71.5,0.5627,ok,351926.581
Caelum-Dawn,214,19.2,0.2091,ok,131564.625
Elysium-Fenix,407,37.8,0.2486,ok,199951.375
Aegis-Dawn,484,45.5,0.4642,ok,260518.764
Boreas-Elysium,468,33.2,0.1622,ok,104053.535
Dawn-Elysium,267,34.5,0.4998,ok,253494.088
Dawn-Fenix,171,61.8,0.3934,ok,123865.006
Elysium-Fenix,94,29.3,0.1927,ok,183913.25
Boreas-Dawn,276,114.8,0.5685,ok,221223.999
Elysium-Fenix,149,70.5,0.464,ok,364287.41
Caelum-Fenix,15,43.4,0.342,ok,170787.07
Caelum-Fenix,130,72.8,0.573,ok,368914.757
Caelum-Elysium,317,13.2,0.159,ok,138035.708
Dawn-Elysium,183,16.5,0.2393,ok,124388.247
Aegis-Elysium,31,15.1,0.0747,ok,160801.61
Caelum-Elysium,319,14.1,0.1697,ok,136231.985
Boreas-Fenix,474,34.160000000000004,0.2604,ok,166714.199
Dawn-Elysium,296,16.6,0.2402,ok,125475.71
Elysium-Fenix,227,42.7,0.2808,ok,223346.826
Aegis-Elysium,27,70.3,0.3481,ok,233862.409
Dawn-Elysium,22,27.9,0.4044,ok,181125.335
Elysium-Fenix,208,24.8,0.1633,ok,177372.953
Dawn-Fenix,454,136.9,0.8717,ok,1328861.224
Caelum-Dawn,304,20.6,0.2244,ok,135090.084
Caelum-Fenix,289,32.8,0.2582,ok,140316.31
Caelum-Elysium,495,53.3,0.6426,ok,568342.01
Dawn-Elysium,50,3.0,0.043,ok,97995.777
Caelum-Dawn,276,8.7,0.0946,ok,116220.451
Dawn-Elysium,261,30.0,0.4342,ok,200367.029
Boreas-Dawn,26,99.8,0.4941,ok,169714.04
Aegis-Elysium,464,67.3,0.3331,ok,228950.874
Aegis-Boreas,272,40.0,0.1924,ok,66068.269
Boreas-Fenix,372,28.8,0.1703,ok,150381.572
Caelum-Dawn,257,57.6,0.6256,ok,463142.377
Boreas-Fenix,313,65.0,0.3848,ok,73787.773
Aegis-Dawn,471,37.1,0.3781,ok,199018.3
Caelum-Fenix,169,30.5,0.2401,ok,137536.656
Caelum-Dawn,223,60.0,0.6517,ok,517926.145
Boreas-Fenix,14,94.1,0.5569,ok,420699.263
Boreas-Elysium,287,127.2,0.6206,ok,390173.934
Elysium-Fenix,16,70.1,0.461,ok,359587.186
Aegis-Boreas,254,59.2,0.2844,ok,83036.77
Boreas-Dawn,166,47.2,0.2338,ok,86339.44
Boreas-Dawn,340,80.5,0.3986,ok,123901.856
Elysium-Fenix,332,77.2,0.5077,ok,418749.357
Caelum-Elysium,316,28.1,0.3387,ok,189702.692
Aegis-Dawn,464,42.9,0.4381,ok,238085.547
Caelum-Dawn,186,19.6,0.2131,ok,131759.273
Aegis-Boreas,276,10.1,0.0487,ok,60692.364
Aegis-Dawn,198,21.8,0.2228,ok,137358.125
Elysium-Fenix,452,23.3,0.1533,ok,176778.113
Boreas-Elysium,1,62.4,0.3042,ok,136083.732
Caelum-Fenix,119,68.0,0.5355,ok,320095.16
Aegis-Elysium,210,82.8,0.4098,ok,283266.907
Elysium-Fenix,271,42.8,0.2813,ok,213775.466
Caelum-Fenix,499,23.7,0.1867,ok,128197.954
Boreas-Fenix,317,62.0,0.367,ok,217946.937
Boreas-Fenix,209,109.4,0.6473,ok,613693.471
Dawn-Fenix,73,80.3,0.5113,ok,183133.843
Boreas-Dawn,366,77.4,0.3834,ok,117841.429
Boreas-Fenix,27,55.4,0.3277,ok,198882.734
Boreas-Elysium,420,30.8,0.1502,ok,106151.797
Boreas-Fenix,449,57.2,0.3383,ok,200790.786
Caelum-Fenix,56,18.3,0.1444,ok,120708.91
Boreas-Elysium,6,28.2,0.1377,ok,106153.873
Aegis-Dawn,137,27.6,0.2816,ok,155481.086
Caelum-Dawn,268,29.6,0.3215,ok,158572.079
Boreas-Elysium,377,108.3,0.5282,ok,271661.314
Boreas-Fenix,150,52.3,0.3097,ok,188275.64
Aegis-Boreas,41,35.3,0.1696,ok,65144.068
Boreas-Dawn,489,38.8,0.1919,ok,78729.383
Boreas-Dawn,224,18.360000000000003,0.1152,ok,72934.822
Elysium-Fenix,289,16.4,0.1077,ok,171550.391
Aegis-Boreas,266,59.0,0.2838,ok,80084.697
Boreas-Fenix,48,24.3,0.1436,ok,146434.447
Aegis-Dawn,384,23.3,0.1635,ok,129749.76
Boreas-Fenix,451,97.0,0.5738,ok,444655.067
Caelum-Fenix,395,59.2,0.4664,ok,248242.204
Dawn-Fenix,84,15.6,0.0993,ok,74124.497
Caelum-Dawn,492,28.5,0.3096,ok,159731.408
Aegis-Elysium,292,44.3,0.2192,ok,181216.462
Aegis-Elysium,182,121.2,0.6001,ok,567540.808
Caelum-Dawn,351,8.2,0.0896,ok,116893.18
Boreas-Elysium,61,70.3,0.3431,ok,150007.228
Aegis-Dawn,80,56.3,0.574,ok,389608.295
Aegis-Dawn,445,17.1,0.1747,ok,132038.499
Boreas-Fenix,233,12.4,0.0732,ok,136415.38
Aegis-Dawn,4,33.9,0.3457,ok,176068.749
Boreas-Elysium,320,48.8,0.2382,ok,119035.82
Aegis-Elysium,384,43.8,0.2167,ok,181490.108
Elysium-Fenix,22,25.5,0.1675,ok,182047.0
Boreas-Fenix,172,35.7,0.2114,ok,153995.081
Aegis-Boreas,8,28.0,0.1348,ok,63452.47
Boreas-Elysium,429,21.4,0.1046,ok,99827.004
Dawn-Fenix,78,43.5,0.2773,ok,94529.877
Caelum-Fenix,379,79.4,0.6255,ok,458582.163
Dawn-Fenix,150,83.5,0.5316,ok,198417.993
Dawn-Fenix,269,40.6,0.2584,ok,87587.701
Boreas-Dawn,19,27.2,0.1347,ok,72214.194
Aegis-Elysium,260,8.3,0.0412,ok,153605.091
Boreas-Fenix,40,82.1,0.486,ok,316649.184
Boreas-Fenix,268,54.9,0.3248,ok,192928.393
Boreas-Dawn,400,35.0,0.1732,ok,75726.231
Boreas-Fenix,348,83.2,0.4923,ok,328182.687
Aegis-Dawn,305,15.8,0.161,ok,124152.096
Boreas-Elysium,384,73.7,0.3593,ok,157491.62
Aegis-Elysium,57,92.2,0.4564,ok,330972.807
Caelum-Elysium,329,15.5,0.1868,ok,139538.483
Caelum-Dawn,327,4.9,0.0536,ok,113147.509
Boreas-Elysium,85,28.1,0.1369,ok,104119.341
Aegis-Elysium,340,38.8,0.1921,ok,172318.789
Boreas-Dawn,368,91.5,0.4531,ok,147716.183
Caelum-Fenix,226,57.0,0.4486,ok,233389.988
Aegis-Boreas,465,61.5,0.2958,ok,83391.094
Aegis-Dawn,419,35.1,0.3584,ok,189701.747
Dawn-Fenix,345,15.8,0.1007,ok,73185.98
Boreas-Fenix,349,48.8,0.2887,ok,182394.361
Aegis-Dawn,314,11.5,0.117,ok,123310.255
Boreas-Fenix,271,65.0,0.3845,ok,228930.411
Elysium-Fenix,322,43.1,0.2838,ok,122241.389
Boreas-Dawn,331,37.1,0.1835,ok,77059.254
Boreas-Elysium,228,111.3,0.5428,ok,282203.946
Caelum-Elysium,257,11.3,0.1365,ok,138369.155
Caelum-Fenix,83,38.0,0.299,ok,153211.425
Boreas-Fenix,37,30.7,0.1814,ok,152665.533
Elysium-Fenix,352,37.2,0.213,ok,194740.153
Dawn-Fenix,167,23.7,0.1507,ok,76967.822
Aegis-Dawn,423,28.1,0.2865,ok,158644.523
Caelum-Elysium,29,25.1,0.3026,ok,174865.701
Aegis-Elysium,143,25.9,0.1284,ok,163879.71
Caelum-Fenix,336,7.0,0.0555,ok,107764.307
Caelum-Fenix,233,32.9,0.2338,ok,136591.761
Aegis-Dawn,52,47.6,0.4858,ok,283792.642
Dawn-Elysium,165,12.0,0.1739,ok,109437.246
Boreas-Fenix,52,69.7,0.4122,ok,253455.5
Dawn-Elysium,366,15.38,0.1,ok,102441.408
Caelum-Fenix,409,49.9,0.393,ok,199090.299
Caelum-Elysium,295,8.9,0.1071,ok,131872.333
Dawn-Elysium,412,48.1,0.6967,ok,584631.218
Boreas-Elysium,403,53.0,0.2587,ok,127270.498
Boreas-Dawn,306,72.6,0.3595,ok,112650.517
Aegis-Dawn,135,50.3,0.5136,ok,309776.632
Aegis-Dawn,94,19.1,0.1952,ok,135754.294
Caelum-Elysium,121,23.6,0.2838,ok,96972.477
Elysium-Fenix,427,30.4,0.2001,ok,188253.839
Aegis-Boreas,354,13.5,0.065,ok,61142.818
Caelum-Fenix,82,24.2,0.1905,ok,123506.272
Caelum-Fenix,272,52.2,0.4107,ok,207925.358
Aegis-Boreas,451,62.6,0.301,ok,82330.299
Boreas-Dawn,494,68.6,0.3398,ok,105117.5
Aegis-Boreas,102,58.1,0.2791,ok,80444.566
Elysium-Fenix,256,39.3,0.2585,ok,206748.823
Dawn-Fenix,368,84.5,0.5382,ok,200969.941
Boreas-Elysium,167,18.2,0.0889,ok,95561.846
Boreas-Dawn,107,87.6,0.4339,ok,134088.056
Caelum-Dawn,70,30.7,0.3337,ok,169883.013
Caelum-Fenix,2,14.8,0.1168,ok,118051.387
Dawn-Elysium,303,8.98,0.0565,ok,99054.818
Caelum-Dawn,187,16.82,0.152,ok,121447.81
Boreas-Dawn,87,22.5,0.1115,ok,73228.219
Aegis-Elysium,11,40.1,0.1986,ok,171974.933
Dawn-Fenix,488,51.1,0.3256,ok,106248.742
Aegis-Dawn,49,29.6,0.3021,ok,167080.728
Aegis-Boreas,183,35.4,0.1702,ok,68647.128
Boreas-Fenix,84,4.3,0.0253,ok,137232.014
Dawn-Elysium,20,7.5,0.1082,ok,41453.206
Dawn-Elysium,332,16.5,0.2398,ok,123587.54
Dawn-Fenix,136,55.8,0.3553,ok,113327.555
Aegis-Dawn,96,49.4,0.5036,ok,297094.386
Caelum-Dawn,411,32.0,0.3477,ok,176380.513
Aegis-Dawn,116,51.7,0.5274,ok,329052.463
Dawn-Elysium,476,39.6,0.5743,ok,337433.983
Caelum-Dawn,344,32.4,0.3524,ok,173190.504
Boreas-Elysium,488,72.2,0.3523,ok,154543.707
Elysium-Fenix,130,65.2,0.4291,ok,325368.65
Caelum-Fenix,327,14.7,0.1156,ok,119260.203
Elysium-Fenix,179,61.3,0.4036,ok,299382.31
Boreas-Elysium,317,28.639999999999997,0.233,ok,117794.733
Caelum-Dawn,484,27.5,0.2986,ok,155954.946
Boreas-Fenix,107,51.5,0.3048,ok,187301.936
Caelum-Elysium,243,27.2,0.3279,ok,187016.689
Aegis-Boreas,396,155.5,0.7478,ok,459586.25
Aegis-Dawn,389,55.9,0.5701,ok,386598.85
Boreas-Dawn,470,67.4,0.3335,ok,102224.021
Aegis-Boreas,381,87.6,0.4213,ok,115871.859
Caelum-Dawn,448,31.3,0.3397,ok,168725.955
Dawn-Elysium,6,39.239999999999995,0.255,ok,131783.139
Dawn-Fenix,169,12.5,0.1006,ok,70206.198
Aegis-Elysium,160,104.3,0.5164,ok,410377.84
Caelum-Dawn,493,12.5,0.1355,ok,116786.184
Boreas-Elysium,475,82.3,0.4015,ok,176205.198
Dawn-Fenix,272,25.2,0.1606,ok,78067.398
Aegis-Elysium,400,94.0,0.4651,ok,339221.712
Boreas-Elysium,298,134.7,0.6571,ok,466575.95
Dawn-Fenix,497,30.4,0.1937,ok,77910.922
Elysium-Fenix,287,64.0,0.4211,ok,316346.505
Dawn-Elysium,40,9.7,0.14,ok,107170.73
Boreas-Elysium,355,61.6,0.3003,ok,135578.591
Caelum-Elysium,479,16.9,0.2034,ok,143673.414
Elysium-Fenix,308,81.4,0.5353,ok,466273.477
Aegis-Elysium,229,40.2,0.199,ok,178454.901
Caelum-Elysium,20,61.4,0.7398,ok,929651.756
Caelum-Elysium,157,5.3,0.0643,ok,130797.93
Aegis-Elysium,491,54.4,0.2695,ok,202949.786
Boreas-Fenix,307,97.7,0.5782,ok,451624.066
Caelum-Dawn,182,43.9,0.4772,ok,256184.658
Caelum-Elysium,92,44.0,0.5296,ok,354776.462
Dawn-Elysium,475,5.3,0.0774,ok,102133.754
Boreas-Dawn,33,23.8,0.1178,ok,72821.171
Aegis-Dawn,413,35.7,0.3646,ok,189066.773
Boreas-Elysium,410,145.4,0.7093,ok,600589.815
Boreas-Fenix,262,67.8,0.4009,ok,238986.641
Dawn-Elysium,253,12.8,0.1857,ok,117031.142
Dawn-Fenix,437,26.7,0.1704,ok,76233.818
Aegis-Elysium,310,58.0,0.2873,ok,205541.988
Caelum-Dawn,190,75.8,0.8236,ok,1397542.12
Aegis-Dawn,376,40.8,0.4162,ok,222257.29
Caelum-Fenix,178,22.2,0.1746,ok,120199.125
Aegis-Dawn,105,23.9,0.2439,ok,144008.579
Aegis-Boreas,211,78.5,0.3775,ok,101770.817
Boreas-Dawn,216,54.2,0.2684,ok,89582.762
Boreas-Elysium,109,51.5,0.251,ok,121130.223
Aegis-Dawn,446,29.7,0.3035,ok,166361.366
Aegis-Dawn,156,31.3,0.3197,ok,171080.306
Caelum-Fenix,208,22.2,0.1746,ok,123465.49
Boreas-Elysium,68,71.0,0.3463,ok,152945.635
Aegis-Boreas,169,122.2,0.5876,ok,209328.5
Caelum-Fenix,297,10.6,0.0831,ok,116243.241
Caelum-Elysium,393,13.2,0.1594,ok,134064.506
Dawn-Fenix,387,50.4,0.3207,ok,102844.579
Caelum-Elysium,378,25.4,0.3055,ok,177740.623
Aegis-Dawn,142,30.5,0.3107,ok,169074.891
Aegis-Dawn,414,17.5,0.1784,ok,128986.82
Boreas-Dawn,0,57.8,0.286,ok,92863.997
Caelum-Dawn,106,63.1,0.6855,ok,611522.482
Caelum-Fenix,25,6.1,0.0482,ok,106304.176
Aegis-Dawn,69,8.9,0.0911,ok,117016.078
Dawn-Elysium,216,29.4,0.1726,ok,110643.637
Elysium-Fenix,50,46.5,0.306,ok,228941.147
Dawn-Fenix,48,50.5,0.3214,ok,104144.186
Caelum-Dawn,245,23.0,0.2505,ok,138569.593
Caelum-Elysium,112,17.8,0.1171,ok,130632.352
Dawn-Fenix,415,24.6,0.157,ok,77054.835
Dawn-Elysium,393,36.9,0.5341,ok,289794.18
Boreas-Fenix,485,28.1,0.1662,ok,145600.997
Boreas-Dawn,451,91.9,0.4551,ok,149181.359
Boreas-Fenix,279,76.5,0.4526,ok,287779.865
Elysium-Fenix,0,9.9,0.0651,ok,160726.808
Aegis-Dawn,167,43.7,0.4455,ok,106034.435
Dawn-Fenix,65,55.3,0.3519,ok,110633.128
Caelum-Fenix,63,15.0,0.1181,ok,114038.137
Elysium-Fenix,357,6.3,0.0417,ok,165554.79
Aegis-Dawn,163,9.5,0.0974,ok,123472.734
Dawn-Elysium,401,30.9,0.4483,ok,211912.474
Dawn-Elysium,3,38.4,0.5561,ok,319175.446
Boreas-Elysium,421,113.4,0.5532,ok,298198.775
Caelum-Fenix,62,52.3,0.4122,ok,209876.348
Caelum-Elysium,128,38.9,0.4684,ok,282200.933
Boreas-Elysium,196,17.3,0.0842,ok,99208.853
Caelum-Fenix,404,44.1,0.3469,ok,173752.858
Caelum-Fenix,186,57.0,0.4485,ok,232612.883
Aegis-Elysium,438,78.3,0.3876,ok,260852.788
Caelum-Elysium,360,24.6,0.2961,ok,169669.701
Aegis-Dawn,462,8.9,0.0912,ok,121173.703
Aegis-Dawn,68,34.3,0.3501,ok,187476.067
Boreas-Dawn,18,92.8,0.4594,ok,148205.561
Boreas-Fenix,432,61.6,0.3648,ok,220873.291
Boreas-Fenix,229,51.839999999999996,0.4998,ok,333009.637
Boreas-Dawn,491,10.0,0.0497,ok,66333.027
Boreas-Fenix,381,89.9,0.5319,ok,377481.91
Boreas-Elysium,124,74.8,0.3649,ok,158875.04
Boreas-Elysium,414,105.3,0.5138,ok,254129.563
Boreas-Dawn,475,107.08,0.6326,ok,293350.433
Boreas-Dawn,217,12.5,0.0617,ok,69636.898
Aegis-Elysium,18,57.8,0.44,ok,309738.541
Elysium-Fenix,263,12.0,0.0789,ok,171448.109
Boreas-Elysium,197,10.0,0.0489,ok,99920.15
Dawn-Fenix,209,10.3,0.0655,ok,70665.486
Dawn-Elysium,76,25.9,0.3757,ok,170051.983
Dawn-Fenix,386,31.3,0.1996,ok,81724.561
Elysium-Fenix,454,45.8,0.301,ok,228484.787
Aegis-Dawn,372,27.3,0.2782,ok,161698.132
Aegis-Dawn,125,59.8,0.6101,ok,457030.84
Boreas-Elysium,293,112.4,0.5481,ok,292472.981
Dawn-Elysium,271,6.5200000000000005,0.0437,ok,102452.289
Dawn-Elysium,466,35.4,0.5124,ok,264166.523
Elysium-Fenix,107,54.2,0.3568,ok,263316.515
Boreas-Dawn,154,26.8,0.1326,ok,75033.821
Dawn-Fenix,103,22.2,0.1415,ok,75632.181
Caelum-Dawn,437,26.8,0.2918,ok,151294.267
Caelum-Elysium,204,6.24,0.041,ok,123883.474
Aegis-Elysium,121,95.8,0.4741,ok,349006.658
Boreas-Dawn,360,79.2,0.3923,ok,121121.968
Elysium-Fenix,262,6.0,0.0392,ok,161284.788
Aegis-Elysium,346,71.5,0.3539,ok,247252.591
Caelum-Fenix,155,16.3,0.1281,ok,116343.126
Elysium-Fenix,153,13.4,0.0883,ok,166642.165
Elysium-Fenix,201,96.2,0.6329,ok,702226.215
Boreas-Dawn,423,94.1,0.4658,ok,151656.153
Dawn-Fenix,74,55.4,0.3532,ok,109915.342
Aegis-Elysium,66,68.6,0.3398,ok,233377.717
Aegis-Elysium,16,41.6,0.2059,ok,174581.008
Aegis-Elysium,390,112.5,0.5569,ok,477341.723
Elysium-Fenix,341,54.6,0.3591,ok,259874.043
Aegis-Boreas,495,74.3,0.357,ok,94421.752
Boreas-Fenix,439,64.6,0.3824,ok,225565.147
Dawn-Fenix,337,59.2,0.377,ok,118604.569
Boreas-Dawn,226,92.8,0.4594,ok,147297.228
Elysium-Fenix,68,53.8,0.354,ok,252400.284
Dawn-Fenix,123,106.4,0.678,ok,374137.417
Boreas-Fenix,145,60.3,0.3567,ok,211845.194
Dawn-Fenix,218,94.6,0.6027,ok,264548.315
Caelum-Dawn,366,31.5,0.3423,ok,171328.972
Caelum-Elysium,8,20.1,0.2421,ok,155172.191
Aegis-Elysium,439,40.3,0.1997,ok,178810.915
Aegis-Dawn,268,31.4,0.3205,ok,169607.182
Dawn-Elysium,109,5.6,0.0807,ok,104554.613
Caelum-Fenix,363,89.6,0.5652,ok,361080.279
Aegis-Dawn,406,59.6,0.6077,ok,454857.853
Caelum-Dawn,107,47.6,0.5169,ok,297393.741
Aegis-Elysium,198,84.8,0.4199,ok,286852.116
Aegis-Elysium,43,1.5,0.0073,ok,63360.079
Aegis-Elysium,401,31.4,0.1556,ok,168365.001
Aegis-Dawn,63,22.2,0.2264,ok,140579.812
Aegis-Elysium,153,102.7,0.5083,ok,395125.554
Aegis-Elysium,189,48.7,0.241,ok,192953.907
Elysium-Fenix,312,12.4,0.0818,ok,171862.153
Caelum-Elysium,189,32.1,0.3873,ok,216528.78
Boreas-Elysium,368,14.0,0.0685,ok,99904.129
Dawn-Elysium,346,18.3,0.2646,ok,131925.92
Caelum-Dawn,95,46.6,0.5062,ok,282483.228
Aegis-Boreas,61,83.1,0.3995,ok,106653.281
Caelum-Elysium,418,23.6,0.2842,ok,169162.533
Boreas-Elysium,31,35.6,0.1737,ok,102833.1
Dawn-Fenix,458,67.1,0.4275,ok,137891.194
Elysium-Fenix,417,10.3,0.0678,ok,169657.137
Elysium-Fenix,26,52.4,0.3444,ok,252534.336
Boreas-Fenix,442,15.3,0.0903,ok,140444.348
Dawn-Fenix,190,72.1,0.4593,ok,150959.493
Caelum-Dawn,283,21.4,0.2321,ok,137272.353
Aegis-Elysium,129,37.3,0.1848,ok,172963.911
Dawn-Elysium,32,12.4,0.1794,ok,113993.354
Elysium-Fenix,204,27.3,0.1798,ok,187178.239
Elysium-Fenix,43,16.0,0.1054,ok,165335.703
Dawn-Fenix,101,53.8,0.343,ok,108250.716
Boreas-Fenix,249,49.6,0.2936,ok,186680.752
Caelum-Dawn,380,66.2,0.7199,ok,733653.006
Caelum-Dawn,271,52.1,0.5665,ok,364652.551
Aegis-Dawn,482,33.7,0.3436,ok,184171.291
Aegis-Elysium,131,27.1,0.1343,ok,161834.552
Aegis-Boreas,194,91.3,0.4391,ok,121846.061
Dawn-Elysium,418,26.9,0.3893,ok,177273.058
Caelum-Fenix,0,19.5,0.1534,ok,120367.491
Boreas-Elysium,184,47.9,0.2336,ok,114837.112
Boreas-Elysium,359,97.7,0.4764,ok,225036.076
Caelum-Elysium,38,30.4,0.3667,ok,207328.35
Elysium-Fenix,363,50.9,0.3349,ok,245947.247
Boreas-Elysium,119,113.8,0.5552,ok,295946.049
Caelum-Elysium,140,50.519999999999996,0.3576,ok,202330.196
Boreas-Dawn,62,24.7,0.1223,ok,71509.301
Dawn-Elysium,103,9.7,0.1404,ok,108412.733
Aegis-Boreas,234,32.8,0.1579,ok,64518.643
Aegis-Elysium,60,22.5,0.1112,ok,159270.868
Boreas-Fenix,201,121.4,0.7183,ok,869525.443
Boreas-Elysium,21,37.8,0.1844,ok,109545.15
Caelum-Fenix,161,84.0,0.6612,ok,547509.878
Dawn-Fenix,381,66.2,0.4215,ok,133507.465
Aegis-Elysium,473,25.5,0.1262,ok,161558.053
Boreas-Elysium,288,87.6,0.4275,ok,188895.695
Aegis-Dawn,226,14.8,0.1511,ok,126164.45
Aegis-Elysium,179,94.5,0.468,ok,341357.837
Caelum-Fenix,410,53.9,0.4244,ok,217297.385
Caelum-Elysium,467,27.2,0.3281,ok,192125.259
Boreas-Dawn,363,24.9,0.1233,ok,73809.368
Boreas-Fenix,253,83.9,0.4966,ok,333003.183
Caelum-Dawn,231,40.7,0.442,ok,227924.424
Dawn-Elysium,325,9.3,0.135,ok,107329.419
Aegis-Elysium,84,33.6,0.1665,ok,177294.08
Elysium-Fenix,313,31.1,0.2049,ok,188953.783
Boreas-Elysium,366,39.3,0.1919,ok,110426.521
Dawn-Elysium,324,18.9,0.2738,ok,133893.728
Elysium-Fenix,423,79.7,0.5242,ok,449084.561
Aegis-Boreas,321,32.5,0.1561,ok,67251.998
Boreas-Fenix,269,18.9,0.1117,ok,138900.495
Boreas-Elysium,391,87.5,0.427,ok,192780.106
Caelum-Fenix,340,47.6,0.375,ok,187085.89
Caelum-Fenix,280,34.4,0.2708,ok,148657.511
Boreas-Fenix,164,61.1,0.3617,ok,216584.83
Aegis-Elysium,485,44.3,0.2195,ok,182767.327
Aegis-Elysium,83,16.3,0.0807,ok,155935.339
Boreas-Elysium,266,97.7,0.4767,ok,221576.764
Caelum-Dawn,118,51.2,0.3078,ok,154648.205
Caelum-Dawn,278,16.7,0.1813,ok,124326.307
Dawn-Elysium,483,18.2,0.2632,ok,129202.238
Boreas-Dawn,336,60.6,0.3001,ok,97743.128
Caelum-Fenix,237,42.7,0.3361,ok,164855.895
Caelum-Elysium,320,17.0,0.2043,ok,145867.097
Caelum-Elysium,164,39.2,0.4717,ok,288283.596
Caelum-Dawn,478,7.4,0.0808,ok,114147.243
Boreas-Fenix,137,27.1,0.1605,ok,146953.062
Aegis-Dawn,412,43.6,0.4452,ok,245829.333
Dawn-Fenix,61,10.7,0.0681,ok,69826.935
Caelum-Fenix,489,20.1,0.1583,ok,121276.569
Boreas-Dawn,76,26.8,0.1325,ok,70557.418
Boreas-Elysium,15,64.9,0.3168,ok,144165.829
Aegis-Boreas,467,59.4,0.2856,ok,80191.047
Dawn-Elysium,431,11.6,0.1686,ok,114495.154
Dawn-Elysium,398,21.0,0.3038,ok,144168.639
Elysium-Fenix,456,57.4,0.3774,ok,282146.303
Caelum-Elysium,72,33.7,0.4056,ok,233477.215
Aegis-Boreas,372,8.2,0.0394,ok,61756.596
Boreas-Elysium,292,25.0,0.1218,ok,98957.73
Aegis-Elysium,191,55.5,0.2749,ok,552403.116
Dawn-Elysium,282,25.4,0.3681,ok,166229.418
Boreas-Elysium,260,72.6,0.3543,ok,152550.322
Boreas-Dawn,417,14.4,0.0711,ok,70065.948
Aegis-Elysium,101,58.0,0.2872,ok,211111.875
Boreas-Fenix,74,39.08,0.2418,ok,162542.979
Aegis-Boreas,23,58.9,0.2832,ok,79816.536
Boreas-Elysium,164,146.2,0.7133,ok,616024.493
Boreas-Dawn,228,70.1,0.347,ok,108474.987
Dawn-Elysium,180,28.2,0.4094,ok,186419.245
Caelum-Fenix,326,44.7,0.3516,ok,175435.171
Boreas-Fenix,366,61.2,0.3619,ok,220111.659
Caelum-Elysium,446,23.9,0.2876,ok,171797.654
Dawn-Elysium,378,14.8,0.2141,ok,117774.0
Boreas-Fenix,82,57.3,0.3393,ok,204054.884
Boreas-Elysium,439,12.1,0.0588,ok,98642.46
Aegis-Boreas,480,49.2,0.2365,ok,72801.42
Aegis-Elysium,117,7.0,0.0348,ok,157003.115
Aegis-Boreas,92,131.6,0.6325,ok,256867.416
Aegis-Elysium,499,109.4,0.5414,ok,441263.223
Caelum-Elysium,88,30.1,0.3629,ok,200899.283
Aegis-Boreas,290,49.5,0.238,ok,76486.661
Boreas-Fenix,98,34.0,0.2011,ok,152734.999
Aegis-Boreas,482,18.8,0.0906,ok,60863.138
Aegis-Boreas,220,18.2,0.0874,ok,61478.054
Boreas-Fenix,206,41.2,0.2439,ok,165491.915
Caelum-Dawn,393,49.5,0.5378,ok,321265.667
Caelum-Dawn,38,2.8,0.0306,ok,110460.477
Boreas-Fenix,199,36.8,0.2175,ok,155635.172
Aegis-Elysium,434,42.9,0.2123,ok,176132.658
Aegis-Boreas,242,34.4,0.1655,ok,66099.369
Caelum-Elysium,263,22.1,0.2668,ok,169039.423
Aegis-Dawn,121,16.7,0.17,ok,126855.951
Dawn-Fenix,297,129.7,0.8259,ok,901603.425
Boreas-Elysium,360,56.4,0.2751,ok,129322.911
Dawn-Elysium,375,7.9,0.1151,ok,108063.912
Boreas-Elysium,393,27.6,0.1346,ok,100644.161
Aegis-Dawn,189,11.2,0.1146,ok,122782.765
Elysium-Fenix,450,115.5,0.7597,ok,1345420.676
Boreas-Elysium,396,25.6,0.125,ok,101695.091
Elysium-Fenix,158,86.6,0.5696,ok,534886.423
Caelum-Fenix,315,80.5,0.6336,ok,478820.234
Caelum-Elysium,35,14.2,0.1713,ok,142618.936
Dawn-Fenix,470,12.9,0.0819,ok,73459.491
Elysium-Fenix,10,39.9,0.2626,ok,204607.9
Caelum-Dawn,124,25.8,0.2806,ok,146135.726
Dawn-Fenix,333,49.0,0.3119,ok,99655.587
Aegis-Dawn,312,29.4,0.3,ok,160317.758
Boreas-Fenix,161,104.0,0.6152,ok,533313.45
Caelum-Fenix,454,17.9,0.1412,ok,121922.732
Caelum-Fenix,484,20.9,0.1645,ok,124823.565
Dawn-Elysium,235,26.2,0.3801,ok,172870.249
Dawn-Fenix,443,34.5,0.22,ok,82999.391
Dawn-Fenix,236,37.7,0.2401,ok,87853.489
Elysium-Fenix,293,49.3,0.3243,ok,238197.309
Aegis-Dawn,214,15.1,0.1537,ok,126122.906
Boreas-Dawn,330,15.7,0.0776,ok,69979.713
Dawn-Elysium,215,14.1,0.205,ok,119106.246
Dawn-Elysium,136,12.6,0.1831,ok,116498.013
Boreas-Fenix,466,57.8,0.3422,ok,206979.804
Caelum-Dawn,169,43.4,0.4716,ok,252751.541
Boreas-Elysium,279,14.1,0.0687,ok,99548.464
Caelum-Elysium,115,28.2,0.3393,ok,195363.059
Boreas-Dawn,438,108.9,0.5391,ok,201434.197
Aegis-Dawn,7,45.0,0.2819,ok,160323.128
Boreas-Dawn,266,60.2,0.2979,ok,93954.892
Boreas-Elysium,339,60.0,0.2925,ok,132129.303
Caelum-Fenix,435,24.6,0.1937,ok,126964.238
Boreas-Elysium,434,151.1,0.7373,ok,700188.456
Aegis-Dawn,315,19.0,0.1939,ok,133220.48
Aegis-Dawn,42,21.1,0.2148,ok,141750.861
Aegis-Dawn,43,12.7,0.1294,ok,122776.198
Caelum-Elysium,355,54.9,0.6618,ok,620988.964
Caelum-Dawn,72,67.1,0.7297,ok,769957.496
Dawn-Elysium,328,4.2,0.0612,ok,101565.498
Boreas-Fenix,12,85.7,0.5069,ok,344064.167
Boreas-Elysium,316,62.0,0.3022,ok,131720.348
Dawn-Elysium,17,1.2,0.017,ok,101882.327
Aegis-Dawn,313,31.1,0.3178,ok,169390.288
Dawn-Elysium,187,19.9,0.2887,ok,137601.132
Caelum-Elysium,333,25.2,0.3041,ok,179224.92
Boreas-Dawn,81,117.0,0.5792,ok,235059.938
Boreas-Dawn,472,64.8,0.3206,ok,98843.851
Aegis-Dawn,178,26.8,0.2737,ok,158489.835
Caelum-Elysium,287,20.0,0.2414,ok,160289.811
Dawn-Elysium,411,10.0,0.1454,ok,106457.064
Aegis-Boreas,380,96.5,0.464,ok,132820.295
Dawn-Fenix,234,43.7,0.2784,ok,91728.397
Caelum-Elysium,80,37.8,0.4553,ok,270088.331
Aegis-Boreas,123,97.9,0.4705,ok,137122.912
Aegis-Boreas,390,61.4,0.2954,ok,81595.889
Caelum-Fenix,136,29.9,0.2355,ok,136994.09
Boreas-Elysium,325,48.4,0.2363,ok,121391.44
Dawn-Fenix,428,81.4,0.5188,ok,77260.909
Boreas-Dawn,187,35.1,0.1735,ok,75662.717
Caelum-Dawn,13,40.5,0.4398,ok,228684.832
Caelum-Elysium,460,4.7,0.0563,ok,130396.531
Aegis-Elysium,8,13.9,0.0686,ok,153981.624
Dawn-Fenix,396,52.4,0.3337,ok,105142.668
Boreas-Fenix,127,94.7,0.5606,ok,421733.795
Elysium-Fenix,498,27.7,0.1825,ok,185610.526
Dawn-Elysium,64,34.7,0.5034,ok,259429.364
Caelum-Fenix,37,22.7,0.179,ok,126693.707
Aegis-Boreas,370,71.0,0.3412,ok,92075.13
Caelum-Fenix,131,57.6,0.3788,ok,191040.951
Boreas-Fenix,29,23.7,0.1403,ok,144469.146
Elysium-Fenix,79,57.3,0.3768,ok,275268.186
Dawn-Fenix,64,31.1,0.1982,ok,191332.475
Boreas-Elysium,294,144.9,0.7067,ok,595047.011
Dawn-Elysium,195,16.2,0.235,ok,124047.025
Boreas-Fenix,185,47.9,0.2835,ok,179394.435
Boreas-Elysium,133,72.9,0.3557,ok,155834.842
Dawn-Fenix,97,25.9,0.1653,ok,229306.25
Aegis-Dawn,304,24.7,0.2517,ok,148609.307
Aegis-Elysium,347,47.0,0.2325,ok,188263.378
Elysium-Fenix,399,65.1,0.4281,ok,324398.475
Elysium-Fenix,181,74.9,0.4924,ok,402438.655
Boreas-Fenix,205,20.1,0.1187,ok,136586.441
Dawn-Fenix,478,33.3,0.2118,ok,84215.167
Aegis-Elysium,483,28.9,0.1433,ok,164478.795
Aegis-Elysium,293,32.18,0.2052,ok,177225.731
Caelum-Elysium,166,16.82,0.1037,ok,137500.765
Aegis-Boreas,452,35.1,0.1687,ok,64847.32
Boreas-Dawn,251,23.6,0.1171,ok,69614.139
Aegis-Boreas,376,81.3,0.391,ok,105956.908
Caelum-Elysium,90,34.7,0.418,ok,239969.469
Aegis-Boreas,239,3.6,0.0173,ok,58698.618
Dawn-Fenix,104,60.8,0.3871,ok,122829.142
Aegis-Boreas,153,26.8,0.1289,ok,64033.287
Dawn-Fenix,268,71.0,0.452,ok,148617.255
Caelum-Dawn,226,30.3,0.3291,ok,161452.348
Dawn-Elysium,380,14.4,0.2094,ok,116906.715
Aegis-Boreas,423,26.7,0.1282,ok,63039.999
Boreas-Elysium,190,82.4,0.4021,ok,177664.177
Aegis-Boreas,91,112.1,0.5392,ok,172541.647
Caelum-Dawn,417,30.5,0.3317,ok,168880.233
Aegis-Dawn,380,13.5,0.1375,ok,124360.147
Aegis-Elysium,78,151.1,0.7478,ok,1177731.023
Caelum-Elysium,67,15.9,0.1911,ok,143704.458
Caelum-Fenix,324,38.5,0.3033,ok,77695.261
Caelum-Elysium,201,37.96,0.284,ok,166623.544
Caelum-Dawn,121,6.5,0.0709,ok,117809.426
Caelum-Fenix,346,41.9,0.3301,ok,162798.556
Boreas-Fenix,247,9.2,0.0545,ok,136020.063
Elysium-Fenix,185,68.9,0.4534,ok,355040.701
Elysium-Fenix,74,25.1,0.165,ok,171525.648
Aegis-Dawn,392,23.6,0.2403,ok,144296.404
Caelum-Dawn,140,23.0,0.25,ok,139926.36
Aegis-Boreas,83,6.3,0.0304,ok,59199.132
Caelum-Dawn,126,15.1,0.1637,ok,122681.206
Boreas-Elysium,357,37.2,0.1813,ok,106535.023
Caelum-Elysium,394,24.6,0.2964,ok,171157.004
Dawn-Fenix,472,41.7,0.2653,ok,91322.254
Elysium-Fenix,234,15.1,0.0993,ok,169341.544
Aegis-Dawn,288,37.3,0.3804,ok,198909.187
Caelum-Elysium,459,42.5,0.5124,ok,328743.753
Caelum-Elysium,456,29.7,0.358,ok,205997.376
Boreas-Elysium,389,65.4,0.3188,ok,137194.625
Caelum-Elysium,26,10.4,0.1257,ok,132032.267
Caelum-Fenix,211,6.8,0.0533,ok,114478.881
Dawn-Elysium,479,10.2,0.1472,ok,111825.622
Dawn-Elysium,276,15.2,0.2205,ok,120602.653
Caelum-Fenix,486,17.9,0.1409,ok,118696.428
Dawn-Elysium,428,32.3,0.4677,ok,225109.144
Boreas-Elysium,284,37.9,0.1849,ok,110588.868
Aegis-Boreas,440,64.9,0.3118,ok,88162.305
Aegis-Boreas,407,90.3,0.4343,ok,120752.001
Dawn-Elysium,152,5.7,0.0833,ok,102840.499
Elysium-Fenix,168,23.2,0.1527,ok,180233.608
Boreas-Elysium,348,77.9,0.3801,ok,167150.777
Aegis-Boreas,109,127.2,0.6118,ok,232534.457
Boreas-Fenix,292,39.660000000000004,0.2578,ok,171986.637
Elysium-Fenix,218,22.1,0.1453,ok,179885.084
Caelum-Fenix,453,15.0,0.1182,ok,64638.407
Caelum-Fenix,266,88.3,0.6951,ok,644202.197
Caelum-Elysium,315,39.3,0.4735,ok,287469.191
Boreas-Elysium,41,66.9,0.3262,ok,140495.121
Boreas-Dawn,28,44.7,0.2212,ok,80378.921
Boreas-Dawn,353,19.3,0.0957,ok,69816.581
Caelum-Dawn,449,30.3,0.3294,ok,165369.155
Caelum-Elysium,309,20.5,0.2474,ok,158155.143
Caelum-Elysium,177,45.6,0.5499,ok,380744.21
Elysium-Fenix,243,27.8,0.1831,ok,191176.021
Boreas-Dawn,159,113.3,0.5608,ok,215140.181
Dawn-Elysium,137,19.7,0.2848,ok,137534.255
Boreas-Dawn,310,72.6,0.3592,ok,109599.35
Elysium-Fenix,214,35.9,0.2362,ok,205299.676
Dawn-Fenix,317,54.9,0.3499,ok,112476.674
Aegis-Boreas,189,136.5,0.6561,ok,285900.44
Boreas-Dawn,377,88.6,0.4388,ok,140616.691
Boreas-Elysium,469,13.7,0.0671,ok,100272.579
Boreas-Elysium,33,18.4,0.0896,ok,95332.202
Aegis-Dawn,231,35.6,0.3632,ok,188936.514
Boreas-Fenix,56,134.5,0.7956,ok,1380490.551
Caelum-Elysium,321,19.5,0.2345,ok,149839.962
Aegis-Dawn,17,21.6,0.2207,ok,143236.54
Dawn-Elysium,161,15.3,0.2215,ok,120517.081
Aegis-Boreas,484,118.8,0.5713,ok,195566.221
Caelum-Elysium,148,53.2,0.6411,ok,558210.449
Dawn-Fenix,182,95.2,0.6065,ok,268229.736
Aegis-Boreas,179,57.8,0.2779,ok,78903.933
Caelum-Fenix,184,78.8,0.6202,ok,448422.986
Elysium-Fenix,326,12.0,0.0787,ok,168314.053
Dawn-Fenix,338,28.3,0.1805,ok,78830.144
Boreas-Fenix,157,75.7,0.448,ok,275874.663
Elysium-Fenix,442,56.620000000000005,0.3515,ok,263387.391
Caelum-Fenix,8,69.9,0.55,ok,339057.601
Boreas-Elysium,370,36.8,0.1797,ok,109268.172
Caelum-Dawn,222,23.4,0.254,ok,144638.79
Boreas-Elysium,214,55.9,0.2726,ok,124717.128
Aegis-Dawn,441,30.8,0.314,ok,170318.705
Boreas-Dawn,15,34.5,0.1707,ok,80179.088
Boreas-Elysium,2,54.0,0.2635,ok,125929.865
Boreas-Fenix,318,19.5,0.1151,ok,142913.157
Caelum-Fenix,46,63.0,0.4957,ok,276399.295
Aegis-Dawn,270,21.2,0.2159,ok,396295.407
Boreas-Elysium,406,29.7,0.1449,ok,102951.247
Boreas-Fenix,66,52.5,0.3107,ok,187328.398
Dawn-Elysium,91,25.9,0.375,ok,165027.238
Dawn-Elysium,399,5.6,0.0819,ok,101277.633
Aegis-Elysium,265,67.2,0.3324,ok,230011.674
Aegis-Dawn,30,85.12,0.4961,ok,293381.141
Dawn-Elysium,474,31.8,0.4615,ok,223776.992
Caelum-Elysium,53,36.0,0.4339,ok,254171.666
Dawn-Elysium,199,25.8,0.3742,ok,170901.265
Dawn-Fenix,427,55.9,0.3559,ok,112765.42
Boreas-Dawn,120,27.9,0.1384,ok,73936.716
Caelum-Dawn,166,22.7,0.2465,ok,137347.985
Dawn-Fenix,89,23.8,0.1514,ok,78883.502
Boreas-Elysium,311,48.4,0.2359,ok,118048.717
Boreas-Fenix,184,3.9,0.0232,ok,132793.119
Caelum-Elysium,136,53.3,0.6422,ok,562385.959
Boreas-Elysium,140,29.5,0.1439,ok,104806.057
Aegis-Dawn,299,19.9,0.2026,ok,135967.218
Elysium-Fenix,342,45.58,0.4088,ok,307493.522
Boreas-Dawn,78,53.8,0.2663,ok,91050.891
Caelum-Dawn,275,22.1,0.2403,ok,136317.608
Elysium-Fenix,369,24.5,0.1612,ok,178442.397
Aegis-Boreas,437,104.3,0.5015,ok,150983.472
Aegis-Boreas,128,93.4,0.4491,ok,123483.547
Dawn-Elysium,482,28.1,0.4074,ok,184830.895
Caelum-Elysium,64,16.4,0.1971,ok,148217.151
Caelum-Elysium,491,20.8,0.2501,ok,153994.922
Aegis-Dawn,354,18.2,0.1854,ok,136780.52
Aegis-Elysium,472,128.5,0.6359,ok,671916.812
Aegis-Elysium,450,64.2,0.318,ok,223736.289
Boreas-Elysium,251,60.5,0.2951,ok,134036.66
Dawn-Fenix,44,58.6,0.3732,ok,120017.549
Boreas-Dawn,147,48.3,0.2391,ok,85591.634
Boreas-Dawn,213,116.7,0.5778,ok,231503.719
Boreas-Dawn,381,92.6,0.4583,ok,150086.122
Caelum-Dawn,483,24.9,0.2704,ok,143409.425
Elysium-Fenix,269,76.2,0.5013,ok,412388.543
Dawn-Fenix,336,61.1,0.3889,ok,128049.286
Aegis-Boreas,415,44.0,0.2697,ok,77695.555
Caelum-Dawn,292,22.0,0.2386,ok,137384.588
Boreas-Elysium,424,20.0,0.0974,ok,97520.679
Aegis-Dawn,422,52.0,0.5307,ok,331474.682
Elysium-Fenix,461,16.4,0.108,ok,168045.346
Elysium-Fenix,108,8.8,0.0577,ok,168267.185
Aegis-Elysium,416,32.5,0.161,ok,169298.525
Dawn-Elysium,93,35.9,0.5207,ok,271957.175
Dawn-Fenix,451,49.7,0.3163,ok,100772.454
Boreas-Elysium,232,17.1,0.0835,ok,94660.47
Aegis-Elysium,28,26.0,0.1288,ok,162935.153
Aegis-Boreas,476,43.7,0.2102,ok,69474.025
Boreas-Dawn,56,59.8,0.2959,ok,94703.298
Aegis-Elysium,130,24.9,0.1231,ok,154371.423
Boreas-Elysium,43,58.5,0.2852,ok,133369.573
Dawn-Fenix,158,46.9,0.299,ok,97803.908
Aegis-Dawn,218,24.7,0.2518,ok,146349.269
Boreas-Fenix,43,44.8,0.265,ok,172772.734
Aegis-Dawn,168,31.8,0.3244,ok,176043.423
Boreas-Fenix,6,76.4,0.4522,ok,286643.017
Boreas-Fenix,454,10.8,0.0638,ok,133107.75
Boreas-Elysium,47,122.3,0.5964,ok,352680.226
Caelum-Elysium,233,15.0,0.1808,ok,143971.389
Caelum-Dawn,195,12.9,0.1401,ok,120728.207
Dawn-Elysium,305,19.7,0.286,ok,134185.221
Caelum-Fenix,491,17.8,0.1404,ok,121096.074
Boreas-Fenix,331,69.6,0.412,ok,251898.72
Aegis-Elysium,134,47.5,0.2352,ok,187371.712
Caelum-Fenix,447,53.5,0.4216,ok,213060.872
Elysium-Fenix,216,65.1,0.4282,ok,320850.029
Caelum-Fenix,314,53.0,0.4174,ok,214215.17
Boreas-Dawn,474,58.3,0.2887,ok,91552.893
Dawn-Elysium,10,27.9,0.4042,ok,184932.165
Aegis-Boreas,403,57.5,0.2763,ok,78584.801
Boreas-Fenix,109,104.3,0.6171,ok,535750.143
Caelum-Fenix,242,88.7,0.6986,ok,652358.034
Caelum-Dawn,173,10.9,0.118,ok,123156.341
Caelum-Elysium,432,24.5,0.2952,ok,175059.535
Aegis-Dawn,381,76.2,0.7777,ok,1081675.252
Aegis-Dawn,64,18.1,0.1844,ok,133373.874
Aegis-Boreas,96,131.3,0.6311,ok,254222.534
Elysium-Fenix,143,13.7,0.0902,ok,175132.301
Caelum-Elysium,246,35.3,0.4252,ok,252219.512
Boreas-Elysium,73,52.7,0.2571,ok,121275.295
Caelum-Dawn,390,22.6,0.2452,ok,136645.816
Caelum-Elysium,318,27.3,0.3285,ok,187285.115
Caelum-Dawn,291,38.3,0.4163,ok,210762.767
Dawn-Elysium,402,13.9,0.201,ok,117490.43
Caelum-Elysium,449,14.0,0.1688,ok,139268.44
Caelum-Fenix,358,15.5,0.1219,ok,118145.565
Caelum-Dawn,97,49.9,0.5429,ok,327396.149
Caelum-Elysium,120,10.9,0.1317,ok,135527.054
Boreas-Fenix,146,45.2,0.2676,ok,174220.808
Caelum-Elysium,464,42.7,0.5143,ok,333506.196
Boreas-Dawn,253,85.8,0.4246,ok,132559.604
Aegis-Elysium,95,110.7,0.5479,ok,459818.932
Caelum-Dawn,82,35.7,0.3886,ok,195231.486
Boreas-Elysium,54,69.5,0.3393,ok,148420.843
Boreas-Fenix,147,62.0,0.3667,ok,220489.787
Caelum-Fenix,406,47.8,0.376,ok,186000.427
Caelum-Elysium,278,13.2,0.1591,ok,140108.146
Aegis-Boreas,245,58.4,0.2809,ok,81987.966
Caelum-Fenix,28,60.2,0.4744,ok,251915.07
Dawn-Elysium,23,31.7,0.4587,ok,220985.378
Aegis-Elysium,190,108.4,0.5365,ok,435200.907
Caelum-Dawn,10,30.1,0.3268,ok,164529.394
Boreas-Dawn,391,151.5,0.75,ok,531325.188
Dawn-Elysium,461,29.0,0.421,ok,194913.894
Aegis-Boreas,170,47.4,0.2278,ok,71932.43
Dawn-Elysium,27,32.6,0.4722,ok,233220.491
Elysium-Fenix,206,61.0,0.4693,ok,371860.81
Elysium-Fenix,150,64.7,0.4255,ok,317507.112
Dawn-Elysium,170,4.7,0.0685,ok,104454.699
Caelum-Fenix,497,40.1,0.316,ok,161375.369
Dawn-Fenix,370,12.2,0.0779,ok,73720.744
Aegis-Boreas,273,61.4,0.295,ok,81192.646
Boreas-Elysium,96,112.1,0.5467,ok,289650.741
Boreas-Dawn,397,67.3,0.3331,ok,101933.596
Caelum-Dawn,423,18.9,0.2052,ok,123547.626
Caelum-Dawn,111,16.7,0.182,ok,367866.37
Caelum-Fenix,234,20.2,0.1589,ok,121936.544
Caelum-Dawn,37,23.8,0.2582,ok,143205.796
Caelum-Fenix,283,17.1,0.1343,ok,117799.663
Aegis-Elysium,497,60.1,0.2975,ok,210603.824
Aegis-Boreas,414,76.6,0.3683,ok,102608.935
Dawn-Fenix,328,33.7,0.2146,ok,83954.022
Aegis-Dawn,489,17.3,0.1769,ok,129780.059
Caelum-Dawn,215,7.7,0.0842,ok,116644.68
Caelum-Dawn,279,64.8,0.7039,ok,674626.79
Dawn-Fenix,346,29.0,0.185,ok,77901.646
Elysium-Fenix,73,46.9,0.3084,ok,230516.735
Dawn-Fenix,148,52.6,0.3352,ok,108315.014
Caelum-Dawn,374,35.4,0.3848,ok,190045.883
Caelum-Elysium,331,10.9,0.1316,ok,135715.523
Boreas-Dawn,21,110.9,0.549,ok,206550.977
Aegis-Dawn,117,33.7,0.3436,ok,176204.879
Boreas-Fenix,347,42.1,0.2489,ok,164591.39
Aegis-Boreas,43,53.2,0.2556,ok,76472.565
Aegis-Dawn,83,22.6,0.231,ok,140982.908
Dawn-Elysium,333,26.3,0.3808,ok,172222.782
Dawn-Fenix,109,6.3,0.0401,ok,71527.168
Caelum-Fenix,433,21.7,0.171,ok,123939.806
Aegis-Boreas,251,74.1,0.3564,ok,95694.505
Caelum-Dawn,314,25.2,0.2737,ok,143124.808
Aegis-Elysium,403,35.5,0.1758,ok,171194.538
Caelum-Elysium,275,36.9,0.444,ok,258584.316
Caelum-Fenix,20,14.3,0.1128,ok,113880.869
Aegis-Boreas,421,38.1,0.1833,ok,68092.269
Boreas-Dawn,11,83.1,0.4112,ok,129480.472
Aegis-Boreas,269,56.1,0.2698,ok,77501.407
Caelum-Fenix,261,8.8,0.0694,ok,112086.061
Dawn-Fenix,465,63.5,0.4045,ok,373964.834
Boreas-Dawn,267,36.3,0.1799,ok,77372.951
Caelum-Elysium,135,51.6,0.6218,ok,515553.738
Boreas-Dawn,304,31.7,0.1567,ok,72435.518
Aegis-Elysium,262,60.7,0.3005,ok,213385.925
Aegis-Dawn,370,76.3,0.7787,ok,1085287.032
Boreas-Dawn,456,116.8,0.5781,ok,231908.991
Boreas-Fenix,111,39.7,0.235,ok,163902.166
Caelum-Dawn,153,41.5,0.4512,ok,236105.427
Dawn-Elysium,11,28.6,0.414,ok,190736.242
Boreas-Elysium,105,9.3,0.0454,ok,95442.862
Caelum-Elysium,271,10.4,0.1258,ok,130551.58
Aegis-Boreas,350,61.760000000000005,0.3311,ok,89936.713
Caelum-Fenix,67,20.3,0.1596,ok,120882.006
Boreas-Dawn,173,74.7,0.37,ok,113441.185
Boreas-Fenix,424,22.7,0.1344,ok,140274.879
Caelum-Fenix,88,43.0,0.3385,ok,171156.364
Elysium-Fenix,133,31.7,0.2083,ok,194589.656
Aegis-Dawn,0,9.8,0.1001,ok,116433.718
Caelum-Elysium,337,4.2,0.0501,ok,133802.097
Boreas-Fenix,412,54.0,0.3196,ok,193293.824
Boreas-Dawn,93,42.9,0.2126,ok,79705.383
Caelum-Fenix,467,18.4,0.1448,ok,118756.249
Dawn-Fenix,322,30.3,0.1933,ok,80969.917
Elysium-Fenix,57,67.3,0.4425,ok,335341.599
Caelum-Fenix,150,7.0,0.0549,ok,112993.089
Aegis-Dawn,332,6.5,0.0667,ok,116080.317
Boreas-Dawn,351,123.6,0.6118,ok,267219.097
Elysium-Fenix,480,32.2,0.2115,ok,189483.755
Caelum-Dawn,162,10.9,0.1189,ok,118701.849
Boreas-Fenix,67,100.2,0.5927,ok,478366.867
Elysium-Fenix,100,58.4,0.3842,ok,282240.845
Dawn-Elysium,243,21.6,0.3127,ok,146605.157
Dawn-Elysium,359,37.0,0.5358,ok,289329.861
Elysium-Fenix,114,39.7,0.2609,ok,208589.345
Aegis-Boreas,374,37.1,0.1784,ok,28259.458
Aegis-Elysium,334,63.4,0.3141,ok,223274.23
Dawn-Fenix,118,18.0,0.1149,ok,76205.977
Dawn-Fenix,393,51.2,0.326,ok,105019.444
Dawn-Elysium,315,17.6,0.2553,ok,127784.671
Elysium-Fenix,126,75.28,0.4364,ok,335218.448
Elysium-Fenix,317,52.6,0.3458,ok,253392.553
Aegis-Boreas,358,106.3,0.5112,ok,158034.602
Caelum-Fenix,34,11.1,0.087,ok,117607.712
Dawn-Elysium,283,5.7,0.082,ok,106174.236
Elysium-Fenix,35,49.2,0.3235,ok,240055.341
Boreas-Fenix,180,77.1,0.4562,ok,288067.858
Caelum-Dawn,164,33.5,0.364,ok,180820.354
Dawn-Fenix,493,58.2,0.3705,ok,117291.149
Aegis-Elysium,492,53.4,0.2643,ok,201113.001
Aegis-Dawn,183,34.3,0.3501,ok,185600.493
Caelum-Dawn,221,29.9,0.3247,ok,164559.154
Elysium-Fenix,20,6.6,0.0431,ok,164385.061
Boreas-Elysium,203,64.2,0.313,ok,138936.437
Aegis-Dawn,157,12.6,0.1285,ok,121687.273
Dawn-Elysium,117,28.8,0.4176,ok,192795.831
Boreas-Fenix,108,16.1,0.0951,ok,139525.968
Boreas-Fenix,285,55.3,0.3272,ok,198561.12
Dawn-Elysium,427,5.8,0.0842,ok,105846.688
Dawn-Elysium,140,5.2,0.076,ok,102839.936
Caelum-Fenix,397,43.2,0.3399,ok,171251.217
Caelum-Fenix,214,40.6,0.3199,ok,164977.374
Caelum-Fenix,213,22.3,0.1757,ok,121521.159
Caelum-Elysium,210,14.7,0.1765,ok,142148.591
Dawn-Elysium,95,24.9,0.3602,ok,168691.424
Boreas-Fenix,116,61.5,0.364,ok,215039.251
Boreas-Dawn,34,29.4,0.1726,ok,75053.59
Caelum-Elysium,349,46.9,0.5655,ok,404946.3
Dawn-Elysium,349,7.3,0.106,ok,106176.923
Aegis-Boreas,120,41.9,0.2014,ok,68766.679
Boreas-Dawn,407,58.7,0.2904,ok,93978.378
Boreas-Dawn,64,32.7,0.1617,ok,73419.407
Boreas-Fenix,15,97.8,0.5787,ok,456185.09
Aegis-Elysium,291,55.4,0.2741,ok,201393.253
Boreas-Fenix,281,19.8,0.1169,ok,144647.523
Boreas-Fenix,446,52.3,0.3098,ok,188708.253
Caelum-Elysium,404,7.9,0.0946,ok,289595.061
Dawn-Fenix,475,42.8,0.2723,ok,92727.949
Aegis-Elysium,211,25.6,0.1265,ok,161474.69
Dawn-Elysium,264,11.2,0.1623,ok,107527.504
Dawn-Fenix,327,63.0,0.401,ok,127987.385
Aegis-Boreas,59,5.7,0.0275,ok,59468.878
Caelum-Fenix,468,52.5,0.4131,ok,213753.203
Caelum-Dawn,198,29.2,0.3174,ok,160625.351
Dawn-Fenix,126,6.7,0.043,ok,70048.016
Elysium-Fenix,428,63.8,0.4199,ok,311401.833
Boreas-Dawn,314,63.6,0.3147,ok,98831.027
Dawn-Fenix,399,39.9,0.254,ok,90846.368
Boreas-Fenix,452,47.9,0.2836,ok,181572.714
Boreas-Elysium,305,104.7,0.5105,ok,251529.707
Aegis-Boreas,166,120.6,0.5799,ok,204066.652
Elysium-Fenix,99,52.4,0.3451,ok,250514.128
Boreas-Fenix,89,30.1,0.1784,ok,151177.009
Boreas-Fenix,182,50.3,0.2975,ok,182223.893
Caelum-Fenix,287,45.3,0.3564,ok,177304.802
Caelum-Fenix,18,64.7,0.5094,ok,284657.291
Boreas-Fenix,227,26.4,0.1562,ok,144969.045
Dawn-Elysium,134,7.2,0.1042,ok,106274.921
Aegis-Dawn,236,28.2,0.2882,ok,158972.682
Caelum-Dawn,183,15.4,0.1674,ok,122104.496
Dawn-Fenix,117,46.2,0.294,ok,96768.099
Aegis-Elysium,145,33.9,0.1677,ok,426980.311
Dawn-Elysium,75,25.3,0.3661,ok,166976.632
Aegis-Elysium,443,14.4,0.0714,ok,151477.305
Elysium-Fenix,391,43.6,0.2871,ok,219398.551
Aegis-Boreas,76,22.1,0.1063,ok,62746.837
Boreas-Elysium,13,101.3,0.4943,ok,238529.2
Caelum-Fenix,299,59.5,0.4687,ok,377142.537
Boreas-Dawn,347,111.0,0.5493,ok,208520.874
Aegis-Dawn,272,15.1,0.1537,ok,130084.588
Caelum-Elysium,410,49.5,0.5966,ok,464833.812
Aegis-Elysium,51,142.9,0.7073,ok,939030.084
Boreas-Fenix,288,66.2,0.3917,ok,235406.121
Aegis-Elysium,249,27.1,0.1342,ok,158502.955
Dawn-Fenix,287,32.9,0.2098,ok,125505.882
Boreas-Fenix,220,47.0,0.2779,ok,176283.288
Aegis-Elysium,180,43.0,0.2128,ok,179313.691
Aegis-Elysium,300,108.1,0.535,ok,437281.705
Caelum-Elysium,374,18.1,0.2184,ok,147424.153
Dawn-Fenix,371,59.9,0.3818,ok,119722.103
Dawn-Elysium,447,16.5,0.2395,ok,126307.269
Elysium-Fenix,154,46.6,0.3067,ok,234162.487
Caelum-Elysium,4,19.5,0.2344,ok,159462.929
Aegis-Elysium,44,67.7,0.335,ok,233419.342
Dawn-Elysium,54,7.9,0.1145,ok,103999.724
Caelum-Elysium,368,19.4,0.234,ok,153810.435
Boreas-Fenix,305,19.7,0.1166,ok,134756.503
Dawn-Fenix,290,35.6,0.227,ok,84616.47
Boreas-Dawn,149,55.4,0.2745,ok,89646.17
Elysium-Fenix,244,81.6,0.5369,ok,466670.653
Boreas-Dawn,413,23.6,0.1168,ok,71830.369
Aegis-Elysium,407,99.9,0.4944,ok,377688.321
Elysium-Fenix,483,21.2,0.1393,ok,174660.68
Dawn-Elysium,120,14.2,0.2061,ok,118082.319
Dawn-Elysium,454,22.2,0.3219,ok,148826.725
Aegis-Boreas,458,17.4,0.0836,ok,60805.456
Elysium-Fenix,434,45.0,0.2962,ok,224039.91
Aegis-Elysium,154,110.3,0.5458,ok,455314.503
Boreas-Fenix,256,13.7,0.0811,ok,136202.779
Caelum-Fenix,164,85.3,0.6718,ok,567937.783
Aegis-Dawn,176,24.9,0.2539,ok,143904.234
Boreas-Dawn,117,148.7,0.7361,ok,492409.321
Caelum-Dawn,376,26.96,0.2159,ok,131622.359
Caelum-Fenix,490,62.8,0.4942,ok,273113.52
Dawn-Elysium,57,14.7,0.2131,ok,117322.696
Dawn-Elysium,74,15.2,0.2207,ok,121297.823
Boreas-Fenix,481,57.9,0.3425,ok,200981.84
Caelum-Elysium,163,25.3,0.3047,ok,177944.429
Dawn-Elysium,217,13.7,0.1986,ok,111859.764
Dawn-Elysium,191,10.4,0.1509,ok,109242.763
Aegis-Dawn,155,12.5,0.128,ok,127538.926
Aegis-Dawn,201,35.3,0.3601,ok,188867.948
Aegis-Elysium,308,119.5,0.5914,ok,548426.841
Caelum-Elysium,422,49.5,0.596,ok,460880.968
Aegis-Dawn,2,27.9,0.2842,ok,160485.715
Boreas-Dawn,156,32.2,0.1596,ok,77288.935
Caelum-Fenix,185,32.8,0.2584,ok,143620.617
Elysium-Fenix,39,10.3,0.068,ok,159977.06
Caelum-Fenix,141,33.5,0.2635,ok,143649.238
Boreas-Dawn,31,51.6,0.2554,ok,87169.33
Caelum-Dawn,177,14.6,0.1588,ok,123703.263
Dawn-Elysium,310,32.8,0.4749,ok,235330.047
Dawn-Elysium,111,18.0,0.2601,ok,130287.097
Elysium-Fenix,470,24.2,0.1591,ok,179338.072
Caelum-Dawn,419,29.2,0.317,ok,160526.587
Caelum-Dawn,383,13.9,0.1505,ok,119503.747
Caelum-Dawn,272,34.9,0.3793,ok,190458.97
Caelum-Elysium,354,36.3,0.4373,ok,251507.683
Boreas-Fenix,196,48.9,0.2895,ok,178168.594
Dawn-Elysium,233,12.9,0.1863,ok,115318.487
Aegis-Boreas,51,69.2,0.3328,ok,89539.186
Dawn-Fenix,127,26.4,0.1684,ok,82018.526
Caelum-Fenix,162,54.4,0.428,ok,216078.81
Aegis-Dawn,397,36.2,0.369,ok,193514.056
Caelum-Dawn,370,59.6,0.6476,ok,510596.948
Aegis-Elysium,123,35.8,0.1774,ok,175797.271
Aegis-Dawn,248,9.8,0.0996,ok,122007.701
Boreas-Elysium,308,64.7,0.3157,ok,143434.402
Boreas-Fenix,250,64.1,0.3794,ok,225369.696
Elysium-Fenix,343,50.3,0.3309,ok,251644.481
Boreas-Dawn,235,30.2,0.1494,ok,75409.792
Boreas-Dawn,231,71.4,0.3535,ok,108130.541
Boreas-Fenix,39,23.4,0.1383,ok,143214.231
Dawn-Elysium,48,35.1,0.5088,ok,263620.883
Dawn-Fenix,55,10.8,0.0691,ok,73930.128
Elysium-Fenix,462,19.5,0.1285,ok,163783.07
Dawn-Fenix,69,56.3,0.3583,ok,114452.228
Caelum-Dawn,237,55.1,0.5992,ok,411444.75
Dawn-Fenix,365,63.6,0.4051,ok,130279.072
Elysium-Fenix,372,50.4,0.3314,ok,248963.685
Elysium-Fenix,199,27.4,0.1805,ok,186320.578
Caelum-Dawn,334,15.3,0.1667,ok,123811.868
Caelum-Dawn,67,23.3,0.2529,ok,136921.945
Dawn-Elysium,443,22.1,0.3198,ok,148286.602
Caelum-Fenix,230,24.0,0.1893,ok,124846.017
Boreas-Fenix,225,53.5,0.3168,ok,197297.194
Aegis-Elysium,454,17.9,0.0884,ok,155538.008
Elysium-Fenix,21,20.4,0.134,ok,167247.714
Aegis-Elysium,468,49.3,0.244,ok,193441.015
Aegis-Elysium,254,37.5,0.1856,ok,169651.045
Aegis-Elysium,477,71.8,0.3557,ok,241999.323
Boreas-Dawn,432,26.0,0.1287,ok,73399.935
Boreas-Dawn,384,79.2,0.3921,ok,120040.273
Boreas-Dawn,45,79.4,0.3931,ok,120705.586
Caelum-Fenix,339,61.3,0.4828,ok,263716.305
Aegis-Boreas,37,54.1,0.2602,ok,77258.602
Dawn-Elysium,369,2.0,0.0293,ok,101282.991
Boreas-Elysium,459,43.4,0.2119,ok,113643.546
Aegis-Boreas,463,48.1,0.2311,ok,75016.201
Caelum-Dawn,463,31.7,0.3442,ok,170462.465
Boreas-Elysium,473,45.4,0.2213,ok,113970.308
Caelum-Dawn,143,16.8,0.1825,ok,125215.71
Caelum-Elysium,322,28.3,0.3404,ok,193629.296
Boreas-Elysium,315,30.2,0.1474,ok,107158.76
Dawn-Elysium,53,15.0,0.2175,ok,118123.214
Dawn-Fenix,134,73.8,0.4698,ok,305582.809
Caelum-Elysium,326,45.9,0.5532,ok,386781.952
Caelum-Dawn,321,45.1,0.4899,ok,269805.893
Caelum-Elysium,76,45.3,0.5458,ok,378455.977
Aegis-Elysium,349,35.6,0.1763,ok,167414.608
Elysium-Fenix,36,50.3,0.3311,ok,243294.57
Aegis-Boreas,360,71.9,0.3457,ok,92374.447
Caelum-Elysium,70,17.8,0.2146,ok,145175.995
Boreas-Elysium,239,50.7,0.2471,ok,117865.227
Boreas-Fenix,312,89.8,0.5315,ok,375987.878
Caelum-Fenix,51,94.9,0.7472,ok,852140.212
Dawn-Elysium,101,20.1,0.2913,ok,138593.911
Boreas-Dawn,258,114.6,0.5672,ok,220429.822
Dawn-Elysium,365,27.0,0.3908,ok,178256.144
Boreas-Dawn,12,50.9,0.2521,ok,85450.378
Caelum-Fenix,390,3.0,0.0233,ok,112254.152
Caelum-Dawn,360,24.4,0.2657,ok,144772.641
Boreas-Dawn,247,14.4,0.0714,ok,72201.075
Caelum-Fenix,11,45.1,0.3547,ok,178315.6
Aegis-Elysium,237,17.9,0.0884,ok,156960.483
Boreas-Fenix,426,68.0,0.4025,ok,247532.0
Boreas-Dawn,270,45.9,0.2273,ok,81768.635
Caelum-Fenix,419,43.6,0.3434,ok,173955.021
Dawn-Fenix,271,11.1,0.0704,ok,72140.824
Caelum-Elysium,303,19.3,0.2324,ok,156402.948
Aegis-Boreas,384,1.3,0.0065,ok,62122.885
Caelum-Dawn,192,21.2,0.2304,ok,136242.525
Dawn-Elysium,106,26.0,0.3762,ok,173747.878
Boreas-Elysium,7,33.0,0.1611,ok,107906.677
Aegis-Elysium,422,79.0,0.391,ok,265799.989
Boreas-Dawn,412,41.8,0.2071,ok,79166.96
Aegis-Dawn,319,14.5,0.1481,ok,123778.584
Aegis-Boreas,489,65.7,0.316,ok,85880.603
Aegis-Boreas,145,57.6,0.2767,ok,79808.126
Aegis-Dawn,321,25.9,0.2639,ok,151862.461
Aegis-Boreas,332,149.6,0.719,ok,391315.18
Aegis-Boreas,52,19.8,0.0954,ok,63239.966
Aegis-Dawn,243,70.7,0.7219,ok,779965.396
Dawn-Fenix,380,26.8,0.1707,ok,79759.327
Boreas-Fenix,469,44.8,0.2654,ok,170737.478
Boreas-Fenix,60,52.0,0.3075,ok,192168.834
Elysium-Fenix,267,5.7,0.0375,ok,164771.335
Caelum-Dawn,333,19.160000000000004,0.1435,ok,117828.654
Dawn-Fenix,295,41.7,0.2659,ok,89190.604
Dawn-Fenix,499,36.9,0.235,ok,86763.962
Caelum-Fenix,108,57.4,0.4523,ok,240192.986
Boreas-Fenix,286,109.9,0.6504,ok,618898.251
Aegis-Boreas,422,12.2,0.0586,ok,63217.479
Aegis-Boreas,21,66.4,0.3192,ok,87170.787
Aegis-Elysium,50,84.1,0.4163,ok,290753.288
Elysium-Fenix,195,33.9,0.2233,ok,197841.229
Aegis-Dawn,430,40.5,0.4131,ok,216401.5
Boreas-Fenix,25,62.5,0.37,ok,222524.219
Boreas-Fenix,162,19.72,0.1496,ok,146799.055
Aegis-Elysium,413,61.5,0.3043,ok,219454.372
Boreas-Fenix,4,35.0,0.2068,ok,153826.427
Dawn-Elysium,320,28.7,0.4155,ok,189875.133
Aegis-Boreas,44,66.7,0.3206,ok,85698.806
Boreas-Fenix,459,36.1,0.2136,ok,153060.481
Caelum-Fenix,399,19.3,0.1524,ok,119909.893
Caelum-Elysium,25,45.3,0.5453,ok,378942.18
Caelum-Dawn,159,53.3,0.5793,ok,377985.686
Caelum-Elysium,18,33.9,0.4087,ok,232911.77
Aegis-Boreas,311,47.2,0.2271,ok,71320.925
Elysium-Fenix,65,29.8,0.1962,ok,186687.41
Aegis-Boreas,12,98.7,0.4745,ok,135546.089
Aegis-Dawn,191,7.8,0.08,ok,121878.445
Aegis-Elysium,235,44.12,0.3483,ok,241356.167
Caelum-Dawn,442,32.6,0.3544,ok,178124.631
Boreas-Fenix,296,9.2,0.0546,ok,65078.672
Boreas-Elysium,40,51.9,0.2531,ok,122058.652
Boreas-Fenix,117,103.9,0.6145,ok,526785.558
Boreas-Dawn,42,156.5,0.7746,ok,615928.346
Boreas-Fenix,492,9.7,0.0577,ok,131737.817
Boreas-Elysium,489,36.1,0.176,ok,109037.683
Boreas-Elysium,234,122.5,0.5974,ok,358600.396
Aegis-Elysium,73,20.8,0.103,ok,159621.147
Caelum-Dawn,123,24.1,0.2624,ok,137460.814
Aegis-Elysium,6,76.34,0.5735,ok,513429.645
Caelum-Dawn,19,26.2,0.2847,ok,152533.557
Caelum-Dawn,158,25.1,0.2728,ok,146365.748
Caelum-Elysium,364,15.6,0.1878,ok,143625.218
Caelum-Dawn,152,20.3,0.2208,ok,131545.061
Dawn-Fenix,450,63.9,0.4069,ok,127568.539
Caelum-Dawn,490,62.0,0.6743,ok,581056.38
Boreas-Elysium,104,1.8,0.0089,ok,98449.818
Boreas-Elysium,252,31.0,0.1511,ok,106529.309
Boreas-Elysium,57,45.6,0.2223,ok,114259.801
Boreas-Elysium,452,83.7,0.4083,ok,177524.89
Caelum-Fenix,180,69.1,0.5445,ok,331745.323
Aegis-Dawn,264,18.2,0.1861,ok,129647.23
Aegis-Boreas,312,66.1,0.3177,ok,86538.368
Boreas-Dawn,9,21.9,0.1084,ok,67825.033
Boreas-Dawn,66,36.2,0.1791,ok,77694.575
Boreas-Fenix,272,24.9,0.1471,ok,143371.6
Caelum-Dawn,4,38.3,0.4158,ok,214368.107
Aegis-Dawn,457,34.6,0.353,ok,184715.254
Dawn-Fenix,3,30.9,0.1967,ok,84276.462
Aegis-Dawn,239,30.1,0.3076,ok,169146.596
Elysium-Fenix,37,44.8,0.2949,ok,228486.81
Dawn-Fenix,286,15.8,0.101,ok,74913.079
Dawn-Elysium,185,11.8,0.1715,ok,113445.531
Boreas-Fenix,398,50.0,0.2958,ok,184259.663
Boreas-Dawn,198,14.2,0.0705,ok,71630.848
Dawn-Elysium,258,21.9,0.3168,ok,147871.173
Aegis-Dawn,356,28.8,0.2939,ok,159142.588
Aegis-Elysium,433,72.5,0.3587,ok,249591.46
Caelum-Elysium,384,22.9,0.2758,ok,168368.681
Aegis-Elysium,418,102.4,0.5069,ok,388317.639
Dawn-Fenix,389,26.9,0.1715,ok,78163.625
Aegis-Dawn,387,5.3,0.0541,ok,116157.337
Caelum-Elysium,3,6.9,0.0827,ok,125632.8
Aegis-Elysium,46,37.8,0.1872,ok,173778.288
Dawn-Fenix,482,7.4,0.0469,ok,70307.485
Caelum-Fenix,308,37.8,0.2979,ok,153599.254
Dawn-Elysium,260,33.7,0.4884,ok,244711.174
Caelum-Elysium,186,17.7,0.2128,ok,150854.262
Aegis-Boreas,19,80.84,0.5608,ok,188640.6
Boreas-Dawn,212,47.8,0.2368,ok,81798.606
Boreas-Dawn,242,31.4,0.1555,ok,76272.9
Aegis-Dawn,13,21.3,0.2173,ok,139891.628
Caelum-Dawn,315,31.7,0.3447,ok,173847.856
Dawn-Elysium,311,16.9,0.2454,ok,125019.334
Dawn-Elysium,61,15.1,0.219,ok,124950.873
Aegis-Elysium,411,49.9,0.2468,ok,187600.413
Caelum-Dawn,155,48.6,0.5283,ok,306917.022
Dawn-Elysium,182,14.3,0.2077,ok,118526.596
Caelum-Dawn,375,28.1,0.3051,ok,154584.781
Boreas-Fenix,255,129.7,0.7675,ok,1151080.013
Caelum-Fenix,153,58.6,0.4617,ok,243135.751
Dawn-Elysium,107,37.6,0.5447,ok,297686.005
Boreas-Fenix,457,33.3,0.1972,ok,156425.488
Aegis-Dawn,216,10.8,0.1098,ok,123731.581
Aegis-Elysium,167,123.0,0.609,ok,593049.981
Caelum-Elysium,425,42.5,0.5119,ok,331355.57
Caelum-Dawn,377,27.9,0.3034,ok,157020.789
Boreas-Dawn,180,23.3,0.1151,ok,72454.867
Dawn-Elysium,403,40.1,0.5809,ok,347149.51
Aegis-Dawn,232,10.7,0.1088,ok,120574.032
Aegis-Elysium,55,39.4,0.195,ok,175958.267
Caelum-Dawn,440,13.5,0.1463,ok,116260.759
Caelum-Elysium,342,26.8,0.3231,ok,187231.457
Boreas-Fenix,22,36.4,0.2155,ok,159498.089
Aegis-Elysium,144,58.6,0.2902,ok,208198.841
Aegis-Elysium,391,4.6,0.0227,ok,152521.614
Elysium-Fenix,87,50.0,0.3291,ok,241885.32
Boreas-Dawn,254,96.8,0.479,ok,159636.117
Boreas-Elysium,94,52.9,0.2581,ok,123787.039
Aegis-Elysium,374,15.2,0.0751,ok,156584.53
Caelum-Dawn,363,24.6,0.2671,ok,146079.274
Caelum-Fenix,158,59.1,0.4654,ok,250855.249
Dawn-Elysium,308,37.6,0.5455,ok,301447.23
Boreas-Elysium,81,99.4,0.4849,ok,227566.254
Dawn-Elysium,131,11.7,0.1691,ok,108303.634
Aegis-Boreas,355,39.1,0.188,ok,68150.06
Dawn-Fenix,9,62.8,0.4003,ok,127481.788
Aegis-Elysium,32,96.0,0.4755,ok,351508.195
Aegis-Dawn,111,11.9,0.1217,ok,121579.66
Boreas-Fenix,418,39.6,0.2344,ok,162006.85
Dawn-Fenix,156,32.9,0.2095,ok,38236.067
Dawn-Elysium,467,32.3,0.4678,ok,228879.021
Caelum-Fenix,460,54.3,0.4278,ok,220339.975
Caelum-Fenix,231,38.4,0.3024,ok,151642.305
Dawn-Elysium,353,14.0,0.2023,ok,117645.995
Caelum-Elysium,142,10.6,0.1276,ok,132612.182
Caelum-Fenix,218,32.3,0.2547,ok,139643.727
Caelum-Fenix,128,53.2,0.4192,ok,211374.317
Caelum-Dawn,438,60.0,0.6518,ok,517157.212
Aegis-Elysium,200,61.8,0.306,ok,213376.659
Boreas-Elysium,472,107.9,0.5263,ok,265562.389
Caelum-Dawn,410,27.2,0.2958,ok,148159.459
Caelum-Fenix,49,28.2,0.2221,ok,131686.523
Aegis-Elysium,257,26.6,0.1316,ok,162332.718
Aegis-Boreas,90,119.5,0.5745,ok,197817.71
Boreas-Dawn,88,103.2,0.5107,ok,180092.035
Aegis-Dawn,37,21.9,0.223,ok,139576.469
Aegis-Elysium,449,32.1,0.1591,ok,166884.232
Caelum-Elysium,78,13.5,0.1626,ok,143319.44
Boreas-Fenix,337,30.859999999999996,0.2162,ok,157491.202
Elysium-Fenix,447,17.4,0.1147,ok,174193.196
Aegis-Elysium,61,13.7,0.0678,ok,158797.882
Aegis-Boreas,133,15.1,0.0724,ok,61515.496
Aegis-Elysium,430,13.1,0.0649,ok,148359.566
Dawn-Elysium,112,19.1,0.2773,ok,133317.289
Dawn-Elysium,340,26.2,0.3791,ok,173665.701
Elysium-Fenix,202,103.6,0.6816,ok,883199.777
Aegis-Dawn,431,41.3,0.4217,ok,226912.732
Boreas-Fenix,420,97.88,0.6271,ok,557267.435
Dawn-Fenix,33,86.6,0.5516,ok,214698.379
Aegis-Elysium,425,44.4,0.22,ok,183707.125
Aegis-Boreas,315,25.0,0.1201,ok,63473.103
Elysium-Fenix,397,48.3,0.3176,ok,239926.14
Boreas-Dawn,236,79.8,0.3953,ok,124406.959
Boreas-Fenix,45,36.4,0.2156,ok,159452.295
Dawn-Elysium,317,19.9,0.289,ok,136737.933
Elysium-Fenix,217,83.9,0.552,ok,500349.551
Aegis-Elysium,381,40.9,0.2023,ok,177624.013
Caelum-Elysium,159,14.6,0.1755,ok,142975.545
Dawn-Fenix,361,91.1,0.5804,ok,241538.564
Caelum-Dawn,395,20.220000000000006,0.1571,ok,119294.419
Boreas-Fenix,88,33.5,0.1985,ok,155682.692
Boreas-Fenix,159,85.3,0.5049,ok,884209.392
Elysium-Fenix,279,46.18,0.3069,ok,226003.92
Aegis-Elysium,305,86.3,0.4272,ok,302271.42
Dawn-Elysium,491,14.4,0.209,ok,116062.906
Aegis-Elysium,267,68.9,0.3413,ok,235937.87
Caelum-Fenix,44,68.5,0.5391,ok,323892.916
Caelum-Elysium,31,14.1,0.1703,ok,137507.533
Aegis-Boreas,224,27.7,0.1334,ok,63365.435
Dawn-Fenix,131,48.5,0.3092,ok,99862.169
Caelum-Fenix,59,61.8,0.4865,ok,264789.466
Caelum-Fenix,171,60.4,0.4758,ok,255842.648
Aegis-Elysium,298,109.0,0.5398,ok,440400.39
Boreas-Elysium,402,18.7,0.0912,ok,104126.464
Boreas-Fenix,363,72.0,0.4258,ok,263639.849
Aegis-Boreas,283,43.9,0.2108,ok,70838.129
Aegis-Dawn,9,8.3,0.0844,ok,121778.578
Aegis-Elysium,82,84.4,0.4177,ok,290082.826
Aegis-Elysium,288,117.3,0.5805,ok,522704.447
Dawn-Fenix,487,114.1,0.7269,ok,480972.118
Aegis-Elysium,54,30.8,0.1527,ok,165572.046
Elysium-Fenix,147,27.1,0.1782,ok,181765.538
Caelum-Fenix,248,8.2,0.0647,ok,111915.599
Elysium-Fenix,472,25.2,0.166,ok,356744.984
Caelum-Fenix,4,7.9,0.0623,ok,110554.627
Boreas-Fenix,149,35.1,0.2078,ok,157653.594
Dawn-Elysium,489,26.9,0.3905,ok,177225.838
Aegis-Elysium,108,50.5,0.2498,ok,189914.971
Boreas-Elysium,274,15.9,0.0892,ok,97023.786
Dawn-Fenix,178,37.3,0.2378,ok,86558.401
Caelum-Fenix,451,58.0,0.4568,ok,243663.184
Aegis-Boreas,289,22.4,0.1076,ok,62159.802
Aegis-Elysium,90,97.9,0.4846,ok,363813.427
Aegis-Elysium,380,1.4,0.0071,ok,150692.764
Elysium-Fenix,467,95.1,0.6257,ok,682036.702
Aegis-Elysium,14,2.4,0.0117,ok,155679.236
Dawn-Fenix,49,12.7,0.0808,ok,72022.671
Dawn-Elysium,68,43.52,0.3091,ok,142426.702
Dawn-Elysium,289,52.9,0.7672,ok,871893.866
Boreas-Elysium,32,79.4,0.3872,ok,167233.495
Dawn-Fenix,198,3.5,0.022,ok,70469.851
Aegis-Elysium,337,73.0,0.3614,ok,246347.79
Aegis-Dawn,144,15.0,0.1528,ok,128823.534
Caelum-Fenix,350,42.6,0.3353,ok,167624.897
Boreas-Dawn,324,23.119999999999997,0.1629,ok,75415.843
Aegis-Elysium,459,54.1,0.268,ok,199235.018
Dawn-Elysium,386,30.0,0.4341,ok,203256.077
Boreas-Dawn,434,146.0,0.7227,ok,456473.84
Boreas-Dawn,151,109.7,0.5429,ok,202135.598
Boreas-Dawn,230,25.6,0.127,ok,69807.949
Caelum-Elysium,231,21.1,0.2541,ok,160169.786
Boreas-Elysium,466,6.4,0.0313,ok,96924.174
Boreas-Elysium,321,52.5,0.2562,ok,121505.417
Caelum-Dawn,421,12.4,0.1351,ok,119329.993
Boreas-Elysium,116,76.3,0.372,ok,162514.517
Elysium-Fenix,460,23.3,0.1533,ok,182298.817
Boreas-Elysium,50,100.0,0.4876,ok,235613.446
Caelum-Dawn,320,14.6,0.1591,ok,119382.634
Caelum-Dawn,337,23.9,0.2597,ok,143387.685
Aegis-Elysium,371,38.44,0.2424,ok,192248.249
Boreas-Elysium,98,108.2,0.528,ok,266459.791
Dawn-Fenix,339,38.9,0.2475,ok,88607.741
Aegis-Dawn,99,39.9,0.4069,ok,216215.921
Boreas-Elysium,474,17.9,0.0875,ok,100777.664
Dawn-Fenix,26,51.3,0.3264,ok,104467.815
Elysium-Fenix,33,86.5,0.5692,ok,533629.825
Boreas-Dawn,285,15.2,0.0755,ok,69230.193
Boreas-Dawn,385,58.3,0.2886,ok,93686.632
Caelum-Dawn,499,24.8,0.2698,ok,146606.865
Dawn-Fenix,211,128.2,0.8163,ok,840382.936
Aegis-Elysium,343,82.1,0.4067,ok,286228.64
Dawn-Elysium,383,5.4,0.0781,ok,105428.695
Aegis-Dawn,400,16.2,0.1658,ok,127094.51
Dawn-Fenix,367,17.2,0.1093,ok,75951.565
Boreas-Dawn,387,83.1,0.4116,ok,127972.177
Boreas-Dawn,203,60.9,0.3017,ok,96575.296
Boreas-Elysium,87,19.2,0.0939,ok,100537.32
Boreas-Fenix,258,25.0,0.1482,ok,150382.229
Aegis-Boreas,277,42.4,0.2038,ok,67625.895
Aegis-Dawn,154,19.6,0.1998,ok,133325.128
Caelum-Fenix,442,15.6,0.1231,ok,117703.521
Caelum-Dawn,218,57.3,0.6225,ok,451783.841
Caelum-Elysium,123,17.8,0.2148,ok,149514.833
Boreas-Elysium,448,60.9,0.297,ok,134128.544
Dawn-Fenix,233,85.1,0.5421,ok,205782.872
Caelum-Dawn,99,11.1,0.1205,ok,117757.282
Aegis-Boreas,308,73.1,0.3512,ok,93491.921
Caelum-Fenix,470,12.360000000000003,0.0881,ok,118640.453
Caelum-Fenix,206,22.1,0.174,ok,124451.072
Aegis-Boreas,479,35.8,0.1723,ok,67843.551
Boreas-Dawn,16,41.0,0.2028,ok,79525.338
Boreas-Dawn,41,130.0,0.6437,ok,307206.37
Boreas-Elysium,142,66.7,0.3252,ok,142579.656
Dawn-Fenix,53,17.0,0.1082,ok,70140.791
Dawn-Elysium,214,21.5,0.3119,ok,141831.48
Elysium-Fenix,205,45.8,0.301,ok,229198.05
Boreas-Elysium,215,106.1,0.5173,ok,258482.676
Aegis-Boreas,29,75.7,0.364,ok,96354.792
Boreas-Elysium,136,7.3,0.0355,ok,94834.819
Caelum-Fenix,109,66.8,0.5259,ok,305650.546
Elysium-Fenix,28,50.9,0.3348,ok,247167.652
Caelum-Dawn,361,5.8,0.0633,ok,115994.96
Aegis-Dawn,373,14.8,0.1513,ok,126831.533
Caelum-Elysium,490,44.8,0.5393,ok,369539.398
Aegis-Boreas,134,61.1,0.2939,ok,82267.838
Caelum-Fenix,446,51.1,0.4021,ok,199990.6
Boreas-Elysium,103,59.1,0.2881,ok,127971.954
Elysium-Fenix,383,43.2,0.2841,ok,217464.448
Aegis-Dawn,24,14.0,0.1426,ok,127286.911
Aegis-Boreas,14,71.1,0.3419,ok,90668.79
Dawn-Fenix,145,25.6,0.1628,ok,74550.516
Aegis-Boreas,393,9.3,0.0448,ok,58506.505
Boreas-Dawn,440,72.2,0.3575,ok,109169.062
Boreas-Dawn,95,29.8,0.1475,ok,74303.173
Boreas-Elysium,479,26.5,0.1295,ok,101749.042
Dawn-Fenix,180,48.0,0.3056,ok,102085.949
Caelum-Dawn,189,20.5,0.2227,ok,129673.779
Caelum-Fenix,188,14.7,0.1155,ok,119576.469
Caelum-Dawn,14,5.6,0.0604,ok,111426.505
Boreas-Elysium,454,74.4,0.3631,ok,154453.684
Aegis-Boreas,386,167.8,0.8066,ok,664873.739
Dawn-Fenix,263,41.7,0.2654,ok,91054.067
Boreas-Elysium,495,52.1,0.2539,ok,123539.494
Dawn-Fenix,152,29.2,0.1859,ok,78932.116
Aegis-Dawn,481,33.6,0.3431,ok,179285.368
Elysium-Fenix,245,43.8,0.288,ok,221006.016
Dawn-Elysium,265,15.3,0.2223,ok,122341.805
Dawn-Elysium,485,4.68,0.056,ok,102608.639
Boreas-Fenix,427,70.9,0.4197,ok,256385.755
Boreas-Elysium,250,66.8,0.3257,ok,146534.74
Caelum-Elysium,254,14.6,0.1758,ok,139012.111
Dawn-Elysium,458,3.9,0.057,ok,100547.999
Dawn-Fenix,438,6.1,0.0386,ok,72036.272
Caelum-Elysium,484,10.9,0.1315,ok,131929.001
Dawn-Fenix,41,91.5,0.5827,ok,124164.318
Boreas-Elysium,166,26.6,0.1297,ok,98658.894
Caelum-Elysium,290,54.4,0.6553,ok,599261.592
Aegis-Dawn,50,39.9,0.4074,ok,218262.036
Caelum-Dawn,459,22.3,0.2422,ok,76704.098
Caelum-Elysium,386,25.8,0.3108,ok,179512.055
Elysium-Fenix,302,91.9,0.6044,ok,617720.419
Aegis-Dawn,162,47.2,0.4812,ok,275219.548
Aegis-Elysium,332,44.7,0.2212,ok,182278.761
Aegis-Boreas,192,61.5,0.2955,ok,82249.408
Aegis-Elysium,463,69.03999999999999,0.4238,ok,294491.238
Elysium-Fenix,115,39.9,0.2628,ok,205228.679
Caelum-Fenix,192,75.4,0.5941,ok,400886.854
Caelum-Fenix,498,43.0,0.3387,ok,173047.846
Boreas-Dawn,383,105.2,0.5208,ok,186390.143
Caelum-Dawn,112,28.2,0.3066,ok,156483.393
Boreas-Dawn,10,73.4,0.3632,ok,109963.929
Elysium-Fenix,171,41.1,0.2701,ok,211570.03
Elysium-Fenix,344,72.79999999999998,0.5525,ok,504995.786
Caelum-Elysium,487,55.6,0.6696,ok,644101.625
Aegis-Elysium,336,67.1,0.3322,ok,231154.774
Boreas-Dawn,291,29.2,0.1447,ok,74260.485
Aegis-Dawn,498,14.8,0.1512,ok,127339.604
Caelum-Fenix,440,6.7,0.0531,ok,109605.511
Dawn-Elysium,295,40.0,0.5804,ok,580805.45
Dawn-Fenix,304,20.2,0.1286,ok,43305.764
Aegis-Boreas,419,63.3,0.3043,ok,85220.043
Boreas-Elysium,169,34.3,0.1673,ok,106848.231
Elysium-Fenix,203,18.0,0.1239,ok,171312.286
Boreas-Elysium,71,68.7,0.3352,ok,144962.73
Aegis-Boreas,165,113.9,0.5476,ok,179306.723
Caelum-Fenix,66,51.2,0.4028,ok,203741.903
Aegis-Dawn,443,47.8,0.4875,ok,279548.347
Aegis-Boreas,363,78.9,0.3796,ok,101907.067
Aegis-Dawn,284,49.3,0.5034,ok,296949.704
Caelum-Dawn,104,20.1,0.2184,ok,131511.508
Elysium-Fenix,468,45.3,0.2978,ok,221319.786
Caelum-Dawn,53,13.2,0.1435,ok,120110.427
Aegis-Boreas,319,28.2,0.1356,ok,64160.672
Aegis-Dawn,188,32.0,0.3261,ok,174505.501
Boreas-Elysium,83,32.2,0.1571,ok,104552.658
Caelum-Elysium,334,43.9,0.5283,ok,349033.586
Aegis-Boreas,314,62.4,0.3001,ok,82392.689
Boreas-Elysium,449,70.0,0.3412,ok,150216.576
Boreas-Elysium,470,76.8,0.3747,ok,155241.077
Caelum-Elysium,373,39.6,0.4772,ok,294579.041
Caelum-Elysium,480,11.2,0.1352,ok,139646.516
Boreas-Elysium,19,31.6,0.1542,ok,104388.107
Caelum-Elysium,82,42.5,0.5122,ok,330548.605
Aegis-Dawn,279,52.6,0.5371,ok,339381.246
Caelum-Elysium,306,45.4,0.5468,ok,377597.051
Caelum-Fenix,359,28.1,0.2214,ok,130436.468
Aegis-Elysium,328,68.4,0.3385,ok,233623.244
Dawn-Elysium,52,13.9,0.2011,ok,114569.749
Dawn-Fenix,302,35.7,0.2272,ok,85259.713
Caelum-Elysium,259,13.5,0.1627,ok,139837.228
Boreas-Elysium,236,62.0,0.3026,ok,133663.992
Caelum-Fenix,293,37.0,0.291,ok,151515.332
Aegis-Dawn,35,27.5,0.2807,ok,156981.711
Dawn-Fenix,359,63.3,0.403,ok,130178.537
Aegis-Boreas,425,37.6,0.1806,ok,67384.634
Caelum-Fenix,475,84.1,0.6622,ok,548682.129
Elysium-Fenix,473,9.8,0.0642,ok,169159.944
Elysium-Fenix,424,48.8,0.3209,ok,236489.19
Dawn-Fenix,192,10.8,0.0686,ok,72910.652
Aegis-Boreas,215,83.7,0.4025,ok,110596.182
Aegis-Boreas,478,3.8,0.0182,ok,57565.156
Boreas-Elysium,150,51.8,0.2526,ok,121990.152
Boreas-Fenix,44,30.9,0.1826,ok,153070.944
Aegis-Boreas,258,43.1,0.2073,ok,69393.041
Aegis-Elysium,162,70.8,0.3504,ok,245495.784
Dawn-Fenix,68,25.8,0.1645,ok,76636.109
Boreas-Dawn,292,28.2,0.1398,ok,73956.782
Caelum-Fenix,89,28.3,0.223,ok,131669.999
Aegis-Dawn,244,16.6,0.1691,ok,128012.888
Aegis-Dawn,74,13.8,0.1403,ok,121354.447
Boreas-Dawn,8,24.4,0.1206,ok,72311.568
Boreas-Elysium,380,3.5,0.0169,ok,96520.051
Caelum-Dawn,285,6.1,0.0663,ok,114329.262
Elysium-Fenix,436,22.2,0.146,ok,173178.912
Boreas-Elysium,17,47.0,0.2295,ok,115570.859
Aegis-Dawn,159,54.5,0.5566,ok,364715.383
Aegis-Boreas,324,26.1,0.1257,ok,62349.756
Elysium-Fenix,139,39.6,0.2604,ok,207679.671
Aegis-Boreas,444,73.9,0.3554,ok,93345.238
Caelum-Fenix,452,31.7,0.2492,ok,141381.753
Aegis-Boreas,110,92.5,0.4446,ok,123491.669
Caelum-Dawn,178,27.7,0.3013,ok,158259.756
Boreas-Elysium,277,47.94,0.3325,ok,146096.185
Boreas-Dawn,288,63.0,0.3121,ok,99056.627
Aegis-Boreas,94,36.5,0.1757,ok,64984.26
Boreas-Elysium,350,25.3,0.1234,ok,100062.579
Caelum-Dawn,316,34.6,0.3766,ok,186034.708
Elysium-Fenix,266,43.4,0.2854,ok,221129.829
Boreas-Elysium,42,76.7,0.3739,ok,162308.659
Caelum-Fenix,227,61.8,0.4868,ok,265054.529
Boreas-Fenix,477,115.0,0.6806,ok,721872.771
Aegis-Boreas,1,136.4,0.6557,ok,283818.179
Aegis-Dawn,477,42.7,0.4358,ok,232172.458
Dawn-Fenix,135,65.5,0.4169,ok,135980.624
Boreas-Fenix,341,89.5,0.5294,ok,368979.177
Aegis-Dawn,115,55.0,0.5616,ok,371568.793
Dawn-Fenix,200,53.7,0.3421,ok,106533.473
Caelum-Dawn,69,22.0,0.2391,ok,333275.111
Boreas-Fenix,62,88.2,0.5219,ok,367238.452
Boreas-Dawn,148,14.9,0.074,ok,67657.895
Dawn-Fenix,5,37.7,0.2398,ok,83261.075
Aegis-Boreas,221,47.5,0.2285,ok,72207.227
Aegis-Dawn,311,19.2,0.1961,ok,132488.646
Caelum-Elysium,155,5.5,0.066,ok,127647.119
Boreas-Elysium,139,27.2,0.1325,ok,104159.641
Dawn-Fenix,434,44.4,0.2827,ok,94375.466
Boreas-Dawn,139,18.1,0.0895,ok,70211.763
Aegis-Boreas,172,21.2,0.1019,ok,62543.338
Caelum-Elysium,229,2.4,0.0287,ok,125445.527
Dawn-Elysium,92,36.0,0.5223,ok,275998.376
Boreas-Elysium,108,23.7,0.1155,ok,104956.411
Aegis-Boreas,281,49.1,0.2362,ok,75181.374
Caelum-Fenix,36,77.0,0.6059,ok,421823.315
Caelum-Fenix,357,46.4,0.3652,ok,182943.707
Dawn-Elysium,290,31.7,0.4594,ok,224724.009
Caelum-Elysium,463,27.1,0.326,ok,187717.813
Aegis-Boreas,409,49.9,0.2399,ok,71784.265
Aegis-Dawn,107,25.0,0.2551,ok,149586.883
Elysium-Fenix,478,14.5,0.0957,ok,166593.993
Elysium-Fenix,61,8.6,0.0566,ok,167104.126
Elysium-Fenix,489,41.4,0.2725,ok,221949.754
Aegis-Dawn,41,0.7,0.0073,ok,120149.352
Boreas-Dawn,346,58.7,0.2903,ok,93481.806
Boreas-Dawn,465,42.5,0.2106,ok,149786.416
Caelum-Fenix,146,20.8,0.1637,ok,119760.973
Caelum-Dawn,496,24.6,0.2676,ok,146346.185
Boreas-Elysium,363,56.6,0.2763,ok,128217.349
Caelum-Dawn,369,57.7,0.6273,ok,469757.43
Aegis-Dawn,47,32.0,0.3268,ok,175617.747
Caelum-Dawn,79,15.4,0.1678,ok,121507.556
Caelum-Fenix,77,58.9,0.4637,ok,244644.629
Aegis-Dawn,221,29.0,0.2956,ok,159678.764
Elysium-Fenix,176,41.2,0.271,ok,214118.428
Caelum-Elysium,301,62.9,0.7573,ok,1026674.336
Aegis-Elysium,97,47.6,0.2355,ok,186459.715
Aegis-Dawn,114,15.5,0.1581,ok,129330.027
Aegis-Dawn,40,55.7,0.5686,ok,383981.329
Caelum-Elysium,34,20.0,0.2409,ok,151045.948
Caelum-Elysium,345,17.9,0.216,ok,150284.506
Dawn-Elysium,440,34.6,0.5021,ok,257002.888
Boreas-Dawn,179,36.0,0.1782,ok,75365.391
Caelum-Elysium,274,38.5,0.464,ok,283061.72
Elysium-Fenix,228,60.5,0.3982,ok,289771.857
Boreas-Dawn,395,86.0,0.4256,ok,133267.524
Aegis-Dawn,324,23.6,0.2409,ok,144068.283
Aegis-Dawn,325,17.6,0.1794,ok,135525.394
Dawn-Elysium,430,18.8,0.2729,ok,129688.703
Boreas-Dawn,444,72.4,0.3584,ok,108385.181
Boreas-Elysium,74,14.5,0.071,ok,98776.051
Caelum-Dawn,378,36.2,0.3939,ok,200213.542
Caelum-Elysium,262,11.0,0.1321,ok,133619.23
Aegis-Dawn,475,49.9,0.5092,ok,306829.805
Caelum-Fenix,144,46.1,0.3632,ok,184236.952
Elysium-Fenix,493,35.4,0.2332,ok,199876.349
Caelum-Fenix,369,16.5,0.13,ok,115009.081
Caelum-Fenix,209,34.839999999999996,0.2126,ok,128424.432
Caelum-Fenix,301,85.3,0.6717,ok,569696.054
Aegis-Elysium,34,112.8,0.5583,ok,483954.434
Dawn-Elysium,319,22.7,0.3291,ok,146777.317
Caelum-Elysium,109,8.3,0.0995,ok,128247.889
Dawn-Fenix,474,70.8,0.451,ok,150800.314
Caelum-Elysium,453,21.3,0.2561,ok,157333.847
Dawn-Fenix,29,31.2,0.1988,ok,84620.838
Caelum-Dawn,233,24.7,0.2689,ok,143977.451
Caelum-Dawn,296,33.2,0.361,ok,179212.444
Caelum-Dawn,346,17.1,0.1858,ok,215730.505
Dawn-Elysium,342,29.4,0.4265,ok,199258.778
Aegis-Elysium,152,37.1,0.1836,ok,173804.711
Dawn-Elysium,481,10.6,0.153,ok,112335.974
Boreas-Fenix,473,131.0,0.7751,ok,1214224.157
Aegis-Dawn,426,14.6,0.1493,ok,130267.034
Elysium-Fenix,412,21.6,0.1423,ok,177925.977
Dawn-Elysium,151,5.1,0.0741,ok,100905.554
Aegis-Dawn,36,29.9,0.3048,ok,160559.035
Elysium-Fenix,31,21.4,0.141,ok,174020.306
Boreas-Dawn,22,14.7,0.0729,ok,67942.112
Caelum-Elysium,216,45.3,0.5462,ok,376801.757
Caelum-Elysium,273,19.5,0.2354,ok,153134.054
Boreas-Fenix,122,37.7,0.223,ok,283747.643
Caelum-Dawn,128,14.4,0.1569,ok,123265.239
Caelum-Fenix,182,74.5,0.5866,ok,389524.291
Elysium-Fenix,191,31.3,0.2058,ok,189561.408
Aegis-Dawn,447,51.4,0.5245,ok,321156.084
Aegis-Boreas,30,27.5,0.132,ok,63400.437
Boreas-Fenix,123,64.0,0.3785,ok,130081.348
Boreas-Fenix,42,24.4,0.1446,ok,144973.909
Aegis-Dawn,294,46.9,0.4782,ok,271672.886
Caelum-Elysium,420,3.3,0.0401,ok,126799.723
Aegis-Boreas,292,40.1,0.1926,ok,68425.317
Aegis-Dawn,215,37.3,0.3811,ok,199632.508
Boreas-Elysium,467,93.8,0.4575,ok,208790.042
Dawn-Elysium,327,34.4,0.4993,ok,252483.641
Aegis-Boreas,22,30.3,0.1455,ok,65073.824
Boreas-Fenix,376,103.7,0.6134,ok,521285.739
Aegis-Dawn,425,32.1,0.3279,ok,177984.994
Aegis-Dawn,458,25.6,0.2613,ok,152534.49
Aegis-Elysium,87,64.8,0.3206,ok,221973.86
Aegis-Elysium,327,45.7,0.2264,ok,179456.165
Dawn-Fenix,186,86.3,0.5498,ok,214550.623
Aegis-Boreas,285,33.1,0.1589,ok,66223.472
Boreas-Elysium,183,13.3,0.0648,ok,99062.984
Aegis-Elysium,304,88.1,0.4359,ok,311571.416
Boreas-Elysium,496,74.2,0.362,ok,152429.267
Aegis-Dawn,95,42.0,0.4286,ok,230002.015
Boreas-Dawn,4,67.0,0.3317,ok,99831.406
Caelum-Fenix,80,10.6,0.0835,ok,114791.475
Aegis-Elysium,306,56.52,0.3458,ok,232058.363
Caelum-Elysium,187,16.8,0.2018,ok,145934.068
Boreas-Fenix,131,82.3,0.487,ok,323102.053
Aegis-Elysium,53,82.5,0.4083,ok,288161.896
Boreas-Elysium,162,74.8,0.3649,ok,157349.231
Dawn-Elysium,240,4.9,0.0703,ok,103205.814
Boreas-Dawn,268,39.82,0.3083,ok,98221.981
Dawn-Fenix,172,47.7,0.304,ok,99881.602
Boreas-Elysium,79,69.1,0.3368,ok,148689.068
Aegis-Boreas,302,6.9,0.0333,ok,60563.736
Boreas-Dawn,118,71.3,0.3528,ok,106328.338
Boreas-Elysium,107,118.4,0.5775,ok,327267.194
Aegis-Dawn,112,60.2,0.6146,ok,464509.007
Caelum-Dawn,481,57.5,0.6251,ok,458623.568
Boreas-Fenix,17,89.9,0.532,ok,377642.99
Boreas-Elysium,231,54.6,0.2663,ok,121354.169
Caelum-Fenix,181,63.1,0.4968,ok,275273.377
Dawn-Fenix,252,119.8,0.7628,ok,589891.933
Caelum-Elysium,414,19.3,0.2321,ok,156561.304
Caelum-Elysium,169,11.8,0.1428,ok,131220.589
Boreas-Fenix,340,39.5,0.2337,ok,159218.83
Dawn-Fenix,457,23.8,0.1513,ok,74801.34
Dawn-Fenix,463,40.2,0.2557,ok,88561.739
Aegis-Dawn,78,41.3,0.4216,ok,222235.472
Boreas-Fenix,83,13.2,0.0783,ok,135917.468
Caelum-Elysium,411,55.7,0.6705,ok,648969.528
Caelum-Fenix,482,21.5,0.1692,ok,121271.618
Boreas-Dawn,295,117.0,0.5794,ok,233998.828
Boreas-Fenix,223,74.8,0.4424,ok,274773.444
Dawn-Elysium,446,17.7,0.2566,ok,128907.54
Boreas-Dawn,283,29.9,0.1478,ok,72813.621
Boreas-Elysium,241,12.9,0.0631,ok,95262.756
Caelum-Dawn,384,21.4,0.2328,ok,135588.634
Boreas-Elysium,497,86.9,0.4241,ok,187695.185
Dawn-Elysium,8,29.3,0.4242,ok,194958.306
Aegis-Elysium,348,72.4,0.3585,ok,248166.171
Dawn-Fenix,107,37.8,0.2407,ok,86665.197
Dawn-Fenix,355,84.8,0.54,ok,205088.497
Caelum-Fenix,111,49.0,0.3855,ok,193003.757
Dawn-Elysium,37,13.5,0.1961,ok,116528.377
Boreas-Dawn,163,84.0,0.4156,ok,129537.216
Dawn-Fenix,313,8.0,0.0511,ok,70046.454
Boreas-Elysium,269,22.9,0.1772,ok,108308.312
Boreas-Fenix,10,19.2,0.1137,ok,141347.864
Aegis-Boreas,325,116.0,0.5576,ok,185311.868
Dawn-Fenix,382,26.1,0.1662,ok,76566.582
Caelum-Dawn,251,8.5,0.0921,ok,114737.186
Caelum-Fenix,219,30.3,0.2388,ok,137710.958
Aegis-Dawn,328,62.6,0.6387,ok,515555.291
Caelum-Dawn,157,8.8,0.0952,ok,118166.899
Boreas-Dawn,290,94.98,0.5112,ok,179227.471
Caelum-Elysium,41,25.2,0.3035,ok,176563.553
Aegis-Boreas,38,86.5,0.4159,ok,113955.582
Aegis-Dawn,454,50.7,0.5176,ok,318790.677
Caelum-Fenix,154,11.4,0.0894,ok,115558.131
Caelum-Fenix,320,45.6,0.3587,ok,181406.615
Aegis-Elysium,20,20.1,0.0994,ok,153586.27
Aegis-Elysium,29,114.1,0.5649,ok,494685.809
Dawn-Elysium,394,15.9,0.2306,ok,121419.681
Aegis-Elysium,487,70.7,0.35,ok,240373.54
Boreas-Dawn,131,140.1,0.6936,ok,391973.746
Caelum-Fenix,322,34.1,0.2688,ok,147354.6
Caelum-Fenix,461,19.5,0.1538,ok,120478.111
Aegis-Elysium,420,54.0,0.2675,ok,201781.642
Elysium-Fenix,334,37.440000000000005,0.2171,ok,196203.78
Aegis-Elysium,33,7.6,0.0377,ok,149427.081
Boreas-Fenix,303,3.8,0.0224,ok,140241.97
Boreas-Dawn,215,64.8,0.321,ok,100664.662
Aegis-Elysium,353,30.3,0.1502,ok,164761.505
Caelum-Elysium,350,8.6,0.1032,ok,134086.747
Aegis-Elysium,448,86.8,0.4295,ok,815366.739
Boreas-Elysium,26,43.6,0.2127,ok,113317.366
Dawn-Fenix,45,33.0,0.2103,ok,81073.88
Caelum-Dawn,301,9.4,0.1021,ok,112389.655
Boreas-Elysium,126,36.6,0.1788,ok,108978.99
Aegis-Dawn,432,56.6,0.5777,ok,401001.313
Caelum-Fenix,252,73.9,0.5818,ok,383098.424
Caelum-Fenix,450,12.5,0.0982,ok,116228.565
Aegis-Boreas,3,55.8,0.2681,ok,76938.079
Boreas-Elysium,210,15.7,0.0767,ok,98081.583
Aegis-Dawn,386,15.8,0.1612,ok,124092.858
Boreas-Fenix,359,19.0,0.1126,ok,139326.942
Boreas-Fenix,80,63.6,0.3761,ok,223932.135
Boreas-Elysium,5,18.9,0.0922,ok,104460.118
Boreas-Dawn,168,80.6,0.3988,ok,124461.242
Boreas-Elysium,4,45.0,0.2193,ok,263160.668
Elysium-Fenix,155,14.3,0.0943,ok,168337.126
Boreas-Fenix,358,56.0,0.3314,ok,201690.043
Aegis-Dawn,255,23.6,0.2412,ok,145428.714
Aegis-Boreas,55,94.3,0.4535,ok,129572.618
Boreas-Dawn,382,39.0,0.1931,ok,80496.458
Caelum-Fenix,21,33.7,0.2656,ok,146389.253
Boreas-Fenix,170,35.0,0.2068,ok,161134.846
Boreas-Fenix,428,31.2,0.1849,ok,152999.948
Aegis-Dawn,478,17.7,0.181,ok,125004.913
Dawn-Fenix,407,9.7,0.0615,ok,71356.035
Aegis-Dawn,359,23.9,0.2437,ok,150211.35
Dawn-Elysium,18,30.3,0.439,ok,201614.617
Caelum-Elysium,55,13.2,0.1585,ok,140985.065
Aegis-Elysium,458,22.7,0.1121,ok,160486.416
Caelum-Elysium,227,31.119999999999997,0.2622,ok,160142.628
Aegis-Dawn,424,19.6,0.1997,ok,136022.203
Boreas-Dawn,458,73.5,0.3637,ok,113966.226
Aegis-Boreas,11,77.4,0.3721,ok,101266.459
Caelum-Elysium,69,28.1,0.3382,ok,192898.264
Boreas-Dawn,32,22.5,0.1115,ok,70785.934
Aegis-Dawn,339,39.9,0.4075,ok,219560.199
Dawn-Elysium,219,17.1,0.2473,ok,127000.668
Caelum-Fenix,251,18.2,0.1436,ok,123143.317
Boreas-Elysium,209,60.7,0.2961,ok,132571.554
Dawn-Fenix,403,55.6,0.3541,ok,113412.359
Elysium-Fenix,441,26.7,0.1757,ok,182611.313
Boreas-Elysium,343,54.4,0.2653,ok,120409.119
Aegis-Elysium,9,56.5,0.2798,ok,203937.426
Boreas-Fenix,251,34.4,0.2036,ok,153367.685
Aegis-Dawn,233,20.5,0.209,ok,135023.131
Aegis-Boreas,448,17.4,0.0836,ok,61609.301
Dawn-Elysium,88,33.2,0.4806,ok,237528.262
Aegis-Boreas,150,48.3,0.2322,ok,71379.241
Boreas-Elysium,129,106.6,0.52,ok,262283.538
Dawn-Fenix,30,11.0,0.0701,ok,72250.263
Aegis-Elysium,223,89.4,0.4428,ok,317620.538
Caelum-Elysium,160,24.8,0.2993,ok,176750.023
Boreas-Elysium,146,61.7,0.3008,ok,133594.139
Caelum-Elysium,433,10.3,0.1247,ok,129171.485
Boreas-Fenix,243,66.7,0.3944,ok,240126.271
Dawn-Elysium,281,46.1,0.6684,ok,515509.486
Dawn-Elysium,146,39.7,0.5751,ok,340350.993
Dawn-Elysium,60,25.1,0.364,ok,166336.8
Boreas-Fenix,38,43.7,0.2585,ok,164800.083
Aegis-Elysium,323,9.8,0.0483,ok,151971.167
Boreas-Dawn,356,25.9,0.1284,ok,72221.951
Caelum-Elysium,172,20.2,0.2439,ok,154476.563
Aegis-Boreas,279,1.4,0.0067,ok,60409.376
Aegis-Boreas,252,94.9,0.4561,ok,129204.759
Elysium-Fenix,316,8.8,0.058,ok,168590.135
Boreas-Elysium,128,42.6,0.2078,ok,114478.322
Dawn-Elysium,244,30.5,0.4414,ok,205395.123
Aegis-Dawn,346,14.7,0.1501,ok,127445.528
Caelum-Elysium,486,18.9,0.228,ok,155051.382
Dawn-Elysium,373,15.8,0.2296,ok,124125.549
Boreas-Dawn,390,47.220000000000006,0.3095,ok,97620.672
Dawn-Elysium,44,39.1,0.5665,ok,325240.77
Boreas-Fenix,75,98.3,0.5819,ok,460612.692
Aegis-Dawn,67,26.5,0.2707,ok,153619.822
Caelum-Dawn,387,14.5,0.1571,ok,123403.921
Aegis-Dawn,267,43.3,0.4423,ok,243553.644
Aegis-Boreas,318,97.4,0.4684,ok,134936.015
Caelum-Elysium,182,21.0,0.2526,ok,154300.178
Aegis-Elysium,188,52.5,0.2598,ok,195948.781
Elysium-Fenix,400,83.8,0.5512,ok,500575.855
Caelum-Fenix,295,80.9,0.6374,ok,487892.837
Boreas-Fenix,394,97.4,0.5766,ok,446235.134
Aegis-Dawn,461,67.9,0.693,ok,668681.445
Caelum-Elysium,250,22.0,0.2652,ok,160404.996
Caelum-Fenix,140,27.7,0.2185,ok,128374.691
Aegis-Boreas,40,81.9,0.3937,ok,106364.124
Caelum-Fenix,474,42.9,0.3375,ok,172448.607
Caelum-Dawn,117,10.9,0.1182,ok,119670.664
Elysium-Fenix,485,15.0,0.0987,ok,165930.765
Boreas-Fenix,287,67.4,0.6103,ok,522450.788
Caelum-Dawn,368,33.7,0.3668,ok,184016.235
Aegis-Elysium,240,45.0,0.2229,ok,181097.394
Aegis-Dawn,139,21.9,0.2239,ok,136469.755
Elysium-Fenix,384,24.3,0.1601,ok,180322.091
Boreas-Dawn,35,9.5,0.0472,ok,71001.993
Caelum-Dawn,179,22.0,0.2392,ok,139126.375
Aegis-Dawn,476,47.1,0.4809,ok,277007.503
Boreas-Fenix,33,34.9,0.2065,ok,156715.191
Dawn-Fenix,408,70.2,0.4473,ok,151578.231
Dawn-Elysium,360,2.4,0.0346,ok,101627.493
Aegis-Dawn,361,56.1,0.572,ok,386741.593
Boreas-Dawn,91,86.0,0.4258,ok,132857.247
Caelum-Dawn,63,43.6,0.4734,ok,255046.593
Caelum-Fenix,423,72.6,0.5713,ok,364331.39
Aegis-Dawn,153,74.2,0.7574,ok,952452.296
Dawn-Elysium,130,39.8,0.5773,ok,336273.738
Caelum-Fenix,29,25.8,0.2032,ok,129888.678
Aegis-Boreas,404,33.7,0.1621,ok,66296.084
Dawn-Elysium,43,24.1,0.3488,ok,157398.665
Elysium-Fenix,345,67.9,0.447,ok,347100.028
Caelum-Fenix,173,62.4,0.4911,ok,269594.772
Aegis-Boreas,416,67.4,0.3238,ok,87449.994
Caelum-Elysium,13,26.8,0.3232,ok,185526.983
Aegis-Boreas,48,34.0,0.1632,ok,63372.718
Elysium-Fenix,253,36.1,0.2372,ok,198782.276
Elysium-Fenix,403,52.1,0.3431,ok,243716.088
Caelum-Elysium,310,23.7,0.2856,ok,170351.801
Caelum-Elysium,399,30.9,0.3726,ok,215838.855
Elysium-Fenix,319,83.1,0.5464,ok,484773.385
Boreas-Fenix,35,30.8,0.182,ok,146135.715
Boreas-Dawn,332,50.2,0.2486,ok,82483.004
Elysium-Fenix,295,43.3,0.2852,ok,220138.111
Dawn-Elysium,409,6.7,0.0974,ok,106241.067
Caelum-Fenix,245,10.4,0.0821,ok,114450.292
Aegis-Boreas,348,11.1,0.0536,ok,58420.667
Aegis-Boreas,223,79.0,0.38,ok,103032.212
Caelum-Elysium,332,29.8,0.3586,ok,205355.874
Aegis-Elysium,405,59.2,0.293,ok,210693.556
Dawn-Fenix,481,56.7,0.3613,ok,112533.619
Caelum-Fenix,72,32.9,0.2594,ok,142564.673
Caelum-Elysium,308,13.0,0.1564,ok,139796.631
Aegis-Boreas,339,68.8,0.331,ok,90156.053
Caelum-Dawn,141,22.1,0.2403,ok,135638.451
Elysium-Fenix,233,75.2,0.4949,ok,402049.034
Caelum-Dawn,256,52.9,0.5747,ok,369586.51
Elysium-Fenix,298,67.0,0.4407,ok,327980.993
Boreas-Elysium,436,106.7,0.5203,ok,264624.482
Caelum-Fenix,387,36.1,0.284,ok,148674.21
Caelum-Elysium,212,40.3,0.4858,ok,301823.028
Boreas-Dawn,27,19.6,0.0972,ok,69981.999
Aegis-Boreas,178,33.8,0.1624,ok,67971.079
Caelum-Fenix,393,43.8,0.3447,ok,169095.6
Dawn-Fenix,296,70.2,0.447,ok,145430.101
Caelum-Elysium,232,27.7,0.3338,ok,188027.796
Caelum-Fenix,416,56.8,0.4472,ok,232853.53
Dawn-Elysium,392,23.5,0.3403,ok,151644.58
Dawn-Elysium,439,24.0,0.3479,ok,154618.981
Aegis-Dawn,480,31.8,0.3246,ok,172217.105
Aegis-Boreas,62,29.7,0.143,ok,63098.157
Aegis-Elysium,299,70.5,0.349,ok,235944.581
Dawn-Fenix,10,38.1,0.2424,ok,88658.846
Boreas-Elysium,222,79.0,0.3853,ok,167695.058
Boreas-Dawn,94,71.9,0.3561,ok,110998.891
Aegis-Boreas,160,11.2,0.0538,ok,61423.73
Aegis-Dawn,1,41.4,0.4224,ok,226883.304
Dawn-Elysium,163,19.0,0.2755,ok,137369.73
Caelum-Fenix,98,37.0,0.291,ok,150688.002
Boreas-Dawn,345,133.0,0.6585,ok,331246.921
Aegis-Dawn,280,23.7,0.2419,ok,142455.085
Boreas-Dawn,371,64.2,0.4324,ok,137727.882
Dawn-Elysium,208,14.8,0.2139,ok,120965.699
Boreas-Fenix,332,68.9,0.4078,ok,249826.545
Elysium-Fenix,170,54.6,0.3592,ok,266617.365
Caelum-Fenix,383,35.3,0.2783,ok,147871.291
Aegis-Elysium,397,77.7,0.3848,ok,268262.988
Dawn-Fenix,335,63.4,0.4041,ok,129048.572
Boreas-Fenix,483,92.2,0.5453,ok,402992.767
Aegis-Boreas,193,139.3,0.6698,ok,304857.285
Aegis-Elysium,193,82.3,0.4072,ok,280826.964
Boreas-Elysium,154,38.2,0.1861,ok,50345.925
Dawn-Fenix,22,6.9,0.0439,ok,72212.564
Aegis-Boreas,154,46.8,0.2252,ok,71876.809
Caelum-Fenix,310,15.1,0.1192,ok,119270.387
Caelum-Elysium,17,20.6,0.2478,ok,154938.707
Boreas-Fenix,495,49.3,0.2914,ok,184106.294
Caelum-Elysium,451,15.5,0.1868,ok,143029.015
Aegis-Elysium,455,134.6,0.6661,ok,770700.673
Elysium-Fenix,174,32.5,0.2136,ok,199069.227
Dawn-Elysium,462,22.0,0.3193,ok,148943.421
Caelum-Elysium,296,21.8,0.2623,ok,159482.257
Dawn-Fenix,395,78.6,0.5009,ok,177293.784
Caelum-Dawn,165,47.1,0.5124,ok,293420.744
Caelum-Dawn,102,5.5,0.0594,ok,112021.499
Dawn-Fenix,208,11.6,0.0736,ok,198158.804
Boreas-Dawn,287,9.6,0.0474,ok,67240.896
Caelum-Dawn,86,10.1,0.1099,ok,114327.417
Aegis-Boreas,474,35.8,0.1721,ok,67331.395
Aegis-Dawn,134,15.9,0.1623,ok,127540.328
Caelum-Fenix,459,49.0,0.3861,ok,195288.155
Dawn-Fenix,81,39.4,0.2511,ok,88355.956
Boreas-Elysium,172,81.8,0.3992,ok,177100.643
Caelum-Fenix,235,40.7,0.3205,ok,161437.297
Dawn-Elysium,379,10.3,0.1487,ok,109352.576
Boreas-Dawn,196,17.7,0.0878,ok,70552.749
Dawn-Fenix,347,40.6,0.2586,ok,88816.288
Aegis-Boreas,42,111.9,0.538,ok,172123.993
Boreas-Elysium,189,49.5,0.2412,ok,119365.564
Caelum-Fenix,104,15.5,0.1219,ok,117581.391
Boreas-Elysium,283,35.8,0.1748,ok,111153.499
Aegis-Boreas,78,63.5,0.3051,ok,81464.333
Dawn-Elysium,299,2.1,0.0305,ok,101323.163
Elysium-Fenix,410,42.3,0.2785,ok,219658.64
Boreas-Fenix,277,55.7,0.3298,ok,202459.284
Caelum-Dawn,322,28.1,0.3052,ok,157705.364
Boreas-Elysium,175,61.4,0.2995,ok,134985.977
Aegis-Boreas,460,25.7,0.1238,ok,62271.346
Boreas-Elysium,147,7.9,0.0385,ok,95339.34
Boreas-Fenix,158,68.7,0.4064,ok,245523.034
Aegis-Elysium,364,61.739999999999995,0.6149,ok,607413.441
Caelum-Elysium,85,63.4,0.7634,ok,1063628.759
Aegis-Elysium,368,58.5,0.2895,ok,204527.686
Aegis-Boreas,244,35.6,0.1713,ok,66513.328
Dawn-Fenix,260,48.1,0.3066,ok,99885.574
Boreas-Fenix,218,75.5,0.4465,ok,279318.488
Boreas-Fenix,191,37.5,0.2221,ok,155396.552
Caelum-Dawn,427,1.3,0.0138,ok,109223.422
Caelum-Dawn,330,52.8,0.5744,ok,369069.577
Caelum-Fenix,134,24.5,0.1929,ok,129334.046
Boreas-Fenix,392,16.1,0.0952,ok,142162.1
Caelum-Fenix,413,23.7,0.1868,ok,125584.455
Boreas-Elysium,207,106.3,0.5187,ok,258341.399
Boreas-Fenix,299,52.2,0.3089,ok,190117.723
Boreas-Fenix,385,17.9,0.1061,ok,142358.987
Aegis-Elysium,456,58.2,0.288,ok,211362.662
Elysium-Fenix,134,46.8,0.3077,ok,230189.305
Dawn-Fenix,422,70.8,0.4511,ok,147241.114
Aegis-Elysium,342,65.9,0.3263,ok,226082.594
Elysium-Fenix,374,70.0,0.4605,ok,353633.692
Boreas-Dawn,126,118.2,0.5854,ok,237944.144
Dawn-Fenix,418,15.2,0.0969,ok,75888.314
Caelum-Dawn,335,18.2,0.1975,ok,126439.665
Dawn-Elysium,274,2.5,0.0357,ok,102915.581
Elysium-Fenix,129,15.5,0.1018,ok,175509.079
Caelum-Elysium,258,14.4,0.1732,ok,140501.228
Boreas-Elysium,11,86.5,0.422,ok,189535.861
Aegis-Dawn,34,41.3,0.4211,ok,224122.957
Caelum-Fenix,367,32.6,0.2568,ok,144725.622
Aegis-Elysium,372,41.4,0.2051,ok,181362.813
Aegis-Dawn,455,31.9,0.3255,ok,173843.976
Caelum-Elysium,108,41.3,0.4971,ok,313735.247
Caelum-Elysium,366,41.5,0.5001,ok,318553.906
Caelum-Fenix,436,47.6,0.3749,ok,181777.965
Caelum-Dawn,297,16.3,0.1773,ok,126544.366
Boreas-Elysium,307,12.6,0.0616,ok,99461.535
Aegis-Dawn,306,35.7,0.3645,ok,197325.156
Dawn-Elysium,125,27.3,0.3956,ok,181103.379
Aegis-Dawn,485,43.6,0.4447,ok,246308.9
Aegis-Dawn,357,49.8,0.5078,ok,299933.55
Caelum-Fenix,473,64.7,0.5094,ok,286331.233
Aegis-Boreas,171,26.5,0.1272,ok,64524.893
Dawn-Elysium,255,41.9,0.6068,ok,387570.596
Caelum-Fenix,165,36.7,0.2893,ok,150713.175
Boreas-Fenix,155,44.7,0.2647,ok,171952.467
Elysium-Fenix,225,88.6,0.5827,ok,567484.57
Aegis-Elysium,375,64.7,0.3201,ok,222919.202
Dawn-Fenix,446,53.9,0.3435,ok,108200.271
Dawn-Elysium,498,12.2,0.177,ok,111932.854
Elysium-Fenix,66,50.7,0.3333,ok,247664.075
Caelum-Dawn,451,35.3,0.3834,ok,189162.337
Caelum-Dawn,461,52.5,0.5709,ok,367297.4
Aegis-Boreas,337,88.3,0.4246,ok,117556.389
Boreas-Fenix,105,20.5,0.1215,ok,145158.457
Elysium-Fenix,124,43.4,0.2858,ok,217638.034
Dawn-Elysium,108,15.9,0.2301,ok,118653.179
Aegis-Dawn,368,36.2,0.3697,ok,195743.187
Caelum-Dawn,216,39.4,0.4286,ok,220136.608
Caelum-Elysium,118,32.8,0.3949,ok,228937.411
Dawn-Fenix,255,33.5,0.2132,ok,83604.997
Aegis-Boreas,56,111.4,0.5355,ok,171909.629
Caelum-Fenix,247,19.3,0.1518,ok,120366.105
Caelum-Elysium,107,19.2,0.2314,ok,152590.917
Boreas-Dawn,492,54.3,0.269,ok,88339.422
Boreas-Dawn,51,61.3,0.3036,ok,96627.633
Caelum-Fenix,337,27.8,0.2193,ok,134563.987
Caelum-Dawn,487,10.0,0.1086,ok,118684.392
Aegis-Dawn,488,4.3,0.0437,ok,120465.879
Caelum-Dawn,443,15.8,0.1713,ok,126087.779
Boreas-Elysium,268,31.7,0.1548,ok,104385.024
Dawn-Fenix,77,77.4,0.4933,ok,169690.264
Caelum-Dawn,194,34.1,0.3704,ok,183362.969
Aegis-Dawn,300,18.0,0.1835,ok,135274.744
Elysium-Fenix,142,29.5,0.1938,ok,188205.789
Caelum-Elysium,154,46.5,0.5608,ok,399503.623
Aegis-Boreas,293,51.6,0.2479,ok,75387.306
Elysium-Fenix,420,55.0,0.3616,ok,269833.97
Dawn-Elysium,232,24.3,0.3516,ok,158649.94
Dawn-Fenix,332,48.1,0.3065,ok,97132.574
Boreas-Elysium,446,26.9,0.1315,ok,102283.153
Boreas-Fenix,338,32.5,0.192,ok,151456.408
Boreas-Elysium,178,59.3,0.2892,ok,132103.027
Caelum-Elysium,43,16.8,0.2025,ok,142757.037
Aegis-Dawn,251,31.8,0.3241,ok,169707.564
Aegis-Dawn,493,53.7,0.5484,ok,350379.254
Dawn-Fenix,222,4.7,0.0302,ok,68688.195
Boreas-Elysium,372,17.1,0.0833,ok,97882.65
Aegis-Elysium,35,55.9,0.2769,ok,201304.634
Caelum-Dawn,357,76.86000000000001,0.4905,ok,271884.987
Boreas-Dawn,341,19.5,0.0966,ok,73010.156
Dawn-Elysium,422,13.0,0.1886,ok,118852.667
Dawn-Elysium,122,37.2,0.5395,ok,771133.196
Boreas-Dawn,303,67.8,0.3356,ok,104948.783
Aegis-Boreas,351,76.4,0.3672,ok,96289.67
Caelum-Elysium,372,17.3,0.209,ok,148696.281
Caelum-Fenix,437,73.2,0.5766,ok,372230.783
Aegis-Dawn,217,24.4,0.2486,ok,147509.238
Caelum-Elysium,87,20.8,0.2506,ok,158145.357
Aegis-Elysium,12,34.8,0.1724,ok,166509.717
Elysium-Fenix,169,31.9,0.2101,ok,196398.425
Boreas-Elysium,312,28.1,0.1372,ok,102977.283
Boreas-Fenix,334,94.9,0.5614,ok,424612.429
Elysium-Fenix,370,12.7,0.0837,ok,166454.566
Dawn-Fenix,483,40.6,0.2584,ok,90210.533
Caelum-Elysium,235,8.2,0.0988,ok,133181.657
Boreas-Elysium,84,94.9,0.4628,ok,212908.615
Caelum-Fenix,306,15.9,0.1249,ok,116119.586
Dawn-Elysium,416,42.379999999999995,0.2887,ok,135249.579
Elysium-Fenix,188,71.6,0.4713,ok,368872.922
Caelum-Elysium,264,38.1,0.4591,ok,271146.767
Dawn-Fenix,469,86.7,0.5521,ok,216856.722
Elysium-Fenix,469,21.4,0.141,ok,174475.429
Dawn-Elysium,441,11.5,0.1674,ok,110322.618
Aegis-Boreas,399,110.8,0.5325,ok,167116.625
Dawn-Fenix,228,94.9,0.6044,ok,267954.312
Dawn-Fenix,471,81.9,0.5214,ok,189826.642
Aegis-Dawn,58,48.3,0.4932,ok,286015.192
Elysium-Fenix,98,20.8,0.1371,ok,173929.021
Caelum-Fenix,402,15.4,0.1211,ok,117219.702
Caelum-Elysium,168,12.3,0.1484,ok,136067.134
Aegis-Boreas,208,104.2,0.501,ok,150959.55
Aegis-Elysium,396,24.2,0.12,ok,158843.932
Caelum-Elysium,162,21.6,0.2605,ok,161830.423
Boreas-Fenix,329,78.1,0.4619,ok,289801.449
Dawn-Elysium,376,12.4,0.1801,ok,116052.802
Caelum-Fenix,204,39.3,0.3091,ok,157594.922
Boreas-Dawn,443,61.14,0.399,ok,122321.194
Dawn-Fenix,356,31.0,0.1975,ok,82796.855
Caelum-Dawn,1,65.7,0.7141,ok,708923.473
Caelum-Dawn,167,16.7,0.1819,ok,129353.039
Aegis-Elysium,264,51.1,0.2532,ok,188554.629
Boreas-Dawn,220,81.1,0.4015,ok,126858.328
Caelum-Elysium,71,20.2,0.2434,ok,157539.837
Caelum-Elysium,133,15.7,0.1889,ok,384929.984
Boreas-Fenix,490,1.1,0.0063,ok,131565.516
Boreas-Dawn,378,47.7,0.2361,ok,83893.035
Caelum-Elysium,473,11.6,0.1403,ok,134750.447
Caelum-Elysium,22,14.5,0.1746,ok,141620.633
Caelum-Elysium,21,25.8,0.3111,ok,175760.304
Caelum-Elysium,194,12.2,0.147,ok,135584.627
Dawn-Fenix,261,14.6,0.0929,ok,72050.528
Caelum-Elysium,105,20.6,0.248,ok,159675.274
Aegis-Dawn,128,71.9,0.7333,ok,831020.067
Caelum-Dawn,193,21.2,0.2301,ok,137284.198
Dawn-Fenix,213,68.4,0.4357,ok,146533.12
Aegis-Boreas,131,75.2,0.3617,ok,96508.722
Caelum-Fenix,52,18.9,0.1487,ok,123288.887
Caelum-Dawn,68,15.2,0.1654,ok,122771.003
Dawn-Elysium,153,45.0,0.6521,ok,474653.626
Caelum-Elysium,192,13.3,0.16,ok,136345.616
Boreas-Fenix,352,49.0,0.2898,ok,181521.726
Aegis-Dawn,362,47.5,0.4851,ok,277764.243
Boreas-Dawn,214,27.6,0.1368,ok,72488.886
Aegis-Elysium,30,98.7,0.4886,ok,367478.468
Caelum-Dawn,428,32.0,0.3484,ok,173789.723
Elysium-Fenix,459,12.5,0.0824,ok,163384.0
Boreas-Elysium,297,50.9,0.2485,ok,120831.932
Elysium-Fenix,19,45.1,0.2966,ok,221060.29
Boreas-Fenix,57,63.2,0.3742,ok,599155.958
Aegis-Boreas,373,70.5,0.3389,ok,91060.36
Boreas-Elysium,463,39.1,0.191,ok,112654.908
Aegis-Boreas,356,47.5,0.2283,ok,71926.002
Aegis-Dawn,349,66.6,0.6793,ok,626603.255
Caelum-Dawn,350,68.7,0.7466,ok,850527.683
Dawn-Elysium,480,18.5,0.2684,ok,129280.285
Elysium-Fenix,249,13.1,0.086,ok,170691.664
Caelum-Dawn,477,32.2,0.3503,ok,176144.737
Caelum-Fenix,290,19.0,0.1493,ok,121397.201
Boreas-Elysium,218,27.0,0.1317,ok,99294.915
Boreas-Dawn,421,52.5,0.2598,ok,91097.8
Aegis-Dawn,326,39.4,0.4018,ok,214763.333
Elysium-Fenix,429,69.6,0.4576,ok,352814.341
Boreas-Fenix,294,30.4,0.18,ok,156740.414
Aegis-Boreas,99,114.1,0.5487,ok,178599.807
Caelum-Fenix,415,60.8,0.4788,ok,455314.642
Caelum-Elysium,429,3.4,0.041,ok,129733.946
Caelum-Dawn,21,7.5,0.0816,ok,117397.893
Boreas-Elysium,485,62.2,0.3034,ok,133044.363
Elysium-Fenix,71,38.1,0.2503,ok,211319.193
Dawn-Fenix,314,60.2,0.3836,ok,119848.652
Caelum-Dawn,373,11.2,0.1219,ok,117466.774
Boreas-Fenix,482,44.1,0.2608,ok,171456.653
Caelum-Dawn,44,10.2,0.1109,ok,118072.176
Boreas-Dawn,455,144.5,0.7155,ok,438893.683
Dawn-Elysium,322,20.2,0.2931,ok,140173.053
Boreas-Dawn,447,44.0,0.2179,ok,83996.393
Boreas-Fenix,264,37.6,0.2224,ok,153985.21
Boreas-Elysium,352,19.3,0.0942,ok,101202.525
Boreas-Elysium,450,52.3,0.2553,ok,123249.837
Aegis-Dawn,492,77.1,0.7867,ok,1143690.398
Caelum-Dawn,205,15.3,0.1663,ok,123851.767
Aegis-Elysium,175,10.459999999999999,0.0842,ok,156956.215
Boreas-Fenix,216,85.4,0.5052,ok,343316.956
Boreas-Elysium,313,74.4,0.3628,ok,157795.542
Aegis-Boreas,435,20.7,0.0993,ok,61432.908
Aegis-Dawn,463,5.5600000000000005,0.0351,ok,117375.07
Aegis-Elysium,313,143.7,0.7113,ok,963303.246
Aegis-Boreas,497,85.8,0.4126,ok,113877.895
Boreas-Elysium,131,40.6,0.198,ok,112000.663
Aegis-Elysium,261,136.3,0.6745,ok,793232.52
Boreas-Fenix,245,127.7,0.7555,ok,1081282.088
Elysium-Fenix,272,59.0,0.3884,ok,281090.759
Boreas-Elysium,64,81.3,0.3964,ok,172943.724
Caelum-Dawn,250,24.6,0.267,ok,143886.349
Caelum-Fenix,201,35.9,0.2824,ok,149709.435
Boreas-Elysium,254,86.3,0.4209,ok,185821.127
Caelum-Elysium,358,16.6,0.2001,ok,136791.66
Boreas-Elysium,92,99.2,0.4839,ok,228074.193
Caelum-Fenix,216,59.8,0.4706,ok,250904.767
Elysium-Fenix,378,69.1,0.4544,ok,351131.272
Caelum-Dawn,191,62.5,0.6791,ok,590524.944
Aegis-Elysium,307,21.4,0.1061,ok,159740.494
Boreas-Elysium,301,55.7,0.2718,ok,128174.961
Boreas-Fenix,333,49.7,0.2943,ok,182671.603
Aegis-Elysium,38,30.8,0.1526,ok,173334.868
Boreas-Elysium,299,115.8,0.5647,ok,312865.589
Dawn-Elysium,384,48.58,0.481,ok,238487.849
Caelum-Elysium,435,30.2,0.3639,ok,206308.26
Caelum-Elysium,261,31.7,0.3821,ok,216445.913
Dawn-Elysium,426,17.6,0.2556,ok,129411.924
Aegis-Elysium,382,80.8,0.4002,ok,277637.34
Boreas-Dawn,453,87.4,0.4326,ok,137421.687
Boreas-Elysium,457,124.3,0.6063,ok,371085.33
Boreas-Fenix,63,27.7,0.164,ok,149301.714
Boreas-Elysium,238,82.2,0.4009,ok,172247.857
Aegis-Elysium,115,72.8,0.3602,ok,247992.865
Elysium-Fenix,445,55.1,0.3628,ok,270001.655
Caelum-Fenix,417,87.4,0.6881,ok,623798.853
Boreas-Fenix,240,60.379999999999995,0.4069,ok,248971.373
Aegis-Boreas,81,74.7,0.3591,ok,96553.158
Caelum-Dawn,28,56.3,0.6123,ok,436673.928
Aegis-Elysium,378,52.0,0.2574,ok,194035.141
Dawn-Fenix,231,64.8,0.4127,ok,131122.491
Aegis-Dawn,411,26.9,0.2741,ok,157280.372
Caelum-Fenix,26,12.1,0.0953,ok,111489.042
Elysium-Fenix,241,16.4,0.1081,ok,172687.022
Caelum-Dawn,98,4.8,0.0522,ok,112095.178
Caelum-Elysium,45,27.5,0.3314,ok,189786.829
Boreas-Fenix,178,43.0,0.2545,ok,170201.923
Elysium-Fenix,371,32.0,0.2105,ok,189893.018
Boreas-Fenix,254,37.7,0.2231,ok,155937.79
Caelum-Elysium,191,41.4,0.4983,ok,315459.745
Aegis-Boreas,387,106.1,0.5103,ok,155183.255
Boreas-Dawn,499,61.8,0.3059,ok,98812.039
Dawn-Elysium,129,12.2,0.1763,ok,111872.396
Dawn-Fenix,181,127.0,0.8086,ok,797248.397
Dawn-Fenix,242,9.1,0.0578,ok,70691.138
Caelum-Fenix,210,26.0,0.2049,ok,129093.864
Boreas-Dawn,176,69.1,0.3421,ok,102967.074
Aegis-Elysium,173,28.3,0.1399,ok,160544.837
Caelum-Elysium,346,34.2,0.4118,ok,239410.593
Caelum-Elysium,149,27.9,0.3365,ok,193318.413
Elysium-Fenix,330,28.4,0.1871,ok,183279.504
Caelum-Dawn,91,32.8,0.3568,ok,179863.389
Boreas-Elysium,89,36.8,0.1796,ok,106673.826
Elysium-Fenix,439,23.4,0.154,ok,186256.56
Dawn-Fenix,206,64.8,0.413,ok,131578.667
Boreas-Elysium,490,66.2,0.3228,ok,144830.585
Aegis-Elysium,406,103.3,0.5113,ok,406000.737
Aegis-Boreas,329,21.5,0.1033,ok,60120.9
Boreas-Dawn,193,50.2,0.2486,ok,86786.397
Caelum-Elysium,385,16.3,0.1962,ok,145785.696
Boreas-Elysium,157,45.0,0.2196,ok,117321.889
Boreas-Elysium,328,41.1,0.2005,ok,111826.498
Boreas-Dawn,250,16.3,0.0807,ok,68589.113
Aegis-Boreas,268,10.9,0.0524,ok,59662.921
Dawn-Fenix,293,30.7,0.1957,ok,79470.299
Boreas-Elysium,135,14.6,0.0712,ok,97525.631
Dawn-Fenix,1,29.759999999999998,0.1786,ok,81457.368
Aegis-Dawn,442,39.0,0.3975,ok,209221.449
Caelum-Elysium,417,28.2,0.3397,ok,190094.764
Boreas-Elysium,122,86.2,0.4205,ok,188709.838
Caelum-Fenix,425,10.2,0.0807,ok,113075.723
Boreas-Elysium,8,81.0,0.395,ok,173948.826
Boreas-Dawn,415,61.9,0.3063,ok,95494.972
Boreas-Dawn,145,26.1,0.129,ok,72524.46
Dawn-Elysium,115,4.4,0.0635,ok,101128.761
Dawn-Elysium,465,26.8,0.3884,ok,177390.139
Dawn-Fenix,262,63.6,0.405,ok,127221.007
Dawn-Elysium,367,4.6,0.0671,ok,107810.053
Caelum-Fenix,398,35.17999999999999,0.2815,ok,146869.74
Dawn-Elysium,337,18.4,0.2661,ok,129737.426
Aegis-Boreas,232,120.1,0.5776,ok,203618.466
Aegis-Dawn,252,19.3,0.1969,ok,137645.456
Dawn-Fenix,376,90.3,0.575,ok,233752.256
Aegis-Elysium,199,53.9,0.2668,ok,202701.995
Boreas-Fenix,386,37.3,0.2207,ok,162190.011
Aegis-Dawn,383,12.1,0.1231,ok,122355.96
Caelum-Fenix,485,15.4,0.1209,ok,112111.303
Boreas-Fenix,168,32.7,0.1937,ok,146516.242
Caelum-Dawn,61,26.0,0.2821,ok,149829.771
Aegis-Boreas,122,48.0,0.2307,ok,70664.203
Aegis-Dawn,172,52.3,0.5339,ok,334017.442
Aegis-Boreas,4,14.4,0.0692,ok,61680.208
Caelum-Fenix,360,43.2,0.3401,ok,81098.925
Aegis-Boreas,487,22.4,0.1076,ok,63737.239
Aegis-Boreas,6,66.3,0.3188,ok,85909.898
Aegis-Dawn,460,4.9,0.0503,ok,122100.698
Boreas-Fenix,213,75.8,0.4483,ok,280300.608
Dawn-Elysium,21,18.2,0.2637,ok,129979.234
Aegis-Elysium,113,136.8,0.6772,ok,810278.498
Boreas-Fenix,208,50.82000000000001,0.2951,ok,182033.079
Aegis-Boreas,250,162.7,0.7824,ok,565351.806
Dawn-Fenix,214,6.0,0.038,ok,69816.305
Aegis-Elysium,218,66.9,0.3311,ok,237045.163
Boreas-Fenix,499,52.5,0.3109,ok,189605.502
Caelum-Elysium,408,28.8,0.3467,ok,195163.603
Boreas-Fenix,11,59.0,0.3488,ok,212571.73
Caelum-Elysium,178,12.0,0.1443,ok,134834.872
Caelum-Elysium,75,6.6,0.0793,ok,127906.908
Boreas-Fenix,181,66.3,0.3921,ok,233948.783
Boreas-Dawn,177,34.5,0.1707,ok,76119.289
Elysium-Fenix,284,60.9,0.401,ok,296127.546
Boreas-Elysium,438,77.2,0.3764,ok,165136.312
Boreas-Fenix,330,82.2,0.4863,ok,317821.136
Dawn-Fenix,267,54.0,0.3439,ok,111154.43
Aegis-Elysium,376,66.0,0.3267,ok,411581.344
Caelum-Elysium,104,29.5,0.3557,ok,205293.638
Caelum-Elysium,488,18.0,0.2167,ok,335133.178
Elysium-Fenix,80,119.9,0.7886,ok,1620848.536
Boreas-Elysium,476,107.2,0.5231,ok,263162.619
Boreas-Elysium,69,96.2,0.4692,ok,217816.803
Caelum-Elysium,175,10.0,0.1204,ok,135593.355
Boreas-Dawn,343,33.8,0.1675,ok,75976.014
Boreas-Fenix,362,70.9,0.4193,ok,260639.939
Elysium-Fenix,88,27.7,0.182,ok,183839.429
Boreas-Fenix,86,89.3,0.5283,ok,373413.602
Caelum-Fenix,190,56.0,0.441,ok,228996.428
Dawn-Elysium,433,29.4,0.4264,ok,198668.489
Boreas-Dawn,63,50.3,0.2489,ok,86862.141
Caelum-Fenix,396,14.6,0.1151,ok,120000.075
Boreas-Elysium,264,44.4,0.2168,ok,116281.097
Aegis-Elysium,227,80.1,0.3963,ok,272286.306
Dawn-Fenix,411,20.2,0.1284,ok,74227.988
Aegis-Boreas,240,32.9,0.1582,ok,65847.579
Aegis-Boreas,69,87.2,0.4194,ok,112777.127
Boreas-Dawn,175,11.6,0.0575,ok,70131.463
Caelum-Dawn,430,14.8,0.1606,ok,122221.385
Caelum-Elysium,260,39.7,0.4779,ok,295013.773
Dawn-Elysium,343,4.5,0.0649,ok,105636.25
Aegis-Boreas,130,94.0,0.4521,ok,127962.102
Aegis-Elysium,359,76.0,0.3761,ok,256463.859
Boreas-Elysium,70,47.5,0.2316,ok,119659.898
Dawn-Fenix,412,51.0,0.3251,ok,104656.797
Dawn-Fenix,372,24.6,0.1568,ok,77550.939
Boreas-Elysium,173,31.6,0.1543,ok,100707.336
Dawn-Elysium,288,18.7,0.2707,ok,135566.232
Caelum-Dawn,224,40.9,0.4444,ok,233121.617
Dawn-Fenix,195,80.2,0.5111,ok,182089.624
Caelum-Dawn,497,34.2,0.3712,ok,183107.999
Dawn-Fenix,351,9.9,0.0629,ok,70898.879
Boreas-Fenix,425,44.3,0.2621,ok,173683.185
Aegis-Dawn,459,35.8,0.3657,ok,194351.637
Boreas-Dawn,221,115.5,0.5718,ok,225186.763
Dawn-Elysium,331,44.9,0.6501,ok,469481.043
Aegis-Boreas,375,24.8,0.1192,ok,64419.72
Caelum-Dawn,436,6.3,0.0688,ok,112345.106
Boreas-Elysium,227,19.7,0.0963,ok,99584.247
Caelum-Fenix,309,22.6,0.1782,ok,125012.859
Dawn-Elysium,277,13.7,0.198,ok,116079.853
Aegis-Dawn,46,7.26,0.0508,ok,115767.428
Dawn-Fenix,37,73.5,0.4683,ok,160012.311
Aegis-Boreas,57,19.8,0.0954,ok,62705.28
Aegis-Dawn,164,40.8,0.416,ok,225623.148
Aegis-Boreas,310,23.9,0.1149,ok,61192.171
Boreas-Fenix,390,31.9,0.1888,ok,148684.278
Aegis-Elysium,339,45.1,0.2234,ok,179235.07
Dawn-Elysium,435,12.7,0.1841,ok,109946.643
Boreas-Elysium,151,65.9,0.3216,ok,141457.737
Dawn-Elysium,132,7.8,0.1134,ok,101572.584
Caelum-Elysium,312,30.1,0.3625,ok,210736.595
Caelum-Fenix,330,62.0,0.4878,ok,271118.758
Caelum-Dawn,7,9.5,0.1032,ok,116665.995
Caelum-Fenix,392,81.3,0.6402,ok,490390.334
Boreas-Elysium,398,34.9,0.17,ok,107139.374
Boreas-Elysium,371,92.9,0.453,ok,206464.83
Boreas-Elysium,409,31.96,0.2351,ok,115580.912
Boreas-Dawn,335,48.4,0.2396,ok,82352.223
Boreas-Elysium,62,90.5,0.4416,ok,199014.388
Elysium-Fenix,496,93.7,0.6166,ok,657452.535
Caelum-Dawn,258,30.9,0.336,ok,167903.688
Boreas-Fenix,7,49.1,0.2905,ok,177353.494
Aegis-Dawn,44,27.4,0.2791,ok,156298.441
Caelum-Fenix,78,14.3,0.1126,ok,113112.836
Elysium-Fenix,93,13.1,0.0859,ok,163495.813
Dawn-Elysium,413,15.5,0.2244,ok,118158.615
Caelum-Dawn,263,59.7,0.6488,ok,509892.479
Caelum-Fenix,345,45.4,0.3571,ok,176826.77
Boreas-Elysium,63,19.9,0.0971,ok,101853.9
Aegis-Dawn,200,22.3,0.2274,ok,140895.34
Caelum-Fenix,378,36.0,0.2835,ok,145954.563
Aegis-Dawn,194,26.3,0.2686,ok,151830.542
Dawn-Fenix,187,26.5,0.1686,ok,78591.227
Boreas-Dawn,477,18.3,0.0908,ok,69052.369
Caelum-Dawn,412,47.7,0.5183,ok,298936.688
Aegis-Boreas,288,69.2,0.3329,ok,91496.591
Boreas-Dawn,298,50.5,0.2502,ok,87083.711
Caelum-Dawn,80,31.7,0.3442,ok,171006.507
Dawn-Elysium,157,26.0,0.3769,ok,171949.435
Aegis-Dawn,440,74.6,0.7617,ok,983504.91
Elysium-Fenix,310,47.4,0.3119,ok,237010.955
Aegis-Dawn,291,63.6,0.649,ok,540757.395
Boreas-Dawn,497,87.8,0.4349,ok,138622.331
Caelum-Fenix,225,24.96,0.1478,ok,119541.69
Caelum-Elysium,499,25.2,0.3037,ok,181152.741
Caelum-Fenix,325,59.5,0.4683,ok,250039.339
Caelum-Elysium,494,26.9,0.3238,ok,183888.117
Caelum-Fenix,496,30.5,0.2401,ok,133981.802
Boreas-Fenix,211,19.9,0.1175,ok,138429.946
Caelum-Fenix,353,46.5,0.3665,ok,182981.349
Caelum-Dawn,168,35.1,0.3814,ok,191068.305
Caelum-Elysium,242,20.9,0.2515,ok,161821.185
Boreas-Fenix,461,42.4,0.2509,ok,453872.104
Caelum-Elysium,129,13.7,0.1646,ok,139853.214
Aegis-Boreas,142,122.2,0.5876,ok,209612.61
Dawn-Fenix,111,3.9,0.0251,ok,69940.403
Boreas-Elysium,289,54.7,0.2666,ok,125845.924
Boreas-Elysium,230,24.5,0.1197,ok,100978.272
Caelum-Dawn,319,15.5,0.1688,ok,123811.669
Dawn-Fenix,71,27.7,0.1767,ok,79084.603
Dawn-Elysium,348,27.4,0.3974,ok,182899.623
Dawn-Fenix,223,79.2,0.5045,ok,180387.196
Caelum-Fenix,457,21.5,0.1694,ok,123825.115
Dawn-Elysium,42,8.4,0.1213,ok,106298.327
Aegis-Elysium,395,115.3,0.5707,ok,504783.384
Boreas-Elysium,112,54.2,0.2644,ok,125692.104
Dawn-Elysium,250,23.3,0.3383,ok,153618.12
Boreas-Fenix,97,13.8,0.0814,ok,135268.993
Aegis-Elysium,423,35.3,0.1746,ok,167914.544
Aegis-Elysium,393,24.6,0.1215,ok,157896.333
Elysium-Fenix,402,30.6,0.2013,ok,187110.123
Boreas-Elysium,253,52.1,0.254,ok,124723.979
Dawn-Elysium,238,32.4,0.4692,ok,226426.389
Boreas-Elysium,224,92.8,0.4529,ok,208793.683
Dawn-Elysium,387,26.4,0.3826,ok,428427.257
Caelum-Fenix,163,29.5,0.2327,ok,138520.688
Aegis-Elysium,311,39.8,0.197,ok,174369.755
Caelum-Dawn,424,36.6,0.3973,ok,556646.23
Caelum-Elysium,28,26.2,0.3155,ok,181582.909
Boreas-Fenix,443,2.6,0.0152,ok,132181.339
Dawn-Elysium,434,25.4,0.3681,ok,166426.332
Boreas-Dawn,435,81.7,0.4046,ok,64638.254
Dawn-Fenix,75,27.3,0.174,ok,80409.092
Caelum-Dawn,174,4.2,0.0453,ok,111763.513
Aegis-Boreas,402,22.4,0.1079,ok,63226.574
Aegis-Boreas,243,63.5,0.3051,ok,84350.407
Aegis-Elysium,128,78.6,0.389,ok,269068.486
Boreas-Elysium,78,59.4,0.2898,ok,130268.277
Dawn-Elysium,62,8.4,0.1223,ok,105570.895
Caelum-Fenix,143,79.7,0.6279,ok,471183.952
Aegis-Dawn,302,22.9,0.2338,ok,145649.773
Boreas-Elysium,273,64.2,0.3131,ok,137358.778
Dawn-Elysium,241,33.7,0.4877,ok,240753.15
Aegis-Dawn,202,36.0,0.3672,ok,194770.511
Aegis-Boreas,257,88.5,0.4255,ok,117792.312
Boreas-Dawn,146,71.8,0.3555,ok,108043.604
Caelum-Elysium,73,31.9,0.3848,ok,125215.058
Boreas-Elysium,180,64.5,0.3145,ok,139824.872
Boreas-Dawn,409,33.9,0.1678,ok,74355.453
Elysium-Fenix,46,32.6,0.2144,ok,193438.22
Elysium-Fenix,240,32.0,0.2103,ok,188404.935
Dawn-Elysium,252,5.4,0.0788,ok,105686.658
Aegis-Dawn,245,14.2,0.1447,ok,127197.081
Elysium-Fenix,355,16.1,0.106,ok,167952.63
Elysium-Fenix,101,87.8,0.5774,ok,548629.192
Boreas-Elysium,144,21.8,0.1062,ok,99477.606
Caelum-Fenix,368,32.6,0.2566,ok,139250.947
Dawn-Fenix,25,39.7,0.2529,ok,88087.282
Boreas-Fenix,346,108.1,0.6398,ok,588822.871
Dawn-Fenix,416,24.88,0.1745,ok,79628.625
Boreas-Dawn,29,32.6,0.1615,ok,73790.996
Boreas-Dawn,243,38.5,0.1907,ok,75057.052
Boreas-Fenix,380,30.9,0.1828,ok,151170.929
Boreas-Elysium,95,5.8,0.0283,ok,99082.923
Dawn-Elysium,279,31.7,0.4588,ok,223201.606
Dawn-Elysium,323,24.3,0.3528,ok,161619.536
Aegis-Boreas,420,64.0,0.3075,ok,85363.173
Aegis-Boreas,397,34.8,0.2619,ok,77726.099
Dawn-Fenix,384,36.8,0.2347,ok,84070.403
Boreas-Elysium,255,39.1,0.1906,ok,109880.479
Boreas-Dawn,208,54.8,0.2712,ok,90788.047
Elysium-Fenix,389,47.3,0.3111,ok,230381.998
Dawn-Fenix,0,11.4,0.0727,ok,72156.754
Caelum-Fenix,105,14.1,0.1108,ok,115602.681
Caelum-Fenix,347,9.5,0.075,ok,113091.976
Dawn-Fenix,168,22.2,0.1416,ok,76118.276
Aegis-Boreas,231,63.0,0.3031,ok,84316.707
Boreas-Elysium,302,69.7,0.3398,ok,147107.047
Caelum-Dawn,277,10.2,0.1107,ok,115614.941
Dawn-Elysium,172,19.1,0.2768,ok,132285.214
Boreas-Dawn,411,52.7,0.261,ok,89211.82
Elysium-Fenix,4,34.1,0.2241,ok,196775.928
Dawn-Fenix,193,27.9,0.1778,ok,81681.535
Aegis-Dawn,330,6.6,0.067,ok,121063.799
Caelum-Dawn,0,29.2,0.3173,ok,160099.015
Aegis-Boreas,10,21.3,0.1025,ok,61502.014
Boreas-Elysium,37,27.9,0.1362,ok,104351.827
Boreas-Dawn,425,19.8,0.0979,ok,72482.182
Dawn-Fenix,20,92.7,0.5902,ok,250921.44
Aegis-Boreas,263,73.97999999999999,0.5171,ok,158131.571
Dawn-Elysium,190,14.4,0.2091,ok,118131.28
Dawn-Fenix,400,58.379999999999995,0.3869,ok,122946.071
Boreas-Dawn,153,35.8,0.177,ok,77916.293
Caelum-Dawn,89,18.0,0.1953,ok,129970.022
Aegis-Dawn,465,68.2,0.6957,ok,681879.942
Dawn-Fenix,311,9.3,0.059,ok,71446.964
Boreas-Fenix,125,56.9,0.3369,ok,202319.529
Dawn-Fenix,249,28.8,0.1836,ok,78314.562
Caelum-Elysium,450,9.3,0.1123,ok,129520.762
Dawn-Fenix,51,17.8,0.1136,ok,72406.58
Caelum-Fenix,323,52.3,0.4115,ok,209299.798
Dawn-Fenix,185,44.3,0.2823,ok,95055.682
Boreas-Fenix,405,22.4,0.1324,ok,144007.45
Aegis-Dawn,61,33.3,0.3403,ok,181344.298
Boreas-Fenix,368,38.6,0.2284,ok,157408.809
Dawn-Fenix,410,28.8,0.1835,ok,82041.117
Dawn-Fenix,473,30.2,0.1922,ok,79918.94
Aegis-Elysium,203,23.9,0.1184,ok,158773.386
Dawn-Elysium,171,32.6,0.4719,ok,231465.857
Aegis-Dawn,196,34.6,0.353,ok,182099.409
Caelum-Dawn,156,13.7,0.1485,ok,119188.347
Aegis-Boreas,368,95.5,0.4592,ok,131693.455
Dawn-Fenix,289,32.5,0.207,ok,82765.542
Boreas-Fenix,460,98.1,0.5806,ok,459808.295
Boreas-Fenix,409,32.3,0.1913,ok,155145.808
Aegis-Elysium,417,86.0,0.4255,ok,300464.966
Aegis-Boreas,490,29.6,0.1425,ok,63856.9
Boreas-Fenix,324,28.9,0.1709,ok,150596.472
Caelum-Dawn,482,43.3,0.4711,ok,252791.071
Caelum-Elysium,305,43.0,0.5175,ok,343463.065
Aegis-Elysium,465,98.1,0.4857,ok,368120.67
Caelum-Elysium,247,25.8,0.3107,ok,180739.365
Dawn-Fenix,377,20.9,0.1329,ok,74864.638
Caelum-Elysium,30,37.0,0.4458,ok,263995.153
Aegis-Elysium,316,28.4,0.1406,ok,162978.807
Caelum-Elysium,173,26.8,0.3224,ok,182719.845
Aegis-Elysium,309,63.5,0.3144,ok,223093.271
Elysium-Fenix,261,10.3,0.0681,ok,168739.107
Caelum-Fenix,494,63.02,0.4023,ok,201017.465
Caelum-Dawn,432,39.6,0.4302,ok,222725.466
Caelum-Dawn,66,9.7,0.1058,ok,118318.344
Caelum-Fenix,365,67.9,0.5347,ok,314355.31
Dawn-Fenix,129,48.0,0.3055,ok,99078.351
Boreas-Dawn,441,87.0,0.4309,ok,136108.644
Elysium-Fenix,116,31.0,0.2039,ok,190272.391
Elysium-Fenix,337,4.7,0.0307,ok,165050.911
Boreas-Elysium,206,54.7,0.267,ok,123785.924
Aegis-Boreas,138,140.5,0.6756,ok,314335.083
Dawn-Fenix,254,40.3,0.2565,ok,86832.308
Aegis-Dawn,470,47.9,0.309,ok,168294.912
Aegis-Dawn,358,56.8,0.5798,ok,399353.96
Dawn-Fenix,441,41.0,0.2612,ok,89877.146
Boreas-Dawn,101,35.8,0.1774,ok,75181.169
Aegis-Elysium,273,113.9,0.5638,ok,488377.549
Aegis-Dawn,25,12.5,0.1276,ok,127750.973
Caelum-Fenix,481,1.6,0.0127,ok,112237.165
Boreas-Elysium,91,20.1,0.0979,ok,99451.767
Caelum-Dawn,209,47.7,0.5185,ok,301225.478
Boreas-Elysium,52,79.6,0.3885,ok,167503.568
Aegis-Elysium,453,18.3,0.0904,ok,159763.195
Aegis-Dawn,434,17.4,0.1773,ok,133082.547
Dawn-Fenix,144,51.4,0.3276,ok,103114.592
Aegis-Boreas,475,114.6,0.5508,ok,183655.792
Elysium-Fenix,55,73.5,0.4837,ok,380298.122
Caelum-Elysium,381,63.8,0.7689,ok,1094253.332
Elysium-Fenix,29,70.1,0.4615,ok,361431.275
Dawn-Fenix,66,48.4,0.3086,ok,98175.815
Dawn-Elysium,464,20.8,0.3018,ok,142482.657
Caelum-Fenix,464,14.1,0.111,ok,114357.548
Caelum-Elysium,183,54.3,0.6543,ok,594594.045
Caelum-Fenix,321,54.4,0.4281,ok,215263.67
Caelum-Elysium,266,18.1,0.218,ok,147442.572
Aegis-Dawn,242,19.2,0.1964,ok,139020.167
Caelum-Fenix,376,5.9,0.0468,ok,113174.002
Boreas-Elysium,323,71.0,0.3463,ok,150979.724
Caelum-Dawn,56,8.0,0.0869,ok,117164.47
Boreas-Dawn,396,60.5,0.2993,ok,95009.934
Caelum-Elysium,143,34.5,0.4151,ok,241246.123
Caelum-Dawn,282,17.1,0.1859,ok,125518.293
Boreas-Dawn,414,105.2,0.5209,ok,187357.099
Aegis-Elysium,213,26.5,0.131,ok,164936.532
Aegis-Elysium,388,97.9,0.4848,ok,366716.194
Dawn-Elysium,9,2.6,0.0381,ok,98734.529
Aegis-Dawn,31,22.4,0.2283,ok,144817.743
Boreas-Dawn,257,45.7,0.2263,ok,80601.262
Aegis-Dawn,20,37.0,0.3774,ok,198125.611
Dawn-Fenix,433,23.6,0.1505,ok,77737.868
Boreas-Dawn,445,6.2,0.0308,ok,68748.416
Aegis-Elysium,457,50.1,0.2481,ok,194905.898
Caelum-Elysium,392,21.0,0.2527,ok,157951.793
Boreas-Fenix,0,37.9,0.2337,ok,164773.623
Caelum-Dawn,381,66.1,0.7183,ok,727089.794
Boreas-Dawn,111,10.8,0.0533,ok,71318.251
Aegis-Elysium,276,124.6,0.6171,ok,617476.549
Boreas-Fenix,302,10.4,0.0615,ok,137265.941
Caelum-Dawn,127,49.4,0.5369,ok,316886.315
Aegis-Elysium,250,2.1,0.0105,ok,153284.112
Boreas-Dawn,113,28.4,0.1403,ok,74008.536
Caelum-Dawn,452,2.1,0.0231,ok,107100.625
Caelum-Dawn,476,16.1,0.1745,ok,125213.604
Boreas-Fenix,156,36.6,0.2167,ok,155798.898
Aegis-Dawn,495,18.7,0.1907,ok,135771.943
Dawn-Fenix,63,52.2,0.3325,ok,103570.898
Dawn-Elysium,28,28.1,0.4071,ok,187229.633
Aegis-Dawn,261,34.8,0.3547,ok,190665.555
Aegis-Elysium,214,57.7,0.2856,ok,207075.135
Elysium-Fenix,54,58.2,0.3832,ok,277991.981
Caelum-Dawn,444,19.8,0.2154,ok,134147.845
Caelum-Dawn,116,74.24000000000001,0.4236,ok,223528.944
Dawn-Fenix,390,83.3,0.5304,ok,195070.919
Boreas-Elysium,261,25.1,0.1222,ok,103065.229
Aegis-Elysium,112,56.2,0.2784,ok,207057.213
Boreas-Fenix,235,81.4,0.4816,ok,312938.426
Aegis-Elysium,225,87.0,0.4308,ok,301317.021
Caelum-Dawn,367,44.7,0.4863,ok,266343.529
Caelum-Elysium,304,7.2,0.0866,ok,131173.014
Caelum-Dawn,71,26.8,0.2916,ok,154365.774
Dawn-Elysium,196,9.7,0.1409,ok,103760.795
Caelum-Dawn,281,33.4,0.3629,ok,179405.896
Dawn-Fenix,201,57.9,0.369,ok,118054.331
Aegis-Boreas,148,45.3,0.2178,ok,70975.366
Caelum-Elysium,240,37.0,0.4456,ok,258614.267
Dawn-Fenix,166,13.2,0.084,ok,70843.44
Boreas-Fenix,408,71.1,0.4208,ok,264005.466
Aegis-Dawn,246,53.8,0.5489,ok,351849.554
Boreas-Dawn,405,80.1,0.3965,ok,122995.77
Boreas-Fenix,118,53.7,0.3176,ok,192000.294
Dawn-Elysium,59,14.5,0.2106,ok,118316.828
Caelum-Fenix,361,54.9,0.4322,ok,219121.287
Aegis-Boreas,410,39.4,0.1893,ok,64230.621
Elysium-Fenix,294,61.6,0.405,ok,300534.233
Dawn-Elysium,197,12.4,0.1802,ok,116089.607
Aegis-Elysium,431,113.6,0.5623,ok,486127.319
Dawn-Fenix,459,24.0,0.1527,ok,77707.876
Aegis-Dawn,119,31.9,0.3258,ok,176199.744
Caelum-Fenix,133,11.9,0.0938,ok,117317.102
Dawn-Fenix,189,52.4,0.3337,ok,105875.684
Caelum-Dawn,46,42.3,0.46,ok,247640.984
Boreas-Elysium,440,71.7,0.3498,ok,149074.562
Caelum-Elysium,440,26.959999999999997,0.2094,ok,149494.411
Caelum-Elysium,95,25.1,0.3018,ok,180753.211
Caelum-Fenix,27,22.5,0.1769,ok,122790.969
Caelum-Fenix,319,29.9,0.2353,ok,134538.226
Dawn-Fenix,494,36.3,0.2313,ok,84065.606
Boreas-Elysium,245,57.8,0.282,ok,131258.819
Elysium-Fenix,25,24.8,0.1634,ok,180118.823
Dawn-Fenix,300,66.7,0.4246,ok,134141.625
Boreas-Dawn,143,56.2,0.2782,ok,90466.255
Caelum-Fenix,263,14.3,0.1129,ok,120099.644
Aegis-Elysium,177,72.3,0.3577,ok,243028.658
Boreas-Fenix,413,48.9,0.2896,ok,184309.559
Caelum-Dawn,100,37.5,0.4077,ok,206525.76
Boreas-Fenix,120,42.9,0.2536,ok,172325.168
Caelum-Elysium,122,32.9,0.3965,ok,223376.004
Aegis-Dawn,204,8.0,0.082,ok,121319.461
Boreas-Fenix,437,45.9,0.2715,ok,175243.529
Caelum-Elysium,0,16.7,0.2015,ok,142775.584
Aegis-Dawn,257,20.4,0.2077,ok,133122.705
Aegis-Boreas,428,50.4,0.2425,ok,74006.297
Caelum-Dawn,287,32.8,0.3564,ok,178701.259
Boreas-Dawn,86,89.9,0.445,ok,143788.226
Aegis-Dawn,360,24.5,0.2504,ok,145282.882
Caelum-Dawn,413,37.0,0.402,ok,201405.348
Caelum-Fenix,156,27.7,0.218,ok,128707.89
Aegis-Dawn,141,10.7,0.1089,ok,124725.28
Aegis-Boreas,119,59.3,0.2849,ok,175919.435
Aegis-Boreas,433,56.4,0.2713,ok,78092.789
Caelum-Dawn,206,10.4,0.1131,ok,115542.061
Boreas-Dawn,199,52.6,0.2606,ok,86095.034
Elysium-Fenix,433,40.0,0.2634,ok,209999.928
Caelum-Fenix,375,38.0,0.2991,ok,153642.079
Caelum-Dawn,26,11.1,0.1212,ok,113231.766
Elysium-Fenix,106,30.3,0.1995,ok,191076.973
Boreas-Elysium,181,108.2,0.5276,ok,266289.499
Aegis-Dawn,283,36.0,0.3673,ok,196131.986
Boreas-Fenix,163,29.9,0.1767,ok,148333.871
Caelum-Fenix,151,58.6,0.4615,ok,244088.853
Caelum-Elysium,27,20.8,0.2508,ok,158645.32
Caelum-Fenix,291,14.7,0.1158,ok,116862.952
Boreas-Fenix,58,31.4,0.1859,ok,385969.939
Dawn-Elysium,79,23.0,0.3336,ok,153205.172
Aegis-Elysium,116,8.7,0.0433,ok,152481.067
Caelum-Fenix,91,21.8,0.1714,ok,123797.226
Caelum-Elysium,158,23.7,0.2854,ok,169764.429
Boreas-Fenix,360,118.6,0.7016,ok,797944.964
Dawn-Fenix,277,8.5,0.0544,ok,72260.227
Caelum-Fenix,183,38.0,0.2988,ok,155756.481
Boreas-Dawn,140,36.2,0.1793,ok,77842.171
Boreas-Fenix,41,47.0,0.278,ok,183579.934
Caelum-Elysium,419,46.3,0.5581,ok,689993.468
Elysium-Fenix,58,53.5,0.3521,ok,255474.985
Boreas-Dawn,265,39.6,0.1961,ok,78367.925
Aegis-Dawn,388,17.8,0.1817,ok,133111.657
Caelum-Elysium,208,2.3,0.0276,ok,126869.302
Aegis-Dawn,435,6.0,0.0614,ok,114629.877
Dawn-Elysium,300,44.0,0.6383,ok,443562.343
Aegis-Boreas,345,23.9,0.1147,ok,60283.748
Boreas-Fenix,468,104.9,0.6209,ok,546631.335
Caelum-Dawn,225,39.5,0.4292,ok,216769.273
Dawn-Elysium,321,21.5,0.3119,ok,144727.876
Aegis-Elysium,412,75.4,0.3733,ok,256294.055
Aegis-Elysium,62,81.1,0.4013,ok,278210.539
Boreas-Fenix,445,28.3,0.1675,ok,154119.922
Boreas-Dawn,206,56.4,0.2793,ok,90545.76
Boreas-Fenix,104,57.3,0.3393,ok,207981.886
Caelum-Elysium,403,14.6,0.1763,ok,140027.582
Caelum-Dawn,397,30.0,0.3262,ok,163701.425
Elysium-Fenix,51,75.5,0.4965,ok,398933.029
Boreas-Elysium,168,106.1,0.5174,ok,259771.213
Dawn-Elysium,154,4.8,0.07,ok,103232.389
Elysium-Fenix,353,47.6,0.3135,ok,230289.645
Boreas-Dawn,210,28.6,0.1413,ok,76338.567
Dawn-Elysium,358,17.2,0.2498,ok,123484.279
Boreas-Fenix,94,96.1,0.5688,ok,437052.443
Boreas-Elysium,375,20.4,0.0994,ok,99154.063
Caelum-Dawn,92,10.1,0.1096,ok,119382.28
Elysium-Fenix,175,11.6,0.0765,ok,170142.348
Caelum-Dawn,196,10.2,0.1114,ok,115335.686
Dawn-Fenix,279,51.96,0.3229,ok,104189.811
Boreas-Elysium,243,108.4,0.5287,ok,272942.746
Dawn-Fenix,331,125.5,0.7996,ok,748162.164
Caelum-Dawn,259,10.0,0.109,ok,57335.771
Dawn-Fenix,417,37.2,0.2369,ok,84115.49
Elysium-Fenix,167,38.3,0.2521,ok,201334.968
Caelum-Fenix,228,12.3,0.0968,ok,116250.548
Caelum-Elysium,9,23.3,0.2811,ok,166596.991
Boreas-Fenix,367,47.7,0.282,ok,183178.929
Dawn-Fenix,319,45.8,0.2916,ok,97907.693
Caelum-Elysium,167,15.0,0.1804,ok,148158.647
Boreas-Dawn,256,79.4,0.3931,ok,122024.548
Caelum-Fenix,443,32.3,0.2544,ok,139194.584
Caelum-Dawn,288,8.8,0.0958,ok,114414.093
Boreas-Elysium,407,42.5,0.2073,ok,113639.55
Aegis-Dawn,104,36.2,0.3697,ok,194101.429
Boreas-Dawn,39,87.5,0.4331,ok,136523.283
Dawn-Fenix,15,118.7,0.7558,ok,568218.041
Caelum-Fenix,253,58.1,0.4576,ok,238906.867
Elysium-Fenix,42,31.4,0.2066,ok,191708.245
Caelum-Dawn,495,7.9,0.0861,ok,115248.122
Dawn-Fenix,215,33.1,0.2108,ok,83986.735
Dawn-Elysium,291,21.2,0.3075,ok,142700.592
Caelum-Elysium,341,37.3,0.4493,ok,267097.851
Aegis-Dawn,81,31.9,0.3253,ok,171219.677
Dawn-Fenix,468,11.7,0.0745,ok,72855.098
Dawn-Fenix,444,23.5,0.1498,ok,76649.237
Boreas-Fenix,478,53.4,0.3161,ok,189622.044
Aegis-Dawn,33,44.8,0.4574,ok,252966.033
Dawn-Elysium,444,1.9,0.0276,ok,103474.426
Aegis-Elysium,132,58.2,0.2882,ok,204830.18
Boreas-Dawn,239,41.9,0.2076,ok,79221.639
Aegis-Elysium,59,84.7,0.4192,ok,295184.395
Boreas-Elysium,24,84.1,0.4104,ok,180459.194
Aegis-Elysium,208,95.9,0.4747,ok,350300.175
Boreas-Fenix,467,73.7,0.4363,ok,277040.452
Aegis-Boreas,121,87.0,0.418,ok,114799.076
Aegis-Dawn,269,58.3,0.5945,ok,428541.207
Elysium-Fenix,260,26.3,0.1733,ok,184135.302
Dawn-Fenix,406,78.4,0.4995,ok,176408.404
Caelum-Elysium,344,37.2,0.4483,ok,491233.797
Aegis-Dawn,366,32.8,0.3344,ok,175451.283
Aegis-Boreas,124,20.7,0.0994,ok,62146.873
Dawn-Elysium,468,20.0,0.2892,ok,135193.789
Elysium-Fenix,229,17.1,0.1124,ok,175534.132
Elysium-Fenix,183,120.3,0.7916,ok,1643133.729
Elysium-Fenix,422,10.3,0.0676,ok,166678.862
Aegis-Dawn,161,56.7,0.579,ok,399201.458
Dawn-Elysium,168,8.1,0.1181,ok,106345.982
Dawn-Elysium,63,23.3,0.337,ok,156480.171
Caelum-Fenix,329,8.9,0.0701,ok,114452.958
Aegis-Elysium,37,119.7,0.5925,ok,547653.559
Aegis-Dawn,415,49.5,0.5049,ok,297686.159
Dawn-Fenix,87,19.1,0.1215,ok,75179.238
Elysium-Fenix,49,73.2,0.4816,ok,377755.464
Dawn-Fenix,452,80.1,0.5104,ok,182723.14
Aegis-Boreas,5,151.7,0.7293,ok,413268.959
Caelum-Dawn,188,8.1,0.0883,ok,118411.61
Caelum-Dawn,265,23.4,0.2541,ok,146690.622
Boreas-Fenix,280,29.0,0.1716,ok,148090.488
Boreas-Fenix,106,65.5,0.3878,ok,241043.653
Dawn-Fenix,402,90.8,0.5785,ok,239384.213
Caelum-Fenix,30,25.3,0.1994,ok,124748.831
Dawn-Fenix,153,32.3,0.206,ok,83984.262
Dawn-Elysium,493,13.3,0.1933,ok,118041.54
Boreas-Dawn,294,46.1,0.2283,ok,81698.129
Aegis-Elysium,206,84.5,0.4183,ok,289729.461
Caelum-Dawn,407,13.3,0.1449,ok,118726.879
Aegis-Dawn,98,20.7,0.2109,ok,137216.714
Caelum-Elysium,444,23.8,0.2872,ok,67142.094
Caelum-Elysium,409,29.7,0.3583,ok,204720.819
Caelum-Fenix,333,7.2,0.057,ok,113826.01
Aegis-Dawn,390,29.6,0.3018,ok,166856.139
Boreas-Elysium,76,3.54,0.0178,ok,100998.294
Boreas-Fenix,400,3.1,0.0183,ok,135567.139
Dawn-Fenix,149,47.7,0.3039,ok,99022.426
Dawn-Fenix,440,28.1,0.1789,ok,79445.226
Aegis-Elysium,224,16.6,0.0824,ok,156059.138
Aegis-Elysium,17,10.7,0.0528,ok,154853.554
Boreas-Fenix,322,23.1,0.1369,ok,143709.917
Dawn-Elysium,201,13.7,0.1979,ok,116118.509
Caelum-Fenix,23,45.2,0.356,ok,174267.992
Boreas-Elysium,482,102.3,0.4991,ok,244266.244
Caelum-Fenix,300,18.5,0.1458,ok,120248.175
Dawn-Elysium,496,28.6,0.4138,ok,190488.993
Caelum-Fenix,318,12.8,0.1006,ok,115175.766
Caelum-Dawn,83,32.6,0.3547,ok,175782.012
Aegis-Dawn,45,16.8,0.1714,ok,133627.072
Boreas-Fenix,69,45.1,0.2671,ok,170622.583
Dawn-Fenix,241,68.1,0.4339,ok,141471.944
Boreas-Dawn,428,62.5,0.3093,ok,96643.313
Aegis-Dawn,59,5.5,0.0557,ok,340492.718
Boreas-Fenix,434,24.1,0.1427,ok,146207.765
Dawn-Elysium,39,21.3,0.309,ok,143610.677
Caelum-Dawn,317,8.8,0.0957,ok,117238.913
Aegis-Dawn,317,25.0,0.2546,ok,150275.301
Caelum-Fenix,240,28.1,0.2214,ok,129753.105
Aegis-Elysium,478,31.1,0.1541,ok,167543.31
Boreas-Fenix,154,19.1,0.1129,ok,139339.729
Aegis-Boreas,161,50.0,0.2404,ok,73704.391
Caelum-Dawn,146,6.8,0.074,ok,112586.106
Boreas-Dawn,264,89.1,0.4412,ok,139261.253
Caelum-Dawn,31,13.9,0.1508,ok,120280.741
Elysium-Fenix,432,71.8,0.4722,ok,370465.049
Dawn-Elysium,436,42.8,0.6204,ok,407097.023
Caelum-Fenix,39,67.1,0.5286,ok,308916.96
Boreas-Fenix,355,63.1,0.3732,ok,224474.795
Boreas-Dawn,485,41.4,0.2048,ok,78513.517
Aegis-Dawn,93,46.5,0.4748,ok,265317.526
Boreas-Dawn,402,30.6,0.1517,ok,74308.457
Boreas-Elysium,163,35.1,0.1715,ok,107114.402
Aegis-Boreas,132,17.3,0.0831,ok,60262.885
Caelum-Elysium,48,8.3,0.1003,ok,131475.539
Caelum-Dawn,479,17.9,0.1947,ok,127020.965
Elysium-Fenix,475,30.5,0.2007,ok,187934.336
Caelum-Dawn,108,44.0,0.4783,ok,258763.235
Aegis-Elysium,26,43.0,0.2129,ok,180436.79
Boreas-Elysium,413,127.4,0.6213,ok,394651.973
Aegis-Boreas,197,82.6,0.3971,ok,107299.769
Aegis-Elysium,197,26.5,0.1311,ok,163622.354
Dawn-Fenix,315,48.2,0.3071,ok,100437.848
Aegis-Dawn,228,27.6,0.2813,ok,155601.376
Elysium-Fenix,231,82.9,0.5453,ok,484469.475
Aegis-Dawn,131,21.740000000000002,0.1331,ok,123731.617
Caelum-Fenix,472,51.8,0.4078,ok,203151.591
Aegis-Boreas,309,35.4,0.17,ok,65798.756
Caelum-Elysium,74,35.5,0.4273,ok,411777.071
Elysium-Fenix,274,23.6,0.1554,ok,176994.545
Aegis-Elysium,110,15.4,0.076,ok,152443.81
Boreas-Fenix,183,20.4,0.1205,ok,143768.792
Elysium-Fenix,488,55.3,0.3641,ok,269398.537
Aegis-Elysium,120,115.4,0.5711,ok,505964.583
Boreas-Fenix,141,35.5,0.21,ok,153636.842
Boreas-Elysium,314,46.1,0.225,ok,112745.516
Aegis-Elysium,302,51.5,0.2549,ok,189768.042
Aegis-Boreas,17,93.9,0.4513,ok,125526.493
Caelum-Dawn,261,44.9,0.4882,ok,268495.43
Elysium-Fenix,477,34.9,0.2298,ok,202198.057
Dawn-Elysium,354,29.7,0.43,ok,203559.192
Dawn-Elysium,470,20.2,0.2923,ok,135589.017
Aegis-Dawn,350,8.8,0.0899,ok,120303.098
Caelum-Dawn,204,52.4,0.5698,ok,363219.922
Elysium-Fenix,236,45.9,0.3022,ok,228152.503
Aegis-Elysium,3,59.7,0.2956,ok,207011.822
Dawn-Fenix,112,54.1,0.3448,ok,109588.151
Aegis-Boreas,233,96.9,0.466,ok,132391.839
Caelum-Elysium,7,34.2,0.4115,ok,239263.604
Boreas-Fenix,100,55.7,0.3293,ok,204590.346
Aegis-Dawn,85,20.5,0.2089,ok,139389.492
Caelum-Elysium,91,32.4,0.3908,ok,498966.986
Boreas-Dawn,271,98.1,0.4858,ok,164819.133
Aegis-Elysium,92,59.5,0.2947,ok,217026.231
Caelum-Elysium,102,21.9,0.2635,ok,166584.854
Dawn-Elysium,273,20.2,0.2932,ok,142426.763
Aegis-Dawn,497,60.0,0.6127,ok,461539.536
Elysium-Fenix,474,36.4,0.2395,ok,201128.684
Boreas-Fenix,357,56.3,0.333,ok,201019.725
Elysium-Fenix,379,8.9,0.0588,ok,163632.084
Dawn-Elysium,451,13.3,0.1922,ok,116447.916
Elysium-Fenix,277,18.9,0.1246,ok,170038.264
Aegis-Elysium,277,36.5,0.1809,ok,172349.573
Dawn-Fenix,485,23.6,0.1504,ok,74847.673
Boreas-Dawn,97,71.4,0.3537,ok,108925.775
Caelum-Fenix,170,14.4,0.1135,ok,115602.429
Elysium-Fenix,413,76.2,0.5013,ok,413660.308
Aegis-Elysium,363,31.5,0.1557,ok,168947.067
Elysium-Fenix,364,34.8,0.2289,ok,200944.625
Aegis-Boreas,167,101.1,0.486,ok,144302.637
Caelum-Fenix,250,102.4,0.8064,ok,1233896.487
Aegis-Dawn,499,37.1,0.3789,ok,198437.268
Caelum-Elysium,466,45.3,0.5455,ok,375886.754
Caelum-Dawn,379,60.0,0.6523,ok,522459.216
Boreas-Fenix,498,68.0,0.4025,ok,244787.339
Caelum-Elysium,452,45.2,0.5445,ok,377618.065
Dawn-Elysium,133,45.0,0.6529,ok,472153.561
Dawn-Fenix,194,26.6,0.1693,ok,77442.311
Caelum-Dawn,94,11.9,0.1295,ok,119207.646
Boreas-Elysium,309,43.4,0.2116,ok,114791.224
Aegis-Boreas,103,11.98,0.0859,ok,61127.898
Boreas-Fenix,175,49.2,0.2914,ok,182340.512
Caelum-Dawn,325,28.9,0.3139,ok,159914.986
Aegis-Boreas,261,131.8,0.6337,ok,257030.877
Caelum-Fenix,101,33.3,0.262,ok,140231.874
Caelum-Fenix,389,35.3,0.2782,ok,148777.651
Boreas-Dawn,14,42.4,0.2101,ok,79402.481
Boreas-Dawn,223,46.32,0.3338,ok,35086.541
Dawn-Elysium,396,35.6,0.5164,ok,269537.094
Dawn-Elysium,438,3.5,0.0512,ok,104230.821
Caelum-Fenix,174,26.0,0.2051,ok,132750.395
Boreas-Dawn,274,68.4,0.3386,ok,107104.738
Caelum-Dawn,336,39.1,0.4252,ok,213694.426
Dawn-Elysium,206,28.7,0.4166,ok,186202.326
Aegis-Elysium,212,108.5,0.5373,ok,446934.087
Boreas-Elysium,365,86.42,0.4822,ok,228038.366
Boreas-Dawn,259,87.0,0.4307,ok,134851.683
Caelum-Dawn,312,9.7,0.1053,ok,114511.192
Boreas-Elysium,152,27.619999999999997,0.175,ok,106443.872
Caelum-Fenix,274,5.5,0.0435,ok,116213.035
Elysium-Fenix,348,76.7,0.5049,ok,1058302.248
Caelum-Dawn,248,4.0,0.0435,ok,115833.746
Dawn-Elysium,256,14.5,0.2103,ok,117774.259
Caelum-Elysium,396,16.4,0.1979,ok,147378.436
Elysium-Fenix,166,40.1,0.264,ok,211355.606
Boreas-Elysium,145,132.3,0.6456,ok,441057.287
Dawn-Fenix,197,76.3,0.4863,ok,169656.914
Caelum-Elysium,311,11.8,0.1417,ok,132731.227
Elysium-Fenix,408,7.9,0.0518,ok,162402.057
Aegis-Dawn,148,42.4,0.4325,ok,234132.681
Aegis-Boreas,270,60.6,0.2912,ok,79167.22
Caelum-Elysium,23,32.9,0.3969,ok,229096.246
Caelum-Fenix,244,28.3,0.2225,ok,132362.072
Boreas-Dawn,388,58.7,0.2908,ok,93490.409
Dawn-Elysium,452,25.3,0.3663,ok,168092.36
Elysium-Fenix,486,54.9,0.3613,ok,265737.525
Boreas-Elysium,499,50.0,0.2439,ok,120611.44
Boreas-Elysium,53,16.4,0.0799,ok,99305.353
Caelum-Dawn,109,1.2,0.0131,ok,114729.498
Aegis-Dawn,8,37.0,0.3774,ok,200359.824
Boreas-Dawn,430,4.0,0.0199,ok,67458.868
Boreas-Dawn,313,40.4,0.1999,ok,79275.22
Caelum-Dawn,42,1.1,0.0124,ok,116320.088
Caelum-Dawn,364,28.0,0.304,ok,158318.55
Aegis-Boreas,152,67.8,0.3258,ok,87505.836
Boreas-Elysium,80,76.4,0.3729,ok,162393.856
Aegis-Elysium,435,82.4,0.4081,ok,281127.942
Boreas-Fenix,440,7.4,0.0436,ok,138770.249
Aegis-Dawn,186,26.7,0.2729,ok,150910.689
Boreas-Dawn,380,115.0,0.5693,ok,223752.972
Boreas-Fenix,128,33.0,0.1953,ok,149700.043
Caelum-Elysium,51,7.7,0.0928,ok,130182.218
Caelum-Fenix,478,38.6,0.3042,ok,155127.559
Aegis-Elysium,205,42.8,0.2116,ok,179948.286
Caelum-Dawn,418,28.4,0.3086,ok,157838.305
Aegis-Dawn,133,32.6,0.3327,ok,174207.064
Caelum-Elysium,245,53.1,0.6402,ok,560140.265
Boreas-Elysium,22,152.7,0.745,ok,731537.012
Aegis-Boreas,204,56.9,0.2737,ok,232962.16
Caelum-Dawn,64,16.0,0.1738,ok,125687.408
Boreas-Elysium,441,105.1,0.5127,ok,254320.304
Dawn-Elysium,89,33.6,0.4867,ok,238744.915
Aegis-Dawn,298,27.2,0.2773,ok,156650.319
Dawn-Elysium,202,45.1,0.6537,ok,474112.205
Caelum-Fenix,408,65.3,0.5141,ok,294476.243
Caelum-Dawn,401,17.3,0.1877,ok,129167.409
Aegis-Boreas,209,71.6,0.3444,ok,94059.943
Caelum-Elysium,171,9.4,0.1139,ok,134828.879
Dawn-Fenix,151,21.5,0.1367,ok,75873.924
Elysium-Fenix,281,39.1,0.2573,ok,212617.697
Boreas-Dawn,312,128.0,0.6337,ok,298135.701
Boreas-Fenix,403,127.6,0.7553,ok,1069926.689
Boreas-Dawn,286,76.6,0.379,ok,116563.16
Dawn-Fenix,401,47.4,0.3022,ok,99834.414
Dawn-Fenix,480,58.4,0.3722,ok,116990.017
Caelum-Elysium,131,48.0,0.5777,ok,423892.378
Aegis-Dawn,391,52.9,0.5397,ok,343556.934
Dawn-Elysium,453,18.7,0.2708,ok,134287.614
Caelum-Fenix,281,66.4,0.5227,ok,300589.358
Boreas-Elysium,267,14.2,0.0694,ok,94054.083
Aegis-Dawn,227,15.3,0.1564,ok,129054.496
Elysium-Fenix,430,77.0,0.5064,ok,421175.067
Caelum-Dawn,135,28.6,0.311,ok,157578.249
Caelum-Elysium,367,14.2,0.1706,ok,136096.506
Boreas-Dawn,211,21.0,0.1041,ok,72262.651
Caelum-Elysium,113,17.5,0.2111,ok,148784.183
Caelum-Elysium,244,22.1,0.2657,ok,163166.272
Aegis-Elysium,354,125.6,0.6218,ok,623509.579
Dawn-Elysium,372,15.1,0.2183,ok,118789.146
Boreas-Dawn,442,22.8,0.1127,ok,70803.013
Dawn-Fenix,462,34.8,0.2215,ok,84248.561
Caelum-Elysium,436,13.4,0.1612,ok,137350.375
Caelum-Dawn,455,23.5,0.2552,ok,140180.839
Elysium-Fenix,390,60.2,0.396,ok,294231.268
Caelum-Elysium,416,3.2,0.0382,ok,123839.946
Caelum-Elysium,101,1.4,0.0172,ok,122273.022
Boreas-Elysium,93,67.2,0.3279,ok,145029.766
Aegis-Dawn,190,50.2,0.5124,ok,302174.993
Dawn-Elysium,495,43.4,0.6294,ok,426811.46
Elysium-Fenix,92,66.6,0.4378,ok,333462.691
Caelum-Elysium,421,31.7,0.3819,ok,218001.583
Dawn-Elysium,113,5.4,0.0778,ok,102566.366
Dawn-Elysium,460,30.9,0.4473,ok,209500.287
Elysium-Fenix,276,29.2,0.1922,ok,190042.749
Aegis-Dawn,238,24.7,0.2518,ok,144694.96
Aegis-Elysium,345,14.3,0.0706,ok,162602.12
Dawn-Fenix,294,26.5,0.1686,ok,79491.827
Boreas-Fenix,295,50.5,0.299,ok,188312.577
Caelum-Fenix,212,16.4,0.1295,ok,117593.013
Aegis-Elysium,370,62.5,0.3092,ok,216859.164
Elysium-Fenix,242,56.5,0.372,ok,273762.518
Elysium-Fenix,250,43.7,0.2875,ok,221427.585
Boreas-Elysium,346,98.1,0.4784,ok,225072.943
Caelum-Dawn,453,56.1,0.6096,ok,430762.819
Boreas-Elysium,134,53.9,0.263,ok,125521.283
Boreas-Dawn,99,69.3,0.3431,ok,107171.085
Boreas-Dawn,238,13.4,0.0662,ok,68980.451
Elysium-Fenix,194,26.5,0.174,ok,183631.71
Elysium-Fenix,415,16.3,0.1072,ok,166801.305
Elysium-Fenix,437,36.3,0.2391,ok,204610.383
Caelum-Elysium,294,27.2,0.3279,ok,186535.95
Dawn-Fenix,375,43.0,0.2742,ok,93309.614
Dawn-Fenix,110,77.3,0.4922,ok,171898.689
Boreas-Fenix,314,46.5,0.2754,ok,176698.223
Caelum-Dawn,197,54.2,0.5889,ok,395155.891
Boreas-Dawn,169,80.03999999999999,0.5684,ok,221789.459
Boreas-Fenix,351,88.1,0.5215,ok,656549.799
Boreas-Fenix,244,2.5,0.0147,ok,134718.956
Caelum-Dawn,298,40.8,0.4434,ok,230498.018
Caelum-Dawn,465,17.6,0.1911,ok,127535.801
Boreas-Dawn,301,81.9,0.4055,ok,125495.338
Elysium-Fenix,11,34.2,0.2251,ok,195074.336
Aegis-Elysium,109,105.1,0.5205,ok,421141.13
Dawn-Elysium,347,8.7,0.1264,ok,108557.333
Caelum-Dawn,388,24.4,0.2658,ok,143553.95
Boreas-Dawn,255,102.9,0.5092,ok,178024.571
Boreas-Dawn,339,63.3,0.3132,ok,99129.091
Caelum-Fenix,381,9.0,0.0709,ok,114295.813
Dawn-Fenix,343,69.5,0.4426,ok,145952.239
Aegis-Dawn,86,54.8,0.5592,ok,367936.999
Boreas-Fenix,417,76.0,0.45,ok,282152.862
Aegis-Dawn,402,24.1,0.2457,ok,146439.122
Boreas-Dawn,54,70.9,0.3508,ok,108073.063
Dawn-Fenix,362,52.1,0.3318,ok,103426.932
Aegis-Boreas,213,121.5,0.5843,ok,206965.332
Dawn-Elysium,193,14.8,0.215,ok,120599.66
Aegis-Dawn,409,23.9,0.2444,ok,145997.935
Dawn-Elysium,198,40.7,0.5904,ok,359294.202
Aegis-Dawn,23,28.6,0.2917,ok,161923.628
Aegis-Elysium,75,81.3,0.4022,ok,276416.407
Caelum-Fenix,16,31.9,0.251,ok,138346.207
Boreas-Fenix,311,50.6,0.2994,ok,184363.559
Elysium-Fenix,328,54.1,0.3558,ok,259948.772
Dawn-Fenix,282,13.8,0.088,ok,74119.991
Boreas-Dawn,142,58.9,0.2915,ok,91993.715
Boreas-Fenix,399,82.3,0.4868,ok,320346.085
Boreas-Fenix,353,91.3,0.5404,ok,393049.512
Aegis-Dawn,337,30.1,0.3069,ok,164074.731
Caelum-Elysium,313,47.2,0.5686,ok,410654.324
Boreas-Fenix,68,111.1,0.6573,ok,642017.748
Dawn-Elysium,306,6.5,0.0939,ok,105535.804
Caelum-Dawn,244,10.5,0.1142,ok,119416.212
Dawn-Fenix,93,85.3,0.5436,ok,206216.684
Aegis-Boreas,207,15.6,0.0752,ok,61063.165
Caelum-Dawn,239,19.1,0.2073,ok,132272.693
Boreas-Elysium,388,39.2,0.1914,ok,109349.756
Caelum-Elysium,224,32.2,0.3883,ok,221888.969
Dawn-Elysium,178,5.9,0.0851,ok,105462.589
Dawn-Elysium,222,40.3,0.5841,ok,350411.67
Aegis-Boreas,405,93.5,0.4497,ok,125618.054
Elysium-Fenix,367,67.0,0.4406,ok,333090.297
Dawn-Fenix,489,35.1,0.2234,ok,82751.174
Boreas-Dawn,65,39.4,0.195,ok,159948.519
Boreas-Fenix,316,13.0,0.0766,ok,136357.031
Boreas-Elysium,123,116.7,0.5691,ok,311848.425
Dawn-Fenix,479,15.0,0.0952,ok,74688.72
Elysium-Fenix,207,95.9,0.6312,ok,695133.485
Boreas-Fenix,186,70.1,0.4145,ok,251535.161
Aegis-Boreas,67,46.7,0.2247,ok,69672.557
Caelum-Fenix,61,27.1,0.2136,ok,131807.16
Boreas-Elysium,159,36.1,0.176,ok,111294.06
Elysium-Fenix,8,48.5,0.3189,ok,233252.257
Aegis-Dawn,12,35.9,0.3665,ok,194507.084
Aegis-Boreas,392,65.6,0.3155,ok,84673.535
Dawn-Fenix,76,21.8,0.1387,ok,74889.32
Caelum-Fenix,176,39.7,0.3127,ok,156996.442
Dawn-Fenix,106,68.8,0.4382,ok,141095.272
Aegis-Elysium,127,51.0,0.2526,ok,193032.721
Aegis-Dawn,417,41.1,0.4195,ok,226825.828
Aegis-Boreas,347,24.3,0.1167,ok,62216.257
Aegis-Elysium,63,34.4,0.1704,ok,169954.763
Aegis-Elysium,338,4.7,0.0233,ok,153805.479
Caelum-Elysium,474,36.5,0.4403,ok,258972.039
Dawn-Elysium,259,30.7,0.4444,ok,204966.693
Caelum-Dawn,494,5.1,0.0551,ok,112490.877
Dawn-Fenix,130,27.9,0.1779,ok,77883.254
Aegis-Elysium,41,62.0,0.3068,ok,216162.201
Boreas-Elysium,75,37.5,0.1827,ok,109695.994
Caelum-Fenix,493,27.5,0.2167,ok,132732.547
Aegis-Boreas,168,48.3,0.2321,ok,72426.478
Dawn-Fenix,14,89.7,0.5713,ok,230380.035
Boreas-Dawn,70,12.0,0.0593,ok,69358.068
Caelum-Fenix,19,6.5,0.0511,ok,112680.598
Dawn-Fenix,455,52.0,0.3309,ok,103488.977
Boreas-Fenix,232,39.9,0.2363,ok,163553.879
Caelum-Elysium,117,38.1,0.4585,ok,276119.468
Aegis-Elysium,68,54.2,0.2681,ok,199724.321
Caelum-Dawn,210,37.62,0.2154,ok,133151.178
Caelum-Fenix,124,36.36,0.2282,ok,136608.884
Boreas-Dawn,157,47.3,0.2341,ok,81544.84
Boreas-Elysium,49,34.3,0.1673,ok,107037.146
Caelum-Dawn,293,17.5,0.1903,ok,122198.944
Aegis-Boreas,36,47.8,0.2299,ok,72909.697
Caelum-Fenix,197,57.3,0.451,ok,239179.139
Aegis-Dawn,307,19.8,0.2022,ok,136066.68
Boreas-Fenix,173,18.6,0.11,ok,144439.021
Boreas-Dawn,48,83.3,0.4124,ok,124207.382
Elysium-Fenix,232,69.3,0.4558,ok,350791.971
Aegis-Elysium,429,14.580000000000002,0.0964,ok,154430.426
Boreas-Fenix,231,29.0,0.1717,ok,151494.048
Boreas-Fenix,453,27.6,0.1631,ok,146731.302
Boreas-Elysium,137,26.7,0.1304,ok,104452.263
Aegis-Boreas,249,89.1,0.4284,ok,118330.967
Boreas-Elysium,158,8.4,0.0408,ok,95293.194
Boreas-Elysium,477,111.7,0.5451,ok,286644.617
Aegis-Dawn,124,43.7,0.4462,ok,246219.828
Boreas-Fenix,49,96.8,0.5725,ok,443522.645
Elysium-Fenix,135,34.7,0.2285,ok,191587.545
Caelum-Dawn,18,25.3,0.2753,ok,145625.701
Aegis-Dawn,173,13.9,0.1418,ok,124269.457
Caelum-Fenix,68,23.3,0.1835,ok,126258.447
Caelum-Elysium,219,8.7,0.1043,ok,133332.664
Caelum-Dawn,347,20.4,0.2214,ok,131790.419
Boreas-Dawn,98,65.5,0.3242,ok,101696.246
Aegis-Elysium,329,78.2,0.3872,ok,270735.26
Boreas-Dawn,490,61.8,0.3058,ok,96242.774
Dawn-Elysium,371,25.9,0.376,ok,173056.113
Caelum-Dawn,142,55.7,0.6058,ok,422150.453
Boreas-Fenix,356,24.7,0.1464,ok,148321.324
Aegis-Boreas,196,11.0,0.0529,ok,60195.11
Boreas-Dawn,392,126.2,0.6249,ok,284544.27
Aegis-Elysium,21,113.6,0.5623,ok,484494.802
Boreas-Fenix,371,33.9,0.2005,ok,154007.818
Boreas-Elysium,143,114.8,0.56,ok,308123.072
Boreas-Fenix,176,83.1,0.4919,ok,324795.029
Aegis-Elysium,133,71.6,0.3544,ok,237683.76
Aegis-Boreas,494,30.360000000000003,0.2648,ok,76104.676
Caelum-Dawn,35,14.2,0.1543,ok,120321.248
Dawn-Fenix,60,84.7,0.5392,ok,205096.508
Caelum-Fenix,302,31.8,0.2502,ok,138952.013
Caelum-Elysium,39,13.8,0.1657,ok,140501.607
Dawn-Elysium,263,27.24,0.182,ok,112684.412
Aegis-Elysium,242,82.1,0.4065,ok,282245.993
Dawn-Fenix,276,15.9,0.1012,ok,73272.199
Elysium-Fenix,45,20.6,0.1354,ok,167124.888
Boreas-Fenix,47,46.4,0.2747,ok,177981.721
Elysium-Fenix,360,43.0,0.283,ok,217545.744
Boreas-Fenix,5,55.9,0.3309,ok,195424.538
Aegis-Dawn,301,42.9,0.4375,ok,238082.908
Boreas-Dawn,263,62.0,0.3072,ok,97778.2
Aegis-Boreas,135,53.1,0.2552,ok,75571.405
Caelum-Dawn,51,24.2,0.2626,ok,142781.503
Caelum-Dawn,313,56.7,0.6164,ok,442555.238
Caelum-Elysium,100,27.4,0.3298,ok,187122.932
Elysium-Fenix,325,35.3,0.2323,ok,199762.904
Dawn-Elysium,126,24.6,0.3563,ok,163787.009
Elysium-Fenix,72,91.2,0.5998,ok,607092.455
Aegis-Boreas,486,43.8,0.2107,ok,69580.491
Elysium-Fenix,491,37.9,0.2494,ok,207065.741
Caelum-Dawn,232,22.9,0.2489,ok,136376.683
Caelum-Elysium,447,15.9,0.191,ok,143258.441
Dawn-Fenix,420,23.2,0.1476,ok,77864.308
Dawn-Fenix,456,32.2,0.2054,ok,83898.24
Elysium-Fenix,132,5.1,0.0332,ok,165434.389
Aegis-Dawn,399,15.459999999999999,0.112,ok,123126.865
